ISO-10303-21;
HEADER;
/* Generated by software containing ST-Developer
 * from STEP Tools, Inc. (www.steptools.com) 
 */

FILE_DESCRIPTION(
/* description */ (''),
/* implementation_level */ '2;1');

FILE_NAME(
/* name */ 'atasnonportmm1.step',
/* time_stamp */ '2026-08-04T01:45:46+08:00',
/* author */ (''),
/* organization */ (''),
/* preprocessor_version */ 'ST-DEVELOPER v20.1',
/* originating_system */ 'Autodesk Translation Framework v15.8.0.0',
/* authorisation */ '');

FILE_SCHEMA (('AUTOMOTIVE_DESIGN { 1 0 10303 214 3 1 1 }'));
ENDSEC;

DATA;
#10=MECHANICAL_DESIGN_GEOMETRIC_PRESENTATION_REPRESENTATION('',(#13),#3339);
#11=SHAPE_REPRESENTATION_RELATIONSHIP('SRR','None',#3346,#12);
#12=ADVANCED_BREP_SHAPE_REPRESENTATION('',(#14),#3338);
#13=STYLED_ITEM('',(#3355),#14);
#14=MANIFOLD_SOLID_BREP('Body1',#2079);
#15=CONICAL_SURFACE('',#2178,0.498480778281454,0.174532925199433);
#16=CONICAL_SURFACE('',#2192,0.35,0.174532925199433);
#17=CONICAL_SURFACE('',#2200,0.349999999999998,0.174532925199433);
#18=FACE_BOUND('',#228,.T.);
#19=FACE_BOUND('',#229,.T.);
#20=FACE_BOUND('',#235,.T.);
#21=FACE_BOUND('',#236,.T.);
#22=FACE_BOUND('',#237,.T.);
#23=FACE_BOUND('',#238,.T.);
#24=FACE_BOUND('',#245,.T.);
#25=FACE_BOUND('',#273,.T.);
#26=FACE_BOUND('',#283,.T.);
#27=FACE_BOUND('',#288,.T.);
#28=FACE_BOUND('',#297,.T.);
#29=FACE_BOUND('',#305,.T.);
#30=FACE_BOUND('',#323,.T.);
#31=PLANE('',#2096);
#32=PLANE('',#2100);
#33=PLANE('',#2104);
#34=PLANE('',#2105);
#35=PLANE('',#2106);
#36=PLANE('',#2107);
#37=PLANE('',#2108);
#38=PLANE('',#2109);
#39=PLANE('',#2110);
#40=PLANE('',#2111);
#41=PLANE('',#2112);
#42=PLANE('',#2115);
#43=PLANE('',#2116);
#44=PLANE('',#2117);
#45=PLANE('',#2118);
#46=PLANE('',#2119);
#47=PLANE('',#2120);
#48=PLANE('',#2121);
#49=PLANE('',#2122);
#50=PLANE('',#2126);
#51=PLANE('',#2127);
#52=PLANE('',#2130);
#53=PLANE('',#2131);
#54=PLANE('',#2132);
#55=PLANE('',#2133);
#56=PLANE('',#2136);
#57=PLANE('',#2137);
#58=PLANE('',#2138);
#59=PLANE('',#2139);
#60=PLANE('',#2140);
#61=PLANE('',#2143);
#62=PLANE('',#2146);
#63=PLANE('',#2147);
#64=PLANE('',#2148);
#65=PLANE('',#2149);
#66=PLANE('',#2150);
#67=PLANE('',#2151);
#68=PLANE('',#2152);
#69=PLANE('',#2153);
#70=PLANE('',#2154);
#71=PLANE('',#2155);
#72=PLANE('',#2158);
#73=PLANE('',#2161);
#74=PLANE('',#2162);
#75=PLANE('',#2163);
#76=PLANE('',#2164);
#77=PLANE('',#2165);
#78=PLANE('',#2166);
#79=PLANE('',#2167);
#80=PLANE('',#2168);
#81=PLANE('',#2169);
#82=PLANE('',#2173);
#83=PLANE('',#2177);
#84=PLANE('',#2181);
#85=PLANE('',#2182);
#86=PLANE('',#2183);
#87=PLANE('',#2184);
#88=PLANE('',#2185);
#89=PLANE('',#2186);
#90=PLANE('',#2187);
#91=PLANE('',#2188);
#92=PLANE('',#2189);
#93=PLANE('',#2193);
#94=PLANE('',#2199);
#95=PLANE('',#2202);
#96=PLANE('',#2203);
#97=PLANE('',#2204);
#98=PLANE('',#2205);
#99=PLANE('',#2206);
#100=PLANE('',#2207);
#101=PLANE('',#2208);
#102=PLANE('',#2209);
#103=PLANE('',#2210);
#104=PLANE('',#2211);
#105=PLANE('',#2212);
#106=PLANE('',#2213);
#107=PLANE('',#2214);
#108=PLANE('',#2215);
#109=PLANE('',#2216);
#110=PLANE('',#2217);
#111=PLANE('',#2218);
#112=PLANE('',#2219);
#113=PLANE('',#2220);
#114=PLANE('',#2221);
#115=FACE_OUTER_BOUND('',#214,.T.);
#116=FACE_OUTER_BOUND('',#215,.T.);
#117=FACE_OUTER_BOUND('',#216,.T.);
#118=FACE_OUTER_BOUND('',#217,.T.);
#119=FACE_OUTER_BOUND('',#218,.T.);
#120=FACE_OUTER_BOUND('',#219,.T.);
#121=FACE_OUTER_BOUND('',#220,.T.);
#122=FACE_OUTER_BOUND('',#221,.T.);
#123=FACE_OUTER_BOUND('',#222,.T.);
#124=FACE_OUTER_BOUND('',#223,.T.);
#125=FACE_OUTER_BOUND('',#224,.T.);
#126=FACE_OUTER_BOUND('',#225,.T.);
#127=FACE_OUTER_BOUND('',#226,.T.);
#128=FACE_OUTER_BOUND('',#227,.T.);
#129=FACE_OUTER_BOUND('',#230,.T.);
#130=FACE_OUTER_BOUND('',#231,.T.);
#131=FACE_OUTER_BOUND('',#232,.T.);
#132=FACE_OUTER_BOUND('',#233,.T.);
#133=FACE_OUTER_BOUND('',#234,.T.);
#134=FACE_OUTER_BOUND('',#239,.T.);
#135=FACE_OUTER_BOUND('',#240,.T.);
#136=FACE_OUTER_BOUND('',#241,.T.);
#137=FACE_OUTER_BOUND('',#242,.T.);
#138=FACE_OUTER_BOUND('',#243,.T.);
#139=FACE_OUTER_BOUND('',#244,.T.);
#140=FACE_OUTER_BOUND('',#246,.T.);
#141=FACE_OUTER_BOUND('',#247,.T.);
#142=FACE_OUTER_BOUND('',#248,.T.);
#143=FACE_OUTER_BOUND('',#249,.T.);
#144=FACE_OUTER_BOUND('',#250,.T.);
#145=FACE_OUTER_BOUND('',#251,.T.);
#146=FACE_OUTER_BOUND('',#252,.T.);
#147=FACE_OUTER_BOUND('',#253,.T.);
#148=FACE_OUTER_BOUND('',#254,.T.);
#149=FACE_OUTER_BOUND('',#255,.T.);
#150=FACE_OUTER_BOUND('',#256,.T.);
#151=FACE_OUTER_BOUND('',#257,.T.);
#152=FACE_OUTER_BOUND('',#258,.T.);
#153=FACE_OUTER_BOUND('',#259,.T.);
#154=FACE_OUTER_BOUND('',#260,.T.);
#155=FACE_OUTER_BOUND('',#261,.T.);
#156=FACE_OUTER_BOUND('',#262,.T.);
#157=FACE_OUTER_BOUND('',#263,.T.);
#158=FACE_OUTER_BOUND('',#264,.T.);
#159=FACE_OUTER_BOUND('',#265,.T.);
#160=FACE_OUTER_BOUND('',#266,.T.);
#161=FACE_OUTER_BOUND('',#267,.T.);
#162=FACE_OUTER_BOUND('',#268,.T.);
#163=FACE_OUTER_BOUND('',#269,.T.);
#164=FACE_OUTER_BOUND('',#270,.T.);
#165=FACE_OUTER_BOUND('',#271,.T.);
#166=FACE_OUTER_BOUND('',#272,.T.);
#167=FACE_OUTER_BOUND('',#274,.T.);
#168=FACE_OUTER_BOUND('',#275,.T.);
#169=FACE_OUTER_BOUND('',#276,.T.);
#170=FACE_OUTER_BOUND('',#277,.T.);
#171=FACE_OUTER_BOUND('',#278,.T.);
#172=FACE_OUTER_BOUND('',#279,.T.);
#173=FACE_OUTER_BOUND('',#280,.T.);
#174=FACE_OUTER_BOUND('',#281,.T.);
#175=FACE_OUTER_BOUND('',#282,.T.);
#176=FACE_OUTER_BOUND('',#284,.T.);
#177=FACE_OUTER_BOUND('',#285,.T.);
#178=FACE_OUTER_BOUND('',#286,.T.);
#179=FACE_OUTER_BOUND('',#287,.T.);
#180=FACE_OUTER_BOUND('',#289,.T.);
#181=FACE_OUTER_BOUND('',#290,.T.);
#182=FACE_OUTER_BOUND('',#291,.T.);
#183=FACE_OUTER_BOUND('',#292,.T.);
#184=FACE_OUTER_BOUND('',#293,.T.);
#185=FACE_OUTER_BOUND('',#294,.T.);
#186=FACE_OUTER_BOUND('',#295,.T.);
#187=FACE_OUTER_BOUND('',#296,.T.);
#188=FACE_OUTER_BOUND('',#298,.T.);
#189=FACE_OUTER_BOUND('',#299,.T.);
#190=FACE_OUTER_BOUND('',#300,.T.);
#191=FACE_OUTER_BOUND('',#301,.T.);
#192=FACE_OUTER_BOUND('',#302,.T.);
#193=FACE_OUTER_BOUND('',#303,.T.);
#194=FACE_OUTER_BOUND('',#304,.T.);
#195=FACE_OUTER_BOUND('',#306,.T.);
#196=FACE_OUTER_BOUND('',#307,.T.);
#197=FACE_OUTER_BOUND('',#308,.T.);
#198=FACE_OUTER_BOUND('',#309,.T.);
#199=FACE_OUTER_BOUND('',#310,.T.);
#200=FACE_OUTER_BOUND('',#311,.T.);
#201=FACE_OUTER_BOUND('',#312,.T.);
#202=FACE_OUTER_BOUND('',#313,.T.);
#203=FACE_OUTER_BOUND('',#314,.T.);
#204=FACE_OUTER_BOUND('',#315,.T.);
#205=FACE_OUTER_BOUND('',#316,.T.);
#206=FACE_OUTER_BOUND('',#317,.T.);
#207=FACE_OUTER_BOUND('',#318,.T.);
#208=FACE_OUTER_BOUND('',#319,.T.);
#209=FACE_OUTER_BOUND('',#320,.T.);
#210=FACE_OUTER_BOUND('',#321,.T.);
#211=FACE_OUTER_BOUND('',#322,.T.);
#212=FACE_OUTER_BOUND('',#324,.T.);
#213=FACE_OUTER_BOUND('',#325,.T.);
#214=EDGE_LOOP('',(#1376,#1377,#1378,#1379));
#215=EDGE_LOOP('',(#1380));
#216=EDGE_LOOP('',(#1381,#1382,#1383,#1384));
#217=EDGE_LOOP('',(#1385));
#218=EDGE_LOOP('',(#1386,#1387,#1388,#1389));
#219=EDGE_LOOP('',(#1390));
#220=EDGE_LOOP('',(#1391,#1392,#1393,#1394));
#221=EDGE_LOOP('',(#1395,#1396,#1397,#1398));
#222=EDGE_LOOP('',(#1399,#1400,#1401,#1402));
#223=EDGE_LOOP('',(#1403,#1404,#1405,#1406));
#224=EDGE_LOOP('',(#1407,#1408,#1409,#1410));
#225=EDGE_LOOP('',(#1411,#1412,#1413,#1414));
#226=EDGE_LOOP('',(#1415,#1416,#1417,#1418));
#227=EDGE_LOOP('',(#1419,#1420,#1421,#1422,#1423,#1424,#1425,#1426,#1427,
#1428,#1429,#1430,#1431,#1432,#1433,#1434,#1435));
#228=EDGE_LOOP('',(#1436));
#229=EDGE_LOOP('',(#1437));
#230=EDGE_LOOP('',(#1438,#1439,#1440,#1441));
#231=EDGE_LOOP('',(#1442,#1443,#1444,#1445));
#232=EDGE_LOOP('',(#1446,#1447,#1448,#1449,#1450,#1451,#1452,#1453,#1454,
#1455,#1456,#1457,#1458,#1459));
#233=EDGE_LOOP('',(#1460,#1461,#1462,#1463));
#234=EDGE_LOOP('',(#1464,#1465,#1466,#1467,#1468,#1469,#1470,#1471,#1472,
#1473,#1474,#1475,#1476,#1477,#1478,#1479,#1480,#1481,#1482,#1483,#1484,
#1485,#1486,#1487,#1488,#1489,#1490,#1491,#1492,#1493,#1494,#1495,#1496,
#1497,#1498,#1499));
#235=EDGE_LOOP('',(#1500));
#236=EDGE_LOOP('',(#1501));
#237=EDGE_LOOP('',(#1502,#1503,#1504,#1505));
#238=EDGE_LOOP('',(#1506,#1507,#1508,#1509,#1510,#1511,#1512,#1513));
#239=EDGE_LOOP('',(#1514,#1515,#1516,#1517));
#240=EDGE_LOOP('',(#1518,#1519,#1520,#1521,#1522,#1523,#1524,#1525,#1526,
#1527,#1528,#1529,#1530));
#241=EDGE_LOOP('',(#1531,#1532));
#242=EDGE_LOOP('',(#1533,#1534,#1535,#1536));
#243=EDGE_LOOP('',(#1537,#1538,#1539,#1540));
#244=EDGE_LOOP('',(#1541,#1542,#1543,#1544,#1545,#1546,#1547,#1548,#1549,
#1550,#1551,#1552,#1553,#1554,#1555,#1556,#1557));
#245=EDGE_LOOP('',(#1558));
#246=EDGE_LOOP('',(#1559,#1560,#1561,#1562));
#247=EDGE_LOOP('',(#1563,#1564,#1565,#1566,#1567,#1568,#1569,#1570,#1571,
#1572,#1573,#1574));
#248=EDGE_LOOP('',(#1575,#1576,#1577,#1578,#1579,#1580,#1581,#1582,#1583,
#1584,#1585,#1586));
#249=EDGE_LOOP('',(#1587,#1588,#1589,#1590,#1591,#1592,#1593,#1594,#1595,
#1596,#1597,#1598));
#250=EDGE_LOOP('',(#1599,#1600,#1601,#1602,#1603,#1604,#1605,#1606,#1607,
#1608,#1609,#1610));
#251=EDGE_LOOP('',(#1611,#1612,#1613,#1614));
#252=EDGE_LOOP('',(#1615,#1616,#1617,#1618));
#253=EDGE_LOOP('',(#1619,#1620,#1621,#1622,#1623,#1624,#1625,#1626,#1627,
#1628,#1629,#1630,#1631,#1632,#1633));
#254=EDGE_LOOP('',(#1634,#1635,#1636,#1637,#1638,#1639,#1640,#1641,#1642,
#1643,#1644));
#255=EDGE_LOOP('',(#1645,#1646,#1647,#1648));
#256=EDGE_LOOP('',(#1649,#1650));
#257=EDGE_LOOP('',(#1651,#1652,#1653,#1654));
#258=EDGE_LOOP('',(#1655,#1656));
#259=EDGE_LOOP('',(#1657,#1658,#1659,#1660,#1661,#1662,#1663,#1664));
#260=EDGE_LOOP('',(#1665,#1666,#1667,#1668,#1669,#1670,#1671));
#261=EDGE_LOOP('',(#1672,#1673,#1674,#1675));
#262=EDGE_LOOP('',(#1676,#1677,#1678,#1679));
#263=EDGE_LOOP('',(#1680,#1681,#1682,#1683,#1684,#1685,#1686,#1687,#1688));
#264=EDGE_LOOP('',(#1689,#1690,#1691,#1692));
#265=EDGE_LOOP('',(#1693,#1694,#1695,#1696));
#266=EDGE_LOOP('',(#1697,#1698,#1699,#1700));
#267=EDGE_LOOP('',(#1701,#1702,#1703,#1704,#1705,#1706,#1707,#1708,#1709,
#1710,#1711,#1712,#1713,#1714,#1715,#1716,#1717));
#268=EDGE_LOOP('',(#1718,#1719,#1720,#1721));
#269=EDGE_LOOP('',(#1722,#1723));
#270=EDGE_LOOP('',(#1724,#1725,#1726,#1727));
#271=EDGE_LOOP('',(#1728,#1729));
#272=EDGE_LOOP('',(#1730,#1731,#1732,#1733,#1734,#1735,#1736,#1737,#1738,
#1739,#1740,#1741,#1742,#1743,#1744,#1745,#1746,#1747));
#273=EDGE_LOOP('',(#1748,#1749,#1750,#1751));
#274=EDGE_LOOP('',(#1752,#1753,#1754,#1755));
#275=EDGE_LOOP('',(#1756,#1757,#1758,#1759));
#276=EDGE_LOOP('',(#1760,#1761,#1762,#1763));
#277=EDGE_LOOP('',(#1764,#1765,#1766,#1767,#1768,#1769,#1770,#1771,#1772));
#278=EDGE_LOOP('',(#1773,#1774,#1775,#1776));
#279=EDGE_LOOP('',(#1777,#1778,#1779,#1780));
#280=EDGE_LOOP('',(#1781,#1782,#1783,#1784,#1785,#1786,#1787,#1788,#1789));
#281=EDGE_LOOP('',(#1790,#1791,#1792,#1793));
#282=EDGE_LOOP('',(#1794));
#283=EDGE_LOOP('',(#1795));
#284=EDGE_LOOP('',(#1796,#1797,#1798,#1799));
#285=EDGE_LOOP('',(#1800));
#286=EDGE_LOOP('',(#1801,#1802,#1803,#1804));
#287=EDGE_LOOP('',(#1805));
#288=EDGE_LOOP('',(#1806));
#289=EDGE_LOOP('',(#1807,#1808,#1809,#1810));
#290=EDGE_LOOP('',(#1811,#1812,#1813,#1814));
#291=EDGE_LOOP('',(#1815,#1816,#1817,#1818));
#292=EDGE_LOOP('',(#1819,#1820,#1821,#1822));
#293=EDGE_LOOP('',(#1823,#1824,#1825,#1826));
#294=EDGE_LOOP('',(#1827,#1828,#1829,#1830));
#295=EDGE_LOOP('',(#1831,#1832,#1833,#1834));
#296=EDGE_LOOP('',(#1835));
#297=EDGE_LOOP('',(#1836));
#298=EDGE_LOOP('',(#1837,#1838,#1839,#1840));
#299=EDGE_LOOP('',(#1841));
#300=EDGE_LOOP('',(#1842,#1843,#1844,#1845));
#301=EDGE_LOOP('',(#1846,#1847,#1848,#1849));
#302=EDGE_LOOP('',(#1850));
#303=EDGE_LOOP('',(#1851,#1852,#1853,#1854));
#304=EDGE_LOOP('',(#1855));
#305=EDGE_LOOP('',(#1856));
#306=EDGE_LOOP('',(#1857,#1858,#1859,#1860));
#307=EDGE_LOOP('',(#1861,#1862,#1863,#1864));
#308=EDGE_LOOP('',(#1865,#1866,#1867,#1868,#1869,#1870,#1871,#1872,#1873));
#309=EDGE_LOOP('',(#1874,#1875,#1876,#1877));
#310=EDGE_LOOP('',(#1878,#1879,#1880,#1881));
#311=EDGE_LOOP('',(#1882,#1883,#1884,#1885));
#312=EDGE_LOOP('',(#1886,#1887,#1888,#1889));
#313=EDGE_LOOP('',(#1890,#1891,#1892,#1893,#1894,#1895,#1896,#1897,#1898));
#314=EDGE_LOOP('',(#1899,#1900,#1901,#1902));
#315=EDGE_LOOP('',(#1903,#1904,#1905,#1906));
#316=EDGE_LOOP('',(#1907,#1908,#1909,#1910,#1911,#1912,#1913,#1914,#1915,
#1916,#1917,#1918,#1919,#1920,#1921,#1922));
#317=EDGE_LOOP('',(#1923,#1924,#1925,#1926));
#318=EDGE_LOOP('',(#1927,#1928,#1929,#1930));
#319=EDGE_LOOP('',(#1931,#1932,#1933,#1934));
#320=EDGE_LOOP('',(#1935,#1936,#1937,#1938));
#321=EDGE_LOOP('',(#1939,#1940,#1941,#1942));
#322=EDGE_LOOP('',(#1943,#1944,#1945,#1946,#1947,#1948,#1949,#1950,#1951,
#1952,#1953,#1954,#1955,#1956,#1957,#1958));
#323=EDGE_LOOP('',(#1959));
#324=EDGE_LOOP('',(#1960,#1961,#1962,#1963));
#325=EDGE_LOOP('',(#1964,#1965,#1966,#1967));
#326=LINE('',#2753,#592);
#327=LINE('',#2760,#593);
#328=LINE('',#2767,#594);
#329=LINE('',#2773,#595);
#330=LINE('',#2775,#596);
#331=LINE('',#2777,#597);
#332=LINE('',#2778,#598);
#333=LINE('',#2781,#599);
#334=LINE('',#2783,#600);
#335=LINE('',#2784,#601);
#336=LINE('',#2787,#602);
#337=LINE('',#2789,#603);
#338=LINE('',#2790,#604);
#339=LINE('',#2794,#605);
#340=LINE('',#2796,#606);
#341=LINE('',#2798,#607);
#342=LINE('',#2799,#608);
#343=LINE('',#2802,#609);
#344=LINE('',#2804,#610);
#345=LINE('',#2805,#611);
#346=LINE('',#2808,#612);
#347=LINE('',#2810,#613);
#348=LINE('',#2811,#614);
#349=LINE('',#2814,#615);
#350=LINE('',#2816,#616);
#351=LINE('',#2817,#617);
#352=LINE('',#2819,#618);
#353=LINE('',#2821,#619);
#354=LINE('',#2823,#620);
#355=LINE('',#2825,#621);
#356=LINE('',#2827,#622);
#357=LINE('',#2829,#623);
#358=LINE('',#2831,#624);
#359=LINE('',#2833,#625);
#360=LINE('',#2835,#626);
#361=LINE('',#2837,#627);
#362=LINE('',#2839,#628);
#363=LINE('',#2841,#629);
#364=LINE('',#2843,#630);
#365=LINE('',#2845,#631);
#366=LINE('',#2846,#632);
#367=LINE('',#2853,#633);
#368=LINE('',#2855,#634);
#369=LINE('',#2856,#635);
#370=LINE('',#2860,#636);
#371=LINE('',#2862,#637);
#372=LINE('',#2864,#638);
#373=LINE('',#2865,#639);
#374=LINE('',#2868,#640);
#375=LINE('',#2870,#641);
#376=LINE('',#2872,#642);
#377=LINE('',#2874,#643);
#378=LINE('',#2875,#644);
#379=LINE('',#2877,#645);
#380=LINE('',#2879,#646);
#381=LINE('',#2880,#647);
#382=LINE('',#2884,#648);
#383=LINE('',#2886,#649);
#384=LINE('',#2888,#650);
#385=LINE('',#2889,#651);
#386=LINE('',#2892,#652);
#387=LINE('',#2894,#653);
#388=LINE('',#2896,#654);
#389=LINE('',#2898,#655);
#390=LINE('',#2900,#656);
#391=LINE('',#2902,#657);
#392=LINE('',#2904,#658);
#393=LINE('',#2906,#659);
#394=LINE('',#2908,#660);
#395=LINE('',#2910,#661);
#396=LINE('',#2912,#662);
#397=LINE('',#2914,#663);
#398=LINE('',#2916,#664);
#399=LINE('',#2918,#665);
#400=LINE('',#2920,#666);
#401=LINE('',#2922,#667);
#402=LINE('',#2924,#668);
#403=LINE('',#2926,#669);
#404=LINE('',#2928,#670);
#405=LINE('',#2930,#671);
#406=LINE('',#2932,#672);
#407=LINE('',#2934,#673);
#408=LINE('',#2936,#674);
#409=LINE('',#2938,#675);
#410=LINE('',#2940,#676);
#411=LINE('',#2942,#677);
#412=LINE('',#2943,#678);
#413=LINE('',#2944,#679);
#414=LINE('',#2945,#680);
#415=LINE('',#2948,#681);
#416=LINE('',#2950,#682);
#417=LINE('',#2952,#683);
#418=LINE('',#2954,#684);
#419=LINE('',#2956,#685);
#420=LINE('',#2958,#686);
#421=LINE('',#2960,#687);
#422=LINE('',#2961,#688);
#423=LINE('',#2964,#689);
#424=LINE('',#2966,#690);
#425=LINE('',#2967,#691);
#426=LINE('',#2970,#692);
#427=LINE('',#2972,#693);
#428=LINE('',#2974,#694);
#429=LINE('',#2975,#695);
#430=LINE('',#2977,#696);
#431=LINE('',#2979,#697);
#432=LINE('',#2981,#698);
#433=LINE('',#2983,#699);
#434=LINE('',#2985,#700);
#435=LINE('',#2986,#701);
#436=LINE('',#2993,#702);
#437=LINE('',#2995,#703);
#438=LINE('',#2996,#704);
#439=LINE('',#2999,#705);
#440=LINE('',#3001,#706);
#441=LINE('',#3002,#707);
#442=LINE('',#3005,#708);
#443=LINE('',#3007,#709);
#444=LINE('',#3009,#710);
#445=LINE('',#3013,#711);
#446=LINE('',#3014,#712);
#447=LINE('',#3017,#713);
#448=LINE('',#3019,#714);
#449=LINE('',#3020,#715);
#450=LINE('',#3023,#716);
#451=LINE('',#3024,#717);
#452=LINE('',#3026,#718);
#453=LINE('',#3028,#719);
#454=LINE('',#3030,#720);
#455=LINE('',#3032,#721);
#456=LINE('',#3034,#722);
#457=LINE('',#3035,#723);
#458=LINE('',#3038,#724);
#459=LINE('',#3040,#725);
#460=LINE('',#3041,#726);
#461=LINE('',#3043,#727);
#462=LINE('',#3044,#728);
#463=LINE('',#3045,#729);
#464=LINE('',#3048,#730);
#465=LINE('',#3052,#731);
#466=LINE('',#3056,#732);
#467=LINE('',#3057,#733);
#468=LINE('',#3059,#734);
#469=LINE('',#3060,#735);
#470=LINE('',#3063,#736);
#471=LINE('',#3065,#737);
#472=LINE('',#3067,#738);
#473=LINE('',#3069,#739);
#474=LINE('',#3071,#740);
#475=LINE('',#3073,#741);
#476=LINE('',#3075,#742);
#477=LINE('',#3076,#743);
#478=LINE('',#3079,#744);
#479=LINE('',#3081,#745);
#480=LINE('',#3082,#746);
#481=LINE('',#3085,#747);
#482=LINE('',#3087,#748);
#483=LINE('',#3088,#749);
#484=LINE('',#3091,#750);
#485=LINE('',#3093,#751);
#486=LINE('',#3095,#752);
#487=LINE('',#3097,#753);
#488=LINE('',#3099,#754);
#489=LINE('',#3101,#755);
#490=LINE('',#3103,#756);
#491=LINE('',#3104,#757);
#492=LINE('',#3105,#758);
#493=LINE('',#3107,#759);
#494=LINE('',#3108,#760);
#495=LINE('',#3110,#761);
#496=LINE('',#3112,#762);
#497=LINE('',#3114,#763);
#498=LINE('',#3116,#764);
#499=LINE('',#3118,#765);
#500=LINE('',#3120,#766);
#501=LINE('',#3122,#767);
#502=LINE('',#3124,#768);
#503=LINE('',#3125,#769);
#504=LINE('',#3131,#770);
#505=LINE('',#3134,#771);
#506=LINE('',#3136,#772);
#507=LINE('',#3138,#773);
#508=LINE('',#3139,#774);
#509=LINE('',#3141,#775);
#510=LINE('',#3142,#776);
#511=LINE('',#3143,#777);
#512=LINE('',#3144,#778);
#513=LINE('',#3148,#779);
#514=LINE('',#3150,#780);
#515=LINE('',#3151,#781);
#516=LINE('',#3153,#782);
#517=LINE('',#3156,#783);
#518=LINE('',#3159,#784);
#519=LINE('',#3161,#785);
#520=LINE('',#3162,#786);
#521=LINE('',#3164,#787);
#522=LINE('',#3166,#788);
#523=LINE('',#3168,#789);
#524=LINE('',#3170,#790);
#525=LINE('',#3172,#791);
#526=LINE('',#3174,#792);
#527=LINE('',#3176,#793);
#528=LINE('',#3178,#794);
#529=LINE('',#3179,#795);
#530=LINE('',#3184,#796);
#531=LINE('',#3185,#797);
#532=LINE('',#3187,#798);
#533=LINE('',#3192,#799);
#534=LINE('',#3193,#800);
#535=LINE('',#3195,#801);
#536=LINE('',#3197,#802);
#537=LINE('',#3198,#803);
#538=LINE('',#3199,#804);
#539=LINE('',#3202,#805);
#540=LINE('',#3204,#806);
#541=LINE('',#3205,#807);
#542=LINE('',#3207,#808);
#543=LINE('',#3208,#809);
#544=LINE('',#3210,#810);
#545=LINE('',#3211,#811);
#546=LINE('',#3214,#812);
#547=LINE('',#3216,#813);
#548=LINE('',#3217,#814);
#549=LINE('',#3218,#815);
#550=LINE('',#3219,#816);
#551=LINE('',#3220,#817);
#552=LINE('',#3223,#818);
#553=LINE('',#3224,#819);
#554=LINE('',#3226,#820);
#555=LINE('',#3228,#821);
#556=LINE('',#3230,#822);
#557=LINE('',#3231,#823);
#558=LINE('',#3236,#824);
#559=LINE('',#3243,#825);
#560=LINE('',#3250,#826);
#561=LINE('',#3254,#827);
#562=LINE('',#3257,#828);
#563=LINE('',#3260,#829);
#564=LINE('',#3261,#830);
#565=LINE('',#3264,#831);
#566=LINE('',#3272,#832);
#567=LINE('',#3277,#833);
#568=LINE('',#3282,#834);
#569=LINE('',#3287,#835);
#570=LINE('',#3291,#836);
#571=LINE('',#3292,#837);
#572=LINE('',#3294,#838);
#573=LINE('',#3297,#839);
#574=LINE('',#3298,#840);
#575=LINE('',#3299,#841);
#576=LINE('',#3301,#842);
#577=LINE('',#3302,#843);
#578=LINE('',#3304,#844);
#579=LINE('',#3307,#845);
#580=LINE('',#3308,#846);
#581=LINE('',#3311,#847);
#582=LINE('',#3313,#848);
#583=LINE('',#3314,#849);
#584=LINE('',#3317,#850);
#585=LINE('',#3318,#851);
#586=LINE('',#3320,#852);
#587=LINE('',#3322,#853);
#588=LINE('',#3324,#854);
#589=LINE('',#3326,#855);
#590=LINE('',#3329,#856);
#591=LINE('',#3334,#857);
#592=VECTOR('',#2228,0.25);
#593=VECTOR('',#2237,0.25);
#594=VECTOR('',#2246,0.25);
#595=VECTOR('',#2253,1.);
#596=VECTOR('',#2254,1.);
#597=VECTOR('',#2255,1.);
#598=VECTOR('',#2256,1.);
#599=VECTOR('',#2259,1.);
#600=VECTOR('',#2260,1.);
#601=VECTOR('',#2261,1.);
#602=VECTOR('',#2264,1.);
#603=VECTOR('',#2265,1.);
#604=VECTOR('',#2266,1.);
#605=VECTOR('',#2269,1.);
#606=VECTOR('',#2270,1.);
#607=VECTOR('',#2271,1.);
#608=VECTOR('',#2272,1.);
#609=VECTOR('',#2275,1.);
#610=VECTOR('',#2276,1.);
#611=VECTOR('',#2277,1.);
#612=VECTOR('',#2280,1.);
#613=VECTOR('',#2281,1.);
#614=VECTOR('',#2282,1.);
#615=VECTOR('',#2285,1.);
#616=VECTOR('',#2286,1.);
#617=VECTOR('',#2287,1.);
#618=VECTOR('',#2290,1.);
#619=VECTOR('',#2291,1.);
#620=VECTOR('',#2292,1.);
#621=VECTOR('',#2293,1.);
#622=VECTOR('',#2294,1.);
#623=VECTOR('',#2295,1.);
#624=VECTOR('',#2296,1.);
#625=VECTOR('',#2297,1.);
#626=VECTOR('',#2298,1.);
#627=VECTOR('',#2299,1.);
#628=VECTOR('',#2300,1.);
#629=VECTOR('',#2301,1.);
#630=VECTOR('',#2302,1.);
#631=VECTOR('',#2303,1.);
#632=VECTOR('',#2304,1.);
#633=VECTOR('',#2311,1.);
#634=VECTOR('',#2312,1.);
#635=VECTOR('',#2313,1.);
#636=VECTOR('',#2316,1.);
#637=VECTOR('',#2317,1.);
#638=VECTOR('',#2318,1.);
#639=VECTOR('',#2319,1.);
#640=VECTOR('',#2322,1.);
#641=VECTOR('',#2323,1.);
#642=VECTOR('',#2324,1.);
#643=VECTOR('',#2325,1.);
#644=VECTOR('',#2326,1.);
#645=VECTOR('',#2327,1.);
#646=VECTOR('',#2328,1.);
#647=VECTOR('',#2329,1.);
#648=VECTOR('',#2332,1.);
#649=VECTOR('',#2333,1.);
#650=VECTOR('',#2334,1.);
#651=VECTOR('',#2335,1.);
#652=VECTOR('',#2338,1.);
#653=VECTOR('',#2339,1.);
#654=VECTOR('',#2340,1.);
#655=VECTOR('',#2341,1.);
#656=VECTOR('',#2342,1.);
#657=VECTOR('',#2343,1.);
#658=VECTOR('',#2344,1.);
#659=VECTOR('',#2345,1.);
#660=VECTOR('',#2346,1.);
#661=VECTOR('',#2347,1.);
#662=VECTOR('',#2348,1.);
#663=VECTOR('',#2349,1.);
#664=VECTOR('',#2350,1.);
#665=VECTOR('',#2351,1.);
#666=VECTOR('',#2352,1.);
#667=VECTOR('',#2353,1.);
#668=VECTOR('',#2354,1.);
#669=VECTOR('',#2355,1.);
#670=VECTOR('',#2356,1.);
#671=VECTOR('',#2357,1.);
#672=VECTOR('',#2358,1.);
#673=VECTOR('',#2359,1.);
#674=VECTOR('',#2360,1.);
#675=VECTOR('',#2361,1.);
#676=VECTOR('',#2362,1.);
#677=VECTOR('',#2363,1.);
#678=VECTOR('',#2364,1.);
#679=VECTOR('',#2365,1.);
#680=VECTOR('',#2366,1.);
#681=VECTOR('',#2367,1.);
#682=VECTOR('',#2368,1.);
#683=VECTOR('',#2369,1.);
#684=VECTOR('',#2370,1.);
#685=VECTOR('',#2371,1.);
#686=VECTOR('',#2372,1.);
#687=VECTOR('',#2373,1.);
#688=VECTOR('',#2374,1.);
#689=VECTOR('',#2377,1.);
#690=VECTOR('',#2378,1.);
#691=VECTOR('',#2379,1.);
#692=VECTOR('',#2382,1.);
#693=VECTOR('',#2383,1.);
#694=VECTOR('',#2384,1.);
#695=VECTOR('',#2385,1.);
#696=VECTOR('',#2386,1.);
#697=VECTOR('',#2387,1.);
#698=VECTOR('',#2388,1.);
#699=VECTOR('',#2389,1.);
#700=VECTOR('',#2390,1.);
#701=VECTOR('',#2391,1.);
#702=VECTOR('',#2402,1.);
#703=VECTOR('',#2403,1.);
#704=VECTOR('',#2404,1.);
#705=VECTOR('',#2407,1.);
#706=VECTOR('',#2408,1.);
#707=VECTOR('',#2409,1.);
#708=VECTOR('',#2412,1.);
#709=VECTOR('',#2413,1.);
#710=VECTOR('',#2414,1.);
#711=VECTOR('',#2417,1.);
#712=VECTOR('',#2418,1.);
#713=VECTOR('',#2421,1.);
#714=VECTOR('',#2422,1.);
#715=VECTOR('',#2423,1.);
#716=VECTOR('',#2426,1.);
#717=VECTOR('',#2427,1.);
#718=VECTOR('',#2428,1.);
#719=VECTOR('',#2429,1.);
#720=VECTOR('',#2430,1.);
#721=VECTOR('',#2431,1.);
#722=VECTOR('',#2432,1.);
#723=VECTOR('',#2433,1.);
#724=VECTOR('',#2436,1.);
#725=VECTOR('',#2437,1.);
#726=VECTOR('',#2438,1.);
#727=VECTOR('',#2439,1.);
#728=VECTOR('',#2440,1.);
#729=VECTOR('',#2441,1.);
#730=VECTOR('',#2444,1.);
#731=VECTOR('',#2447,1.);
#732=VECTOR('',#2450,1.);
#733=VECTOR('',#2451,1.);
#734=VECTOR('',#2452,1.);
#735=VECTOR('',#2453,1.);
#736=VECTOR('',#2456,1.);
#737=VECTOR('',#2457,1.);
#738=VECTOR('',#2458,1.);
#739=VECTOR('',#2459,1.);
#740=VECTOR('',#2460,1.);
#741=VECTOR('',#2461,1.);
#742=VECTOR('',#2462,1.);
#743=VECTOR('',#2463,1.);
#744=VECTOR('',#2466,1.);
#745=VECTOR('',#2467,1.);
#746=VECTOR('',#2468,1.);
#747=VECTOR('',#2471,1.);
#748=VECTOR('',#2472,1.);
#749=VECTOR('',#2473,1.);
#750=VECTOR('',#2476,1.);
#751=VECTOR('',#2477,1.);
#752=VECTOR('',#2478,1.);
#753=VECTOR('',#2479,1.);
#754=VECTOR('',#2480,1.);
#755=VECTOR('',#2481,1.);
#756=VECTOR('',#2482,1.);
#757=VECTOR('',#2483,1.);
#758=VECTOR('',#2484,1.);
#759=VECTOR('',#2485,1.);
#760=VECTOR('',#2486,1.);
#761=VECTOR('',#2489,1.);
#762=VECTOR('',#2490,1.);
#763=VECTOR('',#2491,1.);
#764=VECTOR('',#2492,1.);
#765=VECTOR('',#2493,1.);
#766=VECTOR('',#2494,1.);
#767=VECTOR('',#2495,1.);
#768=VECTOR('',#2496,1.);
#769=VECTOR('',#2497,1.);
#770=VECTOR('',#2506,1.);
#771=VECTOR('',#2509,1.);
#772=VECTOR('',#2512,1.);
#773=VECTOR('',#2515,1.);
#774=VECTOR('',#2516,1.);
#775=VECTOR('',#2519,1.);
#776=VECTOR('',#2520,1.);
#777=VECTOR('',#2521,1.);
#778=VECTOR('',#2522,1.);
#779=VECTOR('',#2529,1.);
#780=VECTOR('',#2530,1.);
#781=VECTOR('',#2531,1.);
#782=VECTOR('',#2534,1.);
#783=VECTOR('',#2539,1.);
#784=VECTOR('',#2542,1.);
#785=VECTOR('',#2543,1.);
#786=VECTOR('',#2544,1.);
#787=VECTOR('',#2545,1.);
#788=VECTOR('',#2546,1.);
#789=VECTOR('',#2547,1.);
#790=VECTOR('',#2548,1.);
#791=VECTOR('',#2549,1.);
#792=VECTOR('',#2550,1.);
#793=VECTOR('',#2551,1.);
#794=VECTOR('',#2552,1.);
#795=VECTOR('',#2553,1.);
#796=VECTOR('',#2558,1.);
#797=VECTOR('',#2559,1.);
#798=VECTOR('',#2562,1.);
#799=VECTOR('',#2567,1.);
#800=VECTOR('',#2568,1.);
#801=VECTOR('',#2571,1.);
#802=VECTOR('',#2574,1.);
#803=VECTOR('',#2575,1.);
#804=VECTOR('',#2576,1.);
#805=VECTOR('',#2579,1.);
#806=VECTOR('',#2580,1.);
#807=VECTOR('',#2581,1.);
#808=VECTOR('',#2584,1.);
#809=VECTOR('',#2585,1.);
#810=VECTOR('',#2588,1.);
#811=VECTOR('',#2589,1.);
#812=VECTOR('',#2592,1.);
#813=VECTOR('',#2593,1.);
#814=VECTOR('',#2594,1.);
#815=VECTOR('',#2595,1.);
#816=VECTOR('',#2596,1.);
#817=VECTOR('',#2597,1.);
#818=VECTOR('',#2600,1.);
#819=VECTOR('',#2601,1.);
#820=VECTOR('',#2604,1.);
#821=VECTOR('',#2607,1.);
#822=VECTOR('',#2608,1.);
#823=VECTOR('',#2609,1.);
#824=VECTOR('',#2614,0.349557210118395);
#825=VECTOR('',#2623,0.200000002980232);
#826=VECTOR('',#2632,0.498480778281454);
#827=VECTOR('',#2639,1.);
#828=VECTOR('',#2644,1.);
#829=VECTOR('',#2647,1.);
#830=VECTOR('',#2648,1.);
#831=VECTOR('',#2653,1.);
#832=VECTOR('',#2664,0.35);
#833=VECTOR('',#2671,0.199999999999999);
#834=VECTOR('',#2676,0.199999999999999);
#835=VECTOR('',#2683,0.349999999999998);
#836=VECTOR('',#2690,1.);
#837=VECTOR('',#2691,1.);
#838=VECTOR('',#2694,1.);
#839=VECTOR('',#2697,1.);
#840=VECTOR('',#2698,1.);
#841=VECTOR('',#2699,1.);
#842=VECTOR('',#2702,1.);
#843=VECTOR('',#2703,1.);
#844=VECTOR('',#2706,1.);
#845=VECTOR('',#2709,1.);
#846=VECTOR('',#2710,1.);
#847=VECTOR('',#2713,1.);
#848=VECTOR('',#2714,1.);
#849=VECTOR('',#2715,1.);
#850=VECTOR('',#2718,1.);
#851=VECTOR('',#2719,1.);
#852=VECTOR('',#2722,1.);
#853=VECTOR('',#2725,1.);
#854=VECTOR('',#2728,1.);
#855=VECTOR('',#2731,1.);
#856=VECTOR('',#2736,1.);
#857=VECTOR('',#2745,1.);
#858=CIRCLE('',#2094,0.25);
#859=CIRCLE('',#2095,0.25);
#860=CIRCLE('',#2098,0.3);
#861=CIRCLE('',#2099,0.3);
#862=CIRCLE('',#2102,0.3);
#863=CIRCLE('',#2103,0.3);
#864=CIRCLE('',#2113,0.43816349035422);
#865=CIRCLE('',#2114,0.438163490354222);
#866=CIRCLE('',#2123,0.25);
#867=CIRCLE('',#2125,0.25);
#868=CIRCLE('',#2128,0.25);
#869=CIRCLE('',#2129,0.749999999999999);
#870=CIRCLE('',#2134,0.2);
#871=CIRCLE('',#2135,0.2);
#872=CIRCLE('',#2142,0.25);
#873=CIRCLE('',#2145,0.749999999999999);
#874=CIRCLE('',#2157,0.2);
#875=CIRCLE('',#2160,0.2);
#876=CIRCLE('',#2171,0.349557210118395);
#877=CIRCLE('',#2172,0.349557210118395);
#878=CIRCLE('',#2174,0.200000002980232);
#879=CIRCLE('',#2176,0.200000002980232);
#880=CIRCLE('',#2179,0.586644268635687);
#881=CIRCLE('',#2180,0.498480778281454);
#882=CIRCLE('',#2190,0.35);
#883=CIRCLE('',#2191,0.199999999999999);
#884=CIRCLE('',#2194,0.199999999999999);
#885=CIRCLE('',#2197,0.199999999999999);
#886=CIRCLE('',#2198,0.199999999999999);
#887=CIRCLE('',#2201,0.349999999999998);
#888=VERTEX_POINT('',#2750);
#889=VERTEX_POINT('',#2752);
#890=VERTEX_POINT('',#2757);
#891=VERTEX_POINT('',#2759);
#892=VERTEX_POINT('',#2764);
#893=VERTEX_POINT('',#2766);
#894=VERTEX_POINT('',#2771);
#895=VERTEX_POINT('',#2772);
#896=VERTEX_POINT('',#2774);
#897=VERTEX_POINT('',#2776);
#898=VERTEX_POINT('',#2780);
#899=VERTEX_POINT('',#2782);
#900=VERTEX_POINT('',#2786);
#901=VERTEX_POINT('',#2788);
#902=VERTEX_POINT('',#2792);
#903=VERTEX_POINT('',#2793);
#904=VERTEX_POINT('',#2795);
#905=VERTEX_POINT('',#2797);
#906=VERTEX_POINT('',#2801);
#907=VERTEX_POINT('',#2803);
#908=VERTEX_POINT('',#2807);
#909=VERTEX_POINT('',#2809);
#910=VERTEX_POINT('',#2813);
#911=VERTEX_POINT('',#2815);
#912=VERTEX_POINT('',#2820);
#913=VERTEX_POINT('',#2822);
#914=VERTEX_POINT('',#2824);
#915=VERTEX_POINT('',#2826);
#916=VERTEX_POINT('',#2828);
#917=VERTEX_POINT('',#2830);
#918=VERTEX_POINT('',#2832);
#919=VERTEX_POINT('',#2834);
#920=VERTEX_POINT('',#2836);
#921=VERTEX_POINT('',#2838);
#922=VERTEX_POINT('',#2840);
#923=VERTEX_POINT('',#2842);
#924=VERTEX_POINT('',#2844);
#925=VERTEX_POINT('',#2847);
#926=VERTEX_POINT('',#2849);
#927=VERTEX_POINT('',#2852);
#928=VERTEX_POINT('',#2854);
#929=VERTEX_POINT('',#2858);
#930=VERTEX_POINT('',#2859);
#931=VERTEX_POINT('',#2861);
#932=VERTEX_POINT('',#2863);
#933=VERTEX_POINT('',#2867);
#934=VERTEX_POINT('',#2869);
#935=VERTEX_POINT('',#2871);
#936=VERTEX_POINT('',#2873);
#937=VERTEX_POINT('',#2876);
#938=VERTEX_POINT('',#2878);
#939=VERTEX_POINT('',#2882);
#940=VERTEX_POINT('',#2883);
#941=VERTEX_POINT('',#2885);
#942=VERTEX_POINT('',#2887);
#943=VERTEX_POINT('',#2891);
#944=VERTEX_POINT('',#2893);
#945=VERTEX_POINT('',#2895);
#946=VERTEX_POINT('',#2897);
#947=VERTEX_POINT('',#2899);
#948=VERTEX_POINT('',#2901);
#949=VERTEX_POINT('',#2903);
#950=VERTEX_POINT('',#2905);
#951=VERTEX_POINT('',#2907);
#952=VERTEX_POINT('',#2909);
#953=VERTEX_POINT('',#2911);
#954=VERTEX_POINT('',#2913);
#955=VERTEX_POINT('',#2915);
#956=VERTEX_POINT('',#2917);
#957=VERTEX_POINT('',#2919);
#958=VERTEX_POINT('',#2921);
#959=VERTEX_POINT('',#2923);
#960=VERTEX_POINT('',#2925);
#961=VERTEX_POINT('',#2927);
#962=VERTEX_POINT('',#2929);
#963=VERTEX_POINT('',#2931);
#964=VERTEX_POINT('',#2933);
#965=VERTEX_POINT('',#2935);
#966=VERTEX_POINT('',#2937);
#967=VERTEX_POINT('',#2939);
#968=VERTEX_POINT('',#2941);
#969=VERTEX_POINT('',#2946);
#970=VERTEX_POINT('',#2947);
#971=VERTEX_POINT('',#2949);
#972=VERTEX_POINT('',#2951);
#973=VERTEX_POINT('',#2953);
#974=VERTEX_POINT('',#2955);
#975=VERTEX_POINT('',#2957);
#976=VERTEX_POINT('',#2959);
#977=VERTEX_POINT('',#2963);
#978=VERTEX_POINT('',#2965);
#979=VERTEX_POINT('',#2969);
#980=VERTEX_POINT('',#2971);
#981=VERTEX_POINT('',#2973);
#982=VERTEX_POINT('',#2976);
#983=VERTEX_POINT('',#2978);
#984=VERTEX_POINT('',#2980);
#985=VERTEX_POINT('',#2982);
#986=VERTEX_POINT('',#2984);
#987=VERTEX_POINT('',#2992);
#988=VERTEX_POINT('',#2994);
#989=VERTEX_POINT('',#2998);
#990=VERTEX_POINT('',#3000);
#991=VERTEX_POINT('',#3004);
#992=VERTEX_POINT('',#3006);
#993=VERTEX_POINT('',#3008);
#994=VERTEX_POINT('',#3010);
#995=VERTEX_POINT('',#3012);
#996=VERTEX_POINT('',#3016);
#997=VERTEX_POINT('',#3018);
#998=VERTEX_POINT('',#3022);
#999=VERTEX_POINT('',#3025);
#1000=VERTEX_POINT('',#3027);
#1001=VERTEX_POINT('',#3029);
#1002=VERTEX_POINT('',#3031);
#1003=VERTEX_POINT('',#3033);
#1004=VERTEX_POINT('',#3037);
#1005=VERTEX_POINT('',#3039);
#1006=VERTEX_POINT('',#3042);
#1007=VERTEX_POINT('',#3047);
#1008=VERTEX_POINT('',#3049);
#1009=VERTEX_POINT('',#3051);
#1010=VERTEX_POINT('',#3053);
#1011=VERTEX_POINT('',#3055);
#1012=VERTEX_POINT('',#3058);
#1013=VERTEX_POINT('',#3062);
#1014=VERTEX_POINT('',#3064);
#1015=VERTEX_POINT('',#3066);
#1016=VERTEX_POINT('',#3068);
#1017=VERTEX_POINT('',#3070);
#1018=VERTEX_POINT('',#3072);
#1019=VERTEX_POINT('',#3074);
#1020=VERTEX_POINT('',#3078);
#1021=VERTEX_POINT('',#3080);
#1022=VERTEX_POINT('',#3084);
#1023=VERTEX_POINT('',#3086);
#1024=VERTEX_POINT('',#3090);
#1025=VERTEX_POINT('',#3092);
#1026=VERTEX_POINT('',#3094);
#1027=VERTEX_POINT('',#3096);
#1028=VERTEX_POINT('',#3098);
#1029=VERTEX_POINT('',#3100);
#1030=VERTEX_POINT('',#3102);
#1031=VERTEX_POINT('',#3106);
#1032=VERTEX_POINT('',#3111);
#1033=VERTEX_POINT('',#3113);
#1034=VERTEX_POINT('',#3115);
#1035=VERTEX_POINT('',#3117);
#1036=VERTEX_POINT('',#3119);
#1037=VERTEX_POINT('',#3121);
#1038=VERTEX_POINT('',#3123);
#1039=VERTEX_POINT('',#3130);
#1040=VERTEX_POINT('',#3132);
#1041=VERTEX_POINT('',#3149);
#1042=VERTEX_POINT('',#3158);
#1043=VERTEX_POINT('',#3160);
#1044=VERTEX_POINT('',#3163);
#1045=VERTEX_POINT('',#3165);
#1046=VERTEX_POINT('',#3167);
#1047=VERTEX_POINT('',#3169);
#1048=VERTEX_POINT('',#3171);
#1049=VERTEX_POINT('',#3173);
#1050=VERTEX_POINT('',#3175);
#1051=VERTEX_POINT('',#3177);
#1052=VERTEX_POINT('',#3181);
#1053=VERTEX_POINT('',#3182);
#1054=VERTEX_POINT('',#3189);
#1055=VERTEX_POINT('',#3190);
#1056=VERTEX_POINT('',#3201);
#1057=VERTEX_POINT('',#3203);
#1058=VERTEX_POINT('',#3213);
#1059=VERTEX_POINT('',#3215);
#1060=VERTEX_POINT('',#3222);
#1061=VERTEX_POINT('',#3229);
#1062=VERTEX_POINT('',#3233);
#1063=VERTEX_POINT('',#3235);
#1064=VERTEX_POINT('',#3239);
#1065=VERTEX_POINT('',#3242);
#1066=VERTEX_POINT('',#3247);
#1067=VERTEX_POINT('',#3249);
#1068=VERTEX_POINT('',#3259);
#1069=VERTEX_POINT('',#3267);
#1070=VERTEX_POINT('',#3269);
#1071=VERTEX_POINT('',#3274);
#1072=VERTEX_POINT('',#3279);
#1073=VERTEX_POINT('',#3281);
#1074=VERTEX_POINT('',#3286);
#1075=VERTEX_POINT('',#3296);
#1076=VERTEX_POINT('',#3306);
#1077=VERTEX_POINT('',#3310);
#1078=VERTEX_POINT('',#3312);
#1079=VERTEX_POINT('',#3316);
#1080=EDGE_CURVE('',#888,#888,#858,.T.);
#1081=EDGE_CURVE('',#888,#889,#326,.T.);
#1082=EDGE_CURVE('',#889,#889,#859,.T.);
#1083=EDGE_CURVE('',#890,#890,#860,.F.);
#1084=EDGE_CURVE('',#890,#891,#327,.T.);
#1085=EDGE_CURVE('',#891,#891,#861,.T.);
#1086=EDGE_CURVE('',#892,#892,#862,.F.);
#1087=EDGE_CURVE('',#892,#893,#328,.T.);
#1088=EDGE_CURVE('',#893,#893,#863,.T.);
#1089=EDGE_CURVE('',#894,#895,#329,.T.);
#1090=EDGE_CURVE('',#896,#894,#330,.T.);
#1091=EDGE_CURVE('',#897,#896,#331,.T.);
#1092=EDGE_CURVE('',#895,#897,#332,.T.);
#1093=EDGE_CURVE('',#898,#894,#333,.T.);
#1094=EDGE_CURVE('',#898,#899,#334,.T.);
#1095=EDGE_CURVE('',#899,#896,#335,.T.);
#1096=EDGE_CURVE('',#900,#898,#336,.T.);
#1097=EDGE_CURVE('',#901,#900,#337,.T.);
#1098=EDGE_CURVE('',#901,#899,#338,.T.);
#1099=EDGE_CURVE('',#902,#903,#339,.T.);
#1100=EDGE_CURVE('',#904,#902,#340,.T.);
#1101=EDGE_CURVE('',#905,#904,#341,.T.);
#1102=EDGE_CURVE('',#903,#905,#342,.T.);
#1103=EDGE_CURVE('',#906,#902,#343,.T.);
#1104=EDGE_CURVE('',#906,#907,#344,.T.);
#1105=EDGE_CURVE('',#907,#904,#345,.T.);
#1106=EDGE_CURVE('',#908,#906,#346,.T.);
#1107=EDGE_CURVE('',#909,#908,#347,.T.);
#1108=EDGE_CURVE('',#909,#907,#348,.T.);
#1109=EDGE_CURVE('',#897,#910,#349,.T.);
#1110=EDGE_CURVE('',#911,#910,#350,.T.);
#1111=EDGE_CURVE('',#911,#895,#351,.T.);
#1112=EDGE_CURVE('',#900,#903,#352,.T.);
#1113=EDGE_CURVE('',#905,#912,#353,.T.);
#1114=EDGE_CURVE('',#913,#912,#354,.T.);
#1115=EDGE_CURVE('',#914,#913,#355,.T.);
#1116=EDGE_CURVE('',#915,#914,#356,.T.);
#1117=EDGE_CURVE('',#916,#915,#357,.T.);
#1118=EDGE_CURVE('',#917,#916,#358,.T.);
#1119=EDGE_CURVE('',#918,#917,#359,.T.);
#1120=EDGE_CURVE('',#919,#918,#360,.T.);
#1121=EDGE_CURVE('',#920,#919,#361,.T.);
#1122=EDGE_CURVE('',#920,#921,#362,.T.);
#1123=EDGE_CURVE('',#922,#921,#363,.T.);
#1124=EDGE_CURVE('',#923,#922,#364,.T.);
#1125=EDGE_CURVE('',#924,#923,#365,.T.);
#1126=EDGE_CURVE('',#924,#901,#366,.T.);
#1127=EDGE_CURVE('',#925,#925,#864,.T.);
#1128=EDGE_CURVE('',#926,#926,#865,.T.);
#1129=EDGE_CURVE('',#908,#927,#367,.T.);
#1130=EDGE_CURVE('',#928,#927,#368,.T.);
#1131=EDGE_CURVE('',#928,#909,#369,.T.);
#1132=EDGE_CURVE('',#929,#930,#370,.T.);
#1133=EDGE_CURVE('',#931,#929,#371,.T.);
#1134=EDGE_CURVE('',#932,#931,#372,.T.);
#1135=EDGE_CURVE('',#930,#932,#373,.T.);
#1136=EDGE_CURVE('',#933,#931,#374,.T.);
#1137=EDGE_CURVE('',#929,#934,#375,.T.);
#1138=EDGE_CURVE('',#935,#934,#376,.T.);
#1139=EDGE_CURVE('',#935,#936,#377,.T.);
#1140=EDGE_CURVE('',#910,#936,#378,.T.);
#1141=EDGE_CURVE('',#924,#937,#379,.T.);
#1142=EDGE_CURVE('',#938,#937,#380,.T.);
#1143=EDGE_CURVE('',#933,#938,#381,.T.);
#1144=EDGE_CURVE('',#939,#940,#382,.T.);
#1145=EDGE_CURVE('',#941,#939,#383,.T.);
#1146=EDGE_CURVE('',#942,#941,#384,.T.);
#1147=EDGE_CURVE('',#940,#942,#385,.T.);
#1148=EDGE_CURVE('',#943,#911,#386,.T.);
#1149=EDGE_CURVE('',#944,#943,#387,.T.);
#1150=EDGE_CURVE('',#945,#944,#388,.T.);
#1151=EDGE_CURVE('',#946,#945,#389,.T.);
#1152=EDGE_CURVE('',#947,#946,#390,.T.);
#1153=EDGE_CURVE('',#948,#947,#391,.T.);
#1154=EDGE_CURVE('',#949,#948,#392,.T.);
#1155=EDGE_CURVE('',#950,#949,#393,.T.);
#1156=EDGE_CURVE('',#951,#950,#394,.T.);
#1157=EDGE_CURVE('',#952,#951,#395,.T.);
#1158=EDGE_CURVE('',#953,#952,#396,.T.);
#1159=EDGE_CURVE('',#954,#953,#397,.T.);
#1160=EDGE_CURVE('',#955,#954,#398,.T.);
#1161=EDGE_CURVE('',#956,#955,#399,.T.);
#1162=EDGE_CURVE('',#957,#956,#400,.T.);
#1163=EDGE_CURVE('',#958,#957,#401,.T.);
#1164=EDGE_CURVE('',#959,#958,#402,.T.);
#1165=EDGE_CURVE('',#960,#959,#403,.T.);
#1166=EDGE_CURVE('',#961,#960,#404,.T.);
#1167=EDGE_CURVE('',#962,#961,#405,.T.);
#1168=EDGE_CURVE('',#963,#962,#406,.T.);
#1169=EDGE_CURVE('',#964,#963,#407,.T.);
#1170=EDGE_CURVE('',#965,#964,#408,.T.);
#1171=EDGE_CURVE('',#966,#965,#409,.T.);
#1172=EDGE_CURVE('',#967,#966,#410,.T.);
#1173=EDGE_CURVE('',#968,#967,#411,.T.);
#1174=EDGE_CURVE('',#927,#968,#412,.T.);
#1175=EDGE_CURVE('',#932,#939,#413,.T.);
#1176=EDGE_CURVE('',#940,#930,#414,.T.);
#1177=EDGE_CURVE('',#969,#970,#415,.T.);
#1178=EDGE_CURVE('',#971,#969,#416,.T.);
#1179=EDGE_CURVE('',#972,#971,#417,.T.);
#1180=EDGE_CURVE('',#973,#972,#418,.T.);
#1181=EDGE_CURVE('',#974,#973,#419,.T.);
#1182=EDGE_CURVE('',#975,#974,#420,.T.);
#1183=EDGE_CURVE('',#976,#975,#421,.T.);
#1184=EDGE_CURVE('',#970,#976,#422,.T.);
#1185=EDGE_CURVE('',#952,#977,#423,.T.);
#1186=EDGE_CURVE('',#978,#977,#424,.T.);
#1187=EDGE_CURVE('',#953,#978,#425,.T.);
#1188=EDGE_CURVE('',#978,#979,#426,.T.);
#1189=EDGE_CURVE('',#979,#980,#427,.T.);
#1190=EDGE_CURVE('',#980,#981,#428,.T.);
#1191=EDGE_CURVE('',#981,#958,#429,.T.);
#1192=EDGE_CURVE('',#982,#957,#430,.T.);
#1193=EDGE_CURVE('',#983,#982,#431,.T.);
#1194=EDGE_CURVE('',#984,#983,#432,.T.);
#1195=EDGE_CURVE('',#984,#985,#433,.T.);
#1196=EDGE_CURVE('',#986,#985,#434,.T.);
#1197=EDGE_CURVE('',#954,#986,#435,.T.);
#1198=EDGE_CURVE('',#950,#949,#866,.T.);
#1199=EDGE_CURVE('',#951,#948,#867,.T.);
#1200=EDGE_CURVE('',#987,#946,#436,.T.);
#1201=EDGE_CURVE('',#988,#987,#437,.T.);
#1202=EDGE_CURVE('',#988,#947,#438,.T.);
#1203=EDGE_CURVE('',#989,#988,#439,.T.);
#1204=EDGE_CURVE('',#990,#989,#440,.T.);
#1205=EDGE_CURVE('',#964,#990,#441,.T.);
#1206=EDGE_CURVE('',#963,#960,#868,.T.);
#1207=EDGE_CURVE('',#991,#959,#442,.T.);
#1208=EDGE_CURVE('',#992,#991,#443,.T.);
#1209=EDGE_CURVE('',#993,#992,#444,.T.);
#1210=EDGE_CURVE('',#993,#994,#869,.T.);
#1211=EDGE_CURVE('',#995,#994,#445,.T.);
#1212=EDGE_CURVE('',#977,#995,#446,.T.);
#1213=EDGE_CURVE('',#996,#944,#447,.T.);
#1214=EDGE_CURVE('',#996,#997,#448,.T.);
#1215=EDGE_CURVE('',#945,#997,#449,.T.);
#1216=EDGE_CURVE('',#997,#998,#450,.T.);
#1217=EDGE_CURVE('',#998,#966,#451,.T.);
#1218=EDGE_CURVE('',#965,#999,#452,.T.);
#1219=EDGE_CURVE('',#999,#1000,#453,.T.);
#1220=EDGE_CURVE('',#1000,#1001,#454,.T.);
#1221=EDGE_CURVE('',#1002,#1001,#455,.T.);
#1222=EDGE_CURVE('',#1002,#1003,#456,.T.);
#1223=EDGE_CURVE('',#987,#1003,#457,.T.);
#1224=EDGE_CURVE('',#1004,#986,#458,.T.);
#1225=EDGE_CURVE('',#1005,#1004,#459,.T.);
#1226=EDGE_CURVE('',#1005,#921,#460,.T.);
#1227=EDGE_CURVE('',#920,#1006,#461,.T.);
#1228=EDGE_CURVE('',#943,#1006,#462,.T.);
#1229=EDGE_CURVE('',#955,#936,#463,.T.);
#1230=EDGE_CURVE('',#1006,#1007,#464,.T.);
#1231=EDGE_CURVE('',#1007,#1008,#870,.T.);
#1232=EDGE_CURVE('',#1008,#1009,#465,.T.);
#1233=EDGE_CURVE('',#1009,#1010,#871,.T.);
#1234=EDGE_CURVE('',#1010,#1011,#466,.T.);
#1235=EDGE_CURVE('',#1011,#968,#467,.T.);
#1236=EDGE_CURVE('',#967,#1012,#468,.T.);
#1237=EDGE_CURVE('',#1012,#996,#469,.T.);
#1238=EDGE_CURVE('',#933,#1013,#470,.T.);
#1239=EDGE_CURVE('',#1013,#1014,#471,.T.);
#1240=EDGE_CURVE('',#1014,#1015,#472,.T.);
#1241=EDGE_CURVE('',#1015,#1016,#473,.T.);
#1242=EDGE_CURVE('',#1016,#1017,#474,.T.);
#1243=EDGE_CURVE('',#1017,#1018,#475,.T.);
#1244=EDGE_CURVE('',#1018,#1019,#476,.T.);
#1245=EDGE_CURVE('',#941,#1019,#477,.T.);
#1246=EDGE_CURVE('',#1020,#973,#478,.T.);
#1247=EDGE_CURVE('',#1021,#1020,#479,.T.);
#1248=EDGE_CURVE('',#974,#1021,#480,.T.);
#1249=EDGE_CURVE('',#1022,#971,#481,.T.);
#1250=EDGE_CURVE('',#1022,#1023,#482,.T.);
#1251=EDGE_CURVE('',#972,#1023,#483,.T.);
#1252=EDGE_CURVE('',#1023,#1024,#484,.T.);
#1253=EDGE_CURVE('',#1024,#1025,#485,.T.);
#1254=EDGE_CURVE('',#1025,#1026,#486,.T.);
#1255=EDGE_CURVE('',#1026,#1027,#487,.T.);
#1256=EDGE_CURVE('',#1027,#1028,#488,.T.);
#1257=EDGE_CURVE('',#1028,#1029,#489,.T.);
#1258=EDGE_CURVE('',#1029,#1030,#490,.T.);
#1259=EDGE_CURVE('',#1030,#938,#491,.T.);
#1260=EDGE_CURVE('',#938,#970,#492,.T.);
#1261=EDGE_CURVE('',#976,#1031,#493,.T.);
#1262=EDGE_CURVE('',#1031,#1020,#494,.T.);
#1263=EDGE_CURVE('',#969,#937,#495,.T.);
#1264=EDGE_CURVE('',#937,#1032,#496,.T.);
#1265=EDGE_CURVE('',#1032,#1033,#497,.T.);
#1266=EDGE_CURVE('',#1033,#1034,#498,.T.);
#1267=EDGE_CURVE('',#1034,#1035,#499,.T.);
#1268=EDGE_CURVE('',#1035,#1036,#500,.T.);
#1269=EDGE_CURVE('',#1036,#1037,#501,.T.);
#1270=EDGE_CURVE('',#1038,#1037,#502,.T.);
#1271=EDGE_CURVE('',#1038,#1022,#503,.T.);
#1272=EDGE_CURVE('',#962,#961,#872,.T.);
#1273=EDGE_CURVE('',#1039,#993,#504,.T.);
#1274=EDGE_CURVE('',#1039,#1040,#873,.T.);
#1275=EDGE_CURVE('',#994,#1040,#505,.T.);
#1276=EDGE_CURVE('',#1040,#1039,#506,.T.);
#1277=EDGE_CURVE('',#992,#980,#507,.T.);
#1278=EDGE_CURVE('',#979,#995,#508,.T.);
#1279=EDGE_CURVE('',#1003,#989,#509,.T.);
#1280=EDGE_CURVE('',#1002,#984,#510,.T.);
#1281=EDGE_CURVE('',#999,#983,#511,.T.);
#1282=EDGE_CURVE('',#990,#999,#512,.T.);
#1283=EDGE_CURVE('',#1000,#1011,#513,.T.);
#1284=EDGE_CURVE('',#1041,#982,#514,.T.);
#1285=EDGE_CURVE('',#928,#1041,#515,.T.);
#1286=EDGE_CURVE('',#985,#1001,#516,.T.);
#1287=EDGE_CURVE('',#1041,#956,#517,.T.);
#1288=EDGE_CURVE('',#1042,#935,#518,.T.);
#1289=EDGE_CURVE('',#1043,#1042,#519,.T.);
#1290=EDGE_CURVE('',#1005,#1043,#520,.T.);
#1291=EDGE_CURVE('',#1004,#1044,#521,.T.);
#1292=EDGE_CURVE('',#1045,#1044,#522,.T.);
#1293=EDGE_CURVE('',#1046,#1045,#523,.T.);
#1294=EDGE_CURVE('',#1047,#1046,#524,.T.);
#1295=EDGE_CURVE('',#1047,#1048,#525,.T.);
#1296=EDGE_CURVE('',#1049,#1048,#526,.T.);
#1297=EDGE_CURVE('',#1050,#1049,#527,.T.);
#1298=EDGE_CURVE('',#1051,#1050,#528,.T.);
#1299=EDGE_CURVE('',#1041,#1051,#529,.T.);
#1300=EDGE_CURVE('',#1052,#1053,#874,.T.);
#1301=EDGE_CURVE('',#1010,#1052,#530,.T.);
#1302=EDGE_CURVE('',#1053,#1009,#531,.T.);
#1303=EDGE_CURVE('',#1052,#1053,#532,.T.);
#1304=EDGE_CURVE('',#1054,#1055,#875,.T.);
#1305=EDGE_CURVE('',#1008,#1054,#533,.T.);
#1306=EDGE_CURVE('',#1055,#1007,#534,.T.);
#1307=EDGE_CURVE('',#1054,#1055,#535,.T.);
#1308=EDGE_CURVE('',#919,#1044,#536,.T.);
#1309=EDGE_CURVE('',#1047,#916,#537,.T.);
#1310=EDGE_CURVE('',#915,#1048,#538,.T.);
#1311=EDGE_CURVE('',#1045,#1056,#539,.T.);
#1312=EDGE_CURVE('',#1057,#1056,#540,.T.);
#1313=EDGE_CURVE('',#1057,#1046,#541,.T.);
#1314=EDGE_CURVE('',#918,#1034,#542,.T.);
#1315=EDGE_CURVE('',#917,#1035,#543,.T.);
#1316=EDGE_CURVE('',#1015,#1028,#544,.T.);
#1317=EDGE_CURVE('',#1027,#1016,#545,.T.);
#1318=EDGE_CURVE('',#1058,#1043,#546,.T.);
#1319=EDGE_CURVE('',#1059,#1058,#547,.T.);
#1320=EDGE_CURVE('',#1059,#1014,#548,.T.);
#1321=EDGE_CURVE('',#1029,#1014,#549,.T.);
#1322=EDGE_CURVE('',#1029,#1033,#550,.T.);
#1323=EDGE_CURVE('',#922,#1033,#551,.T.);
#1324=EDGE_CURVE('',#1060,#934,#552,.T.);
#1325=EDGE_CURVE('',#1060,#1042,#553,.T.);
#1326=EDGE_CURVE('',#1058,#1060,#554,.T.);
#1327=EDGE_CURVE('',#1028,#1034,#555,.T.);
#1328=EDGE_CURVE('',#1061,#1015,#556,.T.);
#1329=EDGE_CURVE('',#1056,#1061,#557,.T.);
#1330=EDGE_CURVE('',#1062,#1062,#876,.T.);
#1331=EDGE_CURVE('',#1062,#1063,#558,.T.);
#1332=EDGE_CURVE('',#1063,#1063,#877,.T.);
#1333=EDGE_CURVE('',#1064,#1064,#878,.T.);
#1334=EDGE_CURVE('',#1064,#1065,#559,.T.);
#1335=EDGE_CURVE('',#1065,#1065,#879,.T.);
#1336=EDGE_CURVE('',#1066,#1066,#880,.T.);
#1337=EDGE_CURVE('',#1066,#1067,#560,.T.);
#1338=EDGE_CURVE('',#1067,#1067,#881,.T.);
#1339=EDGE_CURVE('',#1061,#1059,#561,.T.);
#1340=EDGE_CURVE('',#1013,#1030,#562,.T.);
#1341=EDGE_CURVE('',#1031,#1068,#563,.T.);
#1342=EDGE_CURVE('',#1021,#1068,#564,.T.);
#1343=EDGE_CURVE('',#923,#1032,#565,.T.);
#1344=EDGE_CURVE('',#1069,#1069,#882,.T.);
#1345=EDGE_CURVE('',#1070,#1070,#883,.T.);
#1346=EDGE_CURVE('',#926,#1069,#566,.T.);
#1347=EDGE_CURVE('',#1071,#1071,#884,.T.);
#1348=EDGE_CURVE('',#1070,#1071,#567,.T.);
#1349=EDGE_CURVE('',#1072,#1072,#885,.T.);
#1350=EDGE_CURVE('',#1072,#1073,#568,.T.);
#1351=EDGE_CURVE('',#1073,#1073,#886,.T.);
#1352=EDGE_CURVE('',#925,#1074,#569,.T.);
#1353=EDGE_CURVE('',#1074,#1074,#887,.T.);
#1354=EDGE_CURVE('',#1038,#912,#570,.T.);
#1355=EDGE_CURVE('',#1037,#913,#571,.T.);
#1356=EDGE_CURVE('',#914,#1036,#572,.T.);
#1357=EDGE_CURVE('',#1075,#1057,#573,.T.);
#1358=EDGE_CURVE('',#1075,#1016,#574,.T.);
#1359=EDGE_CURVE('',#1027,#1035,#575,.T.);
#1360=EDGE_CURVE('',#1017,#1026,#576,.T.);
#1361=EDGE_CURVE('',#1025,#1018,#577,.T.);
#1362=EDGE_CURVE('',#1026,#1036,#578,.T.);
#1363=EDGE_CURVE('',#1076,#1075,#579,.T.);
#1364=EDGE_CURVE('',#1076,#1017,#580,.T.);
#1365=EDGE_CURVE('',#1077,#1051,#581,.T.);
#1366=EDGE_CURVE('',#1078,#1050,#582,.T.);
#1367=EDGE_CURVE('',#1077,#1078,#583,.T.);
#1368=EDGE_CURVE('',#1079,#1076,#584,.T.);
#1369=EDGE_CURVE('',#1049,#1079,#585,.T.);
#1370=EDGE_CURVE('',#1024,#1019,#586,.T.);
#1371=EDGE_CURVE('',#1078,#1079,#587,.T.);
#1372=EDGE_CURVE('',#1077,#942,#588,.T.);
#1373=EDGE_CURVE('',#998,#1012,#589,.T.);
#1374=EDGE_CURVE('',#1068,#975,#590,.T.);
#1375=EDGE_CURVE('',#981,#991,#591,.T.);
#1376=ORIENTED_EDGE('',*,*,#1080,.F.);
#1377=ORIENTED_EDGE('',*,*,#1081,.T.);
#1378=ORIENTED_EDGE('',*,*,#1082,.T.);
#1379=ORIENTED_EDGE('',*,*,#1081,.F.);
#1380=ORIENTED_EDGE('',*,*,#1082,.F.);
#1381=ORIENTED_EDGE('',*,*,#1083,.F.);
#1382=ORIENTED_EDGE('',*,*,#1084,.T.);
#1383=ORIENTED_EDGE('',*,*,#1085,.T.);
#1384=ORIENTED_EDGE('',*,*,#1084,.F.);
#1385=ORIENTED_EDGE('',*,*,#1085,.F.);
#1386=ORIENTED_EDGE('',*,*,#1086,.F.);
#1387=ORIENTED_EDGE('',*,*,#1087,.T.);
#1388=ORIENTED_EDGE('',*,*,#1088,.T.);
#1389=ORIENTED_EDGE('',*,*,#1087,.F.);
#1390=ORIENTED_EDGE('',*,*,#1088,.F.);
#1391=ORIENTED_EDGE('',*,*,#1089,.F.);
#1392=ORIENTED_EDGE('',*,*,#1090,.F.);
#1393=ORIENTED_EDGE('',*,*,#1091,.F.);
#1394=ORIENTED_EDGE('',*,*,#1092,.F.);
#1395=ORIENTED_EDGE('',*,*,#1093,.F.);
#1396=ORIENTED_EDGE('',*,*,#1094,.T.);
#1397=ORIENTED_EDGE('',*,*,#1095,.T.);
#1398=ORIENTED_EDGE('',*,*,#1090,.T.);
#1399=ORIENTED_EDGE('',*,*,#1096,.F.);
#1400=ORIENTED_EDGE('',*,*,#1097,.F.);
#1401=ORIENTED_EDGE('',*,*,#1098,.T.);
#1402=ORIENTED_EDGE('',*,*,#1094,.F.);
#1403=ORIENTED_EDGE('',*,*,#1099,.F.);
#1404=ORIENTED_EDGE('',*,*,#1100,.F.);
#1405=ORIENTED_EDGE('',*,*,#1101,.F.);
#1406=ORIENTED_EDGE('',*,*,#1102,.F.);
#1407=ORIENTED_EDGE('',*,*,#1103,.F.);
#1408=ORIENTED_EDGE('',*,*,#1104,.T.);
#1409=ORIENTED_EDGE('',*,*,#1105,.T.);
#1410=ORIENTED_EDGE('',*,*,#1100,.T.);
#1411=ORIENTED_EDGE('',*,*,#1106,.F.);
#1412=ORIENTED_EDGE('',*,*,#1107,.F.);
#1413=ORIENTED_EDGE('',*,*,#1108,.T.);
#1414=ORIENTED_EDGE('',*,*,#1104,.F.);
#1415=ORIENTED_EDGE('',*,*,#1092,.T.);
#1416=ORIENTED_EDGE('',*,*,#1109,.T.);
#1417=ORIENTED_EDGE('',*,*,#1110,.F.);
#1418=ORIENTED_EDGE('',*,*,#1111,.T.);
#1419=ORIENTED_EDGE('',*,*,#1097,.T.);
#1420=ORIENTED_EDGE('',*,*,#1112,.T.);
#1421=ORIENTED_EDGE('',*,*,#1102,.T.);
#1422=ORIENTED_EDGE('',*,*,#1113,.T.);
#1423=ORIENTED_EDGE('',*,*,#1114,.F.);
#1424=ORIENTED_EDGE('',*,*,#1115,.F.);
#1425=ORIENTED_EDGE('',*,*,#1116,.F.);
#1426=ORIENTED_EDGE('',*,*,#1117,.F.);
#1427=ORIENTED_EDGE('',*,*,#1118,.F.);
#1428=ORIENTED_EDGE('',*,*,#1119,.F.);
#1429=ORIENTED_EDGE('',*,*,#1120,.F.);
#1430=ORIENTED_EDGE('',*,*,#1121,.F.);
#1431=ORIENTED_EDGE('',*,*,#1122,.T.);
#1432=ORIENTED_EDGE('',*,*,#1123,.F.);
#1433=ORIENTED_EDGE('',*,*,#1124,.F.);
#1434=ORIENTED_EDGE('',*,*,#1125,.F.);
#1435=ORIENTED_EDGE('',*,*,#1126,.T.);
#1436=ORIENTED_EDGE('',*,*,#1127,.T.);
#1437=ORIENTED_EDGE('',*,*,#1128,.T.);
#1438=ORIENTED_EDGE('',*,*,#1107,.T.);
#1439=ORIENTED_EDGE('',*,*,#1129,.T.);
#1440=ORIENTED_EDGE('',*,*,#1130,.F.);
#1441=ORIENTED_EDGE('',*,*,#1131,.T.);
#1442=ORIENTED_EDGE('',*,*,#1132,.F.);
#1443=ORIENTED_EDGE('',*,*,#1133,.F.);
#1444=ORIENTED_EDGE('',*,*,#1134,.F.);
#1445=ORIENTED_EDGE('',*,*,#1135,.F.);
#1446=ORIENTED_EDGE('',*,*,#1136,.T.);
#1447=ORIENTED_EDGE('',*,*,#1133,.T.);
#1448=ORIENTED_EDGE('',*,*,#1137,.T.);
#1449=ORIENTED_EDGE('',*,*,#1138,.F.);
#1450=ORIENTED_EDGE('',*,*,#1139,.T.);
#1451=ORIENTED_EDGE('',*,*,#1140,.F.);
#1452=ORIENTED_EDGE('',*,*,#1109,.F.);
#1453=ORIENTED_EDGE('',*,*,#1091,.T.);
#1454=ORIENTED_EDGE('',*,*,#1095,.F.);
#1455=ORIENTED_EDGE('',*,*,#1098,.F.);
#1456=ORIENTED_EDGE('',*,*,#1126,.F.);
#1457=ORIENTED_EDGE('',*,*,#1141,.T.);
#1458=ORIENTED_EDGE('',*,*,#1142,.F.);
#1459=ORIENTED_EDGE('',*,*,#1143,.F.);
#1460=ORIENTED_EDGE('',*,*,#1144,.F.);
#1461=ORIENTED_EDGE('',*,*,#1145,.F.);
#1462=ORIENTED_EDGE('',*,*,#1146,.F.);
#1463=ORIENTED_EDGE('',*,*,#1147,.F.);
#1464=ORIENTED_EDGE('',*,*,#1111,.F.);
#1465=ORIENTED_EDGE('',*,*,#1148,.F.);
#1466=ORIENTED_EDGE('',*,*,#1149,.F.);
#1467=ORIENTED_EDGE('',*,*,#1150,.F.);
#1468=ORIENTED_EDGE('',*,*,#1151,.F.);
#1469=ORIENTED_EDGE('',*,*,#1152,.F.);
#1470=ORIENTED_EDGE('',*,*,#1153,.F.);
#1471=ORIENTED_EDGE('',*,*,#1154,.F.);
#1472=ORIENTED_EDGE('',*,*,#1155,.F.);
#1473=ORIENTED_EDGE('',*,*,#1156,.F.);
#1474=ORIENTED_EDGE('',*,*,#1157,.F.);
#1475=ORIENTED_EDGE('',*,*,#1158,.F.);
#1476=ORIENTED_EDGE('',*,*,#1159,.F.);
#1477=ORIENTED_EDGE('',*,*,#1160,.F.);
#1478=ORIENTED_EDGE('',*,*,#1161,.F.);
#1479=ORIENTED_EDGE('',*,*,#1162,.F.);
#1480=ORIENTED_EDGE('',*,*,#1163,.F.);
#1481=ORIENTED_EDGE('',*,*,#1164,.F.);
#1482=ORIENTED_EDGE('',*,*,#1165,.F.);
#1483=ORIENTED_EDGE('',*,*,#1166,.F.);
#1484=ORIENTED_EDGE('',*,*,#1167,.F.);
#1485=ORIENTED_EDGE('',*,*,#1168,.F.);
#1486=ORIENTED_EDGE('',*,*,#1169,.F.);
#1487=ORIENTED_EDGE('',*,*,#1170,.F.);
#1488=ORIENTED_EDGE('',*,*,#1171,.F.);
#1489=ORIENTED_EDGE('',*,*,#1172,.F.);
#1490=ORIENTED_EDGE('',*,*,#1173,.F.);
#1491=ORIENTED_EDGE('',*,*,#1174,.F.);
#1492=ORIENTED_EDGE('',*,*,#1129,.F.);
#1493=ORIENTED_EDGE('',*,*,#1106,.T.);
#1494=ORIENTED_EDGE('',*,*,#1103,.T.);
#1495=ORIENTED_EDGE('',*,*,#1099,.T.);
#1496=ORIENTED_EDGE('',*,*,#1112,.F.);
#1497=ORIENTED_EDGE('',*,*,#1096,.T.);
#1498=ORIENTED_EDGE('',*,*,#1093,.T.);
#1499=ORIENTED_EDGE('',*,*,#1089,.T.);
#1500=ORIENTED_EDGE('',*,*,#1083,.T.);
#1501=ORIENTED_EDGE('',*,*,#1086,.T.);
#1502=ORIENTED_EDGE('',*,*,#1175,.T.);
#1503=ORIENTED_EDGE('',*,*,#1144,.T.);
#1504=ORIENTED_EDGE('',*,*,#1176,.T.);
#1505=ORIENTED_EDGE('',*,*,#1135,.T.);
#1506=ORIENTED_EDGE('',*,*,#1177,.F.);
#1507=ORIENTED_EDGE('',*,*,#1178,.F.);
#1508=ORIENTED_EDGE('',*,*,#1179,.F.);
#1509=ORIENTED_EDGE('',*,*,#1180,.F.);
#1510=ORIENTED_EDGE('',*,*,#1181,.F.);
#1511=ORIENTED_EDGE('',*,*,#1182,.F.);
#1512=ORIENTED_EDGE('',*,*,#1183,.F.);
#1513=ORIENTED_EDGE('',*,*,#1184,.F.);
#1514=ORIENTED_EDGE('',*,*,#1158,.T.);
#1515=ORIENTED_EDGE('',*,*,#1185,.T.);
#1516=ORIENTED_EDGE('',*,*,#1186,.F.);
#1517=ORIENTED_EDGE('',*,*,#1187,.F.);
#1518=ORIENTED_EDGE('',*,*,#1159,.T.);
#1519=ORIENTED_EDGE('',*,*,#1187,.T.);
#1520=ORIENTED_EDGE('',*,*,#1188,.T.);
#1521=ORIENTED_EDGE('',*,*,#1189,.T.);
#1522=ORIENTED_EDGE('',*,*,#1190,.T.);
#1523=ORIENTED_EDGE('',*,*,#1191,.T.);
#1524=ORIENTED_EDGE('',*,*,#1163,.T.);
#1525=ORIENTED_EDGE('',*,*,#1192,.F.);
#1526=ORIENTED_EDGE('',*,*,#1193,.F.);
#1527=ORIENTED_EDGE('',*,*,#1194,.F.);
#1528=ORIENTED_EDGE('',*,*,#1195,.T.);
#1529=ORIENTED_EDGE('',*,*,#1196,.F.);
#1530=ORIENTED_EDGE('',*,*,#1197,.F.);
#1531=ORIENTED_EDGE('',*,*,#1155,.T.);
#1532=ORIENTED_EDGE('',*,*,#1198,.F.);
#1533=ORIENTED_EDGE('',*,*,#1156,.T.);
#1534=ORIENTED_EDGE('',*,*,#1198,.T.);
#1535=ORIENTED_EDGE('',*,*,#1154,.T.);
#1536=ORIENTED_EDGE('',*,*,#1199,.F.);
#1537=ORIENTED_EDGE('',*,*,#1152,.T.);
#1538=ORIENTED_EDGE('',*,*,#1200,.F.);
#1539=ORIENTED_EDGE('',*,*,#1201,.F.);
#1540=ORIENTED_EDGE('',*,*,#1202,.T.);
#1541=ORIENTED_EDGE('',*,*,#1157,.T.);
#1542=ORIENTED_EDGE('',*,*,#1199,.T.);
#1543=ORIENTED_EDGE('',*,*,#1153,.T.);
#1544=ORIENTED_EDGE('',*,*,#1202,.F.);
#1545=ORIENTED_EDGE('',*,*,#1203,.F.);
#1546=ORIENTED_EDGE('',*,*,#1204,.F.);
#1547=ORIENTED_EDGE('',*,*,#1205,.F.);
#1548=ORIENTED_EDGE('',*,*,#1169,.T.);
#1549=ORIENTED_EDGE('',*,*,#1206,.T.);
#1550=ORIENTED_EDGE('',*,*,#1165,.T.);
#1551=ORIENTED_EDGE('',*,*,#1207,.F.);
#1552=ORIENTED_EDGE('',*,*,#1208,.F.);
#1553=ORIENTED_EDGE('',*,*,#1209,.F.);
#1554=ORIENTED_EDGE('',*,*,#1210,.T.);
#1555=ORIENTED_EDGE('',*,*,#1211,.F.);
#1556=ORIENTED_EDGE('',*,*,#1212,.F.);
#1557=ORIENTED_EDGE('',*,*,#1185,.F.);
#1558=ORIENTED_EDGE('',*,*,#1080,.T.);
#1559=ORIENTED_EDGE('',*,*,#1150,.T.);
#1560=ORIENTED_EDGE('',*,*,#1213,.F.);
#1561=ORIENTED_EDGE('',*,*,#1214,.T.);
#1562=ORIENTED_EDGE('',*,*,#1215,.F.);
#1563=ORIENTED_EDGE('',*,*,#1151,.T.);
#1564=ORIENTED_EDGE('',*,*,#1215,.T.);
#1565=ORIENTED_EDGE('',*,*,#1216,.T.);
#1566=ORIENTED_EDGE('',*,*,#1217,.T.);
#1567=ORIENTED_EDGE('',*,*,#1171,.T.);
#1568=ORIENTED_EDGE('',*,*,#1218,.T.);
#1569=ORIENTED_EDGE('',*,*,#1219,.T.);
#1570=ORIENTED_EDGE('',*,*,#1220,.T.);
#1571=ORIENTED_EDGE('',*,*,#1221,.F.);
#1572=ORIENTED_EDGE('',*,*,#1222,.T.);
#1573=ORIENTED_EDGE('',*,*,#1223,.F.);
#1574=ORIENTED_EDGE('',*,*,#1200,.T.);
#1575=ORIENTED_EDGE('',*,*,#1160,.T.);
#1576=ORIENTED_EDGE('',*,*,#1197,.T.);
#1577=ORIENTED_EDGE('',*,*,#1224,.F.);
#1578=ORIENTED_EDGE('',*,*,#1225,.F.);
#1579=ORIENTED_EDGE('',*,*,#1226,.T.);
#1580=ORIENTED_EDGE('',*,*,#1122,.F.);
#1581=ORIENTED_EDGE('',*,*,#1227,.T.);
#1582=ORIENTED_EDGE('',*,*,#1228,.F.);
#1583=ORIENTED_EDGE('',*,*,#1148,.T.);
#1584=ORIENTED_EDGE('',*,*,#1110,.T.);
#1585=ORIENTED_EDGE('',*,*,#1140,.T.);
#1586=ORIENTED_EDGE('',*,*,#1229,.F.);
#1587=ORIENTED_EDGE('',*,*,#1149,.T.);
#1588=ORIENTED_EDGE('',*,*,#1228,.T.);
#1589=ORIENTED_EDGE('',*,*,#1230,.T.);
#1590=ORIENTED_EDGE('',*,*,#1231,.T.);
#1591=ORIENTED_EDGE('',*,*,#1232,.T.);
#1592=ORIENTED_EDGE('',*,*,#1233,.T.);
#1593=ORIENTED_EDGE('',*,*,#1234,.T.);
#1594=ORIENTED_EDGE('',*,*,#1235,.T.);
#1595=ORIENTED_EDGE('',*,*,#1173,.T.);
#1596=ORIENTED_EDGE('',*,*,#1236,.T.);
#1597=ORIENTED_EDGE('',*,*,#1237,.T.);
#1598=ORIENTED_EDGE('',*,*,#1213,.T.);
#1599=ORIENTED_EDGE('',*,*,#1175,.F.);
#1600=ORIENTED_EDGE('',*,*,#1134,.T.);
#1601=ORIENTED_EDGE('',*,*,#1136,.F.);
#1602=ORIENTED_EDGE('',*,*,#1238,.T.);
#1603=ORIENTED_EDGE('',*,*,#1239,.T.);
#1604=ORIENTED_EDGE('',*,*,#1240,.T.);
#1605=ORIENTED_EDGE('',*,*,#1241,.T.);
#1606=ORIENTED_EDGE('',*,*,#1242,.T.);
#1607=ORIENTED_EDGE('',*,*,#1243,.T.);
#1608=ORIENTED_EDGE('',*,*,#1244,.T.);
#1609=ORIENTED_EDGE('',*,*,#1245,.F.);
#1610=ORIENTED_EDGE('',*,*,#1145,.T.);
#1611=ORIENTED_EDGE('',*,*,#1181,.T.);
#1612=ORIENTED_EDGE('',*,*,#1246,.F.);
#1613=ORIENTED_EDGE('',*,*,#1247,.F.);
#1614=ORIENTED_EDGE('',*,*,#1248,.F.);
#1615=ORIENTED_EDGE('',*,*,#1179,.T.);
#1616=ORIENTED_EDGE('',*,*,#1249,.F.);
#1617=ORIENTED_EDGE('',*,*,#1250,.T.);
#1618=ORIENTED_EDGE('',*,*,#1251,.F.);
#1619=ORIENTED_EDGE('',*,*,#1180,.T.);
#1620=ORIENTED_EDGE('',*,*,#1251,.T.);
#1621=ORIENTED_EDGE('',*,*,#1252,.T.);
#1622=ORIENTED_EDGE('',*,*,#1253,.T.);
#1623=ORIENTED_EDGE('',*,*,#1254,.T.);
#1624=ORIENTED_EDGE('',*,*,#1255,.T.);
#1625=ORIENTED_EDGE('',*,*,#1256,.T.);
#1626=ORIENTED_EDGE('',*,*,#1257,.T.);
#1627=ORIENTED_EDGE('',*,*,#1258,.T.);
#1628=ORIENTED_EDGE('',*,*,#1259,.T.);
#1629=ORIENTED_EDGE('',*,*,#1260,.T.);
#1630=ORIENTED_EDGE('',*,*,#1184,.T.);
#1631=ORIENTED_EDGE('',*,*,#1261,.T.);
#1632=ORIENTED_EDGE('',*,*,#1262,.T.);
#1633=ORIENTED_EDGE('',*,*,#1246,.T.);
#1634=ORIENTED_EDGE('',*,*,#1178,.T.);
#1635=ORIENTED_EDGE('',*,*,#1263,.T.);
#1636=ORIENTED_EDGE('',*,*,#1264,.T.);
#1637=ORIENTED_EDGE('',*,*,#1265,.T.);
#1638=ORIENTED_EDGE('',*,*,#1266,.T.);
#1639=ORIENTED_EDGE('',*,*,#1267,.T.);
#1640=ORIENTED_EDGE('',*,*,#1268,.T.);
#1641=ORIENTED_EDGE('',*,*,#1269,.T.);
#1642=ORIENTED_EDGE('',*,*,#1270,.F.);
#1643=ORIENTED_EDGE('',*,*,#1271,.T.);
#1644=ORIENTED_EDGE('',*,*,#1249,.T.);
#1645=ORIENTED_EDGE('',*,*,#1166,.T.);
#1646=ORIENTED_EDGE('',*,*,#1206,.F.);
#1647=ORIENTED_EDGE('',*,*,#1168,.T.);
#1648=ORIENTED_EDGE('',*,*,#1272,.T.);
#1649=ORIENTED_EDGE('',*,*,#1167,.T.);
#1650=ORIENTED_EDGE('',*,*,#1272,.F.);
#1651=ORIENTED_EDGE('',*,*,#1210,.F.);
#1652=ORIENTED_EDGE('',*,*,#1273,.F.);
#1653=ORIENTED_EDGE('',*,*,#1274,.T.);
#1654=ORIENTED_EDGE('',*,*,#1275,.F.);
#1655=ORIENTED_EDGE('',*,*,#1276,.F.);
#1656=ORIENTED_EDGE('',*,*,#1274,.F.);
#1657=ORIENTED_EDGE('',*,*,#1275,.T.);
#1658=ORIENTED_EDGE('',*,*,#1276,.T.);
#1659=ORIENTED_EDGE('',*,*,#1273,.T.);
#1660=ORIENTED_EDGE('',*,*,#1209,.T.);
#1661=ORIENTED_EDGE('',*,*,#1277,.T.);
#1662=ORIENTED_EDGE('',*,*,#1189,.F.);
#1663=ORIENTED_EDGE('',*,*,#1278,.T.);
#1664=ORIENTED_EDGE('',*,*,#1211,.T.);
#1665=ORIENTED_EDGE('',*,*,#1204,.T.);
#1666=ORIENTED_EDGE('',*,*,#1279,.F.);
#1667=ORIENTED_EDGE('',*,*,#1222,.F.);
#1668=ORIENTED_EDGE('',*,*,#1280,.T.);
#1669=ORIENTED_EDGE('',*,*,#1194,.T.);
#1670=ORIENTED_EDGE('',*,*,#1281,.F.);
#1671=ORIENTED_EDGE('',*,*,#1282,.F.);
#1672=ORIENTED_EDGE('',*,*,#1203,.T.);
#1673=ORIENTED_EDGE('',*,*,#1201,.T.);
#1674=ORIENTED_EDGE('',*,*,#1223,.T.);
#1675=ORIENTED_EDGE('',*,*,#1279,.T.);
#1676=ORIENTED_EDGE('',*,*,#1212,.T.);
#1677=ORIENTED_EDGE('',*,*,#1278,.F.);
#1678=ORIENTED_EDGE('',*,*,#1188,.F.);
#1679=ORIENTED_EDGE('',*,*,#1186,.T.);
#1680=ORIENTED_EDGE('',*,*,#1174,.T.);
#1681=ORIENTED_EDGE('',*,*,#1235,.F.);
#1682=ORIENTED_EDGE('',*,*,#1283,.F.);
#1683=ORIENTED_EDGE('',*,*,#1219,.F.);
#1684=ORIENTED_EDGE('',*,*,#1281,.T.);
#1685=ORIENTED_EDGE('',*,*,#1193,.T.);
#1686=ORIENTED_EDGE('',*,*,#1284,.F.);
#1687=ORIENTED_EDGE('',*,*,#1285,.F.);
#1688=ORIENTED_EDGE('',*,*,#1130,.T.);
#1689=ORIENTED_EDGE('',*,*,#1221,.T.);
#1690=ORIENTED_EDGE('',*,*,#1286,.F.);
#1691=ORIENTED_EDGE('',*,*,#1195,.F.);
#1692=ORIENTED_EDGE('',*,*,#1280,.F.);
#1693=ORIENTED_EDGE('',*,*,#1170,.T.);
#1694=ORIENTED_EDGE('',*,*,#1205,.T.);
#1695=ORIENTED_EDGE('',*,*,#1282,.T.);
#1696=ORIENTED_EDGE('',*,*,#1218,.F.);
#1697=ORIENTED_EDGE('',*,*,#1162,.T.);
#1698=ORIENTED_EDGE('',*,*,#1287,.F.);
#1699=ORIENTED_EDGE('',*,*,#1284,.T.);
#1700=ORIENTED_EDGE('',*,*,#1192,.T.);
#1701=ORIENTED_EDGE('',*,*,#1161,.T.);
#1702=ORIENTED_EDGE('',*,*,#1229,.T.);
#1703=ORIENTED_EDGE('',*,*,#1139,.F.);
#1704=ORIENTED_EDGE('',*,*,#1288,.F.);
#1705=ORIENTED_EDGE('',*,*,#1289,.F.);
#1706=ORIENTED_EDGE('',*,*,#1290,.F.);
#1707=ORIENTED_EDGE('',*,*,#1225,.T.);
#1708=ORIENTED_EDGE('',*,*,#1291,.T.);
#1709=ORIENTED_EDGE('',*,*,#1292,.F.);
#1710=ORIENTED_EDGE('',*,*,#1293,.F.);
#1711=ORIENTED_EDGE('',*,*,#1294,.F.);
#1712=ORIENTED_EDGE('',*,*,#1295,.T.);
#1713=ORIENTED_EDGE('',*,*,#1296,.F.);
#1714=ORIENTED_EDGE('',*,*,#1297,.F.);
#1715=ORIENTED_EDGE('',*,*,#1298,.F.);
#1716=ORIENTED_EDGE('',*,*,#1299,.F.);
#1717=ORIENTED_EDGE('',*,*,#1287,.T.);
#1718=ORIENTED_EDGE('',*,*,#1300,.F.);
#1719=ORIENTED_EDGE('',*,*,#1301,.F.);
#1720=ORIENTED_EDGE('',*,*,#1233,.F.);
#1721=ORIENTED_EDGE('',*,*,#1302,.F.);
#1722=ORIENTED_EDGE('',*,*,#1300,.T.);
#1723=ORIENTED_EDGE('',*,*,#1303,.F.);
#1724=ORIENTED_EDGE('',*,*,#1304,.F.);
#1725=ORIENTED_EDGE('',*,*,#1305,.F.);
#1726=ORIENTED_EDGE('',*,*,#1231,.F.);
#1727=ORIENTED_EDGE('',*,*,#1306,.F.);
#1728=ORIENTED_EDGE('',*,*,#1304,.T.);
#1729=ORIENTED_EDGE('',*,*,#1307,.F.);
#1730=ORIENTED_EDGE('',*,*,#1286,.T.);
#1731=ORIENTED_EDGE('',*,*,#1220,.F.);
#1732=ORIENTED_EDGE('',*,*,#1283,.T.);
#1733=ORIENTED_EDGE('',*,*,#1234,.F.);
#1734=ORIENTED_EDGE('',*,*,#1301,.T.);
#1735=ORIENTED_EDGE('',*,*,#1303,.T.);
#1736=ORIENTED_EDGE('',*,*,#1302,.T.);
#1737=ORIENTED_EDGE('',*,*,#1232,.F.);
#1738=ORIENTED_EDGE('',*,*,#1305,.T.);
#1739=ORIENTED_EDGE('',*,*,#1307,.T.);
#1740=ORIENTED_EDGE('',*,*,#1306,.T.);
#1741=ORIENTED_EDGE('',*,*,#1230,.F.);
#1742=ORIENTED_EDGE('',*,*,#1227,.F.);
#1743=ORIENTED_EDGE('',*,*,#1121,.T.);
#1744=ORIENTED_EDGE('',*,*,#1308,.T.);
#1745=ORIENTED_EDGE('',*,*,#1291,.F.);
#1746=ORIENTED_EDGE('',*,*,#1224,.T.);
#1747=ORIENTED_EDGE('',*,*,#1196,.T.);
#1748=ORIENTED_EDGE('',*,*,#1295,.F.);
#1749=ORIENTED_EDGE('',*,*,#1309,.T.);
#1750=ORIENTED_EDGE('',*,*,#1117,.T.);
#1751=ORIENTED_EDGE('',*,*,#1310,.T.);
#1752=ORIENTED_EDGE('',*,*,#1293,.T.);
#1753=ORIENTED_EDGE('',*,*,#1311,.T.);
#1754=ORIENTED_EDGE('',*,*,#1312,.F.);
#1755=ORIENTED_EDGE('',*,*,#1313,.T.);
#1756=ORIENTED_EDGE('',*,*,#1267,.F.);
#1757=ORIENTED_EDGE('',*,*,#1314,.F.);
#1758=ORIENTED_EDGE('',*,*,#1119,.T.);
#1759=ORIENTED_EDGE('',*,*,#1315,.T.);
#1760=ORIENTED_EDGE('',*,*,#1241,.F.);
#1761=ORIENTED_EDGE('',*,*,#1316,.T.);
#1762=ORIENTED_EDGE('',*,*,#1256,.F.);
#1763=ORIENTED_EDGE('',*,*,#1317,.T.);
#1764=ORIENTED_EDGE('',*,*,#1226,.F.);
#1765=ORIENTED_EDGE('',*,*,#1290,.T.);
#1766=ORIENTED_EDGE('',*,*,#1318,.F.);
#1767=ORIENTED_EDGE('',*,*,#1319,.F.);
#1768=ORIENTED_EDGE('',*,*,#1320,.T.);
#1769=ORIENTED_EDGE('',*,*,#1321,.F.);
#1770=ORIENTED_EDGE('',*,*,#1322,.T.);
#1771=ORIENTED_EDGE('',*,*,#1323,.F.);
#1772=ORIENTED_EDGE('',*,*,#1123,.T.);
#1773=ORIENTED_EDGE('',*,*,#1138,.T.);
#1774=ORIENTED_EDGE('',*,*,#1324,.F.);
#1775=ORIENTED_EDGE('',*,*,#1325,.T.);
#1776=ORIENTED_EDGE('',*,*,#1288,.T.);
#1777=ORIENTED_EDGE('',*,*,#1318,.T.);
#1778=ORIENTED_EDGE('',*,*,#1289,.T.);
#1779=ORIENTED_EDGE('',*,*,#1325,.F.);
#1780=ORIENTED_EDGE('',*,*,#1326,.F.);
#1781=ORIENTED_EDGE('',*,*,#1308,.F.);
#1782=ORIENTED_EDGE('',*,*,#1120,.T.);
#1783=ORIENTED_EDGE('',*,*,#1314,.T.);
#1784=ORIENTED_EDGE('',*,*,#1327,.F.);
#1785=ORIENTED_EDGE('',*,*,#1316,.F.);
#1786=ORIENTED_EDGE('',*,*,#1328,.F.);
#1787=ORIENTED_EDGE('',*,*,#1329,.F.);
#1788=ORIENTED_EDGE('',*,*,#1311,.F.);
#1789=ORIENTED_EDGE('',*,*,#1292,.T.);
#1790=ORIENTED_EDGE('',*,*,#1330,.F.);
#1791=ORIENTED_EDGE('',*,*,#1331,.T.);
#1792=ORIENTED_EDGE('',*,*,#1332,.T.);
#1793=ORIENTED_EDGE('',*,*,#1331,.F.);
#1794=ORIENTED_EDGE('',*,*,#1332,.F.);
#1795=ORIENTED_EDGE('',*,*,#1333,.F.);
#1796=ORIENTED_EDGE('',*,*,#1333,.T.);
#1797=ORIENTED_EDGE('',*,*,#1334,.T.);
#1798=ORIENTED_EDGE('',*,*,#1335,.T.);
#1799=ORIENTED_EDGE('',*,*,#1334,.F.);
#1800=ORIENTED_EDGE('',*,*,#1335,.F.);
#1801=ORIENTED_EDGE('',*,*,#1336,.F.);
#1802=ORIENTED_EDGE('',*,*,#1337,.T.);
#1803=ORIENTED_EDGE('',*,*,#1338,.F.);
#1804=ORIENTED_EDGE('',*,*,#1337,.F.);
#1805=ORIENTED_EDGE('',*,*,#1338,.T.);
#1806=ORIENTED_EDGE('',*,*,#1330,.T.);
#1807=ORIENTED_EDGE('',*,*,#1240,.F.);
#1808=ORIENTED_EDGE('',*,*,#1320,.F.);
#1809=ORIENTED_EDGE('',*,*,#1339,.F.);
#1810=ORIENTED_EDGE('',*,*,#1328,.T.);
#1811=ORIENTED_EDGE('',*,*,#1266,.F.);
#1812=ORIENTED_EDGE('',*,*,#1322,.F.);
#1813=ORIENTED_EDGE('',*,*,#1257,.F.);
#1814=ORIENTED_EDGE('',*,*,#1327,.T.);
#1815=ORIENTED_EDGE('',*,*,#1321,.T.);
#1816=ORIENTED_EDGE('',*,*,#1239,.F.);
#1817=ORIENTED_EDGE('',*,*,#1340,.T.);
#1818=ORIENTED_EDGE('',*,*,#1258,.F.);
#1819=ORIENTED_EDGE('',*,*,#1262,.F.);
#1820=ORIENTED_EDGE('',*,*,#1341,.T.);
#1821=ORIENTED_EDGE('',*,*,#1342,.F.);
#1822=ORIENTED_EDGE('',*,*,#1247,.T.);
#1823=ORIENTED_EDGE('',*,*,#1143,.T.);
#1824=ORIENTED_EDGE('',*,*,#1259,.F.);
#1825=ORIENTED_EDGE('',*,*,#1340,.F.);
#1826=ORIENTED_EDGE('',*,*,#1238,.F.);
#1827=ORIENTED_EDGE('',*,*,#1125,.T.);
#1828=ORIENTED_EDGE('',*,*,#1343,.T.);
#1829=ORIENTED_EDGE('',*,*,#1264,.F.);
#1830=ORIENTED_EDGE('',*,*,#1141,.F.);
#1831=ORIENTED_EDGE('',*,*,#1124,.T.);
#1832=ORIENTED_EDGE('',*,*,#1323,.T.);
#1833=ORIENTED_EDGE('',*,*,#1265,.F.);
#1834=ORIENTED_EDGE('',*,*,#1343,.F.);
#1835=ORIENTED_EDGE('',*,*,#1344,.T.);
#1836=ORIENTED_EDGE('',*,*,#1345,.T.);
#1837=ORIENTED_EDGE('',*,*,#1128,.F.);
#1838=ORIENTED_EDGE('',*,*,#1346,.T.);
#1839=ORIENTED_EDGE('',*,*,#1344,.F.);
#1840=ORIENTED_EDGE('',*,*,#1346,.F.);
#1841=ORIENTED_EDGE('',*,*,#1347,.F.);
#1842=ORIENTED_EDGE('',*,*,#1345,.F.);
#1843=ORIENTED_EDGE('',*,*,#1348,.T.);
#1844=ORIENTED_EDGE('',*,*,#1347,.T.);
#1845=ORIENTED_EDGE('',*,*,#1348,.F.);
#1846=ORIENTED_EDGE('',*,*,#1349,.F.);
#1847=ORIENTED_EDGE('',*,*,#1350,.T.);
#1848=ORIENTED_EDGE('',*,*,#1351,.T.);
#1849=ORIENTED_EDGE('',*,*,#1350,.F.);
#1850=ORIENTED_EDGE('',*,*,#1351,.F.);
#1851=ORIENTED_EDGE('',*,*,#1127,.F.);
#1852=ORIENTED_EDGE('',*,*,#1352,.T.);
#1853=ORIENTED_EDGE('',*,*,#1353,.F.);
#1854=ORIENTED_EDGE('',*,*,#1352,.F.);
#1855=ORIENTED_EDGE('',*,*,#1353,.T.);
#1856=ORIENTED_EDGE('',*,*,#1349,.T.);
#1857=ORIENTED_EDGE('',*,*,#1114,.T.);
#1858=ORIENTED_EDGE('',*,*,#1354,.F.);
#1859=ORIENTED_EDGE('',*,*,#1270,.T.);
#1860=ORIENTED_EDGE('',*,*,#1355,.T.);
#1861=ORIENTED_EDGE('',*,*,#1115,.T.);
#1862=ORIENTED_EDGE('',*,*,#1355,.F.);
#1863=ORIENTED_EDGE('',*,*,#1269,.F.);
#1864=ORIENTED_EDGE('',*,*,#1356,.F.);
#1865=ORIENTED_EDGE('',*,*,#1118,.T.);
#1866=ORIENTED_EDGE('',*,*,#1309,.F.);
#1867=ORIENTED_EDGE('',*,*,#1294,.T.);
#1868=ORIENTED_EDGE('',*,*,#1313,.F.);
#1869=ORIENTED_EDGE('',*,*,#1357,.F.);
#1870=ORIENTED_EDGE('',*,*,#1358,.T.);
#1871=ORIENTED_EDGE('',*,*,#1317,.F.);
#1872=ORIENTED_EDGE('',*,*,#1359,.T.);
#1873=ORIENTED_EDGE('',*,*,#1315,.F.);
#1874=ORIENTED_EDGE('',*,*,#1360,.T.);
#1875=ORIENTED_EDGE('',*,*,#1254,.F.);
#1876=ORIENTED_EDGE('',*,*,#1361,.T.);
#1877=ORIENTED_EDGE('',*,*,#1243,.F.);
#1878=ORIENTED_EDGE('',*,*,#1255,.F.);
#1879=ORIENTED_EDGE('',*,*,#1362,.T.);
#1880=ORIENTED_EDGE('',*,*,#1268,.F.);
#1881=ORIENTED_EDGE('',*,*,#1359,.F.);
#1882=ORIENTED_EDGE('',*,*,#1242,.F.);
#1883=ORIENTED_EDGE('',*,*,#1358,.F.);
#1884=ORIENTED_EDGE('',*,*,#1363,.F.);
#1885=ORIENTED_EDGE('',*,*,#1364,.T.);
#1886=ORIENTED_EDGE('',*,*,#1365,.T.);
#1887=ORIENTED_EDGE('',*,*,#1298,.T.);
#1888=ORIENTED_EDGE('',*,*,#1366,.F.);
#1889=ORIENTED_EDGE('',*,*,#1367,.F.);
#1890=ORIENTED_EDGE('',*,*,#1310,.F.);
#1891=ORIENTED_EDGE('',*,*,#1116,.T.);
#1892=ORIENTED_EDGE('',*,*,#1356,.T.);
#1893=ORIENTED_EDGE('',*,*,#1362,.F.);
#1894=ORIENTED_EDGE('',*,*,#1360,.F.);
#1895=ORIENTED_EDGE('',*,*,#1364,.F.);
#1896=ORIENTED_EDGE('',*,*,#1368,.F.);
#1897=ORIENTED_EDGE('',*,*,#1369,.F.);
#1898=ORIENTED_EDGE('',*,*,#1296,.T.);
#1899=ORIENTED_EDGE('',*,*,#1370,.T.);
#1900=ORIENTED_EDGE('',*,*,#1244,.F.);
#1901=ORIENTED_EDGE('',*,*,#1361,.F.);
#1902=ORIENTED_EDGE('',*,*,#1253,.F.);
#1903=ORIENTED_EDGE('',*,*,#1369,.T.);
#1904=ORIENTED_EDGE('',*,*,#1371,.F.);
#1905=ORIENTED_EDGE('',*,*,#1366,.T.);
#1906=ORIENTED_EDGE('',*,*,#1297,.T.);
#1907=ORIENTED_EDGE('',*,*,#1245,.T.);
#1908=ORIENTED_EDGE('',*,*,#1370,.F.);
#1909=ORIENTED_EDGE('',*,*,#1252,.F.);
#1910=ORIENTED_EDGE('',*,*,#1250,.F.);
#1911=ORIENTED_EDGE('',*,*,#1271,.F.);
#1912=ORIENTED_EDGE('',*,*,#1354,.T.);
#1913=ORIENTED_EDGE('',*,*,#1113,.F.);
#1914=ORIENTED_EDGE('',*,*,#1101,.T.);
#1915=ORIENTED_EDGE('',*,*,#1105,.F.);
#1916=ORIENTED_EDGE('',*,*,#1108,.F.);
#1917=ORIENTED_EDGE('',*,*,#1131,.F.);
#1918=ORIENTED_EDGE('',*,*,#1285,.T.);
#1919=ORIENTED_EDGE('',*,*,#1299,.T.);
#1920=ORIENTED_EDGE('',*,*,#1365,.F.);
#1921=ORIENTED_EDGE('',*,*,#1372,.T.);
#1922=ORIENTED_EDGE('',*,*,#1146,.T.);
#1923=ORIENTED_EDGE('',*,*,#1373,.F.);
#1924=ORIENTED_EDGE('',*,*,#1216,.F.);
#1925=ORIENTED_EDGE('',*,*,#1214,.F.);
#1926=ORIENTED_EDGE('',*,*,#1237,.F.);
#1927=ORIENTED_EDGE('',*,*,#1172,.T.);
#1928=ORIENTED_EDGE('',*,*,#1217,.F.);
#1929=ORIENTED_EDGE('',*,*,#1373,.T.);
#1930=ORIENTED_EDGE('',*,*,#1236,.F.);
#1931=ORIENTED_EDGE('',*,*,#1183,.T.);
#1932=ORIENTED_EDGE('',*,*,#1374,.F.);
#1933=ORIENTED_EDGE('',*,*,#1341,.F.);
#1934=ORIENTED_EDGE('',*,*,#1261,.F.);
#1935=ORIENTED_EDGE('',*,*,#1177,.T.);
#1936=ORIENTED_EDGE('',*,*,#1260,.F.);
#1937=ORIENTED_EDGE('',*,*,#1142,.T.);
#1938=ORIENTED_EDGE('',*,*,#1263,.F.);
#1939=ORIENTED_EDGE('',*,*,#1182,.T.);
#1940=ORIENTED_EDGE('',*,*,#1248,.T.);
#1941=ORIENTED_EDGE('',*,*,#1342,.T.);
#1942=ORIENTED_EDGE('',*,*,#1374,.T.);
#1943=ORIENTED_EDGE('',*,*,#1176,.F.);
#1944=ORIENTED_EDGE('',*,*,#1147,.T.);
#1945=ORIENTED_EDGE('',*,*,#1372,.F.);
#1946=ORIENTED_EDGE('',*,*,#1367,.T.);
#1947=ORIENTED_EDGE('',*,*,#1371,.T.);
#1948=ORIENTED_EDGE('',*,*,#1368,.T.);
#1949=ORIENTED_EDGE('',*,*,#1363,.T.);
#1950=ORIENTED_EDGE('',*,*,#1357,.T.);
#1951=ORIENTED_EDGE('',*,*,#1312,.T.);
#1952=ORIENTED_EDGE('',*,*,#1329,.T.);
#1953=ORIENTED_EDGE('',*,*,#1339,.T.);
#1954=ORIENTED_EDGE('',*,*,#1319,.T.);
#1955=ORIENTED_EDGE('',*,*,#1326,.T.);
#1956=ORIENTED_EDGE('',*,*,#1324,.T.);
#1957=ORIENTED_EDGE('',*,*,#1137,.F.);
#1958=ORIENTED_EDGE('',*,*,#1132,.T.);
#1959=ORIENTED_EDGE('',*,*,#1336,.T.);
#1960=ORIENTED_EDGE('',*,*,#1208,.T.);
#1961=ORIENTED_EDGE('',*,*,#1375,.F.);
#1962=ORIENTED_EDGE('',*,*,#1190,.F.);
#1963=ORIENTED_EDGE('',*,*,#1277,.F.);
#1964=ORIENTED_EDGE('',*,*,#1164,.T.);
#1965=ORIENTED_EDGE('',*,*,#1191,.F.);
#1966=ORIENTED_EDGE('',*,*,#1375,.T.);
#1967=ORIENTED_EDGE('',*,*,#1207,.T.);
#1968=CYLINDRICAL_SURFACE('',#2093,0.25);
#1969=CYLINDRICAL_SURFACE('',#2097,0.3);
#1970=CYLINDRICAL_SURFACE('',#2101,0.3);
#1971=CYLINDRICAL_SURFACE('',#2124,0.25);
#1972=CYLINDRICAL_SURFACE('',#2141,0.25);
#1973=CYLINDRICAL_SURFACE('',#2144,0.749999999999999);
#1974=CYLINDRICAL_SURFACE('',#2156,0.2);
#1975=CYLINDRICAL_SURFACE('',#2159,0.2);
#1976=CYLINDRICAL_SURFACE('',#2170,0.349557210118395);
#1977=CYLINDRICAL_SURFACE('',#2175,0.200000002980232);
#1978=CYLINDRICAL_SURFACE('',#2195,0.199999999999999);
#1979=CYLINDRICAL_SURFACE('',#2196,0.199999999999999);
#1980=ADVANCED_FACE('',(#115),#1968,.F.);
#1981=ADVANCED_FACE('',(#116),#31,.T.);
#1982=ADVANCED_FACE('',(#117),#1969,.F.);
#1983=ADVANCED_FACE('',(#118),#32,.T.);
#1984=ADVANCED_FACE('',(#119),#1970,.F.);
#1985=ADVANCED_FACE('',(#120),#33,.T.);
#1986=ADVANCED_FACE('',(#121),#34,.T.);
#1987=ADVANCED_FACE('',(#122),#35,.T.);
#1988=ADVANCED_FACE('',(#123),#36,.T.);
#1989=ADVANCED_FACE('',(#124),#37,.T.);
#1990=ADVANCED_FACE('',(#125),#38,.T.);
#1991=ADVANCED_FACE('',(#126),#39,.T.);
#1992=ADVANCED_FACE('',(#127),#40,.T.);
#1993=ADVANCED_FACE('',(#128,#18,#19),#41,.T.);
#1994=ADVANCED_FACE('',(#129),#42,.T.);
#1995=ADVANCED_FACE('',(#130),#43,.T.);
#1996=ADVANCED_FACE('',(#131),#44,.T.);
#1997=ADVANCED_FACE('',(#132),#45,.F.);
#1998=ADVANCED_FACE('',(#133,#20,#21,#22,#23),#46,.F.);
#1999=ADVANCED_FACE('',(#134),#47,.F.);
#2000=ADVANCED_FACE('',(#135),#48,.F.);
#2001=ADVANCED_FACE('',(#136),#49,.F.);
#2002=ADVANCED_FACE('',(#137),#1971,.F.);
#2003=ADVANCED_FACE('',(#138),#50,.T.);
#2004=ADVANCED_FACE('',(#139,#24),#51,.F.);
#2005=ADVANCED_FACE('',(#140),#52,.T.);
#2006=ADVANCED_FACE('',(#141),#53,.T.);
#2007=ADVANCED_FACE('',(#142),#54,.T.);
#2008=ADVANCED_FACE('',(#143),#55,.T.);
#2009=ADVANCED_FACE('',(#144),#56,.T.);
#2010=ADVANCED_FACE('',(#145),#57,.F.);
#2011=ADVANCED_FACE('',(#146),#58,.T.);
#2012=ADVANCED_FACE('',(#147),#59,.T.);
#2013=ADVANCED_FACE('',(#148),#60,.T.);
#2014=ADVANCED_FACE('',(#149),#1972,.F.);
#2015=ADVANCED_FACE('',(#150),#61,.F.);
#2016=ADVANCED_FACE('',(#151),#1973,.F.);
#2017=ADVANCED_FACE('',(#152),#62,.F.);
#2018=ADVANCED_FACE('',(#153),#63,.F.);
#2019=ADVANCED_FACE('',(#154),#64,.T.);
#2020=ADVANCED_FACE('',(#155),#65,.F.);
#2021=ADVANCED_FACE('',(#156),#66,.F.);
#2022=ADVANCED_FACE('',(#157),#67,.T.);
#2023=ADVANCED_FACE('',(#158),#68,.T.);
#2024=ADVANCED_FACE('',(#159),#69,.F.);
#2025=ADVANCED_FACE('',(#160),#70,.T.);
#2026=ADVANCED_FACE('',(#161),#71,.F.);
#2027=ADVANCED_FACE('',(#162),#1974,.F.);
#2028=ADVANCED_FACE('',(#163),#72,.F.);
#2029=ADVANCED_FACE('',(#164),#1975,.F.);
#2030=ADVANCED_FACE('',(#165),#73,.F.);
#2031=ADVANCED_FACE('',(#166,#25),#74,.T.);
#2032=ADVANCED_FACE('',(#167),#75,.T.);
#2033=ADVANCED_FACE('',(#168),#76,.T.);
#2034=ADVANCED_FACE('',(#169),#77,.T.);
#2035=ADVANCED_FACE('',(#170),#78,.T.);
#2036=ADVANCED_FACE('',(#171),#79,.T.);
#2037=ADVANCED_FACE('',(#172),#80,.T.);
#2038=ADVANCED_FACE('',(#173),#81,.T.);
#2039=ADVANCED_FACE('',(#174),#1976,.F.);
#2040=ADVANCED_FACE('',(#175,#26),#82,.T.);
#2041=ADVANCED_FACE('',(#176),#1977,.F.);
#2042=ADVANCED_FACE('',(#177),#83,.T.);
#2043=ADVANCED_FACE('',(#178),#15,.T.);
#2044=ADVANCED_FACE('',(#179,#27),#84,.T.);
#2045=ADVANCED_FACE('',(#180),#85,.T.);
#2046=ADVANCED_FACE('',(#181),#86,.T.);
#2047=ADVANCED_FACE('',(#182),#87,.T.);
#2048=ADVANCED_FACE('',(#183),#88,.F.);
#2049=ADVANCED_FACE('',(#184),#89,.T.);
#2050=ADVANCED_FACE('',(#185),#90,.T.);
#2051=ADVANCED_FACE('',(#186),#91,.T.);
#2052=ADVANCED_FACE('',(#187,#28),#92,.T.);
#2053=ADVANCED_FACE('',(#188),#16,.T.);
#2054=ADVANCED_FACE('',(#189),#93,.T.);
#2055=ADVANCED_FACE('',(#190),#1978,.F.);
#2056=ADVANCED_FACE('',(#191),#1979,.F.);
#2057=ADVANCED_FACE('',(#192),#94,.T.);
#2058=ADVANCED_FACE('',(#193),#17,.T.);
#2059=ADVANCED_FACE('',(#194,#29),#95,.T.);
#2060=ADVANCED_FACE('',(#195),#96,.T.);
#2061=ADVANCED_FACE('',(#196),#97,.T.);
#2062=ADVANCED_FACE('',(#197),#98,.T.);
#2063=ADVANCED_FACE('',(#198),#99,.T.);
#2064=ADVANCED_FACE('',(#199),#100,.T.);
#2065=ADVANCED_FACE('',(#200),#101,.T.);
#2066=ADVANCED_FACE('',(#201),#102,.T.);
#2067=ADVANCED_FACE('',(#202),#103,.T.);
#2068=ADVANCED_FACE('',(#203),#104,.T.);
#2069=ADVANCED_FACE('',(#204),#105,.T.);
#2070=ADVANCED_FACE('',(#205),#106,.T.);
#2071=ADVANCED_FACE('',(#206),#107,.T.);
#2072=ADVANCED_FACE('',(#207),#108,.T.);
#2073=ADVANCED_FACE('',(#208),#109,.F.);
#2074=ADVANCED_FACE('',(#209),#110,.T.);
#2075=ADVANCED_FACE('',(#210),#111,.F.);
#2076=ADVANCED_FACE('',(#211,#30),#112,.T.);
#2077=ADVANCED_FACE('',(#212),#113,.F.);
#2078=ADVANCED_FACE('',(#213),#114,.F.);
#2079=CLOSED_SHELL('',(#1980,#1981,#1982,#1983,#1984,#1985,#1986,#1987,
#1988,#1989,#1990,#1991,#1992,#1993,#1994,#1995,#1996,#1997,#1998,#1999,
#2000,#2001,#2002,#2003,#2004,#2005,#2006,#2007,#2008,#2009,#2010,#2011,
#2012,#2013,#2014,#2015,#2016,#2017,#2018,#2019,#2020,#2021,#2022,#2023,
#2024,#2025,#2026,#2027,#2028,#2029,#2030,#2031,#2032,#2033,#2034,#2035,
#2036,#2037,#2038,#2039,#2040,#2041,#2042,#2043,#2044,#2045,#2046,#2047,
#2048,#2049,#2050,#2051,#2052,#2053,#2054,#2055,#2056,#2057,#2058,#2059,
#2060,#2061,#2062,#2063,#2064,#2065,#2066,#2067,#2068,#2069,#2070,#2071,
#2072,#2073,#2074,#2075,#2076,#2077,#2078));
#2080=DERIVED_UNIT_ELEMENT(#2082,1.);
#2081=DERIVED_UNIT_ELEMENT(#3341,-3.);
#2082=(
MASS_UNIT()
NAMED_UNIT(*)
SI_UNIT(.KILO.,.GRAM.)
);
#2083=DERIVED_UNIT((#2080,#2081));
#2084=MEASURE_REPRESENTATION_ITEM('density measure',
POSITIVE_RATIO_MEASURE(7850.),#2083);
#2085=PROPERTY_DEFINITION_REPRESENTATION(#2090,#2087);
#2086=PROPERTY_DEFINITION_REPRESENTATION(#2091,#2088);
#2087=REPRESENTATION('material name',(#2089),#3338);
#2088=REPRESENTATION('density',(#2084),#3338);
#2089=DESCRIPTIVE_REPRESENTATION_ITEM('Steel','Steel');
#2090=PROPERTY_DEFINITION('material property','material name',#3348);
#2091=PROPERTY_DEFINITION('material property','density of part',#3348);
#2092=AXIS2_PLACEMENT_3D('',#2748,#2222,#2223);
#2093=AXIS2_PLACEMENT_3D('',#2749,#2224,#2225);
#2094=AXIS2_PLACEMENT_3D('',#2751,#2226,#2227);
#2095=AXIS2_PLACEMENT_3D('',#2754,#2229,#2230);
#2096=AXIS2_PLACEMENT_3D('',#2755,#2231,#2232);
#2097=AXIS2_PLACEMENT_3D('',#2756,#2233,#2234);
#2098=AXIS2_PLACEMENT_3D('',#2758,#2235,#2236);
#2099=AXIS2_PLACEMENT_3D('',#2761,#2238,#2239);
#2100=AXIS2_PLACEMENT_3D('',#2762,#2240,#2241);
#2101=AXIS2_PLACEMENT_3D('',#2763,#2242,#2243);
#2102=AXIS2_PLACEMENT_3D('',#2765,#2244,#2245);
#2103=AXIS2_PLACEMENT_3D('',#2768,#2247,#2248);
#2104=AXIS2_PLACEMENT_3D('',#2769,#2249,#2250);
#2105=AXIS2_PLACEMENT_3D('',#2770,#2251,#2252);
#2106=AXIS2_PLACEMENT_3D('',#2779,#2257,#2258);
#2107=AXIS2_PLACEMENT_3D('',#2785,#2262,#2263);
#2108=AXIS2_PLACEMENT_3D('',#2791,#2267,#2268);
#2109=AXIS2_PLACEMENT_3D('',#2800,#2273,#2274);
#2110=AXIS2_PLACEMENT_3D('',#2806,#2278,#2279);
#2111=AXIS2_PLACEMENT_3D('',#2812,#2283,#2284);
#2112=AXIS2_PLACEMENT_3D('',#2818,#2288,#2289);
#2113=AXIS2_PLACEMENT_3D('',#2848,#2305,#2306);
#2114=AXIS2_PLACEMENT_3D('',#2850,#2307,#2308);
#2115=AXIS2_PLACEMENT_3D('',#2851,#2309,#2310);
#2116=AXIS2_PLACEMENT_3D('',#2857,#2314,#2315);
#2117=AXIS2_PLACEMENT_3D('',#2866,#2320,#2321);
#2118=AXIS2_PLACEMENT_3D('',#2881,#2330,#2331);
#2119=AXIS2_PLACEMENT_3D('',#2890,#2336,#2337);
#2120=AXIS2_PLACEMENT_3D('',#2962,#2375,#2376);
#2121=AXIS2_PLACEMENT_3D('',#2968,#2380,#2381);
#2122=AXIS2_PLACEMENT_3D('',#2987,#2392,#2393);
#2123=AXIS2_PLACEMENT_3D('',#2988,#2394,#2395);
#2124=AXIS2_PLACEMENT_3D('',#2989,#2396,#2397);
#2125=AXIS2_PLACEMENT_3D('',#2990,#2398,#2399);
#2126=AXIS2_PLACEMENT_3D('',#2991,#2400,#2401);
#2127=AXIS2_PLACEMENT_3D('',#2997,#2405,#2406);
#2128=AXIS2_PLACEMENT_3D('',#3003,#2410,#2411);
#2129=AXIS2_PLACEMENT_3D('',#3011,#2415,#2416);
#2130=AXIS2_PLACEMENT_3D('',#3015,#2419,#2420);
#2131=AXIS2_PLACEMENT_3D('',#3021,#2424,#2425);
#2132=AXIS2_PLACEMENT_3D('',#3036,#2434,#2435);
#2133=AXIS2_PLACEMENT_3D('',#3046,#2442,#2443);
#2134=AXIS2_PLACEMENT_3D('',#3050,#2445,#2446);
#2135=AXIS2_PLACEMENT_3D('',#3054,#2448,#2449);
#2136=AXIS2_PLACEMENT_3D('',#3061,#2454,#2455);
#2137=AXIS2_PLACEMENT_3D('',#3077,#2464,#2465);
#2138=AXIS2_PLACEMENT_3D('',#3083,#2469,#2470);
#2139=AXIS2_PLACEMENT_3D('',#3089,#2474,#2475);
#2140=AXIS2_PLACEMENT_3D('',#3109,#2487,#2488);
#2141=AXIS2_PLACEMENT_3D('',#3126,#2498,#2499);
#2142=AXIS2_PLACEMENT_3D('',#3127,#2500,#2501);
#2143=AXIS2_PLACEMENT_3D('',#3128,#2502,#2503);
#2144=AXIS2_PLACEMENT_3D('',#3129,#2504,#2505);
#2145=AXIS2_PLACEMENT_3D('',#3133,#2507,#2508);
#2146=AXIS2_PLACEMENT_3D('',#3135,#2510,#2511);
#2147=AXIS2_PLACEMENT_3D('',#3137,#2513,#2514);
#2148=AXIS2_PLACEMENT_3D('',#3140,#2517,#2518);
#2149=AXIS2_PLACEMENT_3D('',#3145,#2523,#2524);
#2150=AXIS2_PLACEMENT_3D('',#3146,#2525,#2526);
#2151=AXIS2_PLACEMENT_3D('',#3147,#2527,#2528);
#2152=AXIS2_PLACEMENT_3D('',#3152,#2532,#2533);
#2153=AXIS2_PLACEMENT_3D('',#3154,#2535,#2536);
#2154=AXIS2_PLACEMENT_3D('',#3155,#2537,#2538);
#2155=AXIS2_PLACEMENT_3D('',#3157,#2540,#2541);
#2156=AXIS2_PLACEMENT_3D('',#3180,#2554,#2555);
#2157=AXIS2_PLACEMENT_3D('',#3183,#2556,#2557);
#2158=AXIS2_PLACEMENT_3D('',#3186,#2560,#2561);
#2159=AXIS2_PLACEMENT_3D('',#3188,#2563,#2564);
#2160=AXIS2_PLACEMENT_3D('',#3191,#2565,#2566);
#2161=AXIS2_PLACEMENT_3D('',#3194,#2569,#2570);
#2162=AXIS2_PLACEMENT_3D('',#3196,#2572,#2573);
#2163=AXIS2_PLACEMENT_3D('',#3200,#2577,#2578);
#2164=AXIS2_PLACEMENT_3D('',#3206,#2582,#2583);
#2165=AXIS2_PLACEMENT_3D('',#3209,#2586,#2587);
#2166=AXIS2_PLACEMENT_3D('',#3212,#2590,#2591);
#2167=AXIS2_PLACEMENT_3D('',#3221,#2598,#2599);
#2168=AXIS2_PLACEMENT_3D('',#3225,#2602,#2603);
#2169=AXIS2_PLACEMENT_3D('',#3227,#2605,#2606);
#2170=AXIS2_PLACEMENT_3D('',#3232,#2610,#2611);
#2171=AXIS2_PLACEMENT_3D('',#3234,#2612,#2613);
#2172=AXIS2_PLACEMENT_3D('',#3237,#2615,#2616);
#2173=AXIS2_PLACEMENT_3D('',#3238,#2617,#2618);
#2174=AXIS2_PLACEMENT_3D('',#3240,#2619,#2620);
#2175=AXIS2_PLACEMENT_3D('',#3241,#2621,#2622);
#2176=AXIS2_PLACEMENT_3D('',#3244,#2624,#2625);
#2177=AXIS2_PLACEMENT_3D('',#3245,#2626,#2627);
#2178=AXIS2_PLACEMENT_3D('',#3246,#2628,#2629);
#2179=AXIS2_PLACEMENT_3D('',#3248,#2630,#2631);
#2180=AXIS2_PLACEMENT_3D('',#3251,#2633,#2634);
#2181=AXIS2_PLACEMENT_3D('',#3252,#2635,#2636);
#2182=AXIS2_PLACEMENT_3D('',#3253,#2637,#2638);
#2183=AXIS2_PLACEMENT_3D('',#3255,#2640,#2641);
#2184=AXIS2_PLACEMENT_3D('',#3256,#2642,#2643);
#2185=AXIS2_PLACEMENT_3D('',#3258,#2645,#2646);
#2186=AXIS2_PLACEMENT_3D('',#3262,#2649,#2650);
#2187=AXIS2_PLACEMENT_3D('',#3263,#2651,#2652);
#2188=AXIS2_PLACEMENT_3D('',#3265,#2654,#2655);
#2189=AXIS2_PLACEMENT_3D('',#3266,#2656,#2657);
#2190=AXIS2_PLACEMENT_3D('',#3268,#2658,#2659);
#2191=AXIS2_PLACEMENT_3D('',#3270,#2660,#2661);
#2192=AXIS2_PLACEMENT_3D('',#3271,#2662,#2663);
#2193=AXIS2_PLACEMENT_3D('',#3273,#2665,#2666);
#2194=AXIS2_PLACEMENT_3D('',#3275,#2667,#2668);
#2195=AXIS2_PLACEMENT_3D('',#3276,#2669,#2670);
#2196=AXIS2_PLACEMENT_3D('',#3278,#2672,#2673);
#2197=AXIS2_PLACEMENT_3D('',#3280,#2674,#2675);
#2198=AXIS2_PLACEMENT_3D('',#3283,#2677,#2678);
#2199=AXIS2_PLACEMENT_3D('',#3284,#2679,#2680);
#2200=AXIS2_PLACEMENT_3D('',#3285,#2681,#2682);
#2201=AXIS2_PLACEMENT_3D('',#3288,#2684,#2685);
#2202=AXIS2_PLACEMENT_3D('',#3289,#2686,#2687);
#2203=AXIS2_PLACEMENT_3D('',#3290,#2688,#2689);
#2204=AXIS2_PLACEMENT_3D('',#3293,#2692,#2693);
#2205=AXIS2_PLACEMENT_3D('',#3295,#2695,#2696);
#2206=AXIS2_PLACEMENT_3D('',#3300,#2700,#2701);
#2207=AXIS2_PLACEMENT_3D('',#3303,#2704,#2705);
#2208=AXIS2_PLACEMENT_3D('',#3305,#2707,#2708);
#2209=AXIS2_PLACEMENT_3D('',#3309,#2711,#2712);
#2210=AXIS2_PLACEMENT_3D('',#3315,#2716,#2717);
#2211=AXIS2_PLACEMENT_3D('',#3319,#2720,#2721);
#2212=AXIS2_PLACEMENT_3D('',#3321,#2723,#2724);
#2213=AXIS2_PLACEMENT_3D('',#3323,#2726,#2727);
#2214=AXIS2_PLACEMENT_3D('',#3325,#2729,#2730);
#2215=AXIS2_PLACEMENT_3D('',#3327,#2732,#2733);
#2216=AXIS2_PLACEMENT_3D('',#3328,#2734,#2735);
#2217=AXIS2_PLACEMENT_3D('',#3330,#2737,#2738);
#2218=AXIS2_PLACEMENT_3D('',#3331,#2739,#2740);
#2219=AXIS2_PLACEMENT_3D('',#3332,#2741,#2742);
#2220=AXIS2_PLACEMENT_3D('',#3333,#2743,#2744);
#2221=AXIS2_PLACEMENT_3D('',#3335,#2746,#2747);
#2222=DIRECTION('axis',(0.,0.,1.));
#2223=DIRECTION('refdir',(1.,0.,0.));
#2224=DIRECTION('center_axis',(0.,0.,1.));
#2225=DIRECTION('ref_axis',(1.,0.,0.));
#2226=DIRECTION('center_axis',(0.,0.,1.));
#2227=DIRECTION('ref_axis',(1.,0.,0.));
#2228=DIRECTION('',(0.,0.,1.));
#2229=DIRECTION('center_axis',(0.,0.,1.));
#2230=DIRECTION('ref_axis',(1.,0.,0.));
#2231=DIRECTION('center_axis',(0.,0.,-1.));
#2232=DIRECTION('ref_axis',(1.,0.,0.));
#2233=DIRECTION('center_axis',(0.,1.,0.));
#2234=DIRECTION('ref_axis',(1.,0.,0.));
#2235=DIRECTION('center_axis',(0.,-1.,0.));
#2236=DIRECTION('ref_axis',(1.,0.,0.));
#2237=DIRECTION('',(0.,1.,0.));
#2238=DIRECTION('center_axis',(0.,1.,0.));
#2239=DIRECTION('ref_axis',(1.,0.,0.));
#2240=DIRECTION('center_axis',(0.,-1.,0.));
#2241=DIRECTION('ref_axis',(1.,0.,0.));
#2242=DIRECTION('center_axis',(0.,1.,0.));
#2243=DIRECTION('ref_axis',(1.,0.,0.));
#2244=DIRECTION('center_axis',(0.,-1.,0.));
#2245=DIRECTION('ref_axis',(1.,0.,0.));
#2246=DIRECTION('',(0.,1.,0.));
#2247=DIRECTION('center_axis',(0.,1.,0.));
#2248=DIRECTION('ref_axis',(1.,0.,0.));
#2249=DIRECTION('center_axis',(0.,-1.,0.));
#2250=DIRECTION('ref_axis',(1.,0.,0.));
#2251=DIRECTION('center_axis',(-1.,0.,0.));
#2252=DIRECTION('ref_axis',(0.,-1.,0.));
#2253=DIRECTION('',(0.,0.,-1.));
#2254=DIRECTION('',(0.,-1.,0.));
#2255=DIRECTION('',(0.,0.,1.));
#2256=DIRECTION('',(0.,1.,8.68270162047336E-16));
#2257=DIRECTION('center_axis',(0.,0.,1.));
#2258=DIRECTION('ref_axis',(1.,0.,0.));
#2259=DIRECTION('',(-1.,0.,0.));
#2260=DIRECTION('',(0.,1.,0.));
#2261=DIRECTION('',(-1.,0.,0.));
#2262=DIRECTION('center_axis',(1.,0.,0.));
#2263=DIRECTION('ref_axis',(0.,1.,0.));
#2264=DIRECTION('',(0.,0.,1.));
#2265=DIRECTION('',(0.,-1.,-8.68270162047336E-16));
#2266=DIRECTION('',(0.,0.,1.));
#2267=DIRECTION('center_axis',(-1.,0.,0.));
#2268=DIRECTION('ref_axis',(0.,-1.,0.));
#2269=DIRECTION('',(0.,0.,-1.));
#2270=DIRECTION('',(0.,-1.,0.));
#2271=DIRECTION('',(0.,0.,1.));
#2272=DIRECTION('',(0.,1.,8.68270162047336E-16));
#2273=DIRECTION('center_axis',(0.,0.,1.));
#2274=DIRECTION('ref_axis',(1.,0.,0.));
#2275=DIRECTION('',(-1.,0.,0.));
#2276=DIRECTION('',(0.,1.,0.));
#2277=DIRECTION('',(-1.,0.,0.));
#2278=DIRECTION('center_axis',(1.,0.,0.));
#2279=DIRECTION('ref_axis',(0.,1.,0.));
#2280=DIRECTION('',(0.,0.,1.));
#2281=DIRECTION('',(0.,-1.,-8.68270162047336E-16));
#2282=DIRECTION('',(0.,0.,1.));
#2283=DIRECTION('center_axis',(1.49084636935493E-14,-8.68270162047336E-16,
1.));
#2284=DIRECTION('ref_axis',(1.,0.,-1.49084636935493E-14));
#2285=DIRECTION('',(-1.,0.,0.));
#2286=DIRECTION('',(0.5,0.866025403784439,-8.9552898036393E-15));
#2287=DIRECTION('',(1.,0.,-1.49084636935493E-14));
#2288=DIRECTION('center_axis',(1.49084636935493E-14,-8.68270162047336E-16,
1.));
#2289=DIRECTION('ref_axis',(1.,0.,-1.49084636935493E-14));
#2290=DIRECTION('',(1.,0.,-1.49084636935493E-14));
#2291=DIRECTION('',(-1.,0.,2.98169273870978E-15));
#2292=DIRECTION('',(1.48820044722639E-15,-1.,1.86025055903299E-16));
#2293=DIRECTION('',(1.,0.,0.));
#2294=DIRECTION('',(0.,-1.,0.));
#2295=DIRECTION('',(1.,-5.26328010634228E-15,-6.57137841690008E-30));
#2296=DIRECTION('',(0.,1.,0.));
#2297=DIRECTION('',(1.,-3.35549273598134E-16,0.));
#2298=DIRECTION('',(0.,-1.,0.));
#2299=DIRECTION('',(1.,-5.26328010634228E-15,-6.79464204074379E-30));
#2300=DIRECTION('',(-0.5,-0.866025403784439,6.70228782909361E-15));
#2301=DIRECTION('',(0.,1.,0.));
#2302=DIRECTION('',(1.,0.,0.));
#2303=DIRECTION('',(0.,1.,0.));
#2304=DIRECTION('',(-1.,0.,0.));
#2305=DIRECTION('center_axis',(-1.49084636935493E-14,8.68270162047336E-16,
-1.));
#2306=DIRECTION('ref_axis',(1.,0.,0.));
#2307=DIRECTION('center_axis',(-1.49084636935493E-14,8.68270162047336E-16,
-1.));
#2308=DIRECTION('ref_axis',(1.,0.,0.));
#2309=DIRECTION('center_axis',(1.49084636935493E-14,-8.68270162047336E-16,
1.));
#2310=DIRECTION('ref_axis',(1.,0.,-1.49084636935493E-14));
#2311=DIRECTION('',(1.,0.,-1.49084636935493E-14));
#2312=DIRECTION('',(0.499999999999999,-0.866025403784439,-8.20617586445565E-15));
#2313=DIRECTION('',(-1.,0.,2.98169273870978E-15));
#2314=DIRECTION('center_axis',(1.,-1.77635683940025E-15,-1.4210854715202E-14));
#2315=DIRECTION('ref_axis',(-1.4210854715202E-14,0.,-1.));
#2316=DIRECTION('',(-1.77635683940025E-15,-1.,-1.25691062292781E-29));
#2317=DIRECTION('',(-1.4210854715202E-14,7.40148683083438E-16,-1.));
#2318=DIRECTION('',(1.77635683940025E-15,1.,-2.86858510989463E-29));
#2319=DIRECTION('',(1.4210854715202E-14,0.,1.));
#2320=DIRECTION('center_axis',(0.,1.,7.40148683083438E-16));
#2321=DIRECTION('ref_axis',(1.,0.,0.));
#2322=DIRECTION('',(-1.,-1.19524379578943E-29,1.61486985400025E-14));
#2323=DIRECTION('',(1.,1.19524379578943E-29,-1.61486985400025E-14));
#2324=DIRECTION('',(0.,-7.02117327826179E-16,1.));
#2325=DIRECTION('',(-1.,1.25753282936805E-29,0.));
#2326=DIRECTION('',(-1.77869723049299E-14,7.02117327826179E-16,-1.));
#2327=DIRECTION('',(-1.77635683940025E-14,7.40148683083438E-16,-1.));
#2328=DIRECTION('',(1.47444638843497E-14,0.,1.));
#2329=DIRECTION('',(1.77635683940025E-14,0.,1.));
#2330=DIRECTION('center_axis',(1.,3.5527136788005E-15,-1.4210854715202E-14));
#2331=DIRECTION('ref_axis',(-1.4210854715202E-14,0.,-1.));
#2332=DIRECTION('',(-1.4210854715202E-14,0.,-1.));
#2333=DIRECTION('',(2.57364024845782E-15,-1.,0.));
#2334=DIRECTION('',(1.4210854715202E-14,-7.40148683083438E-16,1.));
#2335=DIRECTION('',(-2.57364024845782E-15,1.,0.));
#2336=DIRECTION('center_axis',(0.,1.,0.));
#2337=DIRECTION('ref_axis',(0.,0.,1.));
#2338=DIRECTION('',(0.,0.,-1.));
#2339=DIRECTION('',(1.,0.,0.));
#2340=DIRECTION('',(0.,0.,1.));
#2341=DIRECTION('',(-1.,0.,0.));
#2342=DIRECTION('',(0.,0.,1.));
#2343=DIRECTION('',(-1.,0.,0.));
#2344=DIRECTION('',(0.,0.,-1.));
#2345=DIRECTION('',(-1.,0.,0.));
#2346=DIRECTION('',(0.,0.,1.));
#2347=DIRECTION('',(-1.,0.,0.));
#2348=DIRECTION('',(0.,0.,-1.));
#2349=DIRECTION('',(1.,0.,0.));
#2350=DIRECTION('',(0.,0.,-1.));
#2351=DIRECTION('',(-1.,0.,0.));
#2352=DIRECTION('',(0.,0.,1.));
#2353=DIRECTION('',(1.,0.,0.));
#2354=DIRECTION('',(0.,0.,1.));
#2355=DIRECTION('',(-1.,0.,0.));
#2356=DIRECTION('',(0.,0.,-1.));
#2357=DIRECTION('',(-1.,0.,0.));
#2358=DIRECTION('',(0.,0.,1.));
#2359=DIRECTION('',(-1.,0.,0.));
#2360=DIRECTION('',(0.,0.,-1.));
#2361=DIRECTION('',(-1.,0.,0.));
#2362=DIRECTION('',(0.,0.,-1.));
#2363=DIRECTION('',(1.,0.,0.));
#2364=DIRECTION('',(0.,0.,1.));
#2365=DIRECTION('',(1.,0.,-1.4210854715202E-14));
#2366=DIRECTION('',(-1.,0.,1.61486985400025E-14));
#2367=DIRECTION('',(-1.47444638843497E-14,0.,-1.));
#2368=DIRECTION('',(-1.,0.,1.77635683940025E-14));
#2369=DIRECTION('',(1.47444638843497E-14,0.,1.));
#2370=DIRECTION('',(1.,0.,0.));
#2371=DIRECTION('',(-0.0871557427476581,0.,0.996194698091746));
#2372=DIRECTION('',(1.,0.,0.));
#2373=DIRECTION('',(-0.0871557427476584,0.,-0.996194698091746));
#2374=DIRECTION('',(1.,0.,0.));
#2375=DIRECTION('center_axis',(-0.866025403784439,-0.5,0.));
#2376=DIRECTION('ref_axis',(-0.5,0.866025403784439,0.));
#2377=DIRECTION('',(-0.5,0.866025403784439,0.));
#2378=DIRECTION('',(0.,0.,-1.));
#2379=DIRECTION('',(-0.499999999999981,0.86602540378445,0.));
#2380=DIRECTION('center_axis',(0.,0.,-1.));
#2381=DIRECTION('ref_axis',(-1.,0.,0.));
#2382=DIRECTION('',(0.5,0.866025403784439,0.));
#2383=DIRECTION('',(1.,0.,0.));
#2384=DIRECTION('',(0.5,-0.866025403784439,0.));
#2385=DIRECTION('',(-0.5,-0.866025403784439,0.));
#2386=DIRECTION('',(0.472658733272506,-0.881245551399399,0.));
#2387=DIRECTION('',(0.499999999999999,-0.866025403784439,0.));
#2388=DIRECTION('',(1.,0.,0.));
#2389=DIRECTION('',(0.5,0.866025403784439,0.));
#2390=DIRECTION('',(1.,-5.26328010634228E-15,0.));
#2391=DIRECTION('',(0.5,0.866025403784439,0.));
#2392=DIRECTION('center_axis',(0.,0.,1.));
#2393=DIRECTION('ref_axis',(-1.,0.,0.));
#2394=DIRECTION('center_axis',(0.,0.,1.));
#2395=DIRECTION('ref_axis',(-1.,0.,0.));
#2396=DIRECTION('center_axis',(0.,0.,1.));
#2397=DIRECTION('ref_axis',(-1.,0.,0.));
#2398=DIRECTION('center_axis',(0.,0.,1.));
#2399=DIRECTION('ref_axis',(-1.,0.,0.));
#2400=DIRECTION('center_axis',(-0.866025403784439,0.5,0.));
#2401=DIRECTION('ref_axis',(0.,0.,1.));
#2402=DIRECTION('',(-0.5,-0.866025403784439,0.));
#2403=DIRECTION('',(0.,0.,1.));
#2404=DIRECTION('',(-0.5,-0.866025403784439,0.));
#2405=DIRECTION('center_axis',(0.,0.,1.));
#2406=DIRECTION('ref_axis',(1.,0.,0.));
#2407=DIRECTION('',(0.,1.,0.));
#2408=DIRECTION('',(-1.,0.,0.));
#2409=DIRECTION('',(-0.499999999999999,0.866025403784439,0.));
#2410=DIRECTION('center_axis',(0.,0.,1.));
#2411=DIRECTION('ref_axis',(-1.,0.,0.));
#2412=DIRECTION('',(-0.5,-0.866025403784439,0.));
#2413=DIRECTION('',(0.5,-0.866025403784439,0.));
#2414=DIRECTION('',(1.,0.,0.));
#2415=DIRECTION('center_axis',(0.,0.,1.));
#2416=DIRECTION('ref_axis',(1.,-4.73695157173401E-15,0.));
#2417=DIRECTION('',(1.,0.,0.));
#2418=DIRECTION('',(0.5,0.866025403784439,0.));
#2419=DIRECTION('center_axis',(-0.866137895085053,0.499805108715021,0.));
#2420=DIRECTION('ref_axis',(-0.499805108715021,-0.866137895085053,0.));
#2421=DIRECTION('',(-0.499805108715021,-0.866137895085053,0.));
#2422=DIRECTION('',(0.,0.,-1.));
#2423=DIRECTION('',(0.499805108715021,0.866137895085053,0.));
#2424=DIRECTION('center_axis',(0.,0.,-1.));
#2425=DIRECTION('ref_axis',(-1.,0.,0.));
#2426=DIRECTION('',(1.,0.,0.));
#2427=DIRECTION('',(0.502593282106618,-0.864522985687077,0.));
#2428=DIRECTION('',(-0.499999999999983,0.866025403784449,0.));
#2429=DIRECTION('',(-0.499999999999983,0.866025403784449,0.));
#2430=DIRECTION('',(-1.,0.,0.));
#2431=DIRECTION('',(0.5,0.866025403784439,0.));
#2432=DIRECTION('',(-1.,0.,0.));
#2433=DIRECTION('',(0.,-1.,0.));
#2434=DIRECTION('center_axis',(0.866025403784439,-0.5,0.));
#2435=DIRECTION('ref_axis',(0.5,0.866025403784439,0.));
#2436=DIRECTION('',(0.,0.,-1.));
#2437=DIRECTION('',(0.5,0.866025403784439,0.));
#2438=DIRECTION('',(1.77635683940025E-14,3.07674029821371E-14,1.));
#2439=DIRECTION('',(0.,0.,1.));
#2440=DIRECTION('',(0.5,0.866025403784439,0.));
#2441=DIRECTION('',(0.5,0.866025403784439,0.));
#2442=DIRECTION('center_axis',(0.,0.,1.));
#2443=DIRECTION('ref_axis',(1.,0.,0.));
#2444=DIRECTION('',(1.,-5.26328010634228E-15,0.));
#2445=DIRECTION('center_axis',(0.,0.,-1.));
#2446=DIRECTION('ref_axis',(1.,2.22044604925031E-15,0.));
#2447=DIRECTION('',(1.,-5.26328010634228E-15,0.));
#2448=DIRECTION('center_axis',(0.,0.,-1.));
#2449=DIRECTION('ref_axis',(1.,0.,0.));
#2450=DIRECTION('',(1.,-5.26328010634228E-15,0.));
#2451=DIRECTION('',(0.499999999999999,-0.866025403784439,0.));
#2452=DIRECTION('',(-0.502593282106618,0.864522985687076,0.));
#2453=DIRECTION('',(-1.,2.34865671619367E-16,0.));
#2454=DIRECTION('center_axis',(0.,0.,-1.));
#2455=DIRECTION('ref_axis',(-1.,0.,0.));
#2456=DIRECTION('',(0.,1.,0.));
#2457=DIRECTION('',(1.,0.,0.));
#2458=DIRECTION('',(1.,0.,0.));
#2459=DIRECTION('',(1.,0.,0.));
#2460=DIRECTION('',(1.,0.,0.));
#2461=DIRECTION('',(1.,0.,0.));
#2462=DIRECTION('',(1.54235764079995E-29,-1.,0.));
#2463=DIRECTION('',(-1.,-8.31124944903134E-30,1.4210854715202E-14));
#2464=DIRECTION('center_axis',(0.996194698091746,5.36307993509442E-15,0.0871557427476581));
#2465=DIRECTION('ref_axis',(5.38356602917847E-15,-1.,0.));
#2466=DIRECTION('',(5.38356602917847E-15,-1.,0.));
#2467=DIRECTION('',(-0.0868265938642471,-0.0868265938642479,0.992432509138967));
#2468=DIRECTION('',(-5.38356602917847E-15,1.,0.));
#2469=DIRECTION('center_axis',(-1.,-2.57364024845782E-15,1.47444638843497E-14));
#2470=DIRECTION('ref_axis',(2.57364024845784E-15,-1.,1.28682012422892E-15));
#2471=DIRECTION('',(2.57364024845781E-15,-1.,-7.40148683083484E-16));
#2472=DIRECTION('',(-1.44781435186227E-14,0.,-1.));
#2473=DIRECTION('',(-2.57364024845782E-15,1.,0.));
#2474=DIRECTION('center_axis',(0.,0.,1.));
#2475=DIRECTION('ref_axis',(1.,0.,0.));
#2476=DIRECTION('',(1.,0.,0.));
#2477=DIRECTION('',(-1.54235764079995E-29,1.,0.));
#2478=DIRECTION('',(-1.,0.,0.));
#2479=DIRECTION('',(-1.,0.,0.));
#2480=DIRECTION('',(-1.,0.,0.));
#2481=DIRECTION('',(-1.,0.,0.));
#2482=DIRECTION('',(-1.,0.,0.));
#2483=DIRECTION('',(0.,-1.,0.));
#2484=DIRECTION('',(0.,-1.,0.));
#2485=DIRECTION('',(-2.66453525910038E-15,1.,0.));
#2486=DIRECTION('',(1.,-1.48029736616687E-15,0.));
#2487=DIRECTION('center_axis',(-1.77635683940025E-14,7.40148683083438E-16,
-1.));
#2488=DIRECTION('ref_axis',(-1.,0.,1.77635683940025E-14));
#2489=DIRECTION('',(2.55469239369541E-15,1.,7.40148683083393E-16));
#2490=DIRECTION('',(0.,1.,0.));
#2491=DIRECTION('',(1.,0.,0.));
#2492=DIRECTION('',(1.,2.20282863617733E-15,-1.77635683940025E-14));
#2493=DIRECTION('',(1.,-3.35549273598134E-16,0.));
#2494=DIRECTION('',(1.,0.,-1.77635683940025E-14));
#2495=DIRECTION('',(1.,0.,0.));
#2496=DIRECTION('',(-1.48820044722639E-15,1.,-1.86025055903299E-16));
#2497=DIRECTION('',(-1.,0.,1.77635683940025E-14));
#2498=DIRECTION('center_axis',(0.,0.,1.));
#2499=DIRECTION('ref_axis',(-1.,0.,0.));
#2500=DIRECTION('center_axis',(0.,0.,1.));
#2501=DIRECTION('ref_axis',(-1.,0.,0.));
#2502=DIRECTION('center_axis',(0.,0.,1.));
#2503=DIRECTION('ref_axis',(-1.,0.,0.));
#2504=DIRECTION('center_axis',(0.,0.,1.));
#2505=DIRECTION('ref_axis',(1.,-4.73695157173401E-15,0.));
#2506=DIRECTION('',(0.,0.,-1.));
#2507=DIRECTION('center_axis',(0.,0.,1.));
#2508=DIRECTION('ref_axis',(1.,-4.73695157173401E-15,0.));
#2509=DIRECTION('',(0.,0.,1.));
#2510=DIRECTION('center_axis',(0.,0.,1.));
#2511=DIRECTION('ref_axis',(-1.,0.,0.));
#2512=DIRECTION('',(1.,0.,0.));
#2513=DIRECTION('center_axis',(0.,1.,0.));
#2514=DIRECTION('ref_axis',(1.,0.,0.));
#2515=DIRECTION('',(0.,0.,1.));
#2516=DIRECTION('',(0.,0.,-1.));
#2517=DIRECTION('center_axis',(0.,1.,0.));
#2518=DIRECTION('ref_axis',(0.,0.,1.));
#2519=DIRECTION('',(0.,0.,-1.));
#2520=DIRECTION('',(0.,0.,1.));
#2521=DIRECTION('',(0.,0.,1.));
#2522=DIRECTION('',(0.,0.,1.));
#2523=DIRECTION('center_axis',(-1.,0.,0.));
#2524=DIRECTION('ref_axis',(0.,0.,-1.));
#2525=DIRECTION('center_axis',(-0.866025403784439,0.5,0.));
#2526=DIRECTION('ref_axis',(0.5,0.866025403784439,0.));
#2527=DIRECTION('center_axis',(-0.866025403784439,-0.499999999999999,0.));
#2528=DIRECTION('ref_axis',(0.499999999999999,-0.866025403784439,0.));
#2529=DIRECTION('',(0.,0.,1.));
#2530=DIRECTION('',(0.,0.,-1.));
#2531=DIRECTION('',(-1.77869723049299E-14,7.60627105145027E-16,-1.));
#2532=DIRECTION('center_axis',(0.866025403784439,-0.5,0.));
#2533=DIRECTION('ref_axis',(0.,0.,-1.));
#2534=DIRECTION('',(0.,0.,-1.));
#2535=DIRECTION('center_axis',(-0.866025403784439,-0.499999999999999,0.));
#2536=DIRECTION('ref_axis',(0.,0.,1.));
#2537=DIRECTION('center_axis',(-0.881245551399399,-0.472658733272506,0.));
#2538=DIRECTION('ref_axis',(-0.472658733272506,0.881245551399399,0.));
#2539=DIRECTION('',(0.472658733272506,-0.881245551399399,0.));
#2540=DIRECTION('center_axis',(0.,0.,1.));
#2541=DIRECTION('ref_axis',(1.,0.,0.));
#2542=DIRECTION('',(0.,-1.,0.));
#2543=DIRECTION('',(-1.,0.,0.));
#2544=DIRECTION('',(0.,-1.,0.));
#2545=DIRECTION('',(1.,0.,0.));
#2546=DIRECTION('',(-2.29621276768055E-29,1.,0.));
#2547=DIRECTION('',(-1.,0.,0.));
#2548=DIRECTION('',(0.,-1.,0.));
#2549=DIRECTION('',(1.,0.,0.));
#2550=DIRECTION('',(-2.22076202567613E-29,1.,0.));
#2551=DIRECTION('',(-1.,0.,0.));
#2552=DIRECTION('',(0.,1.,0.));
#2553=DIRECTION('',(-1.,2.26795631627677E-30,0.));
#2554=DIRECTION('center_axis',(0.,0.,-1.));
#2555=DIRECTION('ref_axis',(1.,0.,0.));
#2556=DIRECTION('center_axis',(2.8421709430404E-14,0.,1.));
#2557=DIRECTION('ref_axis',(1.,0.,0.));
#2558=DIRECTION('',(0.,0.,-1.));
#2559=DIRECTION('',(0.,0.,1.));
#2560=DIRECTION('center_axis',(-2.8421709430404E-14,0.,-1.));
#2561=DIRECTION('ref_axis',(-1.,0.,2.8421709430404E-14));
#2562=DIRECTION('',(-1.,5.26328010634228E-15,2.8421709430404E-14));
#2563=DIRECTION('center_axis',(0.,0.,-1.));
#2564=DIRECTION('ref_axis',(1.,2.22044604925031E-15,0.));
#2565=DIRECTION('center_axis',(2.8421709430404E-14,0.,1.));
#2566=DIRECTION('ref_axis',(1.,2.22044604925031E-15,0.));
#2567=DIRECTION('',(0.,0.,-1.));
#2568=DIRECTION('',(0.,0.,1.));
#2569=DIRECTION('center_axis',(-2.8421709430404E-14,0.,-1.));
#2570=DIRECTION('ref_axis',(-1.,0.,2.8421709430404E-14));
#2571=DIRECTION('',(-1.,5.26328010634228E-15,2.84217094304121E-14));
#2572=DIRECTION('center_axis',(-5.26328010634228E-15,-1.,0.));
#2573=DIRECTION('ref_axis',(1.,-5.26328010634228E-15,0.));
#2574=DIRECTION('',(-1.77869723049299E-14,7.02117327826179E-16,-1.));
#2575=DIRECTION('',(1.77635683940025E-14,-9.3494636145804E-29,1.));
#2576=DIRECTION('',(-1.77869723049299E-14,7.02117327826179E-16,-1.));
#2577=DIRECTION('center_axis',(0.,1.,0.));
#2578=DIRECTION('ref_axis',(1.,0.,0.));
#2579=DIRECTION('',(1.77869723049299E-14,0.,1.));
#2580=DIRECTION('',(-1.,0.,0.));
#2581=DIRECTION('',(-1.77869723049299E-14,0.,-1.));
#2582=DIRECTION('center_axis',(3.35549273598134E-16,1.,7.40148683083432E-16));
#2583=DIRECTION('ref_axis',(1.,-3.35549273598134E-16,0.));
#2584=DIRECTION('',(-1.77635683940025E-14,7.40148683083438E-16,-1.));
#2585=DIRECTION('',(-1.77635683940025E-14,7.40148683083438E-16,-1.));
#2586=DIRECTION('center_axis',(3.35549273598134E-16,1.,7.40148683083432E-16));
#2587=DIRECTION('ref_axis',(0.,-7.40148683083432E-16,1.));
#2588=DIRECTION('',(0.,-7.40148683083432E-16,1.));
#2589=DIRECTION('',(0.,7.40148683083432E-16,-1.));
#2590=DIRECTION('center_axis',(-1.,0.,1.77635683940025E-14));
#2591=DIRECTION('ref_axis',(0.,1.,0.));
#2592=DIRECTION('',(-1.77869723049299E-14,0.,-1.));
#2593=DIRECTION('',(0.,1.,0.));
#2594=DIRECTION('',(0.,0.,1.));
#2595=DIRECTION('',(0.,7.40148683083432E-16,-1.));
#2596=DIRECTION('',(0.,0.,1.));
#2597=DIRECTION('',(-1.77635683940025E-14,7.40148683083438E-16,-1.));
#2598=DIRECTION('center_axis',(-1.,0.,0.));
#2599=DIRECTION('ref_axis',(0.,1.,0.));
#2600=DIRECTION('',(0.,-1.,0.));
#2601=DIRECTION('',(0.,0.,-1.));
#2602=DIRECTION('center_axis',(0.,1.,0.));
#2603=DIRECTION('ref_axis',(1.,0.,0.));
#2604=DIRECTION('',(-1.,0.,0.));
#2605=DIRECTION('center_axis',(1.,0.,-1.77635683940025E-14));
#2606=DIRECTION('ref_axis',(0.,-1.,0.));
#2607=DIRECTION('',(0.,0.,1.));
#2608=DIRECTION('',(0.,0.,1.));
#2609=DIRECTION('',(2.29621276768055E-29,-1.,0.));
#2610=DIRECTION('center_axis',(0.,0.,-1.));
#2611=DIRECTION('ref_axis',(1.,0.,0.));
#2612=DIRECTION('center_axis',(-1.11022302462516E-16,0.,-1.));
#2613=DIRECTION('ref_axis',(1.,0.,0.));
#2614=DIRECTION('',(0.,0.,-1.));
#2615=DIRECTION('center_axis',(3.14893986404499E-18,-2.08105365438694E-21,
-1.));
#2616=DIRECTION('ref_axis',(1.,0.,0.));
#2617=DIRECTION('center_axis',(0.,0.,1.));
#2618=DIRECTION('ref_axis',(1.,0.,0.));
#2619=DIRECTION('center_axis',(0.,0.,1.));
#2620=DIRECTION('ref_axis',(1.,0.,0.));
#2621=DIRECTION('center_axis',(0.,0.,-1.));
#2622=DIRECTION('ref_axis',(1.,0.,0.));
#2623=DIRECTION('',(0.,0.,-1.));
#2624=DIRECTION('center_axis',(0.,0.,-1.));
#2625=DIRECTION('ref_axis',(1.,0.,0.));
#2626=DIRECTION('center_axis',(0.,0.,1.));
#2627=DIRECTION('ref_axis',(1.,0.,0.));
#2628=DIRECTION('center_axis',(0.,0.,-1.));
#2629=DIRECTION('ref_axis',(1.,0.,-1.11360665545894E-16));
#2630=DIRECTION('center_axis',(0.,0.,-1.));
#2631=DIRECTION('ref_axis',(1.,0.,-1.11360665545894E-16));
#2632=DIRECTION('',(0.17364817766693,-2.12657684957577E-17,0.984807753012208));
#2633=DIRECTION('center_axis',(1.01875929944222E-16,-4.51501524013955E-17,
1.));
#2634=DIRECTION('ref_axis',(1.,0.,-1.11360665545894E-16));
#2635=DIRECTION('center_axis',(1.11022302462516E-16,0.,1.));
#2636=DIRECTION('ref_axis',(1.,0.,-1.11022302462516E-16));
#2637=DIRECTION('center_axis',(2.20282863617733E-15,-1.,0.));
#2638=DIRECTION('ref_axis',(1.,2.20282863617733E-15,0.));
#2639=DIRECTION('',(-1.,-2.20282863617733E-15,0.));
#2640=DIRECTION('center_axis',(2.20282863617733E-15,-1.,0.));
#2641=DIRECTION('ref_axis',(1.,2.20282863617733E-15,0.));
#2642=DIRECTION('center_axis',(3.35549273598134E-16,1.,7.40148683083432E-16));
#2643=DIRECTION('ref_axis',(0.,-7.40148683083432E-16,1.));
#2644=DIRECTION('',(1.77635683940025E-14,-7.40148683083432E-16,1.));
#2645=DIRECTION('center_axis',(1.47466438777461E-15,0.996194698091746,0.0871557427476586));
#2646=DIRECTION('ref_axis',(1.,-1.48029736616687E-15,0.));
#2647=DIRECTION('',(-0.086826593864248,0.0868265938642481,-0.992432509138967));
#2648=DIRECTION('',(-1.,1.48029736616687E-15,0.));
#2649=DIRECTION('center_axis',(-1.,0.,1.77635683940025E-14));
#2650=DIRECTION('ref_axis',(1.77635683940025E-14,0.,1.));
#2651=DIRECTION('center_axis',(-1.,0.,1.77635683940025E-14));
#2652=DIRECTION('ref_axis',(0.,1.,0.));
#2653=DIRECTION('',(-1.77635683940025E-14,7.40148683083438E-16,-1.));
#2654=DIRECTION('center_axis',(0.,1.,7.40148683083438E-16));
#2655=DIRECTION('ref_axis',(1.,0.,0.));
#2656=DIRECTION('center_axis',(0.,0.,1.));
#2657=DIRECTION('ref_axis',(1.,0.,0.));
#2658=DIRECTION('center_axis',(0.,0.,1.));
#2659=DIRECTION('ref_axis',(1.,0.,0.));
#2660=DIRECTION('center_axis',(0.,0.,-1.));
#2661=DIRECTION('ref_axis',(1.,0.,0.));
#2662=DIRECTION('center_axis',(0.,0.,-1.));
#2663=DIRECTION('ref_axis',(1.,0.,0.));
#2664=DIRECTION('',(0.17364817766693,-2.12657684957577E-17,0.984807753012208));
#2665=DIRECTION('center_axis',(0.,0.,1.));
#2666=DIRECTION('ref_axis',(1.,0.,0.));
#2667=DIRECTION('center_axis',(0.,0.,-1.));
#2668=DIRECTION('ref_axis',(1.,0.,0.));
#2669=DIRECTION('center_axis',(0.,0.,-1.));
#2670=DIRECTION('ref_axis',(1.,0.,0.));
#2671=DIRECTION('',(0.,0.,-1.));
#2672=DIRECTION('center_axis',(0.,0.,-1.));
#2673=DIRECTION('ref_axis',(1.,0.,0.));
#2674=DIRECTION('center_axis',(0.,0.,-1.));
#2675=DIRECTION('ref_axis',(1.,0.,0.));
#2676=DIRECTION('',(0.,0.,-1.));
#2677=DIRECTION('center_axis',(0.,0.,-1.));
#2678=DIRECTION('ref_axis',(1.,0.,0.));
#2679=DIRECTION('center_axis',(0.,0.,1.));
#2680=DIRECTION('ref_axis',(1.,0.,0.));
#2681=DIRECTION('center_axis',(0.,0.,-1.));
#2682=DIRECTION('ref_axis',(1.,0.,0.));
#2683=DIRECTION('',(0.17364817766693,-2.12657684957577E-17,0.984807753012208));
#2684=DIRECTION('center_axis',(0.,0.,1.));
#2685=DIRECTION('ref_axis',(1.,0.,0.));
#2686=DIRECTION('center_axis',(0.,0.,1.));
#2687=DIRECTION('ref_axis',(1.,0.,0.));
#2688=DIRECTION('center_axis',(1.,0.,-3.55271367880045E-14));
#2689=DIRECTION('ref_axis',(-3.55271367880045E-14,0.,-1.));
#2690=DIRECTION('',(3.55271367880045E-14,-7.40148683083438E-16,1.));
#2691=DIRECTION('',(1.77635683940025E-14,-7.40148683083438E-16,1.));
#2692=DIRECTION('center_axis',(0.,1.,7.40148683083438E-16));
#2693=DIRECTION('ref_axis',(1.,0.,0.));
#2694=DIRECTION('',(-1.77635683940025E-14,7.40148683083438E-16,-1.));
#2695=DIRECTION('center_axis',(-1.,0.,1.77635683940025E-14));
#2696=DIRECTION('ref_axis',(0.,1.,0.));
#2697=DIRECTION('',(0.,1.,0.));
#2698=DIRECTION('',(0.,0.,1.));
#2699=DIRECTION('',(0.,0.,1.));
#2700=DIRECTION('center_axis',(3.35549273598134E-16,1.,7.40148683083432E-16));
#2701=DIRECTION('ref_axis',(0.,-7.40148683083432E-16,1.));
#2702=DIRECTION('',(0.,-7.40148683083432E-16,1.));
#2703=DIRECTION('',(-1.77635683940025E-14,7.40148683083432E-16,-1.));
#2704=DIRECTION('center_axis',(0.,-1.,0.));
#2705=DIRECTION('ref_axis',(1.,0.,0.));
#2706=DIRECTION('',(0.,0.,1.));
#2707=DIRECTION('center_axis',(0.,-1.,0.));
#2708=DIRECTION('ref_axis',(1.,0.,0.));
#2709=DIRECTION('',(-1.,0.,0.));
#2710=DIRECTION('',(0.,0.,1.));
#2711=DIRECTION('center_axis',(1.,0.,0.));
#2712=DIRECTION('ref_axis',(0.,-1.,0.));
#2713=DIRECTION('',(0.,7.60627105145027E-16,-1.));
#2714=DIRECTION('',(0.,0.,-1.));
#2715=DIRECTION('',(0.,1.,0.));
#2716=DIRECTION('center_axis',(1.,0.,-1.77635683940025E-14));
#2717=DIRECTION('ref_axis',(0.,-1.,0.));
#2718=DIRECTION('',(2.22076202567613E-29,-1.,0.));
#2719=DIRECTION('',(1.77869723049299E-14,0.,1.));
#2720=DIRECTION('center_axis',(1.,1.54235764079995E-29,-1.77635683940025E-14));
#2721=DIRECTION('ref_axis',(-1.77635683940025E-14,0.,-1.));
#2722=DIRECTION('',(-1.77635683940025E-14,0.,-1.));
#2723=DIRECTION('center_axis',(0.,1.,0.));
#2724=DIRECTION('ref_axis',(1.,0.,0.));
#2725=DIRECTION('',(-1.,0.,0.));
#2726=DIRECTION('center_axis',(2.20689595391549E-30,1.,7.40148683083438E-16));
#2727=DIRECTION('ref_axis',(1.,0.,-2.98169273870978E-15));
#2728=DIRECTION('',(1.,8.31124944903134E-30,-1.4210854715202E-14));
#2729=DIRECTION('center_axis',(2.34865671619367E-16,1.,0.));
#2730=DIRECTION('ref_axis',(-1.,2.34865671619367E-16,0.));
#2731=DIRECTION('',(0.,0.,1.));
#2732=DIRECTION('center_axis',(0.864522985687076,0.502593282106618,0.));
#2733=DIRECTION('ref_axis',(-0.502593282106618,0.864522985687076,0.));
#2734=DIRECTION('center_axis',(-0.996194698091746,-2.65439589799432E-15,
0.0871557427476584));
#2735=DIRECTION('ref_axis',(-2.66453525910038E-15,1.,0.));
#2736=DIRECTION('',(2.66453525910038E-15,-1.,0.));
#2737=DIRECTION('center_axis',(1.,-2.5546923936954E-15,-1.47444638843497E-14));
#2738=DIRECTION('ref_axis',(2.5546923936954E-15,1.,0.));
#2739=DIRECTION('center_axis',(0.,0.,-1.));
#2740=DIRECTION('ref_axis',(-1.,0.,0.));
#2741=DIRECTION('center_axis',(0.,0.,1.));
#2742=DIRECTION('ref_axis',(1.,0.,0.));
#2743=DIRECTION('center_axis',(0.866025403784439,0.5,0.));
#2744=DIRECTION('ref_axis',(0.5,-0.866025403784439,0.));
#2745=DIRECTION('',(0.,0.,-1.));
#2746=DIRECTION('center_axis',(0.866025403784439,-0.5,0.));
#2747=DIRECTION('ref_axis',(-0.5,-0.866025403784439,0.));
#2748=CARTESIAN_POINT('',(0.,0.,0.));
#2749=CARTESIAN_POINT('Origin',(2.49194685636425,22.0884254105733,20.5));
#2750=CARTESIAN_POINT('',(2.24194685636425,22.0884254105733,20.5));
#2751=CARTESIAN_POINT('Origin',(2.49194685636425,22.0884254105733,20.5));
#2752=CARTESIAN_POINT('',(2.24194685636425,22.0884254105733,21.));
#2753=CARTESIAN_POINT('',(2.24194685636425,22.0884254105733,20.5));
#2754=CARTESIAN_POINT('Origin',(2.49194685636425,22.0884254105733,21.));
#2755=CARTESIAN_POINT('Origin',(2.49194685636425,22.0884254105733,21.));
#2756=CARTESIAN_POINT('Origin',(-2.24446812803386,17.,32.0500000000001));
#2757=CARTESIAN_POINT('',(-2.54446812803386,17.,32.0500000000001));
#2758=CARTESIAN_POINT('Origin',(-2.24446812803386,17.,32.0500000000001));
#2759=CARTESIAN_POINT('',(-2.54446812803386,17.5,32.0500000000001));
#2760=CARTESIAN_POINT('',(-2.54446812803386,17.,32.0500000000001));
#2761=CARTESIAN_POINT('Origin',(-2.24446812803386,17.5,32.0500000000001));
#2762=CARTESIAN_POINT('Origin',(-2.24446812803386,17.5,32.0500000000001));
#2763=CARTESIAN_POINT('Origin',(7.75553187196614,17.,32.0500000000001));
#2764=CARTESIAN_POINT('',(7.45553187196614,17.,32.0500000000001));
#2765=CARTESIAN_POINT('Origin',(7.75553187196614,17.,32.0500000000001));
#2766=CARTESIAN_POINT('',(7.45553187196614,17.5,32.0500000000001));
#2767=CARTESIAN_POINT('',(7.45553187196614,17.,32.0500000000001));
#2768=CARTESIAN_POINT('Origin',(7.75553187196614,17.5,32.0500000000001));
#2769=CARTESIAN_POINT('Origin',(7.75553187196614,17.5,32.0500000000001));
#2770=CARTESIAN_POINT('Origin',(-3.00000004470348,17.673750064075,30.5500000000001));
#2771=CARTESIAN_POINT('',(-3.00000004470348,17.0000002682209,32.5500000000001));
#2772=CARTESIAN_POINT('',(-3.00000004470348,17.0000002682209,30.5500000000001));
#2773=CARTESIAN_POINT('',(-3.00000004470348,17.,28.215));
#2774=CARTESIAN_POINT('',(-3.00000004470348,17.673750064075,32.5500000000001));
#2775=CARTESIAN_POINT('',(-3.00000004470348,17.0000002682209,32.5500000000001));
#2776=CARTESIAN_POINT('',(-3.00000004470348,17.673750064075,30.5500000000001));
#2777=CARTESIAN_POINT('',(-3.00000004470348,17.673750064075,30.5500000000001));
#2778=CARTESIAN_POINT('',(-3.00000004470348,17.2836308370904,30.5500000000001));
#2779=CARTESIAN_POINT('Origin',(-2.24446812803386,17.3368750320375,32.5500000000001));
#2780=CARTESIAN_POINT('',(-1.48893621136424,17.,32.5500000000001));
#2781=CARTESIAN_POINT('',(0.131369540864095,17.,32.5500000000001));
#2782=CARTESIAN_POINT('',(-1.48893621136424,17.673750064075,32.5500000000001));
#2783=CARTESIAN_POINT('',(-1.48893621136424,17.673750064075,32.5500000000001));
#2784=CARTESIAN_POINT('',(-1.48893621136424,17.673750064075,32.5500000000001));
#2785=CARTESIAN_POINT('Origin',(-1.48893621136424,17.,30.5500000000001));
#2786=CARTESIAN_POINT('',(-1.48893621136424,17.,30.5500000000001));
#2787=CARTESIAN_POINT('',(-1.48893621136424,17.,28.215));
#2788=CARTESIAN_POINT('',(-1.48893621136424,17.673750064075,30.5500000000001));
#2789=CARTESIAN_POINT('',(-1.48893621136424,16.9467558050529,30.5500000000001));
#2790=CARTESIAN_POINT('',(-1.48893621136424,17.673750064075,30.5500000000001));
#2791=CARTESIAN_POINT('Origin',(6.99999995529652,17.6635116238149,30.5500000000001));
#2792=CARTESIAN_POINT('',(6.99999995529652,17.0000002682209,32.5500000000001));
#2793=CARTESIAN_POINT('',(6.99999995529652,17.0000002682209,30.5500000000001));
#2794=CARTESIAN_POINT('',(6.99999995529652,17.,28.215));
#2795=CARTESIAN_POINT('',(6.99999995529652,17.6635116238149,32.5500000000001));
#2796=CARTESIAN_POINT('',(6.99999995529652,17.0000002682209,32.5500000000001));
#2797=CARTESIAN_POINT('',(6.99999995529652,17.6635116238149,30.5500000000001));
#2798=CARTESIAN_POINT('',(6.99999995529652,17.6635116238149,30.5500000000001));
#2799=CARTESIAN_POINT('',(6.99999995529652,17.2785116169604,30.55));
#2800=CARTESIAN_POINT('Origin',(7.75553187196614,17.3317558119075,32.5500000000001));
#2801=CARTESIAN_POINT('',(8.51106378863576,17.,32.5500000000001));
#2802=CARTESIAN_POINT('',(5.1313695408641,17.,32.5500000000001));
#2803=CARTESIAN_POINT('',(8.51106378863576,17.6635116238149,32.5500000000001));
#2804=CARTESIAN_POINT('',(8.51106378863576,17.673750064075,32.5500000000001));
#2805=CARTESIAN_POINT('',(8.82432649235647,17.6635116238149,32.5500000000001));
#2806=CARTESIAN_POINT('Origin',(8.51106378863576,17.,30.5500000000001));
#2807=CARTESIAN_POINT('',(8.51106378863576,17.,30.5500000000001));
#2808=CARTESIAN_POINT('',(8.51106378863576,17.,28.215));
#2809=CARTESIAN_POINT('',(8.51106378863576,17.6635116238149,30.5500000000001));
#2810=CARTESIAN_POINT('',(8.51106378863576,16.9467558050529,30.55));
#2811=CARTESIAN_POINT('',(8.51106378863576,17.6635116238149,30.5500000000001));
#2812=CARTESIAN_POINT('Origin',(2.48018307288913,16.8935116101058,30.5500000000001));
#2813=CARTESIAN_POINT('',(-3.65418568994797,17.673750064075,30.5500000000001));
#2814=CARTESIAN_POINT('',(-1.20597673030545,17.673750064075,30.55));
#2815=CARTESIAN_POINT('',(-4.04317547080819,17.,30.5500000000001));
#2816=CARTESIAN_POINT('',(-3.87763903468525,17.2867175178688,30.5500000000001));
#2817=CARTESIAN_POINT('',(2.49369514132563,17.,30.5500000000001));
#2818=CARTESIAN_POINT('Origin',(2.48018307288913,16.8935116101058,30.5500000000001));
#2819=CARTESIAN_POINT('',(2.49369514132563,17.,30.5500000000001));
#2820=CARTESIAN_POINT('',(6.33874451958054,17.6635116238149,30.5500000000001));
#2821=CARTESIAN_POINT('',(6.38768314229129,17.6635116238149,30.5500000000001));
#2822=CARTESIAN_POINT('',(6.33874451958054,20.0507664357737,30.5500000000001));
#2823=CARTESIAN_POINT('',(6.33874451958054,20.0507664357737,30.5500000000001));
#2824=CARTESIAN_POINT('',(5.83768312515495,20.0507664357737,30.5500000000001));
#2825=CARTESIAN_POINT('',(5.83768312515495,20.0507664357737,30.5500000000001));
#2826=CARTESIAN_POINT('',(5.83768312515495,22.7253395245774,30.5500000000001));
#2827=CARTESIAN_POINT('',(5.83768312515495,20.1385116666557,30.5500000000001));
#2828=CARTESIAN_POINT('',(5.15156080354098,22.7253395245774,30.5500000000001));
#2829=CARTESIAN_POINT('',(5.32309138394448,22.7253395245774,30.5500000000001));
#2830=CARTESIAN_POINT('',(5.15156080354098,20.0507664357737,30.5500000000001));
#2831=CARTESIAN_POINT('',(5.15156080354098,20.0507664357737,30.5500000000001));
#2832=CARTESIAN_POINT('',(-0.142316963953988,20.0507664357737,30.55));
#2833=CARTESIAN_POINT('',(-0.142316963953988,20.0507664357737,30.55));
#2834=CARTESIAN_POINT('',(-0.142316963953988,22.7253395245774,30.55));
#2835=CARTESIAN_POINT('',(-0.142316963953988,20.2235116649421,30.55));
#2836=CARTESIAN_POINT('',(-0.737649155091418,22.7253395245774,30.5500000000001));
#2837=CARTESIAN_POINT('',(-0.747115543230734,22.7253395245774,30.55));
#2838=CARTESIAN_POINT('',(-0.94871506965633,22.359762636805,30.5500000000001));
#2839=CARTESIAN_POINT('',(-3.25792989428962,18.3600852349489,30.5500000000002));
#2840=CARTESIAN_POINT('',(-0.948715069656323,20.0507664357737,30.55));
#2841=CARTESIAN_POINT('',(-0.948715069656323,20.0507664357737,30.55));
#2842=CARTESIAN_POINT('',(-1.20597673030545,20.0507664357737,30.55));
#2843=CARTESIAN_POINT('',(-1.20597673030545,20.0507664357737,30.55));
#2844=CARTESIAN_POINT('',(-1.20597673030545,17.673750064075,30.55));
#2845=CARTESIAN_POINT('',(-1.20597673030545,17.673750064075,30.55));
#2846=CARTESIAN_POINT('',(-1.20597673030545,17.673750064075,30.55));
#2847=CARTESIAN_POINT('',(5.28472839348288,18.0996238121143,30.5500000000002));
#2848=CARTESIAN_POINT('Origin',(5.7228918838371,18.0996238121143,30.5500000000002));
#2849=CARTESIAN_POINT('',(0.286915198695517,19.4496238121143,30.5500000000001));
#2850=CARTESIAN_POINT('Origin',(0.725078689049738,19.4496238121143,30.5500000000001));
#2851=CARTESIAN_POINT('Origin',(2.48018307288913,16.8935116101058,30.5500000000001));
#2852=CARTESIAN_POINT('',(9.20740510697689,17.,30.5500000000001));
#2853=CARTESIAN_POINT('',(2.49369514132563,17.,30.5500000000001));
#2854=CARTESIAN_POINT('',(8.82432649235692,17.6635116238149,30.5500000000001));
#2855=CARTESIAN_POINT('',(8.99815236139146,17.3624363869772,30.5500000000001));
#2856=CARTESIAN_POINT('',(6.38768314229129,17.6635116238149,30.5500000000001));
#2857=CARTESIAN_POINT('Origin',(-2.20597673030538,17.3368750320375,25.65));
#2858=CARTESIAN_POINT('',(-2.20597673030541,17.673750064075,23.65));
#2859=CARTESIAN_POINT('',(-2.20597673030541,17.,23.65));
#2860=CARTESIAN_POINT('',(-2.20597673030541,17.5053125480562,23.65));
#2861=CARTESIAN_POINT('',(-2.20597673030535,17.673750064075,27.65));
#2862=CARTESIAN_POINT('',(-2.20597673030535,17.673750064075,28.1));
#2863=CARTESIAN_POINT('',(-2.20597673030535,17.,27.65));
#2864=CARTESIAN_POINT('',(-2.20597673030535,17.1684375160187,27.65));
#2865=CARTESIAN_POINT('',(-2.20597673030538,17.,25.7650000000001));
#2866=CARTESIAN_POINT('Origin',(-1.42731699651303,17.673750064075,30.55));
#2867=CARTESIAN_POINT('',(-1.20597673030542,17.673750064075,27.65));
#2868=CARTESIAN_POINT('',(-1.31664686340922,17.673750064075,27.65));
#2869=CARTESIAN_POINT('',(-1.78097673030545,17.673750064075,23.65));
#2870=CARTESIAN_POINT('',(-1.31664686340931,17.673750064075,23.65));
#2871=CARTESIAN_POINT('',(-1.78097673030545,17.673750064075,23.05));
#2872=CARTESIAN_POINT('',(-1.78097673030545,17.673750064075,26.8));
#2873=CARTESIAN_POINT('',(-3.65418568994809,17.673750064075,23.05));
#2874=CARTESIAN_POINT('',(-0.536035435931872,17.673750064075,23.05));
#2875=CARTESIAN_POINT('',(-3.65418568994797,17.673750064075,29.9500000000001));
#2876=CARTESIAN_POINT('',(-1.20597673030546,17.673750064075,29.95));
#2877=CARTESIAN_POINT('',(-1.20597673030545,17.673750064075,30.55));
#2878=CARTESIAN_POINT('',(-1.20597673030541,17.673750064075,28.45));
#2879=CARTESIAN_POINT('',(-1.20597673030545,17.673750064075,25.95));
#2880=CARTESIAN_POINT('',(-1.20597673030537,17.673750064075,27.));
#2881=CARTESIAN_POINT('Origin',(7.23874451958054,17.6635116238149,25.9500000000001));
#2882=CARTESIAN_POINT('',(7.23874451958057,17.,27.6500000000001));
#2883=CARTESIAN_POINT('',(7.23874451958051,17.,23.6500000000001));
#2884=CARTESIAN_POINT('',(7.23874451958054,17.,25.915));
#2885=CARTESIAN_POINT('',(7.23874451958057,17.6635116238149,27.6500000000001));
#2886=CARTESIAN_POINT('',(7.23874451958057,17.2888759470771,27.6500000000001));
#2887=CARTESIAN_POINT('',(7.23874451958051,17.6635116238149,23.6500000000001));
#2888=CARTESIAN_POINT('',(7.23874451958057,17.6635116238149,28.2500000000001));
#2889=CARTESIAN_POINT('',(7.23874451958051,17.2758890297943,23.6500000000001));
#2890=CARTESIAN_POINT('Origin',(2.50720720976205,17.,25.88));
#2891=CARTESIAN_POINT('',(-4.04317547080819,17.,31.26));
#2892=CARTESIAN_POINT('',(-4.0431754708082,17.,24.765));
#2893=CARTESIAN_POINT('',(-5.06497847333897,17.,31.26));
#2894=CARTESIAN_POINT('',(2.44546590511287,17.,31.26));
#2895=CARTESIAN_POINT('',(-5.06497847333897,17.,21.05));
#2896=CARTESIAN_POINT('',(-5.06497847333897,17.,24.765));
#2897=CARTESIAN_POINT('',(-4.04370739886078,17.,21.05));
#2898=CARTESIAN_POINT('',(2.50720720976205,17.,21.05));
#2899=CARTESIAN_POINT('',(-4.04370739886078,17.,20.5));
#2900=CARTESIAN_POINT('',(-4.04370739886077,17.,22.965));
#2901=CARTESIAN_POINT('',(-2.9656175880336,17.,20.5));
#2902=CARTESIAN_POINT('',(2.50720720976205,17.,20.5));
#2903=CARTESIAN_POINT('',(-2.9656175880336,17.,21.05));
#2904=CARTESIAN_POINT('',(-2.9656175880336,17.,20.5));
#2905=CARTESIAN_POINT('',(-2.46562448383288,17.,21.05));
#2906=CARTESIAN_POINT('',(-0.104206913085594,17.,21.05));
#2907=CARTESIAN_POINT('',(-2.46562448383288,17.,20.5));
#2908=CARTESIAN_POINT('',(-2.46562448383288,17.,20.5));
#2909=CARTESIAN_POINT('',(-1.36133800821815,17.,20.5));
#2910=CARTESIAN_POINT('',(2.50720720976205,17.,20.5));
#2911=CARTESIAN_POINT('',(-1.36133800821815,17.,22.05));
#2912=CARTESIAN_POINT('',(-1.36133800821815,17.,22.965));
#2913=CARTESIAN_POINT('',(-4.0431754708082,17.,22.05));
#2914=CARTESIAN_POINT('',(2.50272786554137,17.,22.05));
#2915=CARTESIAN_POINT('',(-4.04317547080832,17.,23.05));
#2916=CARTESIAN_POINT('',(-4.0431754708082,17.,24.765));
#2917=CARTESIAN_POINT('',(9.18020297096813,17.,23.05));
#2918=CARTESIAN_POINT('',(2.5193652397283,17.,23.05));
#2919=CARTESIAN_POINT('',(9.18020297096813,17.,22.05));
#2920=CARTESIAN_POINT('',(9.18020297096813,17.,24.465));
#2921=CARTESIAN_POINT('',(6.35783505085952,17.,22.05));
#2922=CARTESIAN_POINT('',(2.50272786554137,17.,22.05));
#2923=CARTESIAN_POINT('',(6.35783505085952,17.,20.5));
#2924=CARTESIAN_POINT('',(6.35783505085951,17.,22.965));
#2925=CARTESIAN_POINT('',(7.5343824119664,17.,20.5));
#2926=CARTESIAN_POINT('',(2.50720720976205,17.,20.5));
#2927=CARTESIAN_POINT('',(7.5343824119664,17.,21.05));
#2928=CARTESIAN_POINT('',(7.5343824119664,17.,20.5));
#2929=CARTESIAN_POINT('',(8.03437551616712,17.,21.05));
#2930=CARTESIAN_POINT('',(5.14579308691441,17.,21.05));
#2931=CARTESIAN_POINT('',(8.03437551616712,17.,20.5));
#2932=CARTESIAN_POINT('',(8.03437551616712,17.,20.5));
#2933=CARTESIAN_POINT('',(9.20740510697689,17.,20.5));
#2934=CARTESIAN_POINT('',(2.50720720976205,17.,20.5));
#2935=CARTESIAN_POINT('',(9.20740510697675,17.,21.05));
#2936=CARTESIAN_POINT('',(9.20740510697689,17.,23.465));
#2937=CARTESIAN_POINT('',(10.0572867584513,17.,21.05));
#2938=CARTESIAN_POINT('',(2.50720720976205,17.,21.05));
#2939=CARTESIAN_POINT('',(10.0572867584513,17.,31.26));
#2940=CARTESIAN_POINT('',(10.0572867584513,17.,24.7650000000001));
#2941=CARTESIAN_POINT('',(9.20740510697689,17.,31.26));
#2942=CARTESIAN_POINT('',(2.44546590511287,17.,31.26));
#2943=CARTESIAN_POINT('',(9.20740510697689,17.,24.7650000000001));
#2944=CARTESIAN_POINT('',(4.37297586467133,17.,27.6500000000001));
#2945=CARTESIAN_POINT('',(0.650615239728267,17.,23.65));
#2946=CARTESIAN_POINT('',(-1.20597673030539,17.,29.9500000000002));
#2947=CARTESIAN_POINT('',(-1.20597673030535,17.,28.45));
#2948=CARTESIAN_POINT('',(-1.20597673030545,17.,25.915));
#2949=CARTESIAN_POINT('',(6.23874451958061,17.,29.9500000000001));
#2950=CARTESIAN_POINT('',(2.49369514132562,17.,29.9500000000001));
#2951=CARTESIAN_POINT('',(6.23874451958058,17.,28.4500000000001));
#2952=CARTESIAN_POINT('',(6.23874451958054,17.,25.915));
#2953=CARTESIAN_POINT('',(5.58211481808438,17.,28.4500000000001));
#2954=CARTESIAN_POINT('',(2.54466101392321,17.,28.45));
#2955=CARTESIAN_POINT('',(5.62585914984733,17.,27.9500000000001));
#2956=CARTESIAN_POINT('',(5.68200508327281,17.,27.3082490443595));
#2957=CARTESIAN_POINT('',(-0.461629513678597,17.,27.95));
#2958=CARTESIAN_POINT('',(2.54466101392321,17.,27.95));
#2959=CARTESIAN_POINT('',(-0.417885181915632,17.,28.45));
#2960=CARTESIAN_POINT('',(-0.518344454547513,17.,27.3017452595202));
#2961=CARTESIAN_POINT('',(2.54466101392321,17.,28.45));
#2962=CARTESIAN_POINT('Origin',(0.564125119535435,13.6650000346303,20.05));
#2963=CARTESIAN_POINT('',(-1.36999828224981,17.0150000346303,20.5));
#2964=CARTESIAN_POINT('',(0.121557312222079,14.4315499626914,20.5));
#2965=CARTESIAN_POINT('',(-1.36999828224981,17.0150000346303,22.05));
#2966=CARTESIAN_POINT('',(-1.36999828224981,17.0150000346303,20.05));
#2967=CARTESIAN_POINT('',(-1.35141480671455,16.982812510822,22.05));
#2968=CARTESIAN_POINT('Origin',(2.49824852132068,14.8325000173152,22.05));
#2969=CARTESIAN_POINT('',(0.564125119535437,20.3650000346303,22.05));
#2970=CARTESIAN_POINT('',(-0.417189919876644,18.6653125281371,22.05));
#2971=CARTESIAN_POINT('',(4.43237192310593,20.3650000346303,22.05));
#2972=CARTESIAN_POINT('',(1.53118682042806,20.3650000346303,22.05));
#2973=CARTESIAN_POINT('',(6.36649532489117,17.0150000346303,22.05));
#2974=CARTESIAN_POINT('',(4.44662526162539,20.3403125281371,22.05));
#2975=CARTESIAN_POINT('',(5.40610922274031,15.351562510822,22.05));
#2976=CARTESIAN_POINT('',(8.82432649235513,17.663511623818,22.05));
#2977=CARTESIAN_POINT('',(9.0051696674464,17.3263397229695,22.05));
#2978=CARTESIAN_POINT('',(5.90207479587248,22.7250000346303,22.05));
#2979=CARTESIAN_POINT('',(7.34061819089333,20.2333697855616,22.05));
#2980=CARTESIAN_POINT('',(0.771971216443702,22.7250000346303,22.05));
#2981=CARTESIAN_POINT('',(-0.013225149654188,22.7250000346303,22.05));
#2982=CARTESIAN_POINT('',(0.772167221056073,22.7253395245774,22.05));
#2983=CARTESIAN_POINT('',(-0.013225149654188,21.3650000346303,22.05));
#2984=CARTESIAN_POINT('',(-0.737649155091406,22.7253395245774,22.05));
#2985=CARTESIAN_POINT('',(-0.941618293428108,22.7253395245774,22.05));
#2986=CARTESIAN_POINT('',(-3.85723711550342,17.3220546784637,22.05));
#2987=CARTESIAN_POINT('Origin',(-2.71562103593324,16.9986870118307,21.05));
#2988=CARTESIAN_POINT('Origin',(-2.71562103593324,16.9986870118307,21.05));
#2989=CARTESIAN_POINT('Origin',(-2.71562103593324,16.9986870118307,20.5));
#2990=CARTESIAN_POINT('Origin',(-2.71562103593324,16.9986870118307,20.5));
#2991=CARTESIAN_POINT('Origin',(-1.14598637780423,22.0190000346303,20.05));
#2992=CARTESIAN_POINT('',(-0.738181083143983,22.7253395245774,21.05));
#2993=CARTESIAN_POINT('',(-3.03583904941608,18.7456791885788,21.05));
#2994=CARTESIAN_POINT('',(-0.738181083143983,22.7253395245774,20.5));
#2995=CARTESIAN_POINT('',(-0.738181083143983,22.7253395245774,20.55));
#2996=CARTESIAN_POINT('',(-1.81257816657056,20.8644291885788,20.5));
#2997=CARTESIAN_POINT('Origin',(2.50720720976205,16.8309721439764,20.5));
#2998=CARTESIAN_POINT('',(-0.738181083143983,22.7250000346303,20.5));
#2999=CARTESIAN_POINT('',(-0.738181083143982,19.7781558342769,20.5));
#3000=CARTESIAN_POINT('',(5.90207479587248,22.7250000346303,20.5));
#3001=CARTESIAN_POINT('',(2.50272786554137,22.7250000346303,20.5));
#3002=CARTESIAN_POINT('',(6.95010991011322,20.9097499686491,20.5));
#3003=CARTESIAN_POINT('Origin',(7.78437896406676,16.9986870118307,20.5));
#3004=CARTESIAN_POINT('',(6.36649532489117,17.0150000346303,20.5));
#3005=CARTESIAN_POINT('',(5.84424110342225,16.1104291885788,20.5));
#3006=CARTESIAN_POINT('',(4.43237192310593,20.3650000346303,20.5));
#3007=CARTESIAN_POINT('',(4.95686581668519,19.4565499626914,20.5));
#3008=CARTESIAN_POINT('',(3.24824852132068,20.3650000346303,20.5));
#3009=CARTESIAN_POINT('',(1.53566616464875,20.3650000346303,20.5));
#3010=CARTESIAN_POINT('',(1.74824852132068,20.3650000346303,20.5));
#3011=CARTESIAN_POINT('Origin',(2.49824852132068,20.3650000346303,20.5));
#3012=CARTESIAN_POINT('',(0.564125119535437,20.3650000346303,20.5));
#3013=CARTESIAN_POINT('',(1.53566616464875,20.3650000346303,20.5));
#3014=CARTESIAN_POINT('',(-0.925190802826109,17.7854291885788,20.5));
#3015=CARTESIAN_POINT('Origin',(-1.2995294451077,23.5253396543849,23.65));
#3016=CARTESIAN_POINT('',(-1.2995294451077,23.5253396543849,31.26));
#3017=CARTESIAN_POINT('',(-2.24272994352851,21.8908191580945,31.26));
#3018=CARTESIAN_POINT('',(-1.2995294451077,23.5253396543849,21.05));
#3019=CARTESIAN_POINT('',(-1.2995294451077,23.5253396543849,23.05));
#3020=CARTESIAN_POINT('',(-1.2995294451077,23.5253396543849,21.05));
#3021=CARTESIAN_POINT('Origin',(2.50720720976205,16.9809721439764,21.05));
#3022=CARTESIAN_POINT('',(6.2637590812764,23.5253396543849,21.05));
#3023=CARTESIAN_POINT('',(6.2637590812764,23.5253396543849,21.05));
#3024=CARTESIAN_POINT('',(10.0863503958869,16.9500069270615,21.05));
#3025=CARTESIAN_POINT('',(5.90207479587248,22.7250000346303,21.05));
#3026=CARTESIAN_POINT('',(8.8243264923568,17.6635116238149,21.05));
#3027=CARTESIAN_POINT('',(5.90187879126012,22.7253395245774,21.05));
#3028=CARTESIAN_POINT('',(8.8243264923568,17.6635116238149,21.05));
#3029=CARTESIAN_POINT('',(0.772167221056075,22.7253395245774,21.05));
#3030=CARTESIAN_POINT('',(5.90187879126012,22.7253395245774,21.05));
#3031=CARTESIAN_POINT('',(0.771971216443702,22.7250000346303,21.05));
#3032=CARTESIAN_POINT('',(0.379471035700943,22.0451697796039,21.05));
#3033=CARTESIAN_POINT('',(-0.738181083143983,22.7250000346303,21.05));
#3034=CARTESIAN_POINT('',(0.39458014500606,22.7250000346303,21.05));
#3035=CARTESIAN_POINT('',(-0.738181083143983,22.7253395245774,21.05));
#3036=CARTESIAN_POINT('Origin',(-4.05741312826717,16.9753396539003,23.65));
#3037=CARTESIAN_POINT('',(-0.737649155091552,22.7253395245774,23.05));
#3038=CARTESIAN_POINT('',(-0.737649155091552,22.7253395245774,23.05));
#3039=CARTESIAN_POINT('',(-0.948715069656458,22.359762636805,23.05));
#3040=CARTESIAN_POINT('',(-1.59276599665591,21.2442337085801,23.05));
#3041=CARTESIAN_POINT('',(-0.948715069656387,22.3597626368049,26.7999999999999));
#3042=CARTESIAN_POINT('',(-0.737649155091404,22.7253395245774,31.26));
#3043=CARTESIAN_POINT('',(-0.737649155091404,22.7253395245774,31.25));
#3044=CARTESIAN_POINT('',(-3.23776757482199,18.3950073966653,31.26));
#3045=CARTESIAN_POINT('',(-1.59276599665591,21.2442337085801,23.05));
#3046=CARTESIAN_POINT('Origin',(2.38372460046369,17.0423276997033,31.26));
#3047=CARTESIAN_POINT('',(0.812350844908515,22.7253395245774,31.2600000000001));
#3048=CARTESIAN_POINT('',(2.48291970927404,22.7253395245774,31.26));
#3049=CARTESIAN_POINT('',(1.21235084490851,22.7253395245774,31.2600000000001));
#3050=CARTESIAN_POINT('Origin',(1.01235084490852,22.7253395245774,31.26));
#3051=CARTESIAN_POINT('',(3.95187879126018,22.7253395245774,31.2600000000001));
#3052=CARTESIAN_POINT('',(2.48291970927404,22.7253395245774,31.26));
#3053=CARTESIAN_POINT('',(4.35187879126018,22.7253395245774,31.2600000000001));
#3054=CARTESIAN_POINT('Origin',(4.15187879126018,22.7253395245774,31.26));
#3055=CARTESIAN_POINT('',(5.90187879126012,22.7253395245774,31.26));
#3056=CARTESIAN_POINT('',(0.823037722686145,22.7253395245774,31.26));
#3057=CARTESIAN_POINT('',(6.69251766999765,21.3559128161647,31.26));
#3058=CARTESIAN_POINT('',(6.2637590812764,23.5253396543849,31.26));
#3059=CARTESIAN_POINT('',(9.09345188325217,18.6579159206503,31.26));
#3060=CARTESIAN_POINT('',(4.32374184087004,23.5253396543849,31.26));
#3061=CARTESIAN_POINT('Origin',(2.58211481808437,16.9142402703393,27.65));
#3062=CARTESIAN_POINT('',(-1.20597673030537,20.0507664357737,27.65));
#3063=CARTESIAN_POINT('',(-1.20597673030537,18.4666348944151,27.65));
#3064=CARTESIAN_POINT('',(-0.948715069656323,20.0507664357737,27.65));
#3065=CARTESIAN_POINT('',(6.33211481808436,20.0507664357737,27.65));
#3066=CARTESIAN_POINT('',(-0.142316963953988,20.0507664357737,27.65));
#3067=CARTESIAN_POINT('',(6.33211481808436,20.0507664357737,27.65));
#3068=CARTESIAN_POINT('',(5.15156080354098,20.0507664357737,27.6500000000001));
#3069=CARTESIAN_POINT('',(6.33211481808436,20.0507664357737,27.65));
#3070=CARTESIAN_POINT('',(5.83768312515495,20.0507664357737,27.6500000000001));
#3071=CARTESIAN_POINT('',(6.33211481808436,20.0507664357737,27.6500000000001));
#3072=CARTESIAN_POINT('',(6.33874451958063,20.0507664357737,27.6500000000001));
#3073=CARTESIAN_POINT('',(6.33211481808436,20.0507664357737,27.6500000000001));
#3074=CARTESIAN_POINT('',(6.33874451958063,17.6635116238149,27.6500000000001));
#3075=CARTESIAN_POINT('',(6.33874451958063,15.3070164357737,27.6500000000001));
#3076=CARTESIAN_POINT('',(6.23874451958054,17.6635116238149,27.6500000000001));
#3077=CARTESIAN_POINT('Origin',(5.58211481808438,14.9142402703393,28.4500000000001));
#3078=CARTESIAN_POINT('',(5.58211481808436,18.9142402703393,28.4500000000001));
#3079=CARTESIAN_POINT('',(5.58211481808437,17.8939951351697,28.4500000000001));
#3080=CARTESIAN_POINT('',(5.62585914984732,18.9579846021022,27.9500000000001));
#3081=CARTESIAN_POINT('',(5.55572881717713,18.887854269432,28.7515933704305));
#3082=CARTESIAN_POINT('',(5.62585914984734,14.9142402703393,27.9500000000001));
#3083=CARTESIAN_POINT('Origin',(6.23874451958054,17.6635116238149,25.9500000000001));
#3084=CARTESIAN_POINT('',(6.2387445195806,17.6635116238149,29.9500000000001));
#3085=CARTESIAN_POINT('',(6.23874451958061,17.2785116169603,29.9500000000001));
#3086=CARTESIAN_POINT('',(6.23874451958058,17.6635116238149,28.4500000000001));
#3087=CARTESIAN_POINT('',(6.23874451958054,17.6635116238149,25.9500000000001));
#3088=CARTESIAN_POINT('',(6.23874451958058,17.2888759470771,28.4500000000001));
#3089=CARTESIAN_POINT('Origin',(2.58211481808437,16.9142402703393,28.45));
#3090=CARTESIAN_POINT('',(6.33874451958064,17.6635116238149,28.4500000000001));
#3091=CARTESIAN_POINT('',(4.48489898018783,17.6635116238149,28.4500000000001));
#3092=CARTESIAN_POINT('',(6.33874451958064,20.0507664357737,28.4500000000001));
#3093=CARTESIAN_POINT('',(6.33874451958064,18.4695164357737,28.4500000000001));
#3094=CARTESIAN_POINT('',(5.83768312515495,20.0507664357737,28.4500000000001));
#3095=CARTESIAN_POINT('',(-1.16788518191564,20.0507664357737,28.4500000000001));
#3096=CARTESIAN_POINT('',(5.15156080354098,20.0507664357737,28.4500000000001));
#3097=CARTESIAN_POINT('',(-1.16788518191564,20.0507664357737,28.4500000000001));
#3098=CARTESIAN_POINT('',(-0.142316963953988,20.0507664357737,28.45));
#3099=CARTESIAN_POINT('',(-1.16788518191564,20.0507664357737,28.45));
#3100=CARTESIAN_POINT('',(-0.948715069656323,20.0507664357737,28.45));
#3101=CARTESIAN_POINT('',(-1.16788518191564,20.0507664357737,28.45));
#3102=CARTESIAN_POINT('',(-1.20597673030535,20.0507664357737,28.45));
#3103=CARTESIAN_POINT('',(-1.16788518191564,20.0507664357737,28.45));
#3104=CARTESIAN_POINT('',(-1.20597673030535,15.2983718116979,28.45));
#3105=CARTESIAN_POINT('',(-1.20597673030535,15.2983718116979,28.45));
#3106=CARTESIAN_POINT('',(-0.417885181915636,18.9142402703393,28.45));
#3107=CARTESIAN_POINT('',(-0.417885181915629,15.9142402703393,28.45));
#3108=CARTESIAN_POINT('',(1.08211481808436,18.9142402703393,28.45));
#3109=CARTESIAN_POINT('Origin',(2.48018307288912,16.8935116101058,29.9500000000001));
#3110=CARTESIAN_POINT('',(-1.20597673030539,16.5882998282441,29.9500000000002));
#3111=CARTESIAN_POINT('',(-1.20597673030546,20.0507664357737,29.95));
#3112=CARTESIAN_POINT('',(-1.20597673030546,17.673750064075,29.95));
#3113=CARTESIAN_POINT('',(-0.94871506965633,20.0507664357737,29.95));
#3114=CARTESIAN_POINT('',(-1.20597673030546,20.0507664357737,29.95));
#3115=CARTESIAN_POINT('',(-0.142316963954002,20.0507664357737,29.95));
#3116=CARTESIAN_POINT('',(0.76573400161643,20.0507664357737,29.9500000000001));
#3117=CARTESIAN_POINT('',(5.15156080354097,20.0507664357737,29.9500000000001));
#3118=CARTESIAN_POINT('',(-0.142316963954002,20.0507664357737,29.9500000000001));
#3119=CARTESIAN_POINT('',(5.83768312515495,20.0507664357737,29.9500000000001));
#3120=CARTESIAN_POINT('',(3.81587193821509,20.0507664357737,29.9500000000002));
#3121=CARTESIAN_POINT('',(6.33874451958053,20.0507664357737,29.9500000000001));
#3122=CARTESIAN_POINT('',(5.83768312515495,20.0507664357737,29.9500000000001));
#3123=CARTESIAN_POINT('',(6.33874451958054,17.6635116238149,29.9500000000001));
#3124=CARTESIAN_POINT('',(6.33874451958053,20.0507664357737,29.9500000000001));
#3125=CARTESIAN_POINT('',(4.43393310759024,17.6635116238149,29.9500000000001));
#3126=CARTESIAN_POINT('Origin',(7.78437896406676,16.9986870118307,20.5));
#3127=CARTESIAN_POINT('Origin',(7.78437896406676,16.9986870118307,21.05));
#3128=CARTESIAN_POINT('Origin',(7.78437896406676,16.9986870118307,21.05));
#3129=CARTESIAN_POINT('Origin',(2.49824852132068,20.3650000346303,20.5));
#3130=CARTESIAN_POINT('',(3.24824852132068,20.3650000346303,21.9));
#3131=CARTESIAN_POINT('',(3.24824852132068,20.3650000346303,20.5));
#3132=CARTESIAN_POINT('',(1.74824852132068,20.3650000346303,21.9));
#3133=CARTESIAN_POINT('Origin',(2.49824852132068,20.3650000346303,21.9));
#3134=CARTESIAN_POINT('',(1.74824852132068,20.3650000346303,20.5));
#3135=CARTESIAN_POINT('Origin',(2.49824852132068,20.7400000346303,21.9));
#3136=CARTESIAN_POINT('',(1.53118682042806,20.3650000346303,21.9));
#3137=CARTESIAN_POINT('Origin',(0.564125119535437,20.3650000346303,20.05));
#3138=CARTESIAN_POINT('',(4.43237192310593,20.3650000346303,20.05));
#3139=CARTESIAN_POINT('',(0.564125119535437,20.3650000346303,20.05));
#3140=CARTESIAN_POINT('Origin',(2.49824852132068,22.7250000346303,21.05));
#3141=CARTESIAN_POINT('',(-0.738181083143983,22.7250000346303,20.8));
#3142=CARTESIAN_POINT('',(0.771971216443701,22.7250000346303,21.55));
#3143=CARTESIAN_POINT('',(5.90207479587248,22.7250000346303,21.8500000000001));
#3144=CARTESIAN_POINT('',(5.90207479587248,22.7250000346303,20.55));
#3145=CARTESIAN_POINT('Origin',(-0.738181083143983,22.7253395245774,21.05));
#3146=CARTESIAN_POINT('Origin',(-1.36999828224981,17.0150000346303,20.05));
#3147=CARTESIAN_POINT('Origin',(5.90187879126012,22.7253395245774,23.6500000000001));
#3148=CARTESIAN_POINT('',(5.90187879126012,22.7253395245774,23.6500000000001));
#3149=CARTESIAN_POINT('',(8.8243264923568,17.6635116238149,23.0500000000001));
#3150=CARTESIAN_POINT('',(8.8243264923568,17.6635116238149,23.05));
#3151=CARTESIAN_POINT('',(8.82432649235692,17.6635116238149,29.9500000000001));
#3152=CARTESIAN_POINT('Origin',(-0.013225149654188,21.3650000346303,22.05));
#3153=CARTESIAN_POINT('',(0.772167221056072,22.7253395245774,22.85));
#3154=CARTESIAN_POINT('Origin',(6.29467297892142,22.0450000346303,21.05));
#3155=CARTESIAN_POINT('Origin',(9.20701690777607,16.9500069270615,23.05));
#3156=CARTESIAN_POINT('',(8.47420164777636,18.3162996503571,23.05));
#3157=CARTESIAN_POINT('Origin',(2.53152326969455,16.8882664357737,23.05));
#3158=CARTESIAN_POINT('',(-1.78097673030545,20.3382664357737,23.05));
#3159=CARTESIAN_POINT('',(-1.78097673030545,15.1632664357737,23.05));
#3160=CARTESIAN_POINT('',(-0.948715069656458,20.3382664357737,23.05));
#3161=CARTESIAN_POINT('',(0.375273269694546,20.3382664357737,23.05));
#3162=CARTESIAN_POINT('',(-0.948715069656458,18.5994256594212,23.05));
#3163=CARTESIAN_POINT('',(-0.142316963954123,22.7253395245774,23.05));
#3164=CARTESIAN_POINT('',(4.21670103047733,22.7253395245774,23.05));
#3165=CARTESIAN_POINT('',(-0.142316963954123,20.3382664357737,23.05));
#3166=CARTESIAN_POINT('',(-0.142316963954123,19.8503395892389,23.05));
#3167=CARTESIAN_POINT('',(5.15156080354085,20.3382664357737,23.0500000000001));
#3168=CARTESIAN_POINT('',(0.375273269694546,20.3382664357737,23.0500000000001));
#3169=CARTESIAN_POINT('',(5.15156080354085,22.7253395245774,23.0500000000001));
#3170=CARTESIAN_POINT('',(5.15156080354085,18.556925660278,23.0500000000001));
#3171=CARTESIAN_POINT('',(5.83768312515482,22.7253395245774,23.0500000000001));
#3172=CARTESIAN_POINT('',(4.21670103047733,22.7253395245774,23.05));
#3173=CARTESIAN_POINT('',(5.83768312515483,20.3382664357737,23.0500000000001));
#3174=CARTESIAN_POINT('',(5.83768312515483,19.8503395892389,23.0500000000001));
#3175=CARTESIAN_POINT('',(6.84402326969455,20.3382664357737,23.0500000000001));
#3176=CARTESIAN_POINT('',(0.375273269694546,20.3382664357737,23.0500000000001));
#3177=CARTESIAN_POINT('',(6.84402326969455,17.6635116238149,23.0500000000001));
#3178=CARTESIAN_POINT('',(6.84402326969455,18.6132664357737,23.0500000000001));
#3179=CARTESIAN_POINT('',(4.48489898018779,17.6635116238149,23.0500000000001));
#3180=CARTESIAN_POINT('Origin',(4.15187879126018,22.7253395245774,31.25));
#3181=CARTESIAN_POINT('',(4.35187879126018,22.7253395245774,26.25));
#3182=CARTESIAN_POINT('',(3.95187879126018,22.7253395245774,26.25));
#3183=CARTESIAN_POINT('Origin',(4.15187879126018,22.7253395245774,26.2500000000001));
#3184=CARTESIAN_POINT('',(4.35187879126018,22.7253395245774,31.25));
#3185=CARTESIAN_POINT('',(3.95187879126018,22.7253395245774,31.25));
#3186=CARTESIAN_POINT('Origin',(2.58211481808435,22.8253395245774,26.2500000000001));
#3187=CARTESIAN_POINT('',(1.58211481808434,22.7253395245774,26.2500000000001));
#3188=CARTESIAN_POINT('Origin',(1.01235084490852,22.7253395245774,31.25));
#3189=CARTESIAN_POINT('',(1.21235084490851,22.7253395245774,26.2500000000001));
#3190=CARTESIAN_POINT('',(0.812350844908515,22.7253395245774,26.2500000000001));
#3191=CARTESIAN_POINT('Origin',(1.01235084490852,22.7253395245774,26.2500000000001));
#3192=CARTESIAN_POINT('',(1.21235084490851,22.7253395245774,31.25));
#3193=CARTESIAN_POINT('',(0.812350844908515,22.7253395245774,31.25));
#3194=CARTESIAN_POINT('Origin',(2.58211481808435,22.8253395245774,26.2500000000001));
#3195=CARTESIAN_POINT('',(0.0123508449085818,22.7253395245774,26.25));
#3196=CARTESIAN_POINT('Origin',(-0.737649155091418,22.7253395245774,23.65));
#3197=CARTESIAN_POINT('',(-0.142316963954002,22.7253395245774,29.95));
#3198=CARTESIAN_POINT('',(5.15156080354097,22.7253395245774,30.1000000000001));
#3199=CARTESIAN_POINT('',(5.83768312515495,22.7253395245774,29.9500000000001));
#3200=CARTESIAN_POINT('Origin',(-1.78097673030545,20.3382664357737,23.65));
#3201=CARTESIAN_POINT('',(-0.142316963954116,20.3382664357737,23.65));
#3202=CARTESIAN_POINT('',(-0.142316963954059,20.3382664357737,26.8));
#3203=CARTESIAN_POINT('',(5.15156080354085,20.3382664357737,23.6500000000001));
#3204=CARTESIAN_POINT('',(6.84402326969455,20.3382664357737,23.65));
#3205=CARTESIAN_POINT('',(5.15156080354091,20.3382664357737,26.8));
#3206=CARTESIAN_POINT('Origin',(-0.142316963953988,20.0507664357737,30.55));
#3207=CARTESIAN_POINT('',(-0.142316963953988,20.0507664357737,30.55));
#3208=CARTESIAN_POINT('',(5.15156080354098,20.0507664357737,30.5500000000001));
#3209=CARTESIAN_POINT('Origin',(0.711163660739942,20.0507664357737,28.05));
#3210=CARTESIAN_POINT('',(-0.142316963953988,20.0507664357737,27.));
#3211=CARTESIAN_POINT('',(5.15156080354098,20.0507664357737,27.0000000000001));
#3212=CARTESIAN_POINT('Origin',(-0.948715069656323,20.0507664357737,30.55));
#3213=CARTESIAN_POINT('',(-0.948715069656444,20.3382664357737,23.65));
#3214=CARTESIAN_POINT('',(-0.948715069656387,20.3382664357737,26.8));
#3215=CARTESIAN_POINT('',(-0.948715069656359,20.0507664357737,23.65));
#3216=CARTESIAN_POINT('',(-0.948715069656359,18.5558890503579,23.65));
#3217=CARTESIAN_POINT('',(-0.948715069656323,20.0507664357737,25.95));
#3218=CARTESIAN_POINT('',(-0.948715069656323,20.0507664357737,27.));
#3219=CARTESIAN_POINT('',(-0.948715069656323,20.0507664357737,25.95));
#3220=CARTESIAN_POINT('',(-0.948715069656323,20.0507664357737,30.55));
#3221=CARTESIAN_POINT('Origin',(-1.78097673030545,13.4382664357737,23.65));
#3222=CARTESIAN_POINT('',(-1.78097673030545,20.3382664357737,23.65));
#3223=CARTESIAN_POINT('',(-1.78097673030545,20.3382664357737,23.65));
#3224=CARTESIAN_POINT('',(-1.78097673030545,20.3382664357737,23.65));
#3225=CARTESIAN_POINT('Origin',(-1.78097673030545,20.3382664357737,23.65));
#3226=CARTESIAN_POINT('',(6.84402326969455,20.3382664357737,23.65));
#3227=CARTESIAN_POINT('Origin',(-0.142316963953988,20.2235116649421,30.55));
#3228=CARTESIAN_POINT('',(-0.142316963953988,20.0507664357737,25.95));
#3229=CARTESIAN_POINT('',(-0.142316963954023,20.0507664357737,23.65));
#3230=CARTESIAN_POINT('',(-0.142316963953988,20.0507664357737,25.95));
#3231=CARTESIAN_POINT('',(-0.142316963954116,19.8068029801756,23.65));
#3232=CARTESIAN_POINT('Origin',(2.60000026077032,19.0737500849366,24.15));
#3233=CARTESIAN_POINT('',(2.25044305065192,19.0737500849366,24.15));
#3234=CARTESIAN_POINT('Origin',(2.60000026077032,19.0737500849366,24.15));
#3235=CARTESIAN_POINT('',(2.25044305065192,19.0737500849366,24.05));
#3236=CARTESIAN_POINT('',(2.25044305065193,19.0737500849366,24.15));
#3237=CARTESIAN_POINT('Origin',(2.60000026077032,19.0737500849366,24.05));
#3238=CARTESIAN_POINT('Origin',(2.60000026077032,19.0737500849366,24.05));
#3239=CARTESIAN_POINT('',(2.40000025779009,19.0737500849366,24.05));
#3240=CARTESIAN_POINT('Origin',(2.60000026077032,19.0737500849366,24.05));
#3241=CARTESIAN_POINT('Origin',(2.60000026077032,19.0737500849366,24.15));
#3242=CARTESIAN_POINT('',(2.40000025779009,19.0737500849366,23.15));
#3243=CARTESIAN_POINT('',(2.40000025779009,19.0737500849366,24.15));
#3244=CARTESIAN_POINT('Origin',(2.60000026077032,19.0737500849366,23.15));
#3245=CARTESIAN_POINT('Origin',(2.60000026077032,19.0737500849366,23.15));
#3246=CARTESIAN_POINT('Origin',(2.60000026077032,19.0737500849366,24.15));
#3247=CARTESIAN_POINT('',(2.01335599213463,19.0737500849366,23.65));
#3248=CARTESIAN_POINT('Origin',(2.60000026077032,19.0737500849366,23.65));
#3249=CARTESIAN_POINT('',(2.10151948248887,19.0737500849366,24.15));
#3250=CARTESIAN_POINT('',(2.10151948248887,19.0737500849366,24.15));
#3251=CARTESIAN_POINT('Origin',(2.60000026077032,19.0737500849366,24.15));
#3252=CARTESIAN_POINT('Origin',(2.60000026077032,19.0737500849366,24.15));
#3253=CARTESIAN_POINT('Origin',(-0.948715069656323,20.0507664357737,25.95));
#3254=CARTESIAN_POINT('',(0.791404100019108,20.0507664357737,23.65));
#3255=CARTESIAN_POINT('Origin',(-0.948715069656323,20.0507664357737,25.95));
#3256=CARTESIAN_POINT('Origin',(0.711163660739942,20.0507664357737,28.05));
#3257=CARTESIAN_POINT('',(-1.20597673030535,20.0507664357737,28.25));
#3258=CARTESIAN_POINT('Origin',(2.58211481808437,18.9142402703393,28.45));
#3259=CARTESIAN_POINT('',(-0.461629513678602,18.9579846021023,27.95));
#3260=CARTESIAN_POINT('',(-0.406576895812535,18.9029319842362,28.5792543016131));
#3261=CARTESIAN_POINT('',(2.58211481808437,18.9579846021022,27.9500000000001));
#3262=CARTESIAN_POINT('Origin',(-1.20597673030535,16.8825033530565,28.05));
#3263=CARTESIAN_POINT('Origin',(-1.20597673030545,17.673750064075,30.55));
#3264=CARTESIAN_POINT('',(-1.20597673030545,20.0507664357737,30.55));
#3265=CARTESIAN_POINT('Origin',(-1.20597673030545,20.0507664357737,30.55));
#3266=CARTESIAN_POINT('Origin',(0.725078689049738,19.4496238121143,31.05));
#3267=CARTESIAN_POINT('',(0.375078689049744,19.4496238121143,31.05));
#3268=CARTESIAN_POINT('Origin',(0.725078689049738,19.4496238121143,31.05));
#3269=CARTESIAN_POINT('',(0.525078689049742,19.4496238121143,31.05));
#3270=CARTESIAN_POINT('Origin',(0.725078689049738,19.4496238121143,31.05));
#3271=CARTESIAN_POINT('Origin',(0.725078689049738,19.4496238121143,31.05));
#3272=CARTESIAN_POINT('',(0.375078689049738,19.4496238121143,31.05));
#3273=CARTESIAN_POINT('Origin',(0.725078689049738,19.4496238121143,30.05));
#3274=CARTESIAN_POINT('',(0.525078689049742,19.4496238121143,30.05));
#3275=CARTESIAN_POINT('Origin',(0.725078689049738,19.4496238121143,30.05));
#3276=CARTESIAN_POINT('Origin',(0.725078689049738,19.4496238121143,31.05));
#3277=CARTESIAN_POINT('',(0.525078689049739,19.4496238121143,31.05));
#3278=CARTESIAN_POINT('Origin',(5.7228918838371,18.0996238121143,31.0500000000001));
#3279=CARTESIAN_POINT('',(5.5228918838371,18.0996238121143,31.0500000000001));
#3280=CARTESIAN_POINT('Origin',(5.7228918838371,18.0996238121143,31.0500000000001));
#3281=CARTESIAN_POINT('',(5.5228918838371,18.0996238121143,30.0500000000001));
#3282=CARTESIAN_POINT('',(5.5228918838371,18.0996238121143,31.0500000000001));
#3283=CARTESIAN_POINT('Origin',(5.7228918838371,18.0996238121143,30.0500000000001));
#3284=CARTESIAN_POINT('Origin',(5.7228918838371,18.0996238121143,30.0500000000001));
#3285=CARTESIAN_POINT('Origin',(5.7228918838371,18.0996238121143,31.0500000000001));
#3286=CARTESIAN_POINT('',(5.37289188383711,18.0996238121143,31.0500000000001));
#3287=CARTESIAN_POINT('',(5.3728918838371,18.0996238121143,31.0500000000001));
#3288=CARTESIAN_POINT('Origin',(5.7228918838371,18.0996238121143,31.0500000000001));
#3289=CARTESIAN_POINT('Origin',(5.7228918838371,18.0996238121143,31.0500000000001));
#3290=CARTESIAN_POINT('Origin',(6.33874451958054,20.0507664357737,30.5500000000001));
#3291=CARTESIAN_POINT('',(6.33874451958054,17.6635116238149,30.5500000000001));
#3292=CARTESIAN_POINT('',(6.33874451958054,20.0507664357737,30.5500000000001));
#3293=CARTESIAN_POINT('Origin',(5.83768312515495,20.0507664357737,30.5500000000001));
#3294=CARTESIAN_POINT('',(5.83768312515495,20.0507664357737,30.5500000000001));
#3295=CARTESIAN_POINT('Origin',(5.15156080354098,20.0507664357737,30.5500000000001));
#3296=CARTESIAN_POINT('',(5.15156080354095,20.0507664357737,23.6500000000001));
#3297=CARTESIAN_POINT('',(5.15156080354095,18.5133890512147,23.6500000000001));
#3298=CARTESIAN_POINT('',(5.15156080354098,20.0507664357737,25.9500000000001));
#3299=CARTESIAN_POINT('',(5.15156080354098,20.0507664357737,25.9500000000001));
#3300=CARTESIAN_POINT('Origin',(0.711163660739942,20.0507664357737,28.0500000000001));
#3301=CARTESIAN_POINT('',(5.83768312515495,20.0507664357737,27.0000000000001));
#3302=CARTESIAN_POINT('',(6.33874451958064,20.0507664357737,27.8500000000001));
#3303=CARTESIAN_POINT('Origin',(5.15156080354098,20.0507664357737,25.9500000000001));
#3304=CARTESIAN_POINT('',(5.83768312515495,20.0507664357737,25.9500000000001));
#3305=CARTESIAN_POINT('Origin',(5.15156080354098,20.0507664357737,25.9500000000001));
#3306=CARTESIAN_POINT('',(5.83768312515492,20.0507664357737,23.6500000000001));
#3307=CARTESIAN_POINT('',(3.84154203661777,20.0507664357737,23.6500000000001));
#3308=CARTESIAN_POINT('',(5.83768312515495,20.0507664357737,25.9500000000001));
#3309=CARTESIAN_POINT('Origin',(6.84402326969455,20.3382664357737,23.6500000000001));
#3310=CARTESIAN_POINT('',(6.84402326969455,17.6635116238149,23.6500000000001));
#3311=CARTESIAN_POINT('',(6.84402326969455,17.6635116238149,26.8000000000001));
#3312=CARTESIAN_POINT('',(6.84402326969455,20.3382664357737,23.6500000000001));
#3313=CARTESIAN_POINT('',(6.84402326969455,20.3382664357737,23.6500000000001));
#3314=CARTESIAN_POINT('',(6.84402326969455,13.4382664357737,23.6500000000001));
#3315=CARTESIAN_POINT('Origin',(5.83768312515495,20.1385116666557,30.5500000000001));
#3316=CARTESIAN_POINT('',(5.83768312515483,20.3382664357737,23.6500000000001));
#3317=CARTESIAN_POINT('',(5.83768312515483,19.8068029801756,23.6500000000001));
#3318=CARTESIAN_POINT('',(5.83768312515489,20.3382664357737,26.8));
#3319=CARTESIAN_POINT('Origin',(6.33874451958064,16.8882664357737,28.0500000000001));
#3320=CARTESIAN_POINT('',(6.33874451958062,17.6635116238149,27.0000000000001));
#3321=CARTESIAN_POINT('Origin',(-1.78097673030545,20.3382664357737,23.6500000000001));
#3322=CARTESIAN_POINT('',(6.84402326969455,20.3382664357737,23.6500000000001));
#3323=CARTESIAN_POINT('Origin',(6.23874451958054,17.6635116238149,30.5500000000001));
#3324=CARTESIAN_POINT('',(6.23874451958048,17.6635116238149,23.6500000000001));
#3325=CARTESIAN_POINT('Origin',(6.2637590812764,23.5253396543849,23.65));
#3326=CARTESIAN_POINT('',(6.2637590812764,23.5253396543849,31.25));
#3327=CARTESIAN_POINT('Origin',(10.0863503958869,16.9500069270615,23.6500000000001));
#3328=CARTESIAN_POINT('Origin',(-0.417885181915636,18.9142402703393,28.45));
#3329=CARTESIAN_POINT('',(-0.461629513678602,18.9142402703393,27.95));
#3330=CARTESIAN_POINT('Origin',(-1.20597673030545,16.2830880463823,25.95));
#3331=CARTESIAN_POINT('Origin',(2.58211481808437,16.9142402703393,27.95));
#3332=CARTESIAN_POINT('Origin',(2.53152326969455,16.8882664357737,23.65));
#3333=CARTESIAN_POINT('Origin',(4.43237192310593,20.3650000346303,20.05));
#3334=CARTESIAN_POINT('',(6.36649532489117,17.0150000346303,20.05));
#3335=CARTESIAN_POINT('Origin',(6.36649532489117,17.0150000346303,20.05));
#3336=UNCERTAINTY_MEASURE_WITH_UNIT(LENGTH_MEASURE(0.001),#3340,
'DISTANCE_ACCURACY_VALUE',
'Maximum model space distance between geometric entities at asserted c
onnectivities');
#3337=UNCERTAINTY_MEASURE_WITH_UNIT(LENGTH_MEASURE(0.001),#3340,
'DISTANCE_ACCURACY_VALUE',
'Maximum model space distance between geometric entities at asserted c
onnectivities');
#3338=(
GEOMETRIC_REPRESENTATION_CONTEXT(3)
GLOBAL_UNCERTAINTY_ASSIGNED_CONTEXT((#3336))
GLOBAL_UNIT_ASSIGNED_CONTEXT((#3340,#3342,#3343))
REPRESENTATION_CONTEXT('','3D')
);
#3339=(
GEOMETRIC_REPRESENTATION_CONTEXT(3)
GLOBAL_UNCERTAINTY_ASSIGNED_CONTEXT((#3337))
GLOBAL_UNIT_ASSIGNED_CONTEXT((#3340,#3342,#3343))
REPRESENTATION_CONTEXT('','3D')
);
#3340=(
LENGTH_UNIT()
NAMED_UNIT(*)
SI_UNIT(.CENTI.,.METRE.)
);
#3341=(
LENGTH_UNIT()
NAMED_UNIT(*)
SI_UNIT($,.METRE.)
);
#3342=(
NAMED_UNIT(*)
PLANE_ANGLE_UNIT()
SI_UNIT($,.RADIAN.)
);
#3343=(
NAMED_UNIT(*)
SI_UNIT($,.STERADIAN.)
SOLID_ANGLE_UNIT()
);
#3344=SHAPE_DEFINITION_REPRESENTATION(#3345,#3346);
#3345=PRODUCT_DEFINITION_SHAPE('',$,#3348);
#3346=SHAPE_REPRESENTATION('',(#2092),#3338);
#3347=PRODUCT_DEFINITION_CONTEXT('part definition',#3352,'design');
#3348=PRODUCT_DEFINITION('2026-08-04-01-45-46-713','atasnonportmm1',#3349,
#3347);
#3349=PRODUCT_DEFINITION_FORMATION('',$,#3354);
#3350=PRODUCT_RELATED_PRODUCT_CATEGORY('atasnonportmm1',
'atasnonportmm1',(#3354));
#3351=APPLICATION_PROTOCOL_DEFINITION('international standard',
'automotive_design',2009,#3352);
#3352=APPLICATION_CONTEXT(
'Core Data for Automotive Mechanical Design Process');
#3353=PRODUCT_CONTEXT('part definition',#3352,'mechanical');
#3354=PRODUCT('2026-08-04-01-45-46-713','atasnonportmm1',$,(#3353));
#3355=PRESENTATION_STYLE_ASSIGNMENT((#3356));
#3356=SURFACE_STYLE_USAGE(.BOTH.,#3357);
#3357=SURFACE_SIDE_STYLE('',(#3358));
#3358=SURFACE_STYLE_FILL_AREA(#3359);
#3359=FILL_AREA_STYLE('Steel - Satin',(#3360));
#3360=FILL_AREA_STYLE_COLOUR('Steel - Satin',#3361);
#3361=COLOUR_RGB('Steel - Satin',0.627450980392157,0.627450980392157,0.627450980392157);
ENDSEC;
END-ISO-10303-21;
