ISO-10303-21;
HEADER;
/* Generated by software containing ST-Developer
 * from STEP Tools, Inc. (www.steptools.com) 
 */

FILE_DESCRIPTION(
/* description */ (''),
/* implementation_level */ '2;1');

FILE_NAME(
/* name */ 'atasportmm1.step',
/* time_stamp */ '2026-08-04T01:45:40+08:00',
/* author */ (''),
/* organization */ (''),
/* preprocessor_version */ 'ST-DEVELOPER v20.1',
/* originating_system */ 'Autodesk Translation Framework v15.8.0.0',
/* authorisation */ '');

FILE_SCHEMA (('AUTOMOTIVE_DESIGN { 1 0 10303 214 3 1 1 }'));
ENDSEC;

DATA;
#10=MECHANICAL_DESIGN_GEOMETRIC_PRESENTATION_REPRESENTATION('',(#13),#5097);
#11=SHAPE_REPRESENTATION_RELATIONSHIP('SRR','None',#5104,#12);
#12=ADVANCED_BREP_SHAPE_REPRESENTATION('',(#3188),#5096);
#13=STYLED_ITEM('',(#5113),#3188);
#14=ORIENTED_CLOSED_SHELL('',*,#3187,.F.);
#15=(
BOUNDED_CURVE()
B_SPLINE_CURVE(2,(#5090,#5091,#5092),.UNSPECIFIED.,.F.,.F.)
B_SPLINE_CURVE_WITH_KNOTS((3,3),(0.,0.494044446299603),.UNSPECIFIED.)
CURVE()
GEOMETRIC_REPRESENTATION_ITEM()
RATIONAL_B_SPLINE_CURVE((1.,1.06145847126394,1.))
REPRESENTATION_ITEM('')
);
#16=(
BOUNDED_SURFACE()
B_SPLINE_SURFACE(2,1,((#5084,#5085),(#5086,#5087),(#5088,#5089)),
 .UNSPECIFIED.,.F.,.F.,.F.)
B_SPLINE_SURFACE_WITH_KNOTS((3,3),(2,2),(0.,0.494044446299603),(0.,0.100000000000001),
 .UNSPECIFIED.)
GEOMETRIC_REPRESENTATION_ITEM()
RATIONAL_B_SPLINE_SURFACE(((1.,1.),(1.06145847126394,1.06145847126394),
(1.,1.)))
REPRESENTATION_ITEM('')
SURFACE()
);
#17=B_SPLINE_CURVE_WITH_KNOTS('',3,(#5067,#5068,#5069,#5070,#5071,#5072,
#5073,#5074,#5075,#5076,#5077,#5078,#5079,#5080,#5081,#5082),
 .UNSPECIFIED.,.F.,.F.,(4,2,2,2,2,2,2,4),(-0.892587251139119,-0.689927889800421,
-0.545009439835587,-0.464697588128237,-0.399268113207249,-0.326813524042538,
-0.213696365820838,0.),.UNSPECIFIED.);
#18=CONICAL_SURFACE('',#3250,0.498480778281451,0.174532925199433);
#19=CONICAL_SURFACE('',#3268,0.35,0.174532925199433);
#20=CONICAL_SURFACE('',#3272,0.324999999999999,0.174532925199433);
#21=CONICAL_SURFACE('',#3277,0.6,0.174532925199433);
#22=CONICAL_SURFACE('',#3279,0.504999999999999,0.174532925199433);
#23=CONICAL_SURFACE('',#3285,0.349999999999998,0.174532925199433);
#24=CONICAL_SURFACE('',#3386,0.349999999999998,0.174532925199433);
#25=FACE_BOUND('',#347,.T.);
#26=FACE_BOUND('',#348,.T.);
#27=FACE_BOUND('',#350,.T.);
#28=FACE_BOUND('',#351,.T.);
#29=FACE_BOUND('',#352,.T.);
#30=FACE_BOUND('',#353,.T.);
#31=FACE_BOUND('',#366,.T.);
#32=FACE_BOUND('',#369,.T.);
#33=FACE_BOUND('',#375,.T.);
#34=FACE_BOUND('',#383,.T.);
#35=FACE_BOUND('',#388,.T.);
#36=FACE_BOUND('',#401,.T.);
#37=FACE_BOUND('',#407,.T.);
#38=FACE_BOUND('',#415,.T.);
#39=FACE_BOUND('',#436,.T.);
#40=FACE_BOUND('',#452,.T.);
#41=FACE_BOUND('',#453,.T.);
#42=FACE_BOUND('',#454,.T.);
#43=FACE_BOUND('',#455,.T.);
#44=FACE_BOUND('',#456,.T.);
#45=FACE_BOUND('',#479,.T.);
#46=FACE_BOUND('',#480,.T.);
#47=FACE_BOUND('',#481,.T.);
#48=FACE_BOUND('',#501,.T.);
#49=FACE_BOUND('',#509,.T.);
#50=PLANE('',#3205);
#51=PLANE('',#3206);
#52=PLANE('',#3207);
#53=PLANE('',#3208);
#54=PLANE('',#3211);
#55=PLANE('',#3214);
#56=PLANE('',#3215);
#57=PLANE('',#3216);
#58=PLANE('',#3221);
#59=PLANE('',#3222);
#60=PLANE('',#3223);
#61=PLANE('',#3224);
#62=PLANE('',#3225);
#63=PLANE('',#3226);
#64=PLANE('',#3227);
#65=PLANE('',#3228);
#66=PLANE('',#3229);
#67=PLANE('',#3230);
#68=PLANE('',#3231);
#69=PLANE('',#3232);
#70=PLANE('',#3233);
#71=PLANE('',#3234);
#72=PLANE('',#3237);
#73=PLANE('',#3238);
#74=PLANE('',#3239);
#75=PLANE('',#3240);
#76=PLANE('',#3241);
#77=PLANE('',#3245);
#78=PLANE('',#3249);
#79=PLANE('',#3253);
#80=PLANE('',#3254);
#81=PLANE('',#3255);
#82=PLANE('',#3256);
#83=PLANE('',#3257);
#84=PLANE('',#3258);
#85=PLANE('',#3259);
#86=PLANE('',#3260);
#87=PLANE('',#3261);
#88=PLANE('',#3262);
#89=PLANE('',#3263);
#90=PLANE('',#3264);
#91=PLANE('',#3265);
#92=PLANE('',#3269);
#93=PLANE('',#3274);
#94=PLANE('',#3280);
#95=PLANE('',#3284);
#96=PLANE('',#3287);
#97=PLANE('',#3288);
#98=PLANE('',#3289);
#99=PLANE('',#3290);
#100=PLANE('',#3291);
#101=PLANE('',#3292);
#102=PLANE('',#3293);
#103=PLANE('',#3294);
#104=PLANE('',#3295);
#105=PLANE('',#3296);
#106=PLANE('',#3297);
#107=PLANE('',#3298);
#108=PLANE('',#3299);
#109=PLANE('',#3300);
#110=PLANE('',#3301);
#111=PLANE('',#3302);
#112=PLANE('',#3303);
#113=PLANE('',#3304);
#114=PLANE('',#3305);
#115=PLANE('',#3306);
#116=PLANE('',#3307);
#117=PLANE('',#3308);
#118=PLANE('',#3309);
#119=PLANE('',#3310);
#120=PLANE('',#3311);
#121=PLANE('',#3312);
#122=PLANE('',#3313);
#123=PLANE('',#3314);
#124=PLANE('',#3315);
#125=PLANE('',#3316);
#126=PLANE('',#3317);
#127=PLANE('',#3318);
#128=PLANE('',#3319);
#129=PLANE('',#3320);
#130=PLANE('',#3321);
#131=PLANE('',#3322);
#132=PLANE('',#3323);
#133=PLANE('',#3324);
#134=PLANE('',#3325);
#135=PLANE('',#3326);
#136=PLANE('',#3327);
#137=PLANE('',#3328);
#138=PLANE('',#3329);
#139=PLANE('',#3330);
#140=PLANE('',#3331);
#141=PLANE('',#3332);
#142=PLANE('',#3333);
#143=PLANE('',#3334);
#144=PLANE('',#3335);
#145=PLANE('',#3336);
#146=PLANE('',#3337);
#147=PLANE('',#3338);
#148=PLANE('',#3339);
#149=PLANE('',#3340);
#150=PLANE('',#3341);
#151=PLANE('',#3342);
#152=PLANE('',#3343);
#153=PLANE('',#3344);
#154=PLANE('',#3345);
#155=PLANE('',#3346);
#156=PLANE('',#3347);
#157=PLANE('',#3348);
#158=PLANE('',#3349);
#159=PLANE('',#3350);
#160=PLANE('',#3351);
#161=PLANE('',#3352);
#162=PLANE('',#3353);
#163=PLANE('',#3354);
#164=PLANE('',#3355);
#165=PLANE('',#3356);
#166=PLANE('',#3357);
#167=PLANE('',#3358);
#168=PLANE('',#3359);
#169=PLANE('',#3363);
#170=PLANE('',#3364);
#171=PLANE('',#3365);
#172=PLANE('',#3367);
#173=PLANE('',#3368);
#174=PLANE('',#3369);
#175=PLANE('',#3370);
#176=PLANE('',#3371);
#177=PLANE('',#3372);
#178=PLANE('',#3373);
#179=PLANE('',#3374);
#180=PLANE('',#3375);
#181=PLANE('',#3376);
#182=PLANE('',#3377);
#183=PLANE('',#3380);
#184=PLANE('',#3381);
#185=PLANE('',#3382);
#186=PLANE('',#3383);
#187=FACE_OUTER_BOUND('',#342,.T.);
#188=FACE_OUTER_BOUND('',#343,.T.);
#189=FACE_OUTER_BOUND('',#344,.T.);
#190=FACE_OUTER_BOUND('',#345,.T.);
#191=FACE_OUTER_BOUND('',#346,.T.);
#192=FACE_OUTER_BOUND('',#349,.T.);
#193=FACE_OUTER_BOUND('',#354,.T.);
#194=FACE_OUTER_BOUND('',#355,.T.);
#195=FACE_OUTER_BOUND('',#356,.T.);
#196=FACE_OUTER_BOUND('',#357,.T.);
#197=FACE_OUTER_BOUND('',#358,.T.);
#198=FACE_OUTER_BOUND('',#359,.T.);
#199=FACE_OUTER_BOUND('',#360,.T.);
#200=FACE_OUTER_BOUND('',#361,.T.);
#201=FACE_OUTER_BOUND('',#362,.T.);
#202=FACE_OUTER_BOUND('',#363,.T.);
#203=FACE_OUTER_BOUND('',#364,.T.);
#204=FACE_OUTER_BOUND('',#365,.T.);
#205=FACE_OUTER_BOUND('',#367,.T.);
#206=FACE_OUTER_BOUND('',#368,.T.);
#207=FACE_OUTER_BOUND('',#370,.T.);
#208=FACE_OUTER_BOUND('',#371,.T.);
#209=FACE_OUTER_BOUND('',#372,.T.);
#210=FACE_OUTER_BOUND('',#373,.T.);
#211=FACE_OUTER_BOUND('',#374,.T.);
#212=FACE_OUTER_BOUND('',#376,.T.);
#213=FACE_OUTER_BOUND('',#377,.T.);
#214=FACE_OUTER_BOUND('',#378,.T.);
#215=FACE_OUTER_BOUND('',#379,.T.);
#216=FACE_OUTER_BOUND('',#380,.T.);
#217=FACE_OUTER_BOUND('',#381,.T.);
#218=FACE_OUTER_BOUND('',#382,.T.);
#219=FACE_OUTER_BOUND('',#384,.T.);
#220=FACE_OUTER_BOUND('',#385,.T.);
#221=FACE_OUTER_BOUND('',#386,.T.);
#222=FACE_OUTER_BOUND('',#387,.T.);
#223=FACE_OUTER_BOUND('',#389,.T.);
#224=FACE_OUTER_BOUND('',#390,.T.);
#225=FACE_OUTER_BOUND('',#391,.T.);
#226=FACE_OUTER_BOUND('',#392,.T.);
#227=FACE_OUTER_BOUND('',#393,.T.);
#228=FACE_OUTER_BOUND('',#394,.T.);
#229=FACE_OUTER_BOUND('',#395,.T.);
#230=FACE_OUTER_BOUND('',#396,.T.);
#231=FACE_OUTER_BOUND('',#397,.T.);
#232=FACE_OUTER_BOUND('',#398,.T.);
#233=FACE_OUTER_BOUND('',#399,.T.);
#234=FACE_OUTER_BOUND('',#400,.T.);
#235=FACE_OUTER_BOUND('',#402,.T.);
#236=FACE_OUTER_BOUND('',#403,.T.);
#237=FACE_OUTER_BOUND('',#404,.T.);
#238=FACE_OUTER_BOUND('',#405,.T.);
#239=FACE_OUTER_BOUND('',#406,.T.);
#240=FACE_OUTER_BOUND('',#408,.T.);
#241=FACE_OUTER_BOUND('',#409,.T.);
#242=FACE_OUTER_BOUND('',#410,.T.);
#243=FACE_OUTER_BOUND('',#411,.T.);
#244=FACE_OUTER_BOUND('',#412,.T.);
#245=FACE_OUTER_BOUND('',#413,.T.);
#246=FACE_OUTER_BOUND('',#414,.T.);
#247=FACE_OUTER_BOUND('',#416,.T.);
#248=FACE_OUTER_BOUND('',#417,.T.);
#249=FACE_OUTER_BOUND('',#418,.T.);
#250=FACE_OUTER_BOUND('',#419,.T.);
#251=FACE_OUTER_BOUND('',#420,.T.);
#252=FACE_OUTER_BOUND('',#421,.T.);
#253=FACE_OUTER_BOUND('',#422,.T.);
#254=FACE_OUTER_BOUND('',#423,.T.);
#255=FACE_OUTER_BOUND('',#424,.T.);
#256=FACE_OUTER_BOUND('',#425,.T.);
#257=FACE_OUTER_BOUND('',#426,.T.);
#258=FACE_OUTER_BOUND('',#427,.T.);
#259=FACE_OUTER_BOUND('',#428,.T.);
#260=FACE_OUTER_BOUND('',#429,.T.);
#261=FACE_OUTER_BOUND('',#430,.T.);
#262=FACE_OUTER_BOUND('',#431,.T.);
#263=FACE_OUTER_BOUND('',#432,.T.);
#264=FACE_OUTER_BOUND('',#433,.T.);
#265=FACE_OUTER_BOUND('',#434,.T.);
#266=FACE_OUTER_BOUND('',#435,.T.);
#267=FACE_OUTER_BOUND('',#437,.T.);
#268=FACE_OUTER_BOUND('',#438,.T.);
#269=FACE_OUTER_BOUND('',#439,.T.);
#270=FACE_OUTER_BOUND('',#440,.T.);
#271=FACE_OUTER_BOUND('',#441,.T.);
#272=FACE_OUTER_BOUND('',#442,.T.);
#273=FACE_OUTER_BOUND('',#443,.T.);
#274=FACE_OUTER_BOUND('',#444,.T.);
#275=FACE_OUTER_BOUND('',#445,.T.);
#276=FACE_OUTER_BOUND('',#446,.T.);
#277=FACE_OUTER_BOUND('',#447,.T.);
#278=FACE_OUTER_BOUND('',#448,.T.);
#279=FACE_OUTER_BOUND('',#449,.T.);
#280=FACE_OUTER_BOUND('',#450,.T.);
#281=FACE_OUTER_BOUND('',#451,.T.);
#282=FACE_OUTER_BOUND('',#457,.T.);
#283=FACE_OUTER_BOUND('',#458,.T.);
#284=FACE_OUTER_BOUND('',#459,.T.);
#285=FACE_OUTER_BOUND('',#460,.T.);
#286=FACE_OUTER_BOUND('',#461,.T.);
#287=FACE_OUTER_BOUND('',#462,.T.);
#288=FACE_OUTER_BOUND('',#463,.T.);
#289=FACE_OUTER_BOUND('',#464,.T.);
#290=FACE_OUTER_BOUND('',#465,.T.);
#291=FACE_OUTER_BOUND('',#466,.T.);
#292=FACE_OUTER_BOUND('',#467,.T.);
#293=FACE_OUTER_BOUND('',#468,.T.);
#294=FACE_OUTER_BOUND('',#469,.T.);
#295=FACE_OUTER_BOUND('',#470,.T.);
#296=FACE_OUTER_BOUND('',#471,.T.);
#297=FACE_OUTER_BOUND('',#472,.T.);
#298=FACE_OUTER_BOUND('',#473,.T.);
#299=FACE_OUTER_BOUND('',#474,.T.);
#300=FACE_OUTER_BOUND('',#475,.T.);
#301=FACE_OUTER_BOUND('',#476,.T.);
#302=FACE_OUTER_BOUND('',#477,.T.);
#303=FACE_OUTER_BOUND('',#478,.T.);
#304=FACE_OUTER_BOUND('',#482,.T.);
#305=FACE_OUTER_BOUND('',#483,.T.);
#306=FACE_OUTER_BOUND('',#484,.T.);
#307=FACE_OUTER_BOUND('',#485,.T.);
#308=FACE_OUTER_BOUND('',#486,.T.);
#309=FACE_OUTER_BOUND('',#487,.T.);
#310=FACE_OUTER_BOUND('',#488,.T.);
#311=FACE_OUTER_BOUND('',#489,.T.);
#312=FACE_OUTER_BOUND('',#490,.T.);
#313=FACE_OUTER_BOUND('',#491,.T.);
#314=FACE_OUTER_BOUND('',#492,.T.);
#315=FACE_OUTER_BOUND('',#493,.T.);
#316=FACE_OUTER_BOUND('',#494,.T.);
#317=FACE_OUTER_BOUND('',#495,.T.);
#318=FACE_OUTER_BOUND('',#496,.T.);
#319=FACE_OUTER_BOUND('',#497,.T.);
#320=FACE_OUTER_BOUND('',#498,.T.);
#321=FACE_OUTER_BOUND('',#499,.T.);
#322=FACE_OUTER_BOUND('',#500,.T.);
#323=FACE_OUTER_BOUND('',#502,.T.);
#324=FACE_OUTER_BOUND('',#503,.T.);
#325=FACE_OUTER_BOUND('',#504,.T.);
#326=FACE_OUTER_BOUND('',#505,.T.);
#327=FACE_OUTER_BOUND('',#506,.T.);
#328=FACE_OUTER_BOUND('',#507,.T.);
#329=FACE_OUTER_BOUND('',#508,.T.);
#330=FACE_OUTER_BOUND('',#510,.T.);
#331=FACE_OUTER_BOUND('',#511,.T.);
#332=FACE_OUTER_BOUND('',#512,.T.);
#333=FACE_OUTER_BOUND('',#513,.T.);
#334=FACE_OUTER_BOUND('',#514,.T.);
#335=FACE_OUTER_BOUND('',#515,.T.);
#336=FACE_OUTER_BOUND('',#516,.T.);
#337=FACE_OUTER_BOUND('',#517,.T.);
#338=FACE_OUTER_BOUND('',#518,.T.);
#339=FACE_OUTER_BOUND('',#519,.T.);
#340=FACE_OUTER_BOUND('',#520,.T.);
#341=FACE_OUTER_BOUND('',#521,.T.);
#342=EDGE_LOOP('',(#2125,#2126,#2127,#2128));
#343=EDGE_LOOP('',(#2129));
#344=EDGE_LOOP('',(#2130,#2131,#2132,#2133));
#345=EDGE_LOOP('',(#2134,#2135,#2136,#2137,#2138));
#346=EDGE_LOOP('',(#2139,#2140,#2141,#2142,#2143,#2144,#2145,#2146,#2147,
#2148,#2149,#2150,#2151,#2152,#2153,#2154,#2155,#2156));
#347=EDGE_LOOP('',(#2157));
#348=EDGE_LOOP('',(#2158));
#349=EDGE_LOOP('',(#2159,#2160,#2161,#2162,#2163,#2164,#2165,#2166,#2167,
#2168,#2169,#2170,#2171,#2172,#2173,#2174,#2175,#2176,#2177,#2178,#2179,
#2180,#2181,#2182,#2183,#2184,#2185,#2186,#2187,#2188,#2189,#2190,#2191,
#2192,#2193,#2194));
#350=EDGE_LOOP('',(#2195,#2196,#2197,#2198,#2199,#2200,#2201,#2202));
#351=EDGE_LOOP('',(#2203,#2204,#2205,#2206));
#352=EDGE_LOOP('',(#2207));
#353=EDGE_LOOP('',(#2208));
#354=EDGE_LOOP('',(#2209,#2210,#2211,#2212));
#355=EDGE_LOOP('',(#2213,#2214,#2215,#2216,#2217));
#356=EDGE_LOOP('',(#2218,#2219,#2220,#2221,#2222));
#357=EDGE_LOOP('',(#2223,#2224,#2225,#2226));
#358=EDGE_LOOP('',(#2227,#2228,#2229,#2230));
#359=EDGE_LOOP('',(#2231,#2232,#2233,#2234));
#360=EDGE_LOOP('',(#2235,#2236,#2237,#2238));
#361=EDGE_LOOP('',(#2239,#2240,#2241,#2242,#2243,#2244));
#362=EDGE_LOOP('',(#2245,#2246,#2247,#2248));
#363=EDGE_LOOP('',(#2249,#2250,#2251,#2252));
#364=EDGE_LOOP('',(#2253,#2254,#2255,#2256));
#365=EDGE_LOOP('',(#2257,#2258,#2259,#2260,#2261,#2262,#2263,#2264,#2265,
#2266,#2267,#2268,#2269,#2270));
#366=EDGE_LOOP('',(#2271));
#367=EDGE_LOOP('',(#2272,#2273,#2274,#2275));
#368=EDGE_LOOP('',(#2276,#2277,#2278,#2279,#2280,#2281,#2282,#2283,#2284,
#2285,#2286,#2287,#2288,#2289,#2290,#2291));
#369=EDGE_LOOP('',(#2292));
#370=EDGE_LOOP('',(#2293,#2294,#2295,#2296));
#371=EDGE_LOOP('',(#2297,#2298,#2299,#2300,#2301,#2302,#2303,#2304,#2305,
#2306,#2307,#2308,#2309,#2310,#2311));
#372=EDGE_LOOP('',(#2312,#2313,#2314,#2315));
#373=EDGE_LOOP('',(#2316,#2317,#2318,#2319));
#374=EDGE_LOOP('',(#2320));
#375=EDGE_LOOP('',(#2321));
#376=EDGE_LOOP('',(#2322,#2323,#2324,#2325,#2326,#2327,#2328,#2329,#2330,
#2331,#2332,#2333,#2334));
#377=EDGE_LOOP('',(#2335,#2336,#2337,#2338,#2339,#2340,#2341,#2342,#2343,
#2344,#2345,#2346));
#378=EDGE_LOOP('',(#2347,#2348,#2349,#2350));
#379=EDGE_LOOP('',(#2351,#2352,#2353,#2354));
#380=EDGE_LOOP('',(#2355,#2356,#2357,#2358));
#381=EDGE_LOOP('',(#2359,#2360,#2361,#2362));
#382=EDGE_LOOP('',(#2363));
#383=EDGE_LOOP('',(#2364));
#384=EDGE_LOOP('',(#2365,#2366,#2367,#2368));
#385=EDGE_LOOP('',(#2369));
#386=EDGE_LOOP('',(#2370,#2371,#2372,#2373));
#387=EDGE_LOOP('',(#2374));
#388=EDGE_LOOP('',(#2375));
#389=EDGE_LOOP('',(#2376,#2377,#2378,#2379));
#390=EDGE_LOOP('',(#2380,#2381,#2382,#2383));
#391=EDGE_LOOP('',(#2384,#2385,#2386,#2387,#2388,#2389,#2390,#2391,#2392));
#392=EDGE_LOOP('',(#2393,#2394,#2395,#2396));
#393=EDGE_LOOP('',(#2397,#2398,#2399,#2400));
#394=EDGE_LOOP('',(#2401,#2402,#2403,#2404,#2405,#2406,#2407,#2408,#2409));
#395=EDGE_LOOP('',(#2410,#2411,#2412,#2413));
#396=EDGE_LOOP('',(#2414,#2415,#2416,#2417));
#397=EDGE_LOOP('',(#2418,#2419,#2420,#2421));
#398=EDGE_LOOP('',(#2422,#2423,#2424,#2425));
#399=EDGE_LOOP('',(#2426,#2427,#2428,#2429));
#400=EDGE_LOOP('',(#2430));
#401=EDGE_LOOP('',(#2431));
#402=EDGE_LOOP('',(#2432,#2433,#2434,#2435));
#403=EDGE_LOOP('',(#2436));
#404=EDGE_LOOP('',(#2437,#2438,#2439,#2440));
#405=EDGE_LOOP('',(#2441,#2442,#2443,#2444));
#406=EDGE_LOOP('',(#2445));
#407=EDGE_LOOP('',(#2446));
#408=EDGE_LOOP('',(#2447,#2448,#2449,#2450));
#409=EDGE_LOOP('',(#2451,#2452,#2453,#2454));
#410=EDGE_LOOP('',(#2455,#2456,#2457,#2458));
#411=EDGE_LOOP('',(#2459,#2460,#2461,#2462));
#412=EDGE_LOOP('',(#2463));
#413=EDGE_LOOP('',(#2464,#2465,#2466,#2467));
#414=EDGE_LOOP('',(#2468));
#415=EDGE_LOOP('',(#2469));
#416=EDGE_LOOP('',(#2470,#2471,#2472,#2473));
#417=EDGE_LOOP('',(#2474,#2475,#2476,#2477));
#418=EDGE_LOOP('',(#2478,#2479,#2480,#2481,#2482,#2483,#2484,#2485,#2486));
#419=EDGE_LOOP('',(#2487,#2488,#2489,#2490,#2491,#2492));
#420=EDGE_LOOP('',(#2493,#2494,#2495,#2496));
#421=EDGE_LOOP('',(#2497,#2498,#2499,#2500));
#422=EDGE_LOOP('',(#2501,#2502,#2503,#2504));
#423=EDGE_LOOP('',(#2505,#2506,#2507,#2508,#2509,#2510,#2511,#2512));
#424=EDGE_LOOP('',(#2513,#2514,#2515,#2516));
#425=EDGE_LOOP('',(#2517,#2518,#2519,#2520));
#426=EDGE_LOOP('',(#2521,#2522,#2523,#2524));
#427=EDGE_LOOP('',(#2525,#2526,#2527,#2528));
#428=EDGE_LOOP('',(#2529,#2530,#2531,#2532));
#429=EDGE_LOOP('',(#2533,#2534,#2535,#2536));
#430=EDGE_LOOP('',(#2537,#2538,#2539,#2540));
#431=EDGE_LOOP('',(#2541,#2542,#2543,#2544));
#432=EDGE_LOOP('',(#2545,#2546,#2547,#2548));
#433=EDGE_LOOP('',(#2549,#2550,#2551,#2552));
#434=EDGE_LOOP('',(#2553,#2554,#2555,#2556));
#435=EDGE_LOOP('',(#2557,#2558,#2559,#2560));
#436=EDGE_LOOP('',(#2561,#2562,#2563,#2564));
#437=EDGE_LOOP('',(#2565,#2566,#2567,#2568));
#438=EDGE_LOOP('',(#2569,#2570,#2571,#2572));
#439=EDGE_LOOP('',(#2573,#2574,#2575,#2576));
#440=EDGE_LOOP('',(#2577,#2578,#2579,#2580));
#441=EDGE_LOOP('',(#2581,#2582,#2583,#2584));
#442=EDGE_LOOP('',(#2585,#2586,#2587,#2588));
#443=EDGE_LOOP('',(#2589,#2590,#2591,#2592));
#444=EDGE_LOOP('',(#2593,#2594,#2595,#2596));
#445=EDGE_LOOP('',(#2597,#2598,#2599,#2600));
#446=EDGE_LOOP('',(#2601,#2602,#2603,#2604));
#447=EDGE_LOOP('',(#2605,#2606,#2607,#2608));
#448=EDGE_LOOP('',(#2609,#2610,#2611,#2612));
#449=EDGE_LOOP('',(#2613,#2614,#2615,#2616));
#450=EDGE_LOOP('',(#2617,#2618,#2619,#2620));
#451=EDGE_LOOP('',(#2621,#2622,#2623,#2624));
#452=EDGE_LOOP('',(#2625,#2626,#2627,#2628,#2629,#2630,#2631,#2632,#2633,
#2634,#2635,#2636));
#453=EDGE_LOOP('',(#2637,#2638,#2639,#2640));
#454=EDGE_LOOP('',(#2641,#2642,#2643,#2644));
#455=EDGE_LOOP('',(#2645,#2646,#2647,#2648));
#456=EDGE_LOOP('',(#2649));
#457=EDGE_LOOP('',(#2650,#2651,#2652,#2653));
#458=EDGE_LOOP('',(#2654,#2655,#2656,#2657));
#459=EDGE_LOOP('',(#2658,#2659,#2660,#2661));
#460=EDGE_LOOP('',(#2662,#2663,#2664,#2665));
#461=EDGE_LOOP('',(#2666,#2667,#2668,#2669));
#462=EDGE_LOOP('',(#2670,#2671,#2672,#2673));
#463=EDGE_LOOP('',(#2674,#2675,#2676,#2677));
#464=EDGE_LOOP('',(#2678,#2679,#2680,#2681));
#465=EDGE_LOOP('',(#2682,#2683,#2684,#2685));
#466=EDGE_LOOP('',(#2686,#2687,#2688,#2689));
#467=EDGE_LOOP('',(#2690,#2691,#2692,#2693));
#468=EDGE_LOOP('',(#2694,#2695,#2696,#2697));
#469=EDGE_LOOP('',(#2698,#2699,#2700,#2701));
#470=EDGE_LOOP('',(#2702,#2703,#2704,#2705));
#471=EDGE_LOOP('',(#2706,#2707,#2708,#2709));
#472=EDGE_LOOP('',(#2710,#2711,#2712,#2713));
#473=EDGE_LOOP('',(#2714,#2715,#2716,#2717,#2718,#2719,#2720,#2721,#2722,
#2723,#2724,#2725));
#474=EDGE_LOOP('',(#2726,#2727,#2728,#2729));
#475=EDGE_LOOP('',(#2730,#2731,#2732,#2733,#2734,#2735,#2736,#2737,#2738,
#2739,#2740,#2741,#2742,#2743,#2744,#2745,#2746,#2747,#2748,#2749));
#476=EDGE_LOOP('',(#2750,#2751,#2752,#2753));
#477=EDGE_LOOP('',(#2754,#2755,#2756,#2757,#2758,#2759,#2760,#2761));
#478=EDGE_LOOP('',(#2762,#2763,#2764,#2765,#2766,#2767,#2768,#2769,#2770,
#2771,#2772,#2773,#2774,#2775,#2776,#2777));
#479=EDGE_LOOP('',(#2778,#2779,#2780,#2781));
#480=EDGE_LOOP('',(#2782,#2783,#2784,#2785));
#481=EDGE_LOOP('',(#2786));
#482=EDGE_LOOP('',(#2787,#2788,#2789,#2790,#2791,#2792,#2793,#2794,#2795,
#2796,#2797,#2798,#2799,#2800,#2801));
#483=EDGE_LOOP('',(#2802,#2803,#2804,#2805));
#484=EDGE_LOOP('',(#2806,#2807,#2808,#2809));
#485=EDGE_LOOP('',(#2810,#2811,#2812,#2813,#2814,#2815,#2816,#2817,#2818,
#2819,#2820,#2821,#2822,#2823,#2824));
#486=EDGE_LOOP('',(#2825,#2826,#2827,#2828));
#487=EDGE_LOOP('',(#2829,#2830,#2831,#2832));
#488=EDGE_LOOP('',(#2833,#2834,#2835,#2836,#2837,#2838,#2839,#2840,#2841,
#2842,#2843,#2844,#2845,#2846,#2847,#2848,#2849,#2850,#2851));
#489=EDGE_LOOP('',(#2852,#2853,#2854,#2855));
#490=EDGE_LOOP('',(#2856,#2857,#2858,#2859));
#491=EDGE_LOOP('',(#2860,#2861,#2862,#2863));
#492=EDGE_LOOP('',(#2864,#2865,#2866,#2867));
#493=EDGE_LOOP('',(#2868,#2869,#2870,#2871,#2872,#2873,#2874,#2875));
#494=EDGE_LOOP('',(#2876,#2877,#2878,#2879));
#495=EDGE_LOOP('',(#2880,#2881,#2882,#2883));
#496=EDGE_LOOP('',(#2884,#2885));
#497=EDGE_LOOP('',(#2886,#2887,#2888,#2889));
#498=EDGE_LOOP('',(#2890,#2891,#2892,#2893));
#499=EDGE_LOOP('',(#2894,#2895,#2896,#2897));
#500=EDGE_LOOP('',(#2898,#2899,#2900,#2901,#2902,#2903,#2904,#2905,#2906,
#2907,#2908,#2909,#2910,#2911,#2912,#2913,#2914,#2915,#2916,#2917,#2918));
#501=EDGE_LOOP('',(#2919));
#502=EDGE_LOOP('',(#2920,#2921,#2922,#2923));
#503=EDGE_LOOP('',(#2924,#2925,#2926,#2927,#2928,#2929,#2930,#2931));
#504=EDGE_LOOP('',(#2932,#2933,#2934,#2935));
#505=EDGE_LOOP('',(#2936,#2937,#2938,#2939));
#506=EDGE_LOOP('',(#2940,#2941,#2942,#2943));
#507=EDGE_LOOP('',(#2944,#2945,#2946,#2947));
#508=EDGE_LOOP('',(#2948,#2949,#2950,#2951,#2952,#2953,#2954,#2955,#2956,
#2957,#2958,#2959,#2960,#2961,#2962,#2963,#2964));
#509=EDGE_LOOP('',(#2965));
#510=EDGE_LOOP('',(#2966,#2967,#2968,#2969));
#511=EDGE_LOOP('',(#2970,#2971,#2972,#2973));
#512=EDGE_LOOP('',(#2974,#2975,#2976,#2977));
#513=EDGE_LOOP('',(#2978,#2979,#2980,#2981));
#514=EDGE_LOOP('',(#2982,#2983,#2984,#2985));
#515=EDGE_LOOP('',(#2986,#2987));
#516=EDGE_LOOP('',(#2988,#2989,#2990,#2991));
#517=EDGE_LOOP('',(#2992,#2993,#2994,#2995));
#518=EDGE_LOOP('',(#2996,#2997,#2998,#2999,#3000,#3001,#3002,#3003,#3004,
#3005,#3006,#3007,#3008,#3009,#3010,#3011,#3012,#3013,#3014));
#519=EDGE_LOOP('',(#3015,#3016));
#520=EDGE_LOOP('',(#3017,#3018));
#521=EDGE_LOOP('',(#3019,#3020));
#522=LINE('',#4179,#937);
#523=LINE('',#4185,#938);
#524=LINE('',#4187,#939);
#525=LINE('',#4189,#940);
#526=LINE('',#4190,#941);
#527=LINE('',#4193,#942);
#528=LINE('',#4195,#943);
#529=LINE('',#4197,#944);
#530=LINE('',#4198,#945);
#531=LINE('',#4201,#946);
#532=LINE('',#4203,#947);
#533=LINE('',#4205,#948);
#534=LINE('',#4207,#949);
#535=LINE('',#4209,#950);
#536=LINE('',#4211,#951);
#537=LINE('',#4213,#952);
#538=LINE('',#4215,#953);
#539=LINE('',#4217,#954);
#540=LINE('',#4219,#955);
#541=LINE('',#4221,#956);
#542=LINE('',#4223,#957);
#543=LINE('',#4225,#958);
#544=LINE('',#4227,#959);
#545=LINE('',#4229,#960);
#546=LINE('',#4231,#961);
#547=LINE('',#4232,#962);
#548=LINE('',#4239,#963);
#549=LINE('',#4241,#964);
#550=LINE('',#4243,#965);
#551=LINE('',#4245,#966);
#552=LINE('',#4247,#967);
#553=LINE('',#4249,#968);
#554=LINE('',#4251,#969);
#555=LINE('',#4253,#970);
#556=LINE('',#4255,#971);
#557=LINE('',#4257,#972);
#558=LINE('',#4259,#973);
#559=LINE('',#4261,#974);
#560=LINE('',#4263,#975);
#561=LINE('',#4265,#976);
#562=LINE('',#4267,#977);
#563=LINE('',#4269,#978);
#564=LINE('',#4271,#979);
#565=LINE('',#4273,#980);
#566=LINE('',#4275,#981);
#567=LINE('',#4277,#982);
#568=LINE('',#4279,#983);
#569=LINE('',#4281,#984);
#570=LINE('',#4283,#985);
#571=LINE('',#4285,#986);
#572=LINE('',#4287,#987);
#573=LINE('',#4289,#988);
#574=LINE('',#4291,#989);
#575=LINE('',#4293,#990);
#576=LINE('',#4295,#991);
#577=LINE('',#4297,#992);
#578=LINE('',#4299,#993);
#579=LINE('',#4301,#994);
#580=LINE('',#4302,#995);
#581=LINE('',#4305,#996);
#582=LINE('',#4307,#997);
#583=LINE('',#4309,#998);
#584=LINE('',#4311,#999);
#585=LINE('',#4313,#1000);
#586=LINE('',#4315,#1001);
#587=LINE('',#4317,#1002);
#588=LINE('',#4318,#1003);
#589=LINE('',#4321,#1004);
#590=LINE('',#4323,#1005);
#591=LINE('',#4325,#1006);
#592=LINE('',#4326,#1007);
#593=LINE('',#4333,#1008);
#594=LINE('',#4335,#1009);
#595=LINE('',#4336,#1010);
#596=LINE('',#4339,#1011);
#597=LINE('',#4341,#1012);
#598=LINE('',#4342,#1013);
#599=LINE('',#4345,#1014);
#600=LINE('',#4347,#1015);
#601=LINE('',#4348,#1016);
#602=LINE('',#4351,#1017);
#603=LINE('',#4355,#1018);
#604=LINE('',#4358,#1019);
#605=LINE('',#4359,#1020);
#606=LINE('',#4362,#1021);
#607=LINE('',#4364,#1022);
#608=LINE('',#4365,#1023);
#609=LINE('',#4367,#1024);
#610=LINE('',#4369,#1025);
#611=LINE('',#4371,#1026);
#612=LINE('',#4372,#1027);
#613=LINE('',#4377,#1028);
#614=LINE('',#4379,#1029);
#615=LINE('',#4380,#1030);
#616=LINE('',#4383,#1031);
#617=LINE('',#4385,#1032);
#618=LINE('',#4387,#1033);
#619=LINE('',#4389,#1034);
#620=LINE('',#4390,#1035);
#621=LINE('',#4392,#1036);
#622=LINE('',#4394,#1037);
#623=LINE('',#4395,#1038);
#624=LINE('',#4398,#1039);
#625=LINE('',#4400,#1040);
#626=LINE('',#4401,#1041);
#627=LINE('',#4404,#1042);
#628=LINE('',#4406,#1043);
#629=LINE('',#4408,#1044);
#630=LINE('',#4410,#1045);
#631=LINE('',#4411,#1046);
#632=LINE('',#4413,#1047);
#633=LINE('',#4415,#1048);
#634=LINE('',#4417,#1049);
#635=LINE('',#4419,#1050);
#636=LINE('',#4420,#1051);
#637=LINE('',#4422,#1052);
#638=LINE('',#4423,#1053);
#639=LINE('',#4426,#1054);
#640=LINE('',#4428,#1055);
#641=LINE('',#4429,#1056);
#642=LINE('',#4430,#1057);
#643=LINE('',#4432,#1058);
#644=LINE('',#4434,#1059);
#645=LINE('',#4436,#1060);
#646=LINE('',#4438,#1061);
#647=LINE('',#4440,#1062);
#648=LINE('',#4442,#1063);
#649=LINE('',#4443,#1064);
#650=LINE('',#4446,#1065);
#651=LINE('',#4447,#1066);
#652=LINE('',#4451,#1067);
#653=LINE('',#4453,#1068);
#654=LINE('',#4455,#1069);
#655=LINE('',#4456,#1070);
#656=LINE('',#4464,#1071);
#657=LINE('',#4466,#1072);
#658=LINE('',#4468,#1073);
#659=LINE('',#4470,#1074);
#660=LINE('',#4472,#1075);
#661=LINE('',#4474,#1076);
#662=LINE('',#4476,#1077);
#663=LINE('',#4478,#1078);
#664=LINE('',#4479,#1079);
#665=LINE('',#4480,#1080);
#666=LINE('',#4483,#1081);
#667=LINE('',#4485,#1082);
#668=LINE('',#4487,#1083);
#669=LINE('',#4489,#1084);
#670=LINE('',#4491,#1085);
#671=LINE('',#4493,#1086);
#672=LINE('',#4494,#1087);
#673=LINE('',#4496,#1088);
#674=LINE('',#4497,#1089);
#675=LINE('',#4501,#1090);
#676=LINE('',#4503,#1091);
#677=LINE('',#4505,#1092);
#678=LINE('',#4506,#1093);
#679=LINE('',#4508,#1094);
#680=LINE('',#4513,#1095);
#681=LINE('',#4520,#1096);
#682=LINE('',#4527,#1097);
#683=LINE('',#4532,#1098);
#684=LINE('',#4534,#1099);
#685=LINE('',#4535,#1100);
#686=LINE('',#4539,#1101);
#687=LINE('',#4540,#1102);
#688=LINE('',#4541,#1103);
#689=LINE('',#4544,#1104);
#690=LINE('',#4545,#1105);
#691=LINE('',#4547,#1106);
#692=LINE('',#4548,#1107);
#693=LINE('',#4549,#1108);
#694=LINE('',#4550,#1109);
#695=LINE('',#4553,#1110);
#696=LINE('',#4554,#1111);
#697=LINE('',#4556,#1112);
#698=LINE('',#4559,#1113);
#699=LINE('',#4560,#1114);
#700=LINE('',#4561,#1115);
#701=LINE('',#4562,#1116);
#702=LINE('',#4563,#1117);
#703=LINE('',#4567,#1118);
#704=LINE('',#4568,#1119);
#705=LINE('',#4570,#1120);
#706=LINE('',#4572,#1121);
#707=LINE('',#4580,#1122);
#708=LINE('',#4585,#1123);
#709=LINE('',#4588,#1124);
#710=LINE('',#4597,#1125);
#711=LINE('',#4600,#1126);
#712=LINE('',#4602,#1127);
#713=LINE('',#4607,#1128);
#714=LINE('',#4612,#1129);
#715=LINE('',#4616,#1130);
#716=LINE('',#4618,#1131);
#717=LINE('',#4619,#1132);
#718=LINE('',#4622,#1133);
#719=LINE('',#4624,#1134);
#720=LINE('',#4626,#1135);
#721=LINE('',#4628,#1136);
#722=LINE('',#4629,#1137);
#723=LINE('',#4630,#1138);
#724=LINE('',#4632,#1139);
#725=LINE('',#4634,#1140);
#726=LINE('',#4636,#1141);
#727=LINE('',#4637,#1142);
#728=LINE('',#4640,#1143);
#729=LINE('',#4644,#1144);
#730=LINE('',#4645,#1145);
#731=LINE('',#4646,#1146);
#732=LINE('',#4649,#1147);
#733=LINE('',#4651,#1148);
#734=LINE('',#4652,#1149);
#735=LINE('',#4654,#1150);
#736=LINE('',#4655,#1151);
#737=LINE('',#4659,#1152);
#738=LINE('',#4661,#1153);
#739=LINE('',#4663,#1154);
#740=LINE('',#4664,#1155);
#741=LINE('',#4668,#1156);
#742=LINE('',#4670,#1157);
#743=LINE('',#4672,#1158);
#744=LINE('',#4673,#1159);
#745=LINE('',#4677,#1160);
#746=LINE('',#4679,#1161);
#747=LINE('',#4681,#1162);
#748=LINE('',#4682,#1163);
#749=LINE('',#4685,#1164);
#750=LINE('',#4687,#1165);
#751=LINE('',#4688,#1166);
#752=LINE('',#4691,#1167);
#753=LINE('',#4692,#1168);
#754=LINE('',#4695,#1169);
#755=LINE('',#4696,#1170);
#756=LINE('',#4699,#1171);
#757=LINE('',#4701,#1172);
#758=LINE('',#4702,#1173);
#759=LINE('',#4705,#1174);
#760=LINE('',#4706,#1175);
#761=LINE('',#4709,#1176);
#762=LINE('',#4710,#1177);
#763=LINE('',#4714,#1178);
#764=LINE('',#4716,#1179);
#765=LINE('',#4718,#1180);
#766=LINE('',#4719,#1181);
#767=LINE('',#4722,#1182);
#768=LINE('',#4724,#1183);
#769=LINE('',#4726,#1184);
#770=LINE('',#4727,#1185);
#771=LINE('',#4731,#1186);
#772=LINE('',#4732,#1187);
#773=LINE('',#4733,#1188);
#774=LINE('',#4736,#1189);
#775=LINE('',#4737,#1190);
#776=LINE('',#4740,#1191);
#777=LINE('',#4741,#1192);
#778=LINE('',#4743,#1193);
#779=LINE('',#4747,#1194);
#780=LINE('',#4748,#1195);
#781=LINE('',#4749,#1196);
#782=LINE('',#4752,#1197);
#783=LINE('',#4753,#1198);
#784=LINE('',#4756,#1199);
#785=LINE('',#4757,#1200);
#786=LINE('',#4759,#1201);
#787=LINE('',#4763,#1202);
#788=LINE('',#4765,#1203);
#789=LINE('',#4767,#1204);
#790=LINE('',#4768,#1205);
#791=LINE('',#4771,#1206);
#792=LINE('',#4773,#1207);
#793=LINE('',#4774,#1208);
#794=LINE('',#4777,#1209);
#795=LINE('',#4778,#1210);
#796=LINE('',#4782,#1211);
#797=LINE('',#4784,#1212);
#798=LINE('',#4786,#1213);
#799=LINE('',#4787,#1214);
#800=LINE('',#4790,#1215);
#801=LINE('',#4792,#1216);
#802=LINE('',#4793,#1217);
#803=LINE('',#4796,#1218);
#804=LINE('',#4797,#1219);
#805=LINE('',#4799,#1220);
#806=LINE('',#4800,#1221);
#807=LINE('',#4803,#1222);
#808=LINE('',#4804,#1223);
#809=LINE('',#4805,#1224);
#810=LINE('',#4807,#1225);
#811=LINE('',#4809,#1226);
#812=LINE('',#4811,#1227);
#813=LINE('',#4813,#1228);
#814=LINE('',#4814,#1229);
#815=LINE('',#4817,#1230);
#816=LINE('',#4819,#1231);
#817=LINE('',#4821,#1232);
#818=LINE('',#4822,#1233);
#819=LINE('',#4825,#1234);
#820=LINE('',#4827,#1235);
#821=LINE('',#4829,#1236);
#822=LINE('',#4830,#1237);
#823=LINE('',#4834,#1238);
#824=LINE('',#4836,#1239);
#825=LINE('',#4838,#1240);
#826=LINE('',#4839,#1241);
#827=LINE('',#4841,#1242);
#828=LINE('',#4842,#1243);
#829=LINE('',#4846,#1244);
#830=LINE('',#4848,#1245);
#831=LINE('',#4850,#1246);
#832=LINE('',#4851,#1247);
#833=LINE('',#4853,#1248);
#834=LINE('',#4854,#1249);
#835=LINE('',#4856,#1250);
#836=LINE('',#4858,#1251);
#837=LINE('',#4863,#1252);
#838=LINE('',#4865,#1253);
#839=LINE('',#4867,#1254);
#840=LINE('',#4868,#1255);
#841=LINE('',#4870,#1256);
#842=LINE('',#4871,#1257);
#843=LINE('',#4873,#1258);
#844=LINE('',#4875,#1259);
#845=LINE('',#4878,#1260);
#846=LINE('',#4880,#1261);
#847=LINE('',#4882,#1262);
#848=LINE('',#4884,#1263);
#849=LINE('',#4887,#1264);
#850=LINE('',#4888,#1265);
#851=LINE('',#4890,#1266);
#852=LINE('',#4892,#1267);
#853=LINE('',#4894,#1268);
#854=LINE('',#4895,#1269);
#855=LINE('',#4896,#1270);
#856=LINE('',#4898,#1271);
#857=LINE('',#4900,#1272);
#858=LINE('',#4901,#1273);
#859=LINE('',#4905,#1274);
#860=LINE('',#4907,#1275);
#861=LINE('',#4909,#1276);
#862=LINE('',#4910,#1277);
#863=LINE('',#4914,#1278);
#864=LINE('',#4915,#1279);
#865=LINE('',#4916,#1280);
#866=LINE('',#4918,#1281);
#867=LINE('',#4919,#1282);
#868=LINE('',#4922,#1283);
#869=LINE('',#4924,#1284);
#870=LINE('',#4925,#1285);
#871=LINE('',#4926,#1286);
#872=LINE('',#4927,#1287);
#873=LINE('',#4930,#1288);
#874=LINE('',#4932,#1289);
#875=LINE('',#4934,#1290);
#876=LINE('',#4936,#1291);
#877=LINE('',#4938,#1292);
#878=LINE('',#4940,#1293);
#879=LINE('',#4941,#1294);
#880=LINE('',#4942,#1295);
#881=LINE('',#4944,#1296);
#882=LINE('',#4946,#1297);
#883=LINE('',#4947,#1298);
#884=LINE('',#4950,#1299);
#885=LINE('',#4951,#1300);
#886=LINE('',#4953,#1301);
#887=LINE('',#4954,#1302);
#888=LINE('',#4957,#1303);
#889=LINE('',#4958,#1304);
#890=LINE('',#4959,#1305);
#891=LINE('',#4961,#1306);
#892=LINE('',#4962,#1307);
#893=LINE('',#4965,#1308);
#894=LINE('',#4967,#1309);
#895=LINE('',#4968,#1310);
#896=LINE('',#4971,#1311);
#897=LINE('',#4972,#1312);
#898=LINE('',#4975,#1313);
#899=LINE('',#4977,#1314);
#900=LINE('',#4978,#1315);
#901=LINE('',#4980,#1316);
#902=LINE('',#4982,#1317);
#903=LINE('',#4983,#1318);
#904=LINE('',#4985,#1319);
#905=LINE('',#4986,#1320);
#906=LINE('',#4987,#1321);
#907=LINE('',#4989,#1322);
#908=LINE('',#4992,#1323);
#909=LINE('',#4993,#1324);
#910=LINE('',#4996,#1325);
#911=LINE('',#4997,#1326);
#912=LINE('',#5000,#1327);
#913=LINE('',#5001,#1328);
#914=LINE('',#5004,#1329);
#915=LINE('',#5005,#1330);
#916=LINE('',#5008,#1331);
#917=LINE('',#5009,#1332);
#918=LINE('',#5011,#1333);
#919=LINE('',#5019,#1334);
#920=LINE('',#5021,#1335);
#921=LINE('',#5023,#1336);
#922=LINE('',#5024,#1337);
#923=LINE('',#5027,#1338);
#924=LINE('',#5029,#1339);
#925=LINE('',#5030,#1340);
#926=LINE('',#5033,#1341);
#927=LINE('',#5035,#1342);
#928=LINE('',#5036,#1343);
#929=LINE('',#5038,#1344);
#930=LINE('',#5039,#1345);
#931=LINE('',#5041,#1346);
#932=LINE('',#5043,#1347);
#933=LINE('',#5045,#1348);
#934=LINE('',#5046,#1349);
#935=LINE('',#5050,#1350);
#936=LINE('',#5062,#1351);
#937=VECTOR('',#3393,0.25);
#938=VECTOR('',#3400,1.);
#939=VECTOR('',#3401,1.);
#940=VECTOR('',#3402,1.);
#941=VECTOR('',#3403,1.);
#942=VECTOR('',#3406,1.);
#943=VECTOR('',#3407,1.);
#944=VECTOR('',#3408,1.);
#945=VECTOR('',#3409,1.);
#946=VECTOR('',#3412,1.);
#947=VECTOR('',#3413,1.);
#948=VECTOR('',#3414,1.);
#949=VECTOR('',#3415,1.);
#950=VECTOR('',#3416,1.);
#951=VECTOR('',#3417,1.);
#952=VECTOR('',#3418,1.);
#953=VECTOR('',#3419,1.);
#954=VECTOR('',#3420,1.);
#955=VECTOR('',#3421,1.);
#956=VECTOR('',#3422,1.);
#957=VECTOR('',#3423,1.);
#958=VECTOR('',#3424,1.);
#959=VECTOR('',#3425,1.);
#960=VECTOR('',#3426,1.);
#961=VECTOR('',#3427,1.);
#962=VECTOR('',#3428,1.);
#963=VECTOR('',#3435,1.);
#964=VECTOR('',#3436,1.);
#965=VECTOR('',#3437,1.);
#966=VECTOR('',#3438,1.);
#967=VECTOR('',#3439,1.);
#968=VECTOR('',#3440,1.);
#969=VECTOR('',#3441,1.);
#970=VECTOR('',#3442,1.);
#971=VECTOR('',#3443,1.);
#972=VECTOR('',#3444,1.);
#973=VECTOR('',#3445,1.);
#974=VECTOR('',#3446,1.);
#975=VECTOR('',#3447,1.);
#976=VECTOR('',#3448,1.);
#977=VECTOR('',#3449,1.);
#978=VECTOR('',#3450,1.);
#979=VECTOR('',#3451,1.);
#980=VECTOR('',#3452,1.);
#981=VECTOR('',#3453,1.);
#982=VECTOR('',#3454,1.);
#983=VECTOR('',#3455,1.);
#984=VECTOR('',#3456,1.);
#985=VECTOR('',#3457,1.);
#986=VECTOR('',#3458,1.);
#987=VECTOR('',#3459,1.);
#988=VECTOR('',#3460,1.);
#989=VECTOR('',#3461,1.);
#990=VECTOR('',#3462,1.);
#991=VECTOR('',#3463,1.);
#992=VECTOR('',#3464,1.);
#993=VECTOR('',#3465,1.);
#994=VECTOR('',#3466,1.);
#995=VECTOR('',#3467,1.);
#996=VECTOR('',#3468,1.);
#997=VECTOR('',#3469,1.);
#998=VECTOR('',#3470,1.);
#999=VECTOR('',#3471,1.);
#1000=VECTOR('',#3472,1.);
#1001=VECTOR('',#3473,1.);
#1002=VECTOR('',#3474,1.);
#1003=VECTOR('',#3475,1.);
#1004=VECTOR('',#3476,1.);
#1005=VECTOR('',#3477,1.);
#1006=VECTOR('',#3478,1.);
#1007=VECTOR('',#3479,1.);
#1008=VECTOR('',#3486,1.);
#1009=VECTOR('',#3487,1.);
#1010=VECTOR('',#3488,1.);
#1011=VECTOR('',#3491,1.);
#1012=VECTOR('',#3492,1.);
#1013=VECTOR('',#3493,1.);
#1014=VECTOR('',#3496,1.);
#1015=VECTOR('',#3497,1.);
#1016=VECTOR('',#3498,1.);
#1017=VECTOR('',#3501,0.25);
#1018=VECTOR('',#3506,0.25);
#1019=VECTOR('',#3511,1.);
#1020=VECTOR('',#3512,1.);
#1021=VECTOR('',#3515,1.);
#1022=VECTOR('',#3516,1.);
#1023=VECTOR('',#3517,1.);
#1024=VECTOR('',#3520,1.);
#1025=VECTOR('',#3521,1.);
#1026=VECTOR('',#3522,1.);
#1027=VECTOR('',#3523,1.);
#1028=VECTOR('',#3530,1.);
#1029=VECTOR('',#3531,1.);
#1030=VECTOR('',#3532,1.);
#1031=VECTOR('',#3535,1.);
#1032=VECTOR('',#3536,1.);
#1033=VECTOR('',#3537,1.);
#1034=VECTOR('',#3538,1.);
#1035=VECTOR('',#3539,1.);
#1036=VECTOR('',#3540,1.);
#1037=VECTOR('',#3541,1.);
#1038=VECTOR('',#3542,1.);
#1039=VECTOR('',#3545,1.);
#1040=VECTOR('',#3546,1.);
#1041=VECTOR('',#3547,1.);
#1042=VECTOR('',#3550,1.);
#1043=VECTOR('',#3551,1.);
#1044=VECTOR('',#3552,1.);
#1045=VECTOR('',#3553,1.);
#1046=VECTOR('',#3554,1.);
#1047=VECTOR('',#3555,1.);
#1048=VECTOR('',#3556,1.);
#1049=VECTOR('',#3557,1.);
#1050=VECTOR('',#3558,1.);
#1051=VECTOR('',#3559,1.);
#1052=VECTOR('',#3562,1.);
#1053=VECTOR('',#3563,1.);
#1054=VECTOR('',#3566,1.);
#1055=VECTOR('',#3567,1.);
#1056=VECTOR('',#3568,1.);
#1057=VECTOR('',#3569,1.);
#1058=VECTOR('',#3570,1.);
#1059=VECTOR('',#3571,1.);
#1060=VECTOR('',#3572,1.);
#1061=VECTOR('',#3573,1.);
#1062=VECTOR('',#3574,1.);
#1063=VECTOR('',#3575,1.);
#1064=VECTOR('',#3576,1.);
#1065=VECTOR('',#3579,1.);
#1066=VECTOR('',#3580,1.);
#1067=VECTOR('',#3583,1.);
#1068=VECTOR('',#3584,1.);
#1069=VECTOR('',#3585,1.);
#1070=VECTOR('',#3586,1.);
#1071=VECTOR('',#3595,1.);
#1072=VECTOR('',#3596,1.);
#1073=VECTOR('',#3597,1.);
#1074=VECTOR('',#3598,1.);
#1075=VECTOR('',#3599,1.);
#1076=VECTOR('',#3600,1.);
#1077=VECTOR('',#3601,1.);
#1078=VECTOR('',#3602,1.);
#1079=VECTOR('',#3603,1.);
#1080=VECTOR('',#3604,1.);
#1081=VECTOR('',#3607,1.);
#1082=VECTOR('',#3608,1.);
#1083=VECTOR('',#3609,1.);
#1084=VECTOR('',#3610,1.);
#1085=VECTOR('',#3611,1.);
#1086=VECTOR('',#3612,1.);
#1087=VECTOR('',#3613,1.);
#1088=VECTOR('',#3616,1.);
#1089=VECTOR('',#3617,1.);
#1090=VECTOR('',#3620,1.);
#1091=VECTOR('',#3621,1.);
#1092=VECTOR('',#3622,1.);
#1093=VECTOR('',#3623,1.);
#1094=VECTOR('',#3626,1.);
#1095=VECTOR('',#3631,0.349511986344851);
#1096=VECTOR('',#3640,0.200000002980232);
#1097=VECTOR('',#3649,0.498480778281451);
#1098=VECTOR('',#3656,1.);
#1099=VECTOR('',#3657,1.);
#1100=VECTOR('',#3658,1.);
#1101=VECTOR('',#3661,1.);
#1102=VECTOR('',#3662,1.);
#1103=VECTOR('',#3663,1.);
#1104=VECTOR('',#3666,1.);
#1105=VECTOR('',#3667,1.);
#1106=VECTOR('',#3668,1.);
#1107=VECTOR('',#3669,1.);
#1108=VECTOR('',#3670,1.);
#1109=VECTOR('',#3671,1.);
#1110=VECTOR('',#3674,1.);
#1111=VECTOR('',#3675,1.);
#1112=VECTOR('',#3678,1.);
#1113=VECTOR('',#3681,1.);
#1114=VECTOR('',#3682,1.);
#1115=VECTOR('',#3683,1.);
#1116=VECTOR('',#3684,1.);
#1117=VECTOR('',#3685,1.);
#1118=VECTOR('',#3690,1.);
#1119=VECTOR('',#3691,1.);
#1120=VECTOR('',#3694,1.);
#1121=VECTOR('',#3697,1.);
#1122=VECTOR('',#3708,0.35);
#1123=VECTOR('',#3715,0.199999999999999);
#1124=VECTOR('',#3718,0.324999999999999);
#1125=VECTOR('',#3729,0.6);
#1126=VECTOR('',#3734,0.504999999999999);
#1127=VECTOR('',#3737,1.);
#1128=VECTOR('',#3742,0.199999999999999);
#1129=VECTOR('',#3749,0.349999999999998);
#1130=VECTOR('',#3756,1.);
#1131=VECTOR('',#3759,1.);
#1132=VECTOR('',#3760,1.);
#1133=VECTOR('',#3763,1.);
#1134=VECTOR('',#3764,1.);
#1135=VECTOR('',#3765,1.);
#1136=VECTOR('',#3766,1.);
#1137=VECTOR('',#3767,1.);
#1138=VECTOR('',#3768,1.);
#1139=VECTOR('',#3771,1.);
#1140=VECTOR('',#3772,1.);
#1141=VECTOR('',#3773,1.);
#1142=VECTOR('',#3774,1.);
#1143=VECTOR('',#3779,1.);
#1144=VECTOR('',#3784,1.);
#1145=VECTOR('',#3785,1.);
#1146=VECTOR('',#3786,1.);
#1147=VECTOR('',#3789,1.);
#1148=VECTOR('',#3790,1.);
#1149=VECTOR('',#3791,1.);
#1150=VECTOR('',#3794,1.);
#1151=VECTOR('',#3795,1.);
#1152=VECTOR('',#3798,1.);
#1153=VECTOR('',#3799,1.);
#1154=VECTOR('',#3800,1.);
#1155=VECTOR('',#3801,1.);
#1156=VECTOR('',#3804,1.);
#1157=VECTOR('',#3805,1.);
#1158=VECTOR('',#3806,1.);
#1159=VECTOR('',#3807,1.);
#1160=VECTOR('',#3810,1.);
#1161=VECTOR('',#3811,1.);
#1162=VECTOR('',#3812,1.);
#1163=VECTOR('',#3813,1.);
#1164=VECTOR('',#3816,1.);
#1165=VECTOR('',#3817,1.);
#1166=VECTOR('',#3818,1.);
#1167=VECTOR('',#3821,1.);
#1168=VECTOR('',#3822,1.);
#1169=VECTOR('',#3825,1.);
#1170=VECTOR('',#3826,1.);
#1171=VECTOR('',#3829,1.);
#1172=VECTOR('',#3830,1.);
#1173=VECTOR('',#3831,1.);
#1174=VECTOR('',#3834,1.);
#1175=VECTOR('',#3835,1.);
#1176=VECTOR('',#3838,1.);
#1177=VECTOR('',#3839,1.);
#1178=VECTOR('',#3842,1.);
#1179=VECTOR('',#3843,1.);
#1180=VECTOR('',#3844,1.);
#1181=VECTOR('',#3845,1.);
#1182=VECTOR('',#3846,1.);
#1183=VECTOR('',#3847,1.);
#1184=VECTOR('',#3848,1.);
#1185=VECTOR('',#3849,1.);
#1186=VECTOR('',#3852,1.);
#1187=VECTOR('',#3853,1.);
#1188=VECTOR('',#3854,1.);
#1189=VECTOR('',#3857,1.);
#1190=VECTOR('',#3858,1.);
#1191=VECTOR('',#3861,1.);
#1192=VECTOR('',#3862,1.);
#1193=VECTOR('',#3865,1.);
#1194=VECTOR('',#3868,1.);
#1195=VECTOR('',#3869,1.);
#1196=VECTOR('',#3870,1.);
#1197=VECTOR('',#3873,1.);
#1198=VECTOR('',#3874,1.);
#1199=VECTOR('',#3877,1.);
#1200=VECTOR('',#3878,1.);
#1201=VECTOR('',#3881,1.);
#1202=VECTOR('',#3884,1.);
#1203=VECTOR('',#3885,1.);
#1204=VECTOR('',#3886,1.);
#1205=VECTOR('',#3887,1.);
#1206=VECTOR('',#3890,1.);
#1207=VECTOR('',#3891,1.);
#1208=VECTOR('',#3892,1.);
#1209=VECTOR('',#3895,1.);
#1210=VECTOR('',#3896,1.);
#1211=VECTOR('',#3899,1.);
#1212=VECTOR('',#3900,1.);
#1213=VECTOR('',#3901,1.);
#1214=VECTOR('',#3902,1.);
#1215=VECTOR('',#3905,1.);
#1216=VECTOR('',#3906,1.);
#1217=VECTOR('',#3907,1.);
#1218=VECTOR('',#3910,1.);
#1219=VECTOR('',#3911,1.);
#1220=VECTOR('',#3914,1.);
#1221=VECTOR('',#3915,1.);
#1222=VECTOR('',#3916,1.);
#1223=VECTOR('',#3917,1.);
#1224=VECTOR('',#3918,1.);
#1225=VECTOR('',#3919,1.);
#1226=VECTOR('',#3920,1.);
#1227=VECTOR('',#3921,1.);
#1228=VECTOR('',#3922,1.);
#1229=VECTOR('',#3923,1.);
#1230=VECTOR('',#3924,1.);
#1231=VECTOR('',#3925,1.);
#1232=VECTOR('',#3926,1.);
#1233=VECTOR('',#3927,1.);
#1234=VECTOR('',#3928,1.);
#1235=VECTOR('',#3929,1.);
#1236=VECTOR('',#3930,1.);
#1237=VECTOR('',#3931,1.);
#1238=VECTOR('',#3934,1.);
#1239=VECTOR('',#3935,1.);
#1240=VECTOR('',#3936,1.);
#1241=VECTOR('',#3937,1.);
#1242=VECTOR('',#3940,1.);
#1243=VECTOR('',#3941,1.);
#1244=VECTOR('',#3944,1.);
#1245=VECTOR('',#3945,1.);
#1246=VECTOR('',#3946,1.);
#1247=VECTOR('',#3947,1.);
#1248=VECTOR('',#3950,1.);
#1249=VECTOR('',#3951,1.);
#1250=VECTOR('',#3954,1.);
#1251=VECTOR('',#3957,1.);
#1252=VECTOR('',#3962,1.);
#1253=VECTOR('',#3963,1.);
#1254=VECTOR('',#3964,1.);
#1255=VECTOR('',#3965,1.);
#1256=VECTOR('',#3968,1.);
#1257=VECTOR('',#3969,1.);
#1258=VECTOR('',#3972,1.);
#1259=VECTOR('',#3975,1.);
#1260=VECTOR('',#3980,1.);
#1261=VECTOR('',#3983,1.);
#1262=VECTOR('',#3986,1.);
#1263=VECTOR('',#3989,1.);
#1264=VECTOR('',#3994,1.);
#1265=VECTOR('',#3995,1.);
#1266=VECTOR('',#3998,1.);
#1267=VECTOR('',#3999,1.);
#1268=VECTOR('',#4000,1.);
#1269=VECTOR('',#4001,1.);
#1270=VECTOR('',#4002,1.);
#1271=VECTOR('',#4003,1.);
#1272=VECTOR('',#4004,1.);
#1273=VECTOR('',#4005,1.);
#1274=VECTOR('',#4008,1.);
#1275=VECTOR('',#4009,1.);
#1276=VECTOR('',#4010,1.);
#1277=VECTOR('',#4011,1.);
#1278=VECTOR('',#4014,1.);
#1279=VECTOR('',#4015,1.);
#1280=VECTOR('',#4016,1.);
#1281=VECTOR('',#4017,1.);
#1282=VECTOR('',#4018,1.);
#1283=VECTOR('',#4021,1.);
#1284=VECTOR('',#4022,1.);
#1285=VECTOR('',#4023,1.);
#1286=VECTOR('',#4024,1.);
#1287=VECTOR('',#4025,1.);
#1288=VECTOR('',#4028,1.);
#1289=VECTOR('',#4029,1.);
#1290=VECTOR('',#4030,1.);
#1291=VECTOR('',#4031,1.);
#1292=VECTOR('',#4032,1.);
#1293=VECTOR('',#4033,1.);
#1294=VECTOR('',#4034,1.);
#1295=VECTOR('',#4035,1.);
#1296=VECTOR('',#4036,1.);
#1297=VECTOR('',#4037,1.);
#1298=VECTOR('',#4038,1.);
#1299=VECTOR('',#4041,1.);
#1300=VECTOR('',#4042,1.);
#1301=VECTOR('',#4045,1.);
#1302=VECTOR('',#4046,1.);
#1303=VECTOR('',#4049,1.);
#1304=VECTOR('',#4050,1.);
#1305=VECTOR('',#4051,1.);
#1306=VECTOR('',#4052,1.);
#1307=VECTOR('',#4053,1.);
#1308=VECTOR('',#4056,1.);
#1309=VECTOR('',#4057,1.);
#1310=VECTOR('',#4058,1.);
#1311=VECTOR('',#4061,1.);
#1312=VECTOR('',#4062,1.);
#1313=VECTOR('',#4065,1.);
#1314=VECTOR('',#4066,1.);
#1315=VECTOR('',#4067,1.);
#1316=VECTOR('',#4068,1.);
#1317=VECTOR('',#4069,1.);
#1318=VECTOR('',#4070,1.);
#1319=VECTOR('',#4071,1.);
#1320=VECTOR('',#4072,1.);
#1321=VECTOR('',#4073,1.);
#1322=VECTOR('',#4076,1.);
#1323=VECTOR('',#4079,1.);
#1324=VECTOR('',#4080,1.);
#1325=VECTOR('',#4083,1.);
#1326=VECTOR('',#4084,1.);
#1327=VECTOR('',#4087,1.);
#1328=VECTOR('',#4088,1.);
#1329=VECTOR('',#4091,1.);
#1330=VECTOR('',#4092,1.);
#1331=VECTOR('',#4095,1.);
#1332=VECTOR('',#4096,1.);
#1333=VECTOR('',#4099,1.);
#1334=VECTOR('',#4110,1.);
#1335=VECTOR('',#4111,1.);
#1336=VECTOR('',#4112,1.);
#1337=VECTOR('',#4113,1.);
#1338=VECTOR('',#4116,1.);
#1339=VECTOR('',#4117,1.);
#1340=VECTOR('',#4118,1.);
#1341=VECTOR('',#4121,1.);
#1342=VECTOR('',#4122,1.);
#1343=VECTOR('',#4123,1.);
#1344=VECTOR('',#4124,1.);
#1345=VECTOR('',#4125,1.);
#1346=VECTOR('',#4128,1.);
#1347=VECTOR('',#4131,1.);
#1348=VECTOR('',#4134,1.);
#1349=VECTOR('',#4135,1.);
#1350=VECTOR('',#4142,1.);
#1351=VECTOR('',#4165,1.);
#1352=CIRCLE('',#3203,0.25);
#1353=CIRCLE('',#3204,0.25);
#1354=CIRCLE('',#3209,0.43816349035422);
#1355=CIRCLE('',#3210,0.438163490354222);
#1356=CIRCLE('',#3212,0.3);
#1357=CIRCLE('',#3213,0.3);
#1358=CIRCLE('',#3218,0.3);
#1359=CIRCLE('',#3220,0.3);
#1360=CIRCLE('',#3235,0.504999999999999);
#1361=CIRCLE('',#3236,0.324999999999999);
#1362=CIRCLE('',#3243,0.349511986344851);
#1363=CIRCLE('',#3244,0.349511986344851);
#1364=CIRCLE('',#3246,0.200000002980232);
#1365=CIRCLE('',#3248,0.200000002980232);
#1366=CIRCLE('',#3251,0.586644268635683);
#1367=CIRCLE('',#3252,0.498480778281451);
#1368=CIRCLE('',#3266,0.35);
#1369=CIRCLE('',#3267,0.199999999999999);
#1370=CIRCLE('',#3270,0.199999999999999);
#1371=CIRCLE('',#3273,0.464075287517348);
#1372=CIRCLE('',#3275,0.776326980708465);
#1373=CIRCLE('',#3276,0.328673019291534);
#1374=CIRCLE('',#3278,0.6);
#1375=CIRCLE('',#3282,0.199999999999999);
#1376=CIRCLE('',#3283,0.199999999999999);
#1377=CIRCLE('',#3286,0.349999999999998);
#1378=CIRCLE('',#3360,0.25);
#1379=CIRCLE('',#3362,0.25);
#1380=CIRCLE('',#3366,0.25);
#1381=CIRCLE('',#3379,0.25);
#1382=CIRCLE('',#3385,0.526326980708463);
#1383=VERTEX_POINT('',#4176);
#1384=VERTEX_POINT('',#4178);
#1385=VERTEX_POINT('',#4183);
#1386=VERTEX_POINT('',#4184);
#1387=VERTEX_POINT('',#4186);
#1388=VERTEX_POINT('',#4188);
#1389=VERTEX_POINT('',#4192);
#1390=VERTEX_POINT('',#4194);
#1391=VERTEX_POINT('',#4196);
#1392=VERTEX_POINT('',#4200);
#1393=VERTEX_POINT('',#4202);
#1394=VERTEX_POINT('',#4204);
#1395=VERTEX_POINT('',#4206);
#1396=VERTEX_POINT('',#4208);
#1397=VERTEX_POINT('',#4210);
#1398=VERTEX_POINT('',#4212);
#1399=VERTEX_POINT('',#4214);
#1400=VERTEX_POINT('',#4216);
#1401=VERTEX_POINT('',#4218);
#1402=VERTEX_POINT('',#4220);
#1403=VERTEX_POINT('',#4222);
#1404=VERTEX_POINT('',#4224);
#1405=VERTEX_POINT('',#4226);
#1406=VERTEX_POINT('',#4228);
#1407=VERTEX_POINT('',#4230);
#1408=VERTEX_POINT('',#4233);
#1409=VERTEX_POINT('',#4235);
#1410=VERTEX_POINT('',#4238);
#1411=VERTEX_POINT('',#4240);
#1412=VERTEX_POINT('',#4242);
#1413=VERTEX_POINT('',#4244);
#1414=VERTEX_POINT('',#4246);
#1415=VERTEX_POINT('',#4248);
#1416=VERTEX_POINT('',#4250);
#1417=VERTEX_POINT('',#4252);
#1418=VERTEX_POINT('',#4254);
#1419=VERTEX_POINT('',#4256);
#1420=VERTEX_POINT('',#4258);
#1421=VERTEX_POINT('',#4260);
#1422=VERTEX_POINT('',#4262);
#1423=VERTEX_POINT('',#4264);
#1424=VERTEX_POINT('',#4266);
#1425=VERTEX_POINT('',#4268);
#1426=VERTEX_POINT('',#4270);
#1427=VERTEX_POINT('',#4272);
#1428=VERTEX_POINT('',#4274);
#1429=VERTEX_POINT('',#4276);
#1430=VERTEX_POINT('',#4278);
#1431=VERTEX_POINT('',#4280);
#1432=VERTEX_POINT('',#4282);
#1433=VERTEX_POINT('',#4284);
#1434=VERTEX_POINT('',#4286);
#1435=VERTEX_POINT('',#4288);
#1436=VERTEX_POINT('',#4290);
#1437=VERTEX_POINT('',#4292);
#1438=VERTEX_POINT('',#4294);
#1439=VERTEX_POINT('',#4296);
#1440=VERTEX_POINT('',#4298);
#1441=VERTEX_POINT('',#4300);
#1442=VERTEX_POINT('',#4303);
#1443=VERTEX_POINT('',#4304);
#1444=VERTEX_POINT('',#4306);
#1445=VERTEX_POINT('',#4308);
#1446=VERTEX_POINT('',#4310);
#1447=VERTEX_POINT('',#4312);
#1448=VERTEX_POINT('',#4314);
#1449=VERTEX_POINT('',#4316);
#1450=VERTEX_POINT('',#4319);
#1451=VERTEX_POINT('',#4320);
#1452=VERTEX_POINT('',#4322);
#1453=VERTEX_POINT('',#4324);
#1454=VERTEX_POINT('',#4327);
#1455=VERTEX_POINT('',#4329);
#1456=VERTEX_POINT('',#4332);
#1457=VERTEX_POINT('',#4334);
#1458=VERTEX_POINT('',#4338);
#1459=VERTEX_POINT('',#4340);
#1460=VERTEX_POINT('',#4344);
#1461=VERTEX_POINT('',#4346);
#1462=VERTEX_POINT('',#4350);
#1463=VERTEX_POINT('',#4354);
#1464=VERTEX_POINT('',#4361);
#1465=VERTEX_POINT('',#4363);
#1466=VERTEX_POINT('',#4368);
#1467=VERTEX_POINT('',#4370);
#1468=VERTEX_POINT('',#4376);
#1469=VERTEX_POINT('',#4378);
#1470=VERTEX_POINT('',#4382);
#1471=VERTEX_POINT('',#4384);
#1472=VERTEX_POINT('',#4386);
#1473=VERTEX_POINT('',#4388);
#1474=VERTEX_POINT('',#4391);
#1475=VERTEX_POINT('',#4393);
#1476=VERTEX_POINT('',#4397);
#1477=VERTEX_POINT('',#4399);
#1478=VERTEX_POINT('',#4403);
#1479=VERTEX_POINT('',#4405);
#1480=VERTEX_POINT('',#4407);
#1481=VERTEX_POINT('',#4409);
#1482=VERTEX_POINT('',#4412);
#1483=VERTEX_POINT('',#4414);
#1484=VERTEX_POINT('',#4416);
#1485=VERTEX_POINT('',#4418);
#1486=VERTEX_POINT('',#4425);
#1487=VERTEX_POINT('',#4427);
#1488=VERTEX_POINT('',#4431);
#1489=VERTEX_POINT('',#4433);
#1490=VERTEX_POINT('',#4435);
#1491=VERTEX_POINT('',#4437);
#1492=VERTEX_POINT('',#4439);
#1493=VERTEX_POINT('',#4441);
#1494=VERTEX_POINT('',#4445);
#1495=VERTEX_POINT('',#4449);
#1496=VERTEX_POINT('',#4450);
#1497=VERTEX_POINT('',#4452);
#1498=VERTEX_POINT('',#4454);
#1499=VERTEX_POINT('',#4458);
#1500=VERTEX_POINT('',#4460);
#1501=VERTEX_POINT('',#4463);
#1502=VERTEX_POINT('',#4465);
#1503=VERTEX_POINT('',#4467);
#1504=VERTEX_POINT('',#4469);
#1505=VERTEX_POINT('',#4471);
#1506=VERTEX_POINT('',#4473);
#1507=VERTEX_POINT('',#4475);
#1508=VERTEX_POINT('',#4477);
#1509=VERTEX_POINT('',#4482);
#1510=VERTEX_POINT('',#4484);
#1511=VERTEX_POINT('',#4486);
#1512=VERTEX_POINT('',#4488);
#1513=VERTEX_POINT('',#4490);
#1514=VERTEX_POINT('',#4492);
#1515=VERTEX_POINT('',#4499);
#1516=VERTEX_POINT('',#4500);
#1517=VERTEX_POINT('',#4502);
#1518=VERTEX_POINT('',#4504);
#1519=VERTEX_POINT('',#4510);
#1520=VERTEX_POINT('',#4512);
#1521=VERTEX_POINT('',#4516);
#1522=VERTEX_POINT('',#4519);
#1523=VERTEX_POINT('',#4524);
#1524=VERTEX_POINT('',#4526);
#1525=VERTEX_POINT('',#4531);
#1526=VERTEX_POINT('',#4533);
#1527=VERTEX_POINT('',#4537);
#1528=VERTEX_POINT('',#4538);
#1529=VERTEX_POINT('',#4543);
#1530=VERTEX_POINT('',#4546);
#1531=VERTEX_POINT('',#4552);
#1532=VERTEX_POINT('',#4558);
#1533=VERTEX_POINT('',#4566);
#1534=VERTEX_POINT('',#4575);
#1535=VERTEX_POINT('',#4577);
#1536=VERTEX_POINT('',#4582);
#1537=VERTEX_POINT('',#4587);
#1538=VERTEX_POINT('',#4591);
#1539=VERTEX_POINT('',#4593);
#1540=VERTEX_POINT('',#4596);
#1541=VERTEX_POINT('',#4604);
#1542=VERTEX_POINT('',#4606);
#1543=VERTEX_POINT('',#4611);
#1544=VERTEX_POINT('',#4621);
#1545=VERTEX_POINT('',#4623);
#1546=VERTEX_POINT('',#4625);
#1547=VERTEX_POINT('',#4627);
#1548=VERTEX_POINT('',#4633);
#1549=VERTEX_POINT('',#4635);
#1550=VERTEX_POINT('',#4643);
#1551=VERTEX_POINT('',#4648);
#1552=VERTEX_POINT('',#4650);
#1553=VERTEX_POINT('',#4657);
#1554=VERTEX_POINT('',#4658);
#1555=VERTEX_POINT('',#4660);
#1556=VERTEX_POINT('',#4662);
#1557=VERTEX_POINT('',#4666);
#1558=VERTEX_POINT('',#4667);
#1559=VERTEX_POINT('',#4669);
#1560=VERTEX_POINT('',#4671);
#1561=VERTEX_POINT('',#4675);
#1562=VERTEX_POINT('',#4676);
#1563=VERTEX_POINT('',#4678);
#1564=VERTEX_POINT('',#4680);
#1565=VERTEX_POINT('',#4684);
#1566=VERTEX_POINT('',#4686);
#1567=VERTEX_POINT('',#4690);
#1568=VERTEX_POINT('',#4694);
#1569=VERTEX_POINT('',#4698);
#1570=VERTEX_POINT('',#4700);
#1571=VERTEX_POINT('',#4704);
#1572=VERTEX_POINT('',#4708);
#1573=VERTEX_POINT('',#4712);
#1574=VERTEX_POINT('',#4713);
#1575=VERTEX_POINT('',#4715);
#1576=VERTEX_POINT('',#4717);
#1577=VERTEX_POINT('',#4720);
#1578=VERTEX_POINT('',#4721);
#1579=VERTEX_POINT('',#4723);
#1580=VERTEX_POINT('',#4725);
#1581=VERTEX_POINT('',#4729);
#1582=VERTEX_POINT('',#4730);
#1583=VERTEX_POINT('',#4735);
#1584=VERTEX_POINT('',#4739);
#1585=VERTEX_POINT('',#4745);
#1586=VERTEX_POINT('',#4746);
#1587=VERTEX_POINT('',#4751);
#1588=VERTEX_POINT('',#4755);
#1589=VERTEX_POINT('',#4761);
#1590=VERTEX_POINT('',#4762);
#1591=VERTEX_POINT('',#4764);
#1592=VERTEX_POINT('',#4766);
#1593=VERTEX_POINT('',#4770);
#1594=VERTEX_POINT('',#4772);
#1595=VERTEX_POINT('',#4776);
#1596=VERTEX_POINT('',#4780);
#1597=VERTEX_POINT('',#4781);
#1598=VERTEX_POINT('',#4783);
#1599=VERTEX_POINT('',#4785);
#1600=VERTEX_POINT('',#4789);
#1601=VERTEX_POINT('',#4791);
#1602=VERTEX_POINT('',#4795);
#1603=VERTEX_POINT('',#4801);
#1604=VERTEX_POINT('',#4802);
#1605=VERTEX_POINT('',#4806);
#1606=VERTEX_POINT('',#4808);
#1607=VERTEX_POINT('',#4810);
#1608=VERTEX_POINT('',#4812);
#1609=VERTEX_POINT('',#4815);
#1610=VERTEX_POINT('',#4816);
#1611=VERTEX_POINT('',#4818);
#1612=VERTEX_POINT('',#4820);
#1613=VERTEX_POINT('',#4823);
#1614=VERTEX_POINT('',#4824);
#1615=VERTEX_POINT('',#4826);
#1616=VERTEX_POINT('',#4828);
#1617=VERTEX_POINT('',#4832);
#1618=VERTEX_POINT('',#4833);
#1619=VERTEX_POINT('',#4835);
#1620=VERTEX_POINT('',#4837);
#1621=VERTEX_POINT('',#4844);
#1622=VERTEX_POINT('',#4845);
#1623=VERTEX_POINT('',#4847);
#1624=VERTEX_POINT('',#4849);
#1625=VERTEX_POINT('',#4861);
#1626=VERTEX_POINT('',#4862);
#1627=VERTEX_POINT('',#4864);
#1628=VERTEX_POINT('',#4866);
#1629=VERTEX_POINT('',#4891);
#1630=VERTEX_POINT('',#4893);
#1631=VERTEX_POINT('',#4897);
#1632=VERTEX_POINT('',#4899);
#1633=VERTEX_POINT('',#4903);
#1634=VERTEX_POINT('',#4904);
#1635=VERTEX_POINT('',#4906);
#1636=VERTEX_POINT('',#4908);
#1637=VERTEX_POINT('',#4912);
#1638=VERTEX_POINT('',#4913);
#1639=VERTEX_POINT('',#4917);
#1640=VERTEX_POINT('',#4921);
#1641=VERTEX_POINT('',#4923);
#1642=VERTEX_POINT('',#4929);
#1643=VERTEX_POINT('',#4931);
#1644=VERTEX_POINT('',#4933);
#1645=VERTEX_POINT('',#4935);
#1646=VERTEX_POINT('',#4937);
#1647=VERTEX_POINT('',#4939);
#1648=VERTEX_POINT('',#4943);
#1649=VERTEX_POINT('',#4945);
#1650=VERTEX_POINT('',#4949);
#1651=VERTEX_POINT('',#4956);
#1652=VERTEX_POINT('',#4960);
#1653=VERTEX_POINT('',#4964);
#1654=VERTEX_POINT('',#4966);
#1655=VERTEX_POINT('',#4970);
#1656=VERTEX_POINT('',#4974);
#1657=VERTEX_POINT('',#4976);
#1658=VERTEX_POINT('',#4979);
#1659=VERTEX_POINT('',#4981);
#1660=VERTEX_POINT('',#4984);
#1661=VERTEX_POINT('',#4991);
#1662=VERTEX_POINT('',#4995);
#1663=VERTEX_POINT('',#4999);
#1664=VERTEX_POINT('',#5003);
#1665=VERTEX_POINT('',#5007);
#1666=VERTEX_POINT('',#5017);
#1667=VERTEX_POINT('',#5018);
#1668=VERTEX_POINT('',#5020);
#1669=VERTEX_POINT('',#5022);
#1670=VERTEX_POINT('',#5026);
#1671=VERTEX_POINT('',#5028);
#1672=VERTEX_POINT('',#5032);
#1673=VERTEX_POINT('',#5034);
#1674=VERTEX_POINT('',#5037);
#1675=VERTEX_POINT('',#5065);
#1676=VERTEX_POINT('',#5066);
#1677=EDGE_CURVE('',#1383,#1383,#1352,.T.);
#1678=EDGE_CURVE('',#1383,#1384,#522,.T.);
#1679=EDGE_CURVE('',#1384,#1384,#1353,.T.);
#1680=EDGE_CURVE('',#1385,#1386,#523,.T.);
#1681=EDGE_CURVE('',#1386,#1387,#524,.T.);
#1682=EDGE_CURVE('',#1388,#1387,#525,.T.);
#1683=EDGE_CURVE('',#1385,#1388,#526,.T.);
#1684=EDGE_CURVE('',#1385,#1389,#527,.T.);
#1685=EDGE_CURVE('',#1390,#1389,#528,.T.);
#1686=EDGE_CURVE('',#1390,#1391,#529,.T.);
#1687=EDGE_CURVE('',#1391,#1386,#530,.T.);
#1688=EDGE_CURVE('',#1392,#1387,#531,.T.);
#1689=EDGE_CURVE('',#1393,#1392,#532,.T.);
#1690=EDGE_CURVE('',#1394,#1393,#533,.T.);
#1691=EDGE_CURVE('',#1394,#1395,#534,.T.);
#1692=EDGE_CURVE('',#1395,#1396,#535,.T.);
#1693=EDGE_CURVE('',#1397,#1396,#536,.T.);
#1694=EDGE_CURVE('',#1397,#1398,#537,.T.);
#1695=EDGE_CURVE('',#1399,#1398,#538,.T.);
#1696=EDGE_CURVE('',#1399,#1400,#539,.T.);
#1697=EDGE_CURVE('',#1401,#1400,#540,.T.);
#1698=EDGE_CURVE('',#1402,#1401,#541,.T.);
#1699=EDGE_CURVE('',#1403,#1402,#542,.T.);
#1700=EDGE_CURVE('',#1404,#1403,#543,.T.);
#1701=EDGE_CURVE('',#1404,#1405,#544,.T.);
#1702=EDGE_CURVE('',#1405,#1406,#545,.T.);
#1703=EDGE_CURVE('',#1406,#1407,#546,.T.);
#1704=EDGE_CURVE('',#1388,#1407,#547,.T.);
#1705=EDGE_CURVE('',#1408,#1408,#1354,.T.);
#1706=EDGE_CURVE('',#1409,#1409,#1355,.T.);
#1707=EDGE_CURVE('',#1410,#1407,#548,.T.);
#1708=EDGE_CURVE('',#1411,#1410,#549,.T.);
#1709=EDGE_CURVE('',#1411,#1412,#550,.T.);
#1710=EDGE_CURVE('',#1412,#1413,#551,.T.);
#1711=EDGE_CURVE('',#1413,#1414,#552,.T.);
#1712=EDGE_CURVE('',#1414,#1415,#553,.T.);
#1713=EDGE_CURVE('',#1415,#1416,#554,.T.);
#1714=EDGE_CURVE('',#1416,#1417,#555,.T.);
#1715=EDGE_CURVE('',#1417,#1418,#556,.T.);
#1716=EDGE_CURVE('',#1418,#1419,#557,.T.);
#1717=EDGE_CURVE('',#1419,#1420,#558,.T.);
#1718=EDGE_CURVE('',#1420,#1421,#559,.T.);
#1719=EDGE_CURVE('',#1421,#1422,#560,.T.);
#1720=EDGE_CURVE('',#1422,#1423,#561,.T.);
#1721=EDGE_CURVE('',#1423,#1424,#562,.T.);
#1722=EDGE_CURVE('',#1424,#1425,#563,.T.);
#1723=EDGE_CURVE('',#1425,#1426,#564,.T.);
#1724=EDGE_CURVE('',#1426,#1427,#565,.T.);
#1725=EDGE_CURVE('',#1427,#1428,#566,.T.);
#1726=EDGE_CURVE('',#1428,#1429,#567,.T.);
#1727=EDGE_CURVE('',#1429,#1430,#568,.T.);
#1728=EDGE_CURVE('',#1430,#1431,#569,.T.);
#1729=EDGE_CURVE('',#1431,#1432,#570,.T.);
#1730=EDGE_CURVE('',#1432,#1433,#571,.T.);
#1731=EDGE_CURVE('',#1433,#1434,#572,.T.);
#1732=EDGE_CURVE('',#1434,#1435,#573,.T.);
#1733=EDGE_CURVE('',#1435,#1436,#574,.T.);
#1734=EDGE_CURVE('',#1436,#1437,#575,.T.);
#1735=EDGE_CURVE('',#1437,#1438,#576,.T.);
#1736=EDGE_CURVE('',#1438,#1439,#577,.T.);
#1737=EDGE_CURVE('',#1439,#1440,#578,.T.);
#1738=EDGE_CURVE('',#1440,#1441,#579,.T.);
#1739=EDGE_CURVE('',#1389,#1441,#580,.T.);
#1740=EDGE_CURVE('',#1442,#1443,#581,.T.);
#1741=EDGE_CURVE('',#1443,#1444,#582,.T.);
#1742=EDGE_CURVE('',#1444,#1445,#583,.T.);
#1743=EDGE_CURVE('',#1445,#1446,#584,.T.);
#1744=EDGE_CURVE('',#1446,#1447,#585,.T.);
#1745=EDGE_CURVE('',#1447,#1448,#586,.T.);
#1746=EDGE_CURVE('',#1448,#1449,#587,.T.);
#1747=EDGE_CURVE('',#1449,#1442,#588,.T.);
#1748=EDGE_CURVE('',#1450,#1451,#589,.T.);
#1749=EDGE_CURVE('',#1451,#1452,#590,.T.);
#1750=EDGE_CURVE('',#1452,#1453,#591,.T.);
#1751=EDGE_CURVE('',#1453,#1450,#592,.T.);
#1752=EDGE_CURVE('',#1454,#1454,#1356,.T.);
#1753=EDGE_CURVE('',#1455,#1455,#1357,.T.);
#1754=EDGE_CURVE('',#1412,#1456,#593,.T.);
#1755=EDGE_CURVE('',#1411,#1457,#594,.T.);
#1756=EDGE_CURVE('',#1457,#1456,#595,.T.);
#1757=EDGE_CURVE('',#1410,#1458,#596,.T.);
#1758=EDGE_CURVE('',#1458,#1459,#597,.T.);
#1759=EDGE_CURVE('',#1459,#1457,#598,.T.);
#1760=EDGE_CURVE('',#1456,#1460,#599,.T.);
#1761=EDGE_CURVE('',#1461,#1460,#600,.T.);
#1762=EDGE_CURVE('',#1413,#1461,#601,.T.);
#1763=EDGE_CURVE('',#1455,#1462,#602,.T.);
#1764=EDGE_CURVE('',#1462,#1462,#1358,.T.);
#1765=EDGE_CURVE('',#1454,#1463,#603,.T.);
#1766=EDGE_CURVE('',#1463,#1463,#1359,.T.);
#1767=EDGE_CURVE('',#1405,#1459,#604,.T.);
#1768=EDGE_CURVE('',#1406,#1458,#605,.T.);
#1769=EDGE_CURVE('',#1464,#1391,#606,.T.);
#1770=EDGE_CURVE('',#1465,#1390,#607,.T.);
#1771=EDGE_CURVE('',#1464,#1465,#608,.T.);
#1772=EDGE_CURVE('',#1465,#1441,#609,.T.);
#1773=EDGE_CURVE('',#1466,#1440,#610,.T.);
#1774=EDGE_CURVE('',#1467,#1466,#611,.T.);
#1775=EDGE_CURVE('',#1464,#1467,#612,.T.);
#1776=EDGE_CURVE('',#1468,#1453,#613,.T.);
#1777=EDGE_CURVE('',#1469,#1468,#614,.T.);
#1778=EDGE_CURVE('',#1450,#1469,#615,.T.);
#1779=EDGE_CURVE('',#1470,#1469,#616,.T.);
#1780=EDGE_CURVE('',#1468,#1471,#617,.T.);
#1781=EDGE_CURVE('',#1472,#1471,#618,.T.);
#1782=EDGE_CURVE('',#1472,#1473,#619,.T.);
#1783=EDGE_CURVE('',#1392,#1473,#620,.T.);
#1784=EDGE_CURVE('',#1467,#1474,#621,.T.);
#1785=EDGE_CURVE('',#1474,#1475,#622,.T.);
#1786=EDGE_CURVE('',#1470,#1475,#623,.T.);
#1787=EDGE_CURVE('',#1476,#1451,#624,.T.);
#1788=EDGE_CURVE('',#1477,#1476,#625,.T.);
#1789=EDGE_CURVE('',#1452,#1477,#626,.T.);
#1790=EDGE_CURVE('',#1478,#1477,#627,.T.);
#1791=EDGE_CURVE('',#1476,#1479,#628,.T.);
#1792=EDGE_CURVE('',#1480,#1479,#629,.T.);
#1793=EDGE_CURVE('',#1480,#1481,#630,.T.);
#1794=EDGE_CURVE('',#1460,#1481,#631,.T.);
#1795=EDGE_CURVE('',#1404,#1482,#632,.T.);
#1796=EDGE_CURVE('',#1483,#1482,#633,.T.);
#1797=EDGE_CURVE('',#1484,#1483,#634,.T.);
#1798=EDGE_CURVE('',#1485,#1484,#635,.T.);
#1799=EDGE_CURVE('',#1478,#1485,#636,.T.);
#1800=EDGE_CURVE('',#1484,#1448,#637,.T.);
#1801=EDGE_CURVE('',#1449,#1483,#638,.T.);
#1802=EDGE_CURVE('',#1447,#1486,#639,.T.);
#1803=EDGE_CURVE('',#1486,#1487,#640,.T.);
#1804=EDGE_CURVE('',#1487,#1444,#641,.T.);
#1805=EDGE_CURVE('',#1443,#1472,#642,.T.);
#1806=EDGE_CURVE('',#1472,#1488,#643,.T.);
#1807=EDGE_CURVE('',#1488,#1489,#644,.T.);
#1808=EDGE_CURVE('',#1489,#1490,#645,.T.);
#1809=EDGE_CURVE('',#1490,#1491,#646,.T.);
#1810=EDGE_CURVE('',#1491,#1492,#647,.T.);
#1811=EDGE_CURVE('',#1492,#1493,#648,.T.);
#1812=EDGE_CURVE('',#1493,#1485,#649,.T.);
#1813=EDGE_CURVE('',#1494,#1446,#650,.T.);
#1814=EDGE_CURVE('',#1486,#1494,#651,.T.);
#1815=EDGE_CURVE('',#1495,#1496,#652,.T.);
#1816=EDGE_CURVE('',#1497,#1495,#653,.T.);
#1817=EDGE_CURVE('',#1497,#1498,#654,.T.);
#1818=EDGE_CURVE('',#1496,#1498,#655,.T.);
#1819=EDGE_CURVE('',#1499,#1499,#1360,.T.);
#1820=EDGE_CURVE('',#1500,#1500,#1361,.T.);
#1821=EDGE_CURVE('',#1501,#1482,#656,.T.);
#1822=EDGE_CURVE('',#1502,#1501,#657,.T.);
#1823=EDGE_CURVE('',#1502,#1503,#658,.T.);
#1824=EDGE_CURVE('',#1503,#1504,#659,.T.);
#1825=EDGE_CURVE('',#1505,#1504,#660,.T.);
#1826=EDGE_CURVE('',#1505,#1506,#661,.T.);
#1827=EDGE_CURVE('',#1506,#1507,#662,.T.);
#1828=EDGE_CURVE('',#1507,#1508,#663,.T.);
#1829=EDGE_CURVE('',#1508,#1473,#664,.T.);
#1830=EDGE_CURVE('',#1473,#1442,#665,.T.);
#1831=EDGE_CURVE('',#1478,#1509,#666,.T.);
#1832=EDGE_CURVE('',#1510,#1509,#667,.T.);
#1833=EDGE_CURVE('',#1511,#1510,#668,.T.);
#1834=EDGE_CURVE('',#1512,#1511,#669,.T.);
#1835=EDGE_CURVE('',#1513,#1512,#670,.T.);
#1836=EDGE_CURVE('',#1514,#1513,#671,.T.);
#1837=EDGE_CURVE('',#1514,#1471,#672,.T.);
#1838=EDGE_CURVE('',#1490,#1512,#673,.T.);
#1839=EDGE_CURVE('',#1511,#1491,#674,.T.);
#1840=EDGE_CURVE('',#1515,#1516,#675,.T.);
#1841=EDGE_CURVE('',#1515,#1517,#676,.T.);
#1842=EDGE_CURVE('',#1517,#1518,#677,.T.);
#1843=EDGE_CURVE('',#1518,#1516,#678,.T.);
#1844=EDGE_CURVE('',#1514,#1488,#679,.T.);
#1845=EDGE_CURVE('',#1519,#1519,#1362,.T.);
#1846=EDGE_CURVE('',#1519,#1520,#680,.T.);
#1847=EDGE_CURVE('',#1520,#1520,#1363,.T.);
#1848=EDGE_CURVE('',#1521,#1521,#1364,.T.);
#1849=EDGE_CURVE('',#1521,#1522,#681,.T.);
#1850=EDGE_CURVE('',#1522,#1522,#1365,.T.);
#1851=EDGE_CURVE('',#1523,#1523,#1366,.T.);
#1852=EDGE_CURVE('',#1523,#1524,#682,.T.);
#1853=EDGE_CURVE('',#1524,#1524,#1367,.T.);
#1854=EDGE_CURVE('',#1475,#1525,#683,.T.);
#1855=EDGE_CURVE('',#1526,#1525,#684,.T.);
#1856=EDGE_CURVE('',#1470,#1526,#685,.T.);
#1857=EDGE_CURVE('',#1527,#1528,#686,.T.);
#1858=EDGE_CURVE('',#1526,#1528,#687,.T.);
#1859=EDGE_CURVE('',#1525,#1527,#688,.T.);
#1860=EDGE_CURVE('',#1529,#1397,#689,.T.);
#1861=EDGE_CURVE('',#1529,#1517,#690,.T.);
#1862=EDGE_CURVE('',#1530,#1515,#691,.T.);
#1863=EDGE_CURVE('',#1530,#1512,#692,.T.);
#1864=EDGE_CURVE('',#1490,#1506,#693,.T.);
#1865=EDGE_CURVE('',#1398,#1506,#694,.T.);
#1866=EDGE_CURVE('',#1531,#1530,#695,.T.);
#1867=EDGE_CURVE('',#1531,#1513,#696,.T.);
#1868=EDGE_CURVE('',#1489,#1507,#697,.T.);
#1869=EDGE_CURVE('',#1395,#1532,#698,.T.);
#1870=EDGE_CURVE('',#1394,#1507,#699,.T.);
#1871=EDGE_CURVE('',#1513,#1489,#700,.T.);
#1872=EDGE_CURVE('',#1528,#1531,#701,.T.);
#1873=EDGE_CURVE('',#1527,#1532,#702,.T.);
#1874=EDGE_CURVE('',#1533,#1494,#703,.T.);
#1875=EDGE_CURVE('',#1487,#1533,#704,.T.);
#1876=EDGE_CURVE('',#1399,#1505,#705,.T.);
#1877=EDGE_CURVE('',#1393,#1508,#706,.T.);
#1878=EDGE_CURVE('',#1534,#1534,#1368,.T.);
#1879=EDGE_CURVE('',#1535,#1535,#1369,.T.);
#1880=EDGE_CURVE('',#1409,#1534,#707,.T.);
#1881=EDGE_CURVE('',#1536,#1536,#1370,.T.);
#1882=EDGE_CURVE('',#1535,#1536,#708,.T.);
#1883=EDGE_CURVE('',#1500,#1537,#709,.T.);
#1884=EDGE_CURVE('',#1537,#1537,#1371,.T.);
#1885=EDGE_CURVE('',#1538,#1538,#1372,.T.);
#1886=EDGE_CURVE('',#1539,#1539,#1373,.T.);
#1887=EDGE_CURVE('',#1538,#1540,#710,.T.);
#1888=EDGE_CURVE('',#1540,#1540,#1374,.T.);
#1889=EDGE_CURVE('',#1499,#1539,#711,.T.);
#1890=EDGE_CURVE('',#1403,#1501,#712,.T.);
#1891=EDGE_CURVE('',#1541,#1541,#1375,.T.);
#1892=EDGE_CURVE('',#1541,#1542,#713,.T.);
#1893=EDGE_CURVE('',#1542,#1542,#1376,.T.);
#1894=EDGE_CURVE('',#1408,#1543,#714,.T.);
#1895=EDGE_CURVE('',#1543,#1543,#1377,.T.);
#1896=EDGE_CURVE('',#1402,#1502,#715,.T.);
#1897=EDGE_CURVE('',#1492,#1510,#716,.T.);
#1898=EDGE_CURVE('',#1509,#1493,#717,.T.);
#1899=EDGE_CURVE('',#1401,#1544,#718,.T.);
#1900=EDGE_CURVE('',#1544,#1545,#719,.T.);
#1901=EDGE_CURVE('',#1546,#1545,#720,.T.);
#1902=EDGE_CURVE('',#1547,#1546,#721,.T.);
#1903=EDGE_CURVE('',#1547,#1510,#722,.T.);
#1904=EDGE_CURVE('',#1492,#1502,#723,.T.);
#1905=EDGE_CURVE('',#1491,#1503,#724,.T.);
#1906=EDGE_CURVE('',#1548,#1511,#725,.T.);
#1907=EDGE_CURVE('',#1549,#1548,#726,.T.);
#1908=EDGE_CURVE('',#1549,#1504,#727,.T.);
#1909=EDGE_CURVE('',#1548,#1547,#728,.T.);
#1910=EDGE_CURVE('',#1400,#1550,#729,.T.);
#1911=EDGE_CURVE('',#1516,#1549,#730,.T.);
#1912=EDGE_CURVE('',#1518,#1550,#731,.T.);
#1913=EDGE_CURVE('',#1545,#1551,#732,.T.);
#1914=EDGE_CURVE('',#1552,#1551,#733,.T.);
#1915=EDGE_CURVE('',#1546,#1552,#734,.T.);
#1916=EDGE_CURVE('',#1552,#1479,#735,.T.);
#1917=EDGE_CURVE('',#1551,#1480,#736,.T.);
#1918=EDGE_CURVE('',#1553,#1554,#737,.T.);
#1919=EDGE_CURVE('',#1555,#1554,#738,.T.);
#1920=EDGE_CURVE('',#1556,#1555,#739,.T.);
#1921=EDGE_CURVE('',#1553,#1556,#740,.T.);
#1922=EDGE_CURVE('',#1557,#1558,#741,.T.);
#1923=EDGE_CURVE('',#1559,#1557,#742,.T.);
#1924=EDGE_CURVE('',#1560,#1559,#743,.T.);
#1925=EDGE_CURVE('',#1558,#1560,#744,.T.);
#1926=EDGE_CURVE('',#1561,#1562,#745,.T.);
#1927=EDGE_CURVE('',#1563,#1561,#746,.T.);
#1928=EDGE_CURVE('',#1564,#1563,#747,.T.);
#1929=EDGE_CURVE('',#1562,#1564,#748,.T.);
#1930=EDGE_CURVE('',#1565,#1560,#749,.T.);
#1931=EDGE_CURVE('',#1566,#1565,#750,.T.);
#1932=EDGE_CURVE('',#1558,#1566,#751,.T.);
#1933=EDGE_CURVE('',#1567,#1559,#752,.T.);
#1934=EDGE_CURVE('',#1565,#1567,#753,.T.);
#1935=EDGE_CURVE('',#1568,#1557,#754,.T.);
#1936=EDGE_CURVE('',#1567,#1568,#755,.T.);
#1937=EDGE_CURVE('',#1569,#1563,#756,.T.);
#1938=EDGE_CURVE('',#1570,#1569,#757,.T.);
#1939=EDGE_CURVE('',#1564,#1570,#758,.T.);
#1940=EDGE_CURVE('',#1571,#1561,#759,.T.);
#1941=EDGE_CURVE('',#1569,#1571,#760,.T.);
#1942=EDGE_CURVE('',#1572,#1562,#761,.T.);
#1943=EDGE_CURVE('',#1571,#1572,#762,.T.);
#1944=EDGE_CURVE('',#1573,#1574,#763,.T.);
#1945=EDGE_CURVE('',#1575,#1573,#764,.T.);
#1946=EDGE_CURVE('',#1576,#1575,#765,.T.);
#1947=EDGE_CURVE('',#1574,#1576,#766,.T.);
#1948=EDGE_CURVE('',#1577,#1578,#767,.T.);
#1949=EDGE_CURVE('',#1579,#1577,#768,.T.);
#1950=EDGE_CURVE('',#1580,#1579,#769,.T.);
#1951=EDGE_CURVE('',#1578,#1580,#770,.T.);
#1952=EDGE_CURVE('',#1581,#1582,#771,.T.);
#1953=EDGE_CURVE('',#1581,#1573,#772,.T.);
#1954=EDGE_CURVE('',#1582,#1574,#773,.T.);
#1955=EDGE_CURVE('',#1583,#1581,#774,.T.);
#1956=EDGE_CURVE('',#1583,#1575,#775,.T.);
#1957=EDGE_CURVE('',#1584,#1583,#776,.T.);
#1958=EDGE_CURVE('',#1584,#1576,#777,.T.);
#1959=EDGE_CURVE('',#1582,#1584,#778,.T.);
#1960=EDGE_CURVE('',#1585,#1586,#779,.T.);
#1961=EDGE_CURVE('',#1580,#1585,#780,.T.);
#1962=EDGE_CURVE('',#1579,#1586,#781,.T.);
#1963=EDGE_CURVE('',#1587,#1585,#782,.T.);
#1964=EDGE_CURVE('',#1578,#1587,#783,.T.);
#1965=EDGE_CURVE('',#1586,#1588,#784,.T.);
#1966=EDGE_CURVE('',#1577,#1588,#785,.T.);
#1967=EDGE_CURVE('',#1588,#1587,#786,.T.);
#1968=EDGE_CURVE('',#1589,#1590,#787,.T.);
#1969=EDGE_CURVE('',#1591,#1590,#788,.T.);
#1970=EDGE_CURVE('',#1592,#1591,#789,.T.);
#1971=EDGE_CURVE('',#1589,#1592,#790,.T.);
#1972=EDGE_CURVE('',#1593,#1589,#791,.F.);
#1973=EDGE_CURVE('',#1594,#1592,#792,.F.);
#1974=EDGE_CURVE('',#1593,#1594,#793,.T.);
#1975=EDGE_CURVE('',#1595,#1591,#794,.T.);
#1976=EDGE_CURVE('',#1594,#1595,#795,.T.);
#1977=EDGE_CURVE('',#1596,#1597,#796,.T.);
#1978=EDGE_CURVE('',#1596,#1598,#797,.T.);
#1979=EDGE_CURVE('',#1599,#1598,#798,.T.);
#1980=EDGE_CURVE('',#1597,#1599,#799,.T.);
#1981=EDGE_CURVE('',#1600,#1599,#800,.T.);
#1982=EDGE_CURVE('',#1601,#1600,#801,.T.);
#1983=EDGE_CURVE('',#1601,#1597,#802,.F.);
#1984=EDGE_CURVE('',#1598,#1602,#803,.F.);
#1985=EDGE_CURVE('',#1600,#1602,#804,.T.);
#1986=EDGE_CURVE('',#1495,#1553,#805,.T.);
#1987=EDGE_CURVE('',#1554,#1496,#806,.T.);
#1988=EDGE_CURVE('',#1603,#1604,#807,.T.);
#1989=EDGE_CURVE('',#1604,#1601,#808,.T.);
#1990=EDGE_CURVE('',#1602,#1593,#809,.T.);
#1991=EDGE_CURVE('',#1595,#1605,#810,.T.);
#1992=EDGE_CURVE('',#1605,#1606,#811,.T.);
#1993=EDGE_CURVE('',#1606,#1607,#812,.T.);
#1994=EDGE_CURVE('',#1607,#1608,#813,.T.);
#1995=EDGE_CURVE('',#1608,#1603,#814,.T.);
#1996=EDGE_CURVE('',#1609,#1610,#815,.T.);
#1997=EDGE_CURVE('',#1610,#1611,#816,.T.);
#1998=EDGE_CURVE('',#1611,#1612,#817,.T.);
#1999=EDGE_CURVE('',#1612,#1609,#818,.T.);
#2000=EDGE_CURVE('',#1613,#1614,#819,.T.);
#2001=EDGE_CURVE('',#1614,#1615,#820,.T.);
#2002=EDGE_CURVE('',#1615,#1616,#821,.T.);
#2003=EDGE_CURVE('',#1616,#1613,#822,.T.);
#2004=EDGE_CURVE('',#1617,#1618,#823,.T.);
#2005=EDGE_CURVE('',#1618,#1619,#824,.T.);
#2006=EDGE_CURVE('',#1619,#1620,#825,.T.);
#2007=EDGE_CURVE('',#1620,#1617,#826,.T.);
#2008=EDGE_CURVE('',#1607,#1620,#827,.T.);
#2009=EDGE_CURVE('',#1608,#1619,#828,.T.);
#2010=EDGE_CURVE('',#1621,#1622,#829,.T.);
#2011=EDGE_CURVE('',#1623,#1621,#830,.T.);
#2012=EDGE_CURVE('',#1624,#1623,#831,.T.);
#2013=EDGE_CURVE('',#1622,#1624,#832,.T.);
#2014=EDGE_CURVE('',#1613,#1621,#833,.T.);
#2015=EDGE_CURVE('',#1616,#1623,#834,.T.);
#2016=EDGE_CURVE('',#1615,#1624,#835,.T.);
#2017=EDGE_CURVE('',#1614,#1622,#836,.T.);
#2018=EDGE_CURVE('',#1625,#1626,#837,.T.);
#2019=EDGE_CURVE('',#1627,#1625,#838,.T.);
#2020=EDGE_CURVE('',#1628,#1627,#839,.T.);
#2021=EDGE_CURVE('',#1626,#1628,#840,.T.);
#2022=EDGE_CURVE('',#1609,#1625,#841,.T.);
#2023=EDGE_CURVE('',#1612,#1627,#842,.T.);
#2024=EDGE_CURVE('',#1611,#1628,#843,.T.);
#2025=EDGE_CURVE('',#1610,#1626,#844,.T.);
#2026=EDGE_CURVE('',#1605,#1590,#845,.T.);
#2027=EDGE_CURVE('',#1606,#1617,#846,.T.);
#2028=EDGE_CURVE('',#1604,#1596,#847,.T.);
#2029=EDGE_CURVE('',#1603,#1618,#848,.T.);
#2030=EDGE_CURVE('',#1556,#1437,#849,.T.);
#2031=EDGE_CURVE('',#1438,#1555,#850,.T.);
#2032=EDGE_CURVE('',#1498,#1415,#851,.T.);
#2033=EDGE_CURVE('',#1414,#1629,#852,.T.);
#2034=EDGE_CURVE('',#1629,#1630,#853,.T.);
#2035=EDGE_CURVE('',#1630,#1566,#854,.T.);
#2036=EDGE_CURVE('',#1568,#1570,#855,.T.);
#2037=EDGE_CURVE('',#1572,#1631,#856,.T.);
#2038=EDGE_CURVE('',#1631,#1632,#857,.T.);
#2039=EDGE_CURVE('',#1632,#1439,#858,.T.);
#2040=EDGE_CURVE('',#1633,#1634,#859,.T.);
#2041=EDGE_CURVE('',#1634,#1635,#860,.T.);
#2042=EDGE_CURVE('',#1636,#1635,#861,.T.);
#2043=EDGE_CURVE('',#1633,#1636,#862,.T.);
#2044=EDGE_CURVE('',#1637,#1638,#863,.T.);
#2045=EDGE_CURVE('',#1638,#1630,#864,.T.);
#2046=EDGE_CURVE('',#1461,#1629,#865,.T.);
#2047=EDGE_CURVE('',#1639,#1481,#866,.T.);
#2048=EDGE_CURVE('',#1639,#1637,#867,.T.);
#2049=EDGE_CURVE('',#1638,#1640,#868,.T.);
#2050=EDGE_CURVE('',#1641,#1640,#869,.T.);
#2051=EDGE_CURVE('',#1529,#1641,#870,.T.);
#2052=EDGE_CURVE('',#1396,#1631,#871,.T.);
#2053=EDGE_CURVE('',#1544,#1550,#872,.T.);
#2054=EDGE_CURVE('',#1642,#1428,#873,.T.);
#2055=EDGE_CURVE('',#1643,#1642,#874,.T.);
#2056=EDGE_CURVE('',#1644,#1643,#875,.T.);
#2057=EDGE_CURVE('',#1645,#1644,#876,.T.);
#2058=EDGE_CURVE('',#1646,#1645,#877,.T.);
#2059=EDGE_CURVE('',#1646,#1647,#878,.T.);
#2060=EDGE_CURVE('',#1640,#1647,#879,.T.);
#2061=EDGE_CURVE('',#1425,#1637,#880,.T.);
#2062=EDGE_CURVE('',#1424,#1648,#881,.T.);
#2063=EDGE_CURVE('',#1648,#1649,#882,.T.);
#2064=EDGE_CURVE('',#1649,#1429,#883,.T.);
#2065=EDGE_CURVE('',#1650,#1427,#884,.T.);
#2066=EDGE_CURVE('',#1650,#1642,#885,.T.);
#2067=EDGE_CURVE('',#1474,#1650,#886,.T.);
#2068=EDGE_CURVE('',#1474,#1643,#887,.T.);
#2069=EDGE_CURVE('',#1651,#1644,#888,.T.);
#2070=EDGE_CURVE('',#1466,#1632,#889,.T.);
#2071=EDGE_CURVE('',#1641,#1532,#890,.T.);
#2072=EDGE_CURVE('',#1647,#1652,#891,.T.);
#2073=EDGE_CURVE('',#1651,#1652,#892,.T.);
#2074=EDGE_CURVE('',#1634,#1653,#893,.T.);
#2075=EDGE_CURVE('',#1654,#1653,#894,.T.);
#2076=EDGE_CURVE('',#1635,#1654,#895,.T.);
#2077=EDGE_CURVE('',#1651,#1655,#896,.T.);
#2078=EDGE_CURVE('',#1645,#1655,#897,.T.);
#2079=EDGE_CURVE('',#1436,#1656,#898,.T.);
#2080=EDGE_CURVE('',#1656,#1657,#899,.T.);
#2081=EDGE_CURVE('',#1657,#1655,#900,.T.);
#2082=EDGE_CURVE('',#1658,#1652,#901,.T.);
#2083=EDGE_CURVE('',#1658,#1659,#902,.T.);
#2084=EDGE_CURVE('',#1636,#1659,#903,.T.);
#2085=EDGE_CURVE('',#1654,#1660,#904,.T.);
#2086=EDGE_CURVE('',#1660,#1417,#905,.T.);
#2087=EDGE_CURVE('',#1416,#1497,#906,.T.);
#2088=EDGE_CURVE('',#1658,#1646,#907,.T.);
#2089=EDGE_CURVE('',#1661,#1633,#908,.T.);
#2090=EDGE_CURVE('',#1659,#1661,#909,.T.);
#2091=EDGE_CURVE('',#1653,#1662,#910,.T.);
#2092=EDGE_CURVE('',#1662,#1660,#911,.T.);
#2093=EDGE_CURVE('',#1649,#1663,#912,.T.);
#2094=EDGE_CURVE('',#1663,#1430,#913,.T.);
#2095=EDGE_CURVE('',#1664,#1661,#914,.T.);
#2096=EDGE_CURVE('',#1664,#1657,#915,.T.);
#2097=EDGE_CURVE('',#1665,#1664,#916,.T.);
#2098=EDGE_CURVE('',#1656,#1665,#917,.T.);
#2099=EDGE_CURVE('',#1435,#1665,#918,.T.);
#2100=EDGE_CURVE('',#1433,#1432,#1378,.T.);
#2101=EDGE_CURVE('',#1434,#1431,#1379,.T.);
#2102=EDGE_CURVE('',#1666,#1667,#919,.T.);
#2103=EDGE_CURVE('',#1666,#1668,#920,.T.);
#2104=EDGE_CURVE('',#1668,#1669,#921,.T.);
#2105=EDGE_CURVE('',#1669,#1667,#922,.T.);
#2106=EDGE_CURVE('',#1670,#1666,#923,.T.);
#2107=EDGE_CURVE('',#1671,#1670,#924,.T.);
#2108=EDGE_CURVE('',#1671,#1668,#925,.T.);
#2109=EDGE_CURVE('',#1672,#1663,#926,.T.);
#2110=EDGE_CURVE('',#1672,#1673,#927,.T.);
#2111=EDGE_CURVE('',#1673,#1671,#928,.T.);
#2112=EDGE_CURVE('',#1674,#1670,#929,.T.);
#2113=EDGE_CURVE('',#1423,#1674,#930,.T.);
#2114=EDGE_CURVE('',#1422,#1419,#1380,.T.);
#2115=EDGE_CURVE('',#1662,#1418,#931,.T.);
#2116=EDGE_CURVE('',#1673,#1669,#932,.T.);
#2117=EDGE_CURVE('',#1667,#1672,#933,.T.);
#2118=EDGE_CURVE('',#1648,#1674,#934,.T.);
#2119=EDGE_CURVE('',#1445,#1533,#935,.T.);
#2120=EDGE_CURVE('',#1421,#1420,#1381,.T.);
#2121=EDGE_CURVE('',#1426,#1639,#936,.T.);
#2122=EDGE_CURVE('',#1675,#1676,#17,.T.);
#2123=EDGE_CURVE('',#1676,#1675,#1382,.T.);
#2124=EDGE_CURVE('',#1676,#1675,#15,.T.);
#2125=ORIENTED_EDGE('',*,*,#1677,.F.);
#2126=ORIENTED_EDGE('',*,*,#1678,.T.);
#2127=ORIENTED_EDGE('',*,*,#1679,.T.);
#2128=ORIENTED_EDGE('',*,*,#1678,.F.);
#2129=ORIENTED_EDGE('',*,*,#1679,.F.);
#2130=ORIENTED_EDGE('',*,*,#1680,.T.);
#2131=ORIENTED_EDGE('',*,*,#1681,.T.);
#2132=ORIENTED_EDGE('',*,*,#1682,.F.);
#2133=ORIENTED_EDGE('',*,*,#1683,.F.);
#2134=ORIENTED_EDGE('',*,*,#1680,.F.);
#2135=ORIENTED_EDGE('',*,*,#1684,.T.);
#2136=ORIENTED_EDGE('',*,*,#1685,.F.);
#2137=ORIENTED_EDGE('',*,*,#1686,.T.);
#2138=ORIENTED_EDGE('',*,*,#1687,.T.);
#2139=ORIENTED_EDGE('',*,*,#1682,.T.);
#2140=ORIENTED_EDGE('',*,*,#1688,.F.);
#2141=ORIENTED_EDGE('',*,*,#1689,.F.);
#2142=ORIENTED_EDGE('',*,*,#1690,.F.);
#2143=ORIENTED_EDGE('',*,*,#1691,.T.);
#2144=ORIENTED_EDGE('',*,*,#1692,.T.);
#2145=ORIENTED_EDGE('',*,*,#1693,.F.);
#2146=ORIENTED_EDGE('',*,*,#1694,.T.);
#2147=ORIENTED_EDGE('',*,*,#1695,.F.);
#2148=ORIENTED_EDGE('',*,*,#1696,.T.);
#2149=ORIENTED_EDGE('',*,*,#1697,.F.);
#2150=ORIENTED_EDGE('',*,*,#1698,.F.);
#2151=ORIENTED_EDGE('',*,*,#1699,.F.);
#2152=ORIENTED_EDGE('',*,*,#1700,.F.);
#2153=ORIENTED_EDGE('',*,*,#1701,.T.);
#2154=ORIENTED_EDGE('',*,*,#1702,.T.);
#2155=ORIENTED_EDGE('',*,*,#1703,.T.);
#2156=ORIENTED_EDGE('',*,*,#1704,.F.);
#2157=ORIENTED_EDGE('',*,*,#1705,.T.);
#2158=ORIENTED_EDGE('',*,*,#1706,.T.);
#2159=ORIENTED_EDGE('',*,*,#1683,.T.);
#2160=ORIENTED_EDGE('',*,*,#1704,.T.);
#2161=ORIENTED_EDGE('',*,*,#1707,.F.);
#2162=ORIENTED_EDGE('',*,*,#1708,.F.);
#2163=ORIENTED_EDGE('',*,*,#1709,.T.);
#2164=ORIENTED_EDGE('',*,*,#1710,.T.);
#2165=ORIENTED_EDGE('',*,*,#1711,.T.);
#2166=ORIENTED_EDGE('',*,*,#1712,.T.);
#2167=ORIENTED_EDGE('',*,*,#1713,.T.);
#2168=ORIENTED_EDGE('',*,*,#1714,.T.);
#2169=ORIENTED_EDGE('',*,*,#1715,.T.);
#2170=ORIENTED_EDGE('',*,*,#1716,.T.);
#2171=ORIENTED_EDGE('',*,*,#1717,.T.);
#2172=ORIENTED_EDGE('',*,*,#1718,.T.);
#2173=ORIENTED_EDGE('',*,*,#1719,.T.);
#2174=ORIENTED_EDGE('',*,*,#1720,.T.);
#2175=ORIENTED_EDGE('',*,*,#1721,.T.);
#2176=ORIENTED_EDGE('',*,*,#1722,.T.);
#2177=ORIENTED_EDGE('',*,*,#1723,.T.);
#2178=ORIENTED_EDGE('',*,*,#1724,.T.);
#2179=ORIENTED_EDGE('',*,*,#1725,.T.);
#2180=ORIENTED_EDGE('',*,*,#1726,.T.);
#2181=ORIENTED_EDGE('',*,*,#1727,.T.);
#2182=ORIENTED_EDGE('',*,*,#1728,.T.);
#2183=ORIENTED_EDGE('',*,*,#1729,.T.);
#2184=ORIENTED_EDGE('',*,*,#1730,.T.);
#2185=ORIENTED_EDGE('',*,*,#1731,.T.);
#2186=ORIENTED_EDGE('',*,*,#1732,.T.);
#2187=ORIENTED_EDGE('',*,*,#1733,.T.);
#2188=ORIENTED_EDGE('',*,*,#1734,.T.);
#2189=ORIENTED_EDGE('',*,*,#1735,.T.);
#2190=ORIENTED_EDGE('',*,*,#1736,.T.);
#2191=ORIENTED_EDGE('',*,*,#1737,.T.);
#2192=ORIENTED_EDGE('',*,*,#1738,.T.);
#2193=ORIENTED_EDGE('',*,*,#1739,.F.);
#2194=ORIENTED_EDGE('',*,*,#1684,.F.);
#2195=ORIENTED_EDGE('',*,*,#1740,.T.);
#2196=ORIENTED_EDGE('',*,*,#1741,.T.);
#2197=ORIENTED_EDGE('',*,*,#1742,.T.);
#2198=ORIENTED_EDGE('',*,*,#1743,.T.);
#2199=ORIENTED_EDGE('',*,*,#1744,.T.);
#2200=ORIENTED_EDGE('',*,*,#1745,.T.);
#2201=ORIENTED_EDGE('',*,*,#1746,.T.);
#2202=ORIENTED_EDGE('',*,*,#1747,.T.);
#2203=ORIENTED_EDGE('',*,*,#1748,.T.);
#2204=ORIENTED_EDGE('',*,*,#1749,.T.);
#2205=ORIENTED_EDGE('',*,*,#1750,.T.);
#2206=ORIENTED_EDGE('',*,*,#1751,.T.);
#2207=ORIENTED_EDGE('',*,*,#1752,.T.);
#2208=ORIENTED_EDGE('',*,*,#1753,.T.);
#2209=ORIENTED_EDGE('',*,*,#1754,.F.);
#2210=ORIENTED_EDGE('',*,*,#1709,.F.);
#2211=ORIENTED_EDGE('',*,*,#1755,.T.);
#2212=ORIENTED_EDGE('',*,*,#1756,.T.);
#2213=ORIENTED_EDGE('',*,*,#1755,.F.);
#2214=ORIENTED_EDGE('',*,*,#1708,.T.);
#2215=ORIENTED_EDGE('',*,*,#1757,.T.);
#2216=ORIENTED_EDGE('',*,*,#1758,.T.);
#2217=ORIENTED_EDGE('',*,*,#1759,.T.);
#2218=ORIENTED_EDGE('',*,*,#1754,.T.);
#2219=ORIENTED_EDGE('',*,*,#1760,.T.);
#2220=ORIENTED_EDGE('',*,*,#1761,.F.);
#2221=ORIENTED_EDGE('',*,*,#1762,.F.);
#2222=ORIENTED_EDGE('',*,*,#1710,.F.);
#2223=ORIENTED_EDGE('',*,*,#1753,.F.);
#2224=ORIENTED_EDGE('',*,*,#1763,.T.);
#2225=ORIENTED_EDGE('',*,*,#1764,.F.);
#2226=ORIENTED_EDGE('',*,*,#1763,.F.);
#2227=ORIENTED_EDGE('',*,*,#1752,.F.);
#2228=ORIENTED_EDGE('',*,*,#1765,.T.);
#2229=ORIENTED_EDGE('',*,*,#1766,.F.);
#2230=ORIENTED_EDGE('',*,*,#1765,.F.);
#2231=ORIENTED_EDGE('',*,*,#1767,.T.);
#2232=ORIENTED_EDGE('',*,*,#1758,.F.);
#2233=ORIENTED_EDGE('',*,*,#1768,.F.);
#2234=ORIENTED_EDGE('',*,*,#1702,.F.);
#2235=ORIENTED_EDGE('',*,*,#1769,.T.);
#2236=ORIENTED_EDGE('',*,*,#1686,.F.);
#2237=ORIENTED_EDGE('',*,*,#1770,.F.);
#2238=ORIENTED_EDGE('',*,*,#1771,.F.);
#2239=ORIENTED_EDGE('',*,*,#1771,.T.);
#2240=ORIENTED_EDGE('',*,*,#1772,.T.);
#2241=ORIENTED_EDGE('',*,*,#1738,.F.);
#2242=ORIENTED_EDGE('',*,*,#1773,.F.);
#2243=ORIENTED_EDGE('',*,*,#1774,.F.);
#2244=ORIENTED_EDGE('',*,*,#1775,.F.);
#2245=ORIENTED_EDGE('',*,*,#1772,.F.);
#2246=ORIENTED_EDGE('',*,*,#1770,.T.);
#2247=ORIENTED_EDGE('',*,*,#1685,.T.);
#2248=ORIENTED_EDGE('',*,*,#1739,.T.);
#2249=ORIENTED_EDGE('',*,*,#1707,.T.);
#2250=ORIENTED_EDGE('',*,*,#1703,.F.);
#2251=ORIENTED_EDGE('',*,*,#1768,.T.);
#2252=ORIENTED_EDGE('',*,*,#1757,.F.);
#2253=ORIENTED_EDGE('',*,*,#1751,.F.);
#2254=ORIENTED_EDGE('',*,*,#1776,.F.);
#2255=ORIENTED_EDGE('',*,*,#1777,.F.);
#2256=ORIENTED_EDGE('',*,*,#1778,.F.);
#2257=ORIENTED_EDGE('',*,*,#1779,.T.);
#2258=ORIENTED_EDGE('',*,*,#1777,.T.);
#2259=ORIENTED_EDGE('',*,*,#1780,.T.);
#2260=ORIENTED_EDGE('',*,*,#1781,.F.);
#2261=ORIENTED_EDGE('',*,*,#1782,.T.);
#2262=ORIENTED_EDGE('',*,*,#1783,.F.);
#2263=ORIENTED_EDGE('',*,*,#1688,.T.);
#2264=ORIENTED_EDGE('',*,*,#1681,.F.);
#2265=ORIENTED_EDGE('',*,*,#1687,.F.);
#2266=ORIENTED_EDGE('',*,*,#1769,.F.);
#2267=ORIENTED_EDGE('',*,*,#1775,.T.);
#2268=ORIENTED_EDGE('',*,*,#1784,.T.);
#2269=ORIENTED_EDGE('',*,*,#1785,.T.);
#2270=ORIENTED_EDGE('',*,*,#1786,.F.);
#2271=ORIENTED_EDGE('',*,*,#1764,.T.);
#2272=ORIENTED_EDGE('',*,*,#1787,.F.);
#2273=ORIENTED_EDGE('',*,*,#1788,.F.);
#2274=ORIENTED_EDGE('',*,*,#1789,.F.);
#2275=ORIENTED_EDGE('',*,*,#1749,.F.);
#2276=ORIENTED_EDGE('',*,*,#1790,.T.);
#2277=ORIENTED_EDGE('',*,*,#1788,.T.);
#2278=ORIENTED_EDGE('',*,*,#1791,.T.);
#2279=ORIENTED_EDGE('',*,*,#1792,.F.);
#2280=ORIENTED_EDGE('',*,*,#1793,.T.);
#2281=ORIENTED_EDGE('',*,*,#1794,.F.);
#2282=ORIENTED_EDGE('',*,*,#1760,.F.);
#2283=ORIENTED_EDGE('',*,*,#1756,.F.);
#2284=ORIENTED_EDGE('',*,*,#1759,.F.);
#2285=ORIENTED_EDGE('',*,*,#1767,.F.);
#2286=ORIENTED_EDGE('',*,*,#1701,.F.);
#2287=ORIENTED_EDGE('',*,*,#1795,.T.);
#2288=ORIENTED_EDGE('',*,*,#1796,.F.);
#2289=ORIENTED_EDGE('',*,*,#1797,.F.);
#2290=ORIENTED_EDGE('',*,*,#1798,.F.);
#2291=ORIENTED_EDGE('',*,*,#1799,.F.);
#2292=ORIENTED_EDGE('',*,*,#1766,.T.);
#2293=ORIENTED_EDGE('',*,*,#1746,.F.);
#2294=ORIENTED_EDGE('',*,*,#1800,.F.);
#2295=ORIENTED_EDGE('',*,*,#1797,.T.);
#2296=ORIENTED_EDGE('',*,*,#1801,.F.);
#2297=ORIENTED_EDGE('',*,*,#1745,.F.);
#2298=ORIENTED_EDGE('',*,*,#1802,.T.);
#2299=ORIENTED_EDGE('',*,*,#1803,.T.);
#2300=ORIENTED_EDGE('',*,*,#1804,.T.);
#2301=ORIENTED_EDGE('',*,*,#1741,.F.);
#2302=ORIENTED_EDGE('',*,*,#1805,.T.);
#2303=ORIENTED_EDGE('',*,*,#1806,.T.);
#2304=ORIENTED_EDGE('',*,*,#1807,.T.);
#2305=ORIENTED_EDGE('',*,*,#1808,.T.);
#2306=ORIENTED_EDGE('',*,*,#1809,.T.);
#2307=ORIENTED_EDGE('',*,*,#1810,.T.);
#2308=ORIENTED_EDGE('',*,*,#1811,.T.);
#2309=ORIENTED_EDGE('',*,*,#1812,.T.);
#2310=ORIENTED_EDGE('',*,*,#1798,.T.);
#2311=ORIENTED_EDGE('',*,*,#1800,.T.);
#2312=ORIENTED_EDGE('',*,*,#1744,.F.);
#2313=ORIENTED_EDGE('',*,*,#1813,.F.);
#2314=ORIENTED_EDGE('',*,*,#1814,.F.);
#2315=ORIENTED_EDGE('',*,*,#1802,.F.);
#2316=ORIENTED_EDGE('',*,*,#1815,.F.);
#2317=ORIENTED_EDGE('',*,*,#1816,.F.);
#2318=ORIENTED_EDGE('',*,*,#1817,.T.);
#2319=ORIENTED_EDGE('',*,*,#1818,.F.);
#2320=ORIENTED_EDGE('',*,*,#1819,.T.);
#2321=ORIENTED_EDGE('',*,*,#1820,.T.);
#2322=ORIENTED_EDGE('',*,*,#1747,.F.);
#2323=ORIENTED_EDGE('',*,*,#1801,.T.);
#2324=ORIENTED_EDGE('',*,*,#1796,.T.);
#2325=ORIENTED_EDGE('',*,*,#1821,.F.);
#2326=ORIENTED_EDGE('',*,*,#1822,.F.);
#2327=ORIENTED_EDGE('',*,*,#1823,.T.);
#2328=ORIENTED_EDGE('',*,*,#1824,.T.);
#2329=ORIENTED_EDGE('',*,*,#1825,.F.);
#2330=ORIENTED_EDGE('',*,*,#1826,.T.);
#2331=ORIENTED_EDGE('',*,*,#1827,.T.);
#2332=ORIENTED_EDGE('',*,*,#1828,.T.);
#2333=ORIENTED_EDGE('',*,*,#1829,.T.);
#2334=ORIENTED_EDGE('',*,*,#1830,.T.);
#2335=ORIENTED_EDGE('',*,*,#1750,.F.);
#2336=ORIENTED_EDGE('',*,*,#1789,.T.);
#2337=ORIENTED_EDGE('',*,*,#1790,.F.);
#2338=ORIENTED_EDGE('',*,*,#1831,.T.);
#2339=ORIENTED_EDGE('',*,*,#1832,.F.);
#2340=ORIENTED_EDGE('',*,*,#1833,.F.);
#2341=ORIENTED_EDGE('',*,*,#1834,.F.);
#2342=ORIENTED_EDGE('',*,*,#1835,.F.);
#2343=ORIENTED_EDGE('',*,*,#1836,.F.);
#2344=ORIENTED_EDGE('',*,*,#1837,.T.);
#2345=ORIENTED_EDGE('',*,*,#1780,.F.);
#2346=ORIENTED_EDGE('',*,*,#1776,.T.);
#2347=ORIENTED_EDGE('',*,*,#1809,.F.);
#2348=ORIENTED_EDGE('',*,*,#1838,.T.);
#2349=ORIENTED_EDGE('',*,*,#1834,.T.);
#2350=ORIENTED_EDGE('',*,*,#1839,.T.);
#2351=ORIENTED_EDGE('',*,*,#1840,.F.);
#2352=ORIENTED_EDGE('',*,*,#1841,.T.);
#2353=ORIENTED_EDGE('',*,*,#1842,.T.);
#2354=ORIENTED_EDGE('',*,*,#1843,.T.);
#2355=ORIENTED_EDGE('',*,*,#1781,.T.);
#2356=ORIENTED_EDGE('',*,*,#1837,.F.);
#2357=ORIENTED_EDGE('',*,*,#1844,.T.);
#2358=ORIENTED_EDGE('',*,*,#1806,.F.);
#2359=ORIENTED_EDGE('',*,*,#1845,.F.);
#2360=ORIENTED_EDGE('',*,*,#1846,.T.);
#2361=ORIENTED_EDGE('',*,*,#1847,.T.);
#2362=ORIENTED_EDGE('',*,*,#1846,.F.);
#2363=ORIENTED_EDGE('',*,*,#1847,.F.);
#2364=ORIENTED_EDGE('',*,*,#1848,.F.);
#2365=ORIENTED_EDGE('',*,*,#1848,.T.);
#2366=ORIENTED_EDGE('',*,*,#1849,.T.);
#2367=ORIENTED_EDGE('',*,*,#1850,.T.);
#2368=ORIENTED_EDGE('',*,*,#1849,.F.);
#2369=ORIENTED_EDGE('',*,*,#1850,.F.);
#2370=ORIENTED_EDGE('',*,*,#1851,.F.);
#2371=ORIENTED_EDGE('',*,*,#1852,.T.);
#2372=ORIENTED_EDGE('',*,*,#1853,.F.);
#2373=ORIENTED_EDGE('',*,*,#1852,.F.);
#2374=ORIENTED_EDGE('',*,*,#1853,.T.);
#2375=ORIENTED_EDGE('',*,*,#1845,.T.);
#2376=ORIENTED_EDGE('',*,*,#1786,.T.);
#2377=ORIENTED_EDGE('',*,*,#1854,.T.);
#2378=ORIENTED_EDGE('',*,*,#1855,.F.);
#2379=ORIENTED_EDGE('',*,*,#1856,.F.);
#2380=ORIENTED_EDGE('',*,*,#1857,.T.);
#2381=ORIENTED_EDGE('',*,*,#1858,.F.);
#2382=ORIENTED_EDGE('',*,*,#1855,.T.);
#2383=ORIENTED_EDGE('',*,*,#1859,.T.);
#2384=ORIENTED_EDGE('',*,*,#1694,.F.);
#2385=ORIENTED_EDGE('',*,*,#1860,.F.);
#2386=ORIENTED_EDGE('',*,*,#1861,.T.);
#2387=ORIENTED_EDGE('',*,*,#1841,.F.);
#2388=ORIENTED_EDGE('',*,*,#1862,.F.);
#2389=ORIENTED_EDGE('',*,*,#1863,.T.);
#2390=ORIENTED_EDGE('',*,*,#1838,.F.);
#2391=ORIENTED_EDGE('',*,*,#1864,.T.);
#2392=ORIENTED_EDGE('',*,*,#1865,.F.);
#2393=ORIENTED_EDGE('',*,*,#1835,.T.);
#2394=ORIENTED_EDGE('',*,*,#1863,.F.);
#2395=ORIENTED_EDGE('',*,*,#1866,.F.);
#2396=ORIENTED_EDGE('',*,*,#1867,.T.);
#2397=ORIENTED_EDGE('',*,*,#1827,.F.);
#2398=ORIENTED_EDGE('',*,*,#1864,.F.);
#2399=ORIENTED_EDGE('',*,*,#1808,.F.);
#2400=ORIENTED_EDGE('',*,*,#1868,.T.);
#2401=ORIENTED_EDGE('',*,*,#1869,.F.);
#2402=ORIENTED_EDGE('',*,*,#1691,.F.);
#2403=ORIENTED_EDGE('',*,*,#1870,.T.);
#2404=ORIENTED_EDGE('',*,*,#1868,.F.);
#2405=ORIENTED_EDGE('',*,*,#1871,.F.);
#2406=ORIENTED_EDGE('',*,*,#1867,.F.);
#2407=ORIENTED_EDGE('',*,*,#1872,.F.);
#2408=ORIENTED_EDGE('',*,*,#1857,.F.);
#2409=ORIENTED_EDGE('',*,*,#1873,.T.);
#2410=ORIENTED_EDGE('',*,*,#1871,.T.);
#2411=ORIENTED_EDGE('',*,*,#1807,.F.);
#2412=ORIENTED_EDGE('',*,*,#1844,.F.);
#2413=ORIENTED_EDGE('',*,*,#1836,.T.);
#2414=ORIENTED_EDGE('',*,*,#1874,.F.);
#2415=ORIENTED_EDGE('',*,*,#1875,.F.);
#2416=ORIENTED_EDGE('',*,*,#1803,.F.);
#2417=ORIENTED_EDGE('',*,*,#1814,.T.);
#2418=ORIENTED_EDGE('',*,*,#1695,.T.);
#2419=ORIENTED_EDGE('',*,*,#1865,.T.);
#2420=ORIENTED_EDGE('',*,*,#1826,.F.);
#2421=ORIENTED_EDGE('',*,*,#1876,.F.);
#2422=ORIENTED_EDGE('',*,*,#1690,.T.);
#2423=ORIENTED_EDGE('',*,*,#1877,.T.);
#2424=ORIENTED_EDGE('',*,*,#1828,.F.);
#2425=ORIENTED_EDGE('',*,*,#1870,.F.);
#2426=ORIENTED_EDGE('',*,*,#1689,.T.);
#2427=ORIENTED_EDGE('',*,*,#1783,.T.);
#2428=ORIENTED_EDGE('',*,*,#1829,.F.);
#2429=ORIENTED_EDGE('',*,*,#1877,.F.);
#2430=ORIENTED_EDGE('',*,*,#1878,.T.);
#2431=ORIENTED_EDGE('',*,*,#1879,.T.);
#2432=ORIENTED_EDGE('',*,*,#1706,.F.);
#2433=ORIENTED_EDGE('',*,*,#1880,.T.);
#2434=ORIENTED_EDGE('',*,*,#1878,.F.);
#2435=ORIENTED_EDGE('',*,*,#1880,.F.);
#2436=ORIENTED_EDGE('',*,*,#1881,.F.);
#2437=ORIENTED_EDGE('',*,*,#1879,.F.);
#2438=ORIENTED_EDGE('',*,*,#1882,.T.);
#2439=ORIENTED_EDGE('',*,*,#1881,.T.);
#2440=ORIENTED_EDGE('',*,*,#1882,.F.);
#2441=ORIENTED_EDGE('',*,*,#1820,.F.);
#2442=ORIENTED_EDGE('',*,*,#1883,.T.);
#2443=ORIENTED_EDGE('',*,*,#1884,.F.);
#2444=ORIENTED_EDGE('',*,*,#1883,.F.);
#2445=ORIENTED_EDGE('',*,*,#1885,.F.);
#2446=ORIENTED_EDGE('',*,*,#1886,.T.);
#2447=ORIENTED_EDGE('',*,*,#1885,.T.);
#2448=ORIENTED_EDGE('',*,*,#1887,.T.);
#2449=ORIENTED_EDGE('',*,*,#1888,.F.);
#2450=ORIENTED_EDGE('',*,*,#1887,.F.);
#2451=ORIENTED_EDGE('',*,*,#1819,.F.);
#2452=ORIENTED_EDGE('',*,*,#1889,.T.);
#2453=ORIENTED_EDGE('',*,*,#1886,.F.);
#2454=ORIENTED_EDGE('',*,*,#1889,.F.);
#2455=ORIENTED_EDGE('',*,*,#1700,.T.);
#2456=ORIENTED_EDGE('',*,*,#1890,.T.);
#2457=ORIENTED_EDGE('',*,*,#1821,.T.);
#2458=ORIENTED_EDGE('',*,*,#1795,.F.);
#2459=ORIENTED_EDGE('',*,*,#1891,.F.);
#2460=ORIENTED_EDGE('',*,*,#1892,.T.);
#2461=ORIENTED_EDGE('',*,*,#1893,.T.);
#2462=ORIENTED_EDGE('',*,*,#1892,.F.);
#2463=ORIENTED_EDGE('',*,*,#1893,.F.);
#2464=ORIENTED_EDGE('',*,*,#1705,.F.);
#2465=ORIENTED_EDGE('',*,*,#1894,.T.);
#2466=ORIENTED_EDGE('',*,*,#1895,.F.);
#2467=ORIENTED_EDGE('',*,*,#1894,.F.);
#2468=ORIENTED_EDGE('',*,*,#1895,.T.);
#2469=ORIENTED_EDGE('',*,*,#1891,.T.);
#2470=ORIENTED_EDGE('',*,*,#1699,.T.);
#2471=ORIENTED_EDGE('',*,*,#1896,.T.);
#2472=ORIENTED_EDGE('',*,*,#1822,.T.);
#2473=ORIENTED_EDGE('',*,*,#1890,.F.);
#2474=ORIENTED_EDGE('',*,*,#1897,.T.);
#2475=ORIENTED_EDGE('',*,*,#1832,.T.);
#2476=ORIENTED_EDGE('',*,*,#1898,.T.);
#2477=ORIENTED_EDGE('',*,*,#1811,.F.);
#2478=ORIENTED_EDGE('',*,*,#1698,.T.);
#2479=ORIENTED_EDGE('',*,*,#1899,.T.);
#2480=ORIENTED_EDGE('',*,*,#1900,.T.);
#2481=ORIENTED_EDGE('',*,*,#1901,.F.);
#2482=ORIENTED_EDGE('',*,*,#1902,.F.);
#2483=ORIENTED_EDGE('',*,*,#1903,.T.);
#2484=ORIENTED_EDGE('',*,*,#1897,.F.);
#2485=ORIENTED_EDGE('',*,*,#1904,.T.);
#2486=ORIENTED_EDGE('',*,*,#1896,.F.);
#2487=ORIENTED_EDGE('',*,*,#1824,.F.);
#2488=ORIENTED_EDGE('',*,*,#1905,.F.);
#2489=ORIENTED_EDGE('',*,*,#1839,.F.);
#2490=ORIENTED_EDGE('',*,*,#1906,.F.);
#2491=ORIENTED_EDGE('',*,*,#1907,.F.);
#2492=ORIENTED_EDGE('',*,*,#1908,.T.);
#2493=ORIENTED_EDGE('',*,*,#1823,.F.);
#2494=ORIENTED_EDGE('',*,*,#1904,.F.);
#2495=ORIENTED_EDGE('',*,*,#1810,.F.);
#2496=ORIENTED_EDGE('',*,*,#1905,.T.);
#2497=ORIENTED_EDGE('',*,*,#1833,.T.);
#2498=ORIENTED_EDGE('',*,*,#1903,.F.);
#2499=ORIENTED_EDGE('',*,*,#1909,.F.);
#2500=ORIENTED_EDGE('',*,*,#1906,.T.);
#2501=ORIENTED_EDGE('',*,*,#1799,.T.);
#2502=ORIENTED_EDGE('',*,*,#1812,.F.);
#2503=ORIENTED_EDGE('',*,*,#1898,.F.);
#2504=ORIENTED_EDGE('',*,*,#1831,.F.);
#2505=ORIENTED_EDGE('',*,*,#1910,.F.);
#2506=ORIENTED_EDGE('',*,*,#1696,.F.);
#2507=ORIENTED_EDGE('',*,*,#1876,.T.);
#2508=ORIENTED_EDGE('',*,*,#1825,.T.);
#2509=ORIENTED_EDGE('',*,*,#1908,.F.);
#2510=ORIENTED_EDGE('',*,*,#1911,.F.);
#2511=ORIENTED_EDGE('',*,*,#1843,.F.);
#2512=ORIENTED_EDGE('',*,*,#1912,.T.);
#2513=ORIENTED_EDGE('',*,*,#1901,.T.);
#2514=ORIENTED_EDGE('',*,*,#1913,.T.);
#2515=ORIENTED_EDGE('',*,*,#1914,.F.);
#2516=ORIENTED_EDGE('',*,*,#1915,.F.);
#2517=ORIENTED_EDGE('',*,*,#1792,.T.);
#2518=ORIENTED_EDGE('',*,*,#1916,.F.);
#2519=ORIENTED_EDGE('',*,*,#1914,.T.);
#2520=ORIENTED_EDGE('',*,*,#1917,.T.);
#2521=ORIENTED_EDGE('',*,*,#1918,.T.);
#2522=ORIENTED_EDGE('',*,*,#1919,.F.);
#2523=ORIENTED_EDGE('',*,*,#1920,.F.);
#2524=ORIENTED_EDGE('',*,*,#1921,.F.);
#2525=ORIENTED_EDGE('',*,*,#1922,.F.);
#2526=ORIENTED_EDGE('',*,*,#1923,.F.);
#2527=ORIENTED_EDGE('',*,*,#1924,.F.);
#2528=ORIENTED_EDGE('',*,*,#1925,.F.);
#2529=ORIENTED_EDGE('',*,*,#1926,.F.);
#2530=ORIENTED_EDGE('',*,*,#1927,.F.);
#2531=ORIENTED_EDGE('',*,*,#1928,.F.);
#2532=ORIENTED_EDGE('',*,*,#1929,.F.);
#2533=ORIENTED_EDGE('',*,*,#1925,.T.);
#2534=ORIENTED_EDGE('',*,*,#1930,.F.);
#2535=ORIENTED_EDGE('',*,*,#1931,.F.);
#2536=ORIENTED_EDGE('',*,*,#1932,.F.);
#2537=ORIENTED_EDGE('',*,*,#1924,.T.);
#2538=ORIENTED_EDGE('',*,*,#1933,.F.);
#2539=ORIENTED_EDGE('',*,*,#1934,.F.);
#2540=ORIENTED_EDGE('',*,*,#1930,.T.);
#2541=ORIENTED_EDGE('',*,*,#1923,.T.);
#2542=ORIENTED_EDGE('',*,*,#1935,.F.);
#2543=ORIENTED_EDGE('',*,*,#1936,.F.);
#2544=ORIENTED_EDGE('',*,*,#1933,.T.);
#2545=ORIENTED_EDGE('',*,*,#1928,.T.);
#2546=ORIENTED_EDGE('',*,*,#1937,.F.);
#2547=ORIENTED_EDGE('',*,*,#1938,.F.);
#2548=ORIENTED_EDGE('',*,*,#1939,.F.);
#2549=ORIENTED_EDGE('',*,*,#1927,.T.);
#2550=ORIENTED_EDGE('',*,*,#1940,.F.);
#2551=ORIENTED_EDGE('',*,*,#1941,.F.);
#2552=ORIENTED_EDGE('',*,*,#1937,.T.);
#2553=ORIENTED_EDGE('',*,*,#1926,.T.);
#2554=ORIENTED_EDGE('',*,*,#1942,.F.);
#2555=ORIENTED_EDGE('',*,*,#1943,.F.);
#2556=ORIENTED_EDGE('',*,*,#1940,.T.);
#2557=ORIENTED_EDGE('',*,*,#1944,.F.);
#2558=ORIENTED_EDGE('',*,*,#1945,.F.);
#2559=ORIENTED_EDGE('',*,*,#1946,.F.);
#2560=ORIENTED_EDGE('',*,*,#1947,.F.);
#2561=ORIENTED_EDGE('',*,*,#1948,.F.);
#2562=ORIENTED_EDGE('',*,*,#1949,.F.);
#2563=ORIENTED_EDGE('',*,*,#1950,.F.);
#2564=ORIENTED_EDGE('',*,*,#1951,.F.);
#2565=ORIENTED_EDGE('',*,*,#1952,.F.);
#2566=ORIENTED_EDGE('',*,*,#1953,.T.);
#2567=ORIENTED_EDGE('',*,*,#1944,.T.);
#2568=ORIENTED_EDGE('',*,*,#1954,.F.);
#2569=ORIENTED_EDGE('',*,*,#1955,.F.);
#2570=ORIENTED_EDGE('',*,*,#1956,.T.);
#2571=ORIENTED_EDGE('',*,*,#1945,.T.);
#2572=ORIENTED_EDGE('',*,*,#1953,.F.);
#2573=ORIENTED_EDGE('',*,*,#1957,.F.);
#2574=ORIENTED_EDGE('',*,*,#1958,.T.);
#2575=ORIENTED_EDGE('',*,*,#1946,.T.);
#2576=ORIENTED_EDGE('',*,*,#1956,.F.);
#2577=ORIENTED_EDGE('',*,*,#1959,.F.);
#2578=ORIENTED_EDGE('',*,*,#1954,.T.);
#2579=ORIENTED_EDGE('',*,*,#1947,.T.);
#2580=ORIENTED_EDGE('',*,*,#1958,.F.);
#2581=ORIENTED_EDGE('',*,*,#1960,.F.);
#2582=ORIENTED_EDGE('',*,*,#1961,.F.);
#2583=ORIENTED_EDGE('',*,*,#1950,.T.);
#2584=ORIENTED_EDGE('',*,*,#1962,.T.);
#2585=ORIENTED_EDGE('',*,*,#1963,.F.);
#2586=ORIENTED_EDGE('',*,*,#1964,.F.);
#2587=ORIENTED_EDGE('',*,*,#1951,.T.);
#2588=ORIENTED_EDGE('',*,*,#1961,.T.);
#2589=ORIENTED_EDGE('',*,*,#1965,.F.);
#2590=ORIENTED_EDGE('',*,*,#1962,.F.);
#2591=ORIENTED_EDGE('',*,*,#1949,.T.);
#2592=ORIENTED_EDGE('',*,*,#1966,.T.);
#2593=ORIENTED_EDGE('',*,*,#1967,.F.);
#2594=ORIENTED_EDGE('',*,*,#1966,.F.);
#2595=ORIENTED_EDGE('',*,*,#1948,.T.);
#2596=ORIENTED_EDGE('',*,*,#1964,.T.);
#2597=ORIENTED_EDGE('',*,*,#1968,.T.);
#2598=ORIENTED_EDGE('',*,*,#1969,.F.);
#2599=ORIENTED_EDGE('',*,*,#1970,.F.);
#2600=ORIENTED_EDGE('',*,*,#1971,.F.);
#2601=ORIENTED_EDGE('',*,*,#1972,.T.);
#2602=ORIENTED_EDGE('',*,*,#1971,.T.);
#2603=ORIENTED_EDGE('',*,*,#1973,.F.);
#2604=ORIENTED_EDGE('',*,*,#1974,.F.);
#2605=ORIENTED_EDGE('',*,*,#1970,.T.);
#2606=ORIENTED_EDGE('',*,*,#1975,.F.);
#2607=ORIENTED_EDGE('',*,*,#1976,.F.);
#2608=ORIENTED_EDGE('',*,*,#1973,.T.);
#2609=ORIENTED_EDGE('',*,*,#1977,.F.);
#2610=ORIENTED_EDGE('',*,*,#1978,.T.);
#2611=ORIENTED_EDGE('',*,*,#1979,.F.);
#2612=ORIENTED_EDGE('',*,*,#1980,.F.);
#2613=ORIENTED_EDGE('',*,*,#1980,.T.);
#2614=ORIENTED_EDGE('',*,*,#1981,.F.);
#2615=ORIENTED_EDGE('',*,*,#1982,.F.);
#2616=ORIENTED_EDGE('',*,*,#1983,.T.);
#2617=ORIENTED_EDGE('',*,*,#1984,.T.);
#2618=ORIENTED_EDGE('',*,*,#1985,.F.);
#2619=ORIENTED_EDGE('',*,*,#1981,.T.);
#2620=ORIENTED_EDGE('',*,*,#1979,.T.);
#2621=ORIENTED_EDGE('',*,*,#1918,.F.);
#2622=ORIENTED_EDGE('',*,*,#1986,.F.);
#2623=ORIENTED_EDGE('',*,*,#1815,.T.);
#2624=ORIENTED_EDGE('',*,*,#1987,.F.);
#2625=ORIENTED_EDGE('',*,*,#1988,.T.);
#2626=ORIENTED_EDGE('',*,*,#1989,.T.);
#2627=ORIENTED_EDGE('',*,*,#1982,.T.);
#2628=ORIENTED_EDGE('',*,*,#1985,.T.);
#2629=ORIENTED_EDGE('',*,*,#1990,.T.);
#2630=ORIENTED_EDGE('',*,*,#1974,.T.);
#2631=ORIENTED_EDGE('',*,*,#1976,.T.);
#2632=ORIENTED_EDGE('',*,*,#1991,.T.);
#2633=ORIENTED_EDGE('',*,*,#1992,.T.);
#2634=ORIENTED_EDGE('',*,*,#1993,.T.);
#2635=ORIENTED_EDGE('',*,*,#1994,.T.);
#2636=ORIENTED_EDGE('',*,*,#1995,.T.);
#2637=ORIENTED_EDGE('',*,*,#1996,.T.);
#2638=ORIENTED_EDGE('',*,*,#1997,.T.);
#2639=ORIENTED_EDGE('',*,*,#1998,.T.);
#2640=ORIENTED_EDGE('',*,*,#1999,.T.);
#2641=ORIENTED_EDGE('',*,*,#2000,.T.);
#2642=ORIENTED_EDGE('',*,*,#2001,.T.);
#2643=ORIENTED_EDGE('',*,*,#2002,.T.);
#2644=ORIENTED_EDGE('',*,*,#2003,.T.);
#2645=ORIENTED_EDGE('',*,*,#1955,.T.);
#2646=ORIENTED_EDGE('',*,*,#1952,.T.);
#2647=ORIENTED_EDGE('',*,*,#1959,.T.);
#2648=ORIENTED_EDGE('',*,*,#1957,.T.);
#2649=ORIENTED_EDGE('',*,*,#1884,.T.);
#2650=ORIENTED_EDGE('',*,*,#2004,.T.);
#2651=ORIENTED_EDGE('',*,*,#2005,.T.);
#2652=ORIENTED_EDGE('',*,*,#2006,.T.);
#2653=ORIENTED_EDGE('',*,*,#2007,.T.);
#2654=ORIENTED_EDGE('',*,*,#1994,.F.);
#2655=ORIENTED_EDGE('',*,*,#2008,.T.);
#2656=ORIENTED_EDGE('',*,*,#2006,.F.);
#2657=ORIENTED_EDGE('',*,*,#2009,.F.);
#2658=ORIENTED_EDGE('',*,*,#2010,.F.);
#2659=ORIENTED_EDGE('',*,*,#2011,.F.);
#2660=ORIENTED_EDGE('',*,*,#2012,.F.);
#2661=ORIENTED_EDGE('',*,*,#2013,.F.);
#2662=ORIENTED_EDGE('',*,*,#2011,.T.);
#2663=ORIENTED_EDGE('',*,*,#2014,.F.);
#2664=ORIENTED_EDGE('',*,*,#2003,.F.);
#2665=ORIENTED_EDGE('',*,*,#2015,.T.);
#2666=ORIENTED_EDGE('',*,*,#2012,.T.);
#2667=ORIENTED_EDGE('',*,*,#2015,.F.);
#2668=ORIENTED_EDGE('',*,*,#2002,.F.);
#2669=ORIENTED_EDGE('',*,*,#2016,.T.);
#2670=ORIENTED_EDGE('',*,*,#2013,.T.);
#2671=ORIENTED_EDGE('',*,*,#2016,.F.);
#2672=ORIENTED_EDGE('',*,*,#2001,.F.);
#2673=ORIENTED_EDGE('',*,*,#2017,.T.);
#2674=ORIENTED_EDGE('',*,*,#2010,.T.);
#2675=ORIENTED_EDGE('',*,*,#2017,.F.);
#2676=ORIENTED_EDGE('',*,*,#2000,.F.);
#2677=ORIENTED_EDGE('',*,*,#2014,.T.);
#2678=ORIENTED_EDGE('',*,*,#2018,.F.);
#2679=ORIENTED_EDGE('',*,*,#2019,.F.);
#2680=ORIENTED_EDGE('',*,*,#2020,.F.);
#2681=ORIENTED_EDGE('',*,*,#2021,.F.);
#2682=ORIENTED_EDGE('',*,*,#2019,.T.);
#2683=ORIENTED_EDGE('',*,*,#2022,.F.);
#2684=ORIENTED_EDGE('',*,*,#1999,.F.);
#2685=ORIENTED_EDGE('',*,*,#2023,.T.);
#2686=ORIENTED_EDGE('',*,*,#2020,.T.);
#2687=ORIENTED_EDGE('',*,*,#2023,.F.);
#2688=ORIENTED_EDGE('',*,*,#1998,.F.);
#2689=ORIENTED_EDGE('',*,*,#2024,.T.);
#2690=ORIENTED_EDGE('',*,*,#2021,.T.);
#2691=ORIENTED_EDGE('',*,*,#2024,.F.);
#2692=ORIENTED_EDGE('',*,*,#1997,.F.);
#2693=ORIENTED_EDGE('',*,*,#2025,.T.);
#2694=ORIENTED_EDGE('',*,*,#2018,.T.);
#2695=ORIENTED_EDGE('',*,*,#2025,.F.);
#2696=ORIENTED_EDGE('',*,*,#1996,.F.);
#2697=ORIENTED_EDGE('',*,*,#2022,.T.);
#2698=ORIENTED_EDGE('',*,*,#2026,.F.);
#2699=ORIENTED_EDGE('',*,*,#1991,.F.);
#2700=ORIENTED_EDGE('',*,*,#1975,.T.);
#2701=ORIENTED_EDGE('',*,*,#1969,.T.);
#2702=ORIENTED_EDGE('',*,*,#2027,.T.);
#2703=ORIENTED_EDGE('',*,*,#2007,.F.);
#2704=ORIENTED_EDGE('',*,*,#2008,.F.);
#2705=ORIENTED_EDGE('',*,*,#1993,.F.);
#2706=ORIENTED_EDGE('',*,*,#2028,.T.);
#2707=ORIENTED_EDGE('',*,*,#1977,.T.);
#2708=ORIENTED_EDGE('',*,*,#1983,.F.);
#2709=ORIENTED_EDGE('',*,*,#1989,.F.);
#2710=ORIENTED_EDGE('',*,*,#2029,.F.);
#2711=ORIENTED_EDGE('',*,*,#1995,.F.);
#2712=ORIENTED_EDGE('',*,*,#2009,.T.);
#2713=ORIENTED_EDGE('',*,*,#2005,.F.);
#2714=ORIENTED_EDGE('',*,*,#1988,.F.);
#2715=ORIENTED_EDGE('',*,*,#2029,.T.);
#2716=ORIENTED_EDGE('',*,*,#2004,.F.);
#2717=ORIENTED_EDGE('',*,*,#2027,.F.);
#2718=ORIENTED_EDGE('',*,*,#1992,.F.);
#2719=ORIENTED_EDGE('',*,*,#2026,.T.);
#2720=ORIENTED_EDGE('',*,*,#1968,.F.);
#2721=ORIENTED_EDGE('',*,*,#1972,.F.);
#2722=ORIENTED_EDGE('',*,*,#1990,.F.);
#2723=ORIENTED_EDGE('',*,*,#1984,.F.);
#2724=ORIENTED_EDGE('',*,*,#1978,.F.);
#2725=ORIENTED_EDGE('',*,*,#2028,.F.);
#2726=ORIENTED_EDGE('',*,*,#1735,.F.);
#2727=ORIENTED_EDGE('',*,*,#2030,.F.);
#2728=ORIENTED_EDGE('',*,*,#1920,.T.);
#2729=ORIENTED_EDGE('',*,*,#2031,.F.);
#2730=ORIENTED_EDGE('',*,*,#1736,.F.);
#2731=ORIENTED_EDGE('',*,*,#2031,.T.);
#2732=ORIENTED_EDGE('',*,*,#1919,.T.);
#2733=ORIENTED_EDGE('',*,*,#1987,.T.);
#2734=ORIENTED_EDGE('',*,*,#1818,.T.);
#2735=ORIENTED_EDGE('',*,*,#2032,.T.);
#2736=ORIENTED_EDGE('',*,*,#1712,.F.);
#2737=ORIENTED_EDGE('',*,*,#2033,.T.);
#2738=ORIENTED_EDGE('',*,*,#2034,.T.);
#2739=ORIENTED_EDGE('',*,*,#2035,.T.);
#2740=ORIENTED_EDGE('',*,*,#1931,.T.);
#2741=ORIENTED_EDGE('',*,*,#1934,.T.);
#2742=ORIENTED_EDGE('',*,*,#1936,.T.);
#2743=ORIENTED_EDGE('',*,*,#2036,.T.);
#2744=ORIENTED_EDGE('',*,*,#1938,.T.);
#2745=ORIENTED_EDGE('',*,*,#1941,.T.);
#2746=ORIENTED_EDGE('',*,*,#1943,.T.);
#2747=ORIENTED_EDGE('',*,*,#2037,.T.);
#2748=ORIENTED_EDGE('',*,*,#2038,.T.);
#2749=ORIENTED_EDGE('',*,*,#2039,.T.);
#2750=ORIENTED_EDGE('',*,*,#2040,.T.);
#2751=ORIENTED_EDGE('',*,*,#2041,.T.);
#2752=ORIENTED_EDGE('',*,*,#2042,.F.);
#2753=ORIENTED_EDGE('',*,*,#2043,.F.);
#2754=ORIENTED_EDGE('',*,*,#2044,.T.);
#2755=ORIENTED_EDGE('',*,*,#2045,.T.);
#2756=ORIENTED_EDGE('',*,*,#2034,.F.);
#2757=ORIENTED_EDGE('',*,*,#2046,.F.);
#2758=ORIENTED_EDGE('',*,*,#1761,.T.);
#2759=ORIENTED_EDGE('',*,*,#1794,.T.);
#2760=ORIENTED_EDGE('',*,*,#2047,.F.);
#2761=ORIENTED_EDGE('',*,*,#2048,.T.);
#2762=ORIENTED_EDGE('',*,*,#2049,.T.);
#2763=ORIENTED_EDGE('',*,*,#2050,.F.);
#2764=ORIENTED_EDGE('',*,*,#2051,.F.);
#2765=ORIENTED_EDGE('',*,*,#1860,.T.);
#2766=ORIENTED_EDGE('',*,*,#1693,.T.);
#2767=ORIENTED_EDGE('',*,*,#2052,.T.);
#2768=ORIENTED_EDGE('',*,*,#2037,.F.);
#2769=ORIENTED_EDGE('',*,*,#1942,.T.);
#2770=ORIENTED_EDGE('',*,*,#1929,.T.);
#2771=ORIENTED_EDGE('',*,*,#1939,.T.);
#2772=ORIENTED_EDGE('',*,*,#2036,.F.);
#2773=ORIENTED_EDGE('',*,*,#1935,.T.);
#2774=ORIENTED_EDGE('',*,*,#1922,.T.);
#2775=ORIENTED_EDGE('',*,*,#1932,.T.);
#2776=ORIENTED_EDGE('',*,*,#2035,.F.);
#2777=ORIENTED_EDGE('',*,*,#2045,.F.);
#2778=ORIENTED_EDGE('',*,*,#1899,.F.);
#2779=ORIENTED_EDGE('',*,*,#1697,.T.);
#2780=ORIENTED_EDGE('',*,*,#1910,.T.);
#2781=ORIENTED_EDGE('',*,*,#2053,.F.);
#2782=ORIENTED_EDGE('',*,*,#1963,.T.);
#2783=ORIENTED_EDGE('',*,*,#1960,.T.);
#2784=ORIENTED_EDGE('',*,*,#1965,.T.);
#2785=ORIENTED_EDGE('',*,*,#1967,.T.);
#2786=ORIENTED_EDGE('',*,*,#1888,.T.);
#2787=ORIENTED_EDGE('',*,*,#1726,.F.);
#2788=ORIENTED_EDGE('',*,*,#2054,.F.);
#2789=ORIENTED_EDGE('',*,*,#2055,.F.);
#2790=ORIENTED_EDGE('',*,*,#2056,.F.);
#2791=ORIENTED_EDGE('',*,*,#2057,.F.);
#2792=ORIENTED_EDGE('',*,*,#2058,.F.);
#2793=ORIENTED_EDGE('',*,*,#2059,.T.);
#2794=ORIENTED_EDGE('',*,*,#2060,.F.);
#2795=ORIENTED_EDGE('',*,*,#2049,.F.);
#2796=ORIENTED_EDGE('',*,*,#2044,.F.);
#2797=ORIENTED_EDGE('',*,*,#2061,.F.);
#2798=ORIENTED_EDGE('',*,*,#1722,.F.);
#2799=ORIENTED_EDGE('',*,*,#2062,.T.);
#2800=ORIENTED_EDGE('',*,*,#2063,.T.);
#2801=ORIENTED_EDGE('',*,*,#2064,.T.);
#2802=ORIENTED_EDGE('',*,*,#1725,.F.);
#2803=ORIENTED_EDGE('',*,*,#2065,.F.);
#2804=ORIENTED_EDGE('',*,*,#2066,.T.);
#2805=ORIENTED_EDGE('',*,*,#2054,.T.);
#2806=ORIENTED_EDGE('',*,*,#2055,.T.);
#2807=ORIENTED_EDGE('',*,*,#2066,.F.);
#2808=ORIENTED_EDGE('',*,*,#2067,.F.);
#2809=ORIENTED_EDGE('',*,*,#2068,.T.);
#2810=ORIENTED_EDGE('',*,*,#2069,.T.);
#2811=ORIENTED_EDGE('',*,*,#2056,.T.);
#2812=ORIENTED_EDGE('',*,*,#2068,.F.);
#2813=ORIENTED_EDGE('',*,*,#1784,.F.);
#2814=ORIENTED_EDGE('',*,*,#1774,.T.);
#2815=ORIENTED_EDGE('',*,*,#2070,.T.);
#2816=ORIENTED_EDGE('',*,*,#2038,.F.);
#2817=ORIENTED_EDGE('',*,*,#2052,.F.);
#2818=ORIENTED_EDGE('',*,*,#1692,.F.);
#2819=ORIENTED_EDGE('',*,*,#1869,.T.);
#2820=ORIENTED_EDGE('',*,*,#2071,.F.);
#2821=ORIENTED_EDGE('',*,*,#2050,.T.);
#2822=ORIENTED_EDGE('',*,*,#2060,.T.);
#2823=ORIENTED_EDGE('',*,*,#2072,.T.);
#2824=ORIENTED_EDGE('',*,*,#2073,.F.);
#2825=ORIENTED_EDGE('',*,*,#2074,.T.);
#2826=ORIENTED_EDGE('',*,*,#2075,.F.);
#2827=ORIENTED_EDGE('',*,*,#2076,.F.);
#2828=ORIENTED_EDGE('',*,*,#2041,.F.);
#2829=ORIENTED_EDGE('',*,*,#2077,.T.);
#2830=ORIENTED_EDGE('',*,*,#2078,.F.);
#2831=ORIENTED_EDGE('',*,*,#2057,.T.);
#2832=ORIENTED_EDGE('',*,*,#2069,.F.);
#2833=ORIENTED_EDGE('',*,*,#1734,.F.);
#2834=ORIENTED_EDGE('',*,*,#2079,.T.);
#2835=ORIENTED_EDGE('',*,*,#2080,.T.);
#2836=ORIENTED_EDGE('',*,*,#2081,.T.);
#2837=ORIENTED_EDGE('',*,*,#2077,.F.);
#2838=ORIENTED_EDGE('',*,*,#2073,.T.);
#2839=ORIENTED_EDGE('',*,*,#2082,.F.);
#2840=ORIENTED_EDGE('',*,*,#2083,.T.);
#2841=ORIENTED_EDGE('',*,*,#2084,.F.);
#2842=ORIENTED_EDGE('',*,*,#2042,.T.);
#2843=ORIENTED_EDGE('',*,*,#2076,.T.);
#2844=ORIENTED_EDGE('',*,*,#2085,.T.);
#2845=ORIENTED_EDGE('',*,*,#2086,.T.);
#2846=ORIENTED_EDGE('',*,*,#1714,.F.);
#2847=ORIENTED_EDGE('',*,*,#2087,.T.);
#2848=ORIENTED_EDGE('',*,*,#1816,.T.);
#2849=ORIENTED_EDGE('',*,*,#1986,.T.);
#2850=ORIENTED_EDGE('',*,*,#1921,.T.);
#2851=ORIENTED_EDGE('',*,*,#2030,.T.);
#2852=ORIENTED_EDGE('',*,*,#2082,.T.);
#2853=ORIENTED_EDGE('',*,*,#2072,.F.);
#2854=ORIENTED_EDGE('',*,*,#2059,.F.);
#2855=ORIENTED_EDGE('',*,*,#2088,.F.);
#2856=ORIENTED_EDGE('',*,*,#2089,.T.);
#2857=ORIENTED_EDGE('',*,*,#2043,.T.);
#2858=ORIENTED_EDGE('',*,*,#2084,.T.);
#2859=ORIENTED_EDGE('',*,*,#2090,.T.);
#2860=ORIENTED_EDGE('',*,*,#2091,.T.);
#2861=ORIENTED_EDGE('',*,*,#2092,.T.);
#2862=ORIENTED_EDGE('',*,*,#2085,.F.);
#2863=ORIENTED_EDGE('',*,*,#2075,.T.);
#2864=ORIENTED_EDGE('',*,*,#1727,.F.);
#2865=ORIENTED_EDGE('',*,*,#2064,.F.);
#2866=ORIENTED_EDGE('',*,*,#2093,.T.);
#2867=ORIENTED_EDGE('',*,*,#2094,.T.);
#2868=ORIENTED_EDGE('',*,*,#2095,.T.);
#2869=ORIENTED_EDGE('',*,*,#2090,.F.);
#2870=ORIENTED_EDGE('',*,*,#2083,.F.);
#2871=ORIENTED_EDGE('',*,*,#2088,.T.);
#2872=ORIENTED_EDGE('',*,*,#2058,.T.);
#2873=ORIENTED_EDGE('',*,*,#2078,.T.);
#2874=ORIENTED_EDGE('',*,*,#2081,.F.);
#2875=ORIENTED_EDGE('',*,*,#2096,.F.);
#2876=ORIENTED_EDGE('',*,*,#2097,.T.);
#2877=ORIENTED_EDGE('',*,*,#2096,.T.);
#2878=ORIENTED_EDGE('',*,*,#2080,.F.);
#2879=ORIENTED_EDGE('',*,*,#2098,.T.);
#2880=ORIENTED_EDGE('',*,*,#1733,.F.);
#2881=ORIENTED_EDGE('',*,*,#2099,.T.);
#2882=ORIENTED_EDGE('',*,*,#2098,.F.);
#2883=ORIENTED_EDGE('',*,*,#2079,.F.);
#2884=ORIENTED_EDGE('',*,*,#1730,.F.);
#2885=ORIENTED_EDGE('',*,*,#2100,.F.);
#2886=ORIENTED_EDGE('',*,*,#1729,.F.);
#2887=ORIENTED_EDGE('',*,*,#2101,.F.);
#2888=ORIENTED_EDGE('',*,*,#1731,.F.);
#2889=ORIENTED_EDGE('',*,*,#2100,.T.);
#2890=ORIENTED_EDGE('',*,*,#2102,.F.);
#2891=ORIENTED_EDGE('',*,*,#2103,.T.);
#2892=ORIENTED_EDGE('',*,*,#2104,.T.);
#2893=ORIENTED_EDGE('',*,*,#2105,.T.);
#2894=ORIENTED_EDGE('',*,*,#2103,.F.);
#2895=ORIENTED_EDGE('',*,*,#2106,.F.);
#2896=ORIENTED_EDGE('',*,*,#2107,.F.);
#2897=ORIENTED_EDGE('',*,*,#2108,.T.);
#2898=ORIENTED_EDGE('',*,*,#1728,.F.);
#2899=ORIENTED_EDGE('',*,*,#2094,.F.);
#2900=ORIENTED_EDGE('',*,*,#2109,.F.);
#2901=ORIENTED_EDGE('',*,*,#2110,.T.);
#2902=ORIENTED_EDGE('',*,*,#2111,.T.);
#2903=ORIENTED_EDGE('',*,*,#2107,.T.);
#2904=ORIENTED_EDGE('',*,*,#2112,.F.);
#2905=ORIENTED_EDGE('',*,*,#2113,.F.);
#2906=ORIENTED_EDGE('',*,*,#1720,.F.);
#2907=ORIENTED_EDGE('',*,*,#2114,.T.);
#2908=ORIENTED_EDGE('',*,*,#1716,.F.);
#2909=ORIENTED_EDGE('',*,*,#2115,.F.);
#2910=ORIENTED_EDGE('',*,*,#2091,.F.);
#2911=ORIENTED_EDGE('',*,*,#2074,.F.);
#2912=ORIENTED_EDGE('',*,*,#2040,.F.);
#2913=ORIENTED_EDGE('',*,*,#2089,.F.);
#2914=ORIENTED_EDGE('',*,*,#2095,.F.);
#2915=ORIENTED_EDGE('',*,*,#2097,.F.);
#2916=ORIENTED_EDGE('',*,*,#2099,.F.);
#2917=ORIENTED_EDGE('',*,*,#1732,.F.);
#2918=ORIENTED_EDGE('',*,*,#2101,.T.);
#2919=ORIENTED_EDGE('',*,*,#1677,.T.);
#2920=ORIENTED_EDGE('',*,*,#2104,.F.);
#2921=ORIENTED_EDGE('',*,*,#2108,.F.);
#2922=ORIENTED_EDGE('',*,*,#2111,.F.);
#2923=ORIENTED_EDGE('',*,*,#2116,.T.);
#2924=ORIENTED_EDGE('',*,*,#2102,.T.);
#2925=ORIENTED_EDGE('',*,*,#2117,.T.);
#2926=ORIENTED_EDGE('',*,*,#2109,.T.);
#2927=ORIENTED_EDGE('',*,*,#2093,.F.);
#2928=ORIENTED_EDGE('',*,*,#2063,.F.);
#2929=ORIENTED_EDGE('',*,*,#2118,.T.);
#2930=ORIENTED_EDGE('',*,*,#2112,.T.);
#2931=ORIENTED_EDGE('',*,*,#2106,.T.);
#2932=ORIENTED_EDGE('',*,*,#2105,.F.);
#2933=ORIENTED_EDGE('',*,*,#2116,.F.);
#2934=ORIENTED_EDGE('',*,*,#2110,.F.);
#2935=ORIENTED_EDGE('',*,*,#2117,.F.);
#2936=ORIENTED_EDGE('',*,*,#1740,.F.);
#2937=ORIENTED_EDGE('',*,*,#1830,.F.);
#2938=ORIENTED_EDGE('',*,*,#1782,.F.);
#2939=ORIENTED_EDGE('',*,*,#1805,.F.);
#2940=ORIENTED_EDGE('',*,*,#1742,.F.);
#2941=ORIENTED_EDGE('',*,*,#1804,.F.);
#2942=ORIENTED_EDGE('',*,*,#1875,.T.);
#2943=ORIENTED_EDGE('',*,*,#2119,.F.);
#2944=ORIENTED_EDGE('',*,*,#1743,.F.);
#2945=ORIENTED_EDGE('',*,*,#2119,.T.);
#2946=ORIENTED_EDGE('',*,*,#1874,.T.);
#2947=ORIENTED_EDGE('',*,*,#1813,.T.);
#2948=ORIENTED_EDGE('',*,*,#1748,.F.);
#2949=ORIENTED_EDGE('',*,*,#1778,.T.);
#2950=ORIENTED_EDGE('',*,*,#1779,.F.);
#2951=ORIENTED_EDGE('',*,*,#1856,.T.);
#2952=ORIENTED_EDGE('',*,*,#1858,.T.);
#2953=ORIENTED_EDGE('',*,*,#1872,.T.);
#2954=ORIENTED_EDGE('',*,*,#1866,.T.);
#2955=ORIENTED_EDGE('',*,*,#1862,.T.);
#2956=ORIENTED_EDGE('',*,*,#1840,.T.);
#2957=ORIENTED_EDGE('',*,*,#1911,.T.);
#2958=ORIENTED_EDGE('',*,*,#1907,.T.);
#2959=ORIENTED_EDGE('',*,*,#1909,.T.);
#2960=ORIENTED_EDGE('',*,*,#1902,.T.);
#2961=ORIENTED_EDGE('',*,*,#1915,.T.);
#2962=ORIENTED_EDGE('',*,*,#1916,.T.);
#2963=ORIENTED_EDGE('',*,*,#1791,.F.);
#2964=ORIENTED_EDGE('',*,*,#1787,.T.);
#2965=ORIENTED_EDGE('',*,*,#1851,.T.);
#2966=ORIENTED_EDGE('',*,*,#1711,.F.);
#2967=ORIENTED_EDGE('',*,*,#1762,.T.);
#2968=ORIENTED_EDGE('',*,*,#2046,.T.);
#2969=ORIENTED_EDGE('',*,*,#2033,.F.);
#2970=ORIENTED_EDGE('',*,*,#1737,.F.);
#2971=ORIENTED_EDGE('',*,*,#2039,.F.);
#2972=ORIENTED_EDGE('',*,*,#2070,.F.);
#2973=ORIENTED_EDGE('',*,*,#1773,.T.);
#2974=ORIENTED_EDGE('',*,*,#1713,.F.);
#2975=ORIENTED_EDGE('',*,*,#2032,.F.);
#2976=ORIENTED_EDGE('',*,*,#1817,.F.);
#2977=ORIENTED_EDGE('',*,*,#2087,.F.);
#2978=ORIENTED_EDGE('',*,*,#1715,.F.);
#2979=ORIENTED_EDGE('',*,*,#2086,.F.);
#2980=ORIENTED_EDGE('',*,*,#2092,.F.);
#2981=ORIENTED_EDGE('',*,*,#2115,.T.);
#2982=ORIENTED_EDGE('',*,*,#1719,.F.);
#2983=ORIENTED_EDGE('',*,*,#2120,.T.);
#2984=ORIENTED_EDGE('',*,*,#1717,.F.);
#2985=ORIENTED_EDGE('',*,*,#2114,.F.);
#2986=ORIENTED_EDGE('',*,*,#1718,.F.);
#2987=ORIENTED_EDGE('',*,*,#2120,.F.);
#2988=ORIENTED_EDGE('',*,*,#1721,.F.);
#2989=ORIENTED_EDGE('',*,*,#2113,.T.);
#2990=ORIENTED_EDGE('',*,*,#2118,.F.);
#2991=ORIENTED_EDGE('',*,*,#2062,.F.);
#2992=ORIENTED_EDGE('',*,*,#1723,.F.);
#2993=ORIENTED_EDGE('',*,*,#2061,.T.);
#2994=ORIENTED_EDGE('',*,*,#2048,.F.);
#2995=ORIENTED_EDGE('',*,*,#2121,.F.);
#2996=ORIENTED_EDGE('',*,*,#1724,.F.);
#2997=ORIENTED_EDGE('',*,*,#2121,.T.);
#2998=ORIENTED_EDGE('',*,*,#2047,.T.);
#2999=ORIENTED_EDGE('',*,*,#1793,.F.);
#3000=ORIENTED_EDGE('',*,*,#1917,.F.);
#3001=ORIENTED_EDGE('',*,*,#1913,.F.);
#3002=ORIENTED_EDGE('',*,*,#1900,.F.);
#3003=ORIENTED_EDGE('',*,*,#2053,.T.);
#3004=ORIENTED_EDGE('',*,*,#1912,.F.);
#3005=ORIENTED_EDGE('',*,*,#1842,.F.);
#3006=ORIENTED_EDGE('',*,*,#1861,.F.);
#3007=ORIENTED_EDGE('',*,*,#2051,.T.);
#3008=ORIENTED_EDGE('',*,*,#2071,.T.);
#3009=ORIENTED_EDGE('',*,*,#1873,.F.);
#3010=ORIENTED_EDGE('',*,*,#1859,.F.);
#3011=ORIENTED_EDGE('',*,*,#1854,.F.);
#3012=ORIENTED_EDGE('',*,*,#1785,.F.);
#3013=ORIENTED_EDGE('',*,*,#2067,.T.);
#3014=ORIENTED_EDGE('',*,*,#2065,.T.);
#3015=ORIENTED_EDGE('',*,*,#2122,.F.);
#3016=ORIENTED_EDGE('',*,*,#2123,.F.);
#3017=ORIENTED_EDGE('',*,*,#2122,.T.);
#3018=ORIENTED_EDGE('',*,*,#2124,.T.);
#3019=ORIENTED_EDGE('',*,*,#2124,.F.);
#3020=ORIENTED_EDGE('',*,*,#2123,.T.);
#3021=CYLINDRICAL_SURFACE('',#3202,0.25);
#3022=CYLINDRICAL_SURFACE('',#3217,0.3);
#3023=CYLINDRICAL_SURFACE('',#3219,0.3);
#3024=CYLINDRICAL_SURFACE('',#3242,0.349511986344851);
#3025=CYLINDRICAL_SURFACE('',#3247,0.200000002980232);
#3026=CYLINDRICAL_SURFACE('',#3271,0.199999999999999);
#3027=CYLINDRICAL_SURFACE('',#3281,0.199999999999999);
#3028=CYLINDRICAL_SURFACE('',#3361,0.25);
#3029=CYLINDRICAL_SURFACE('',#3378,0.25);
#3030=CYLINDRICAL_SURFACE('',#3384,0.526326980708463);
#3031=ADVANCED_FACE('',(#187),#3021,.F.);
#3032=ADVANCED_FACE('',(#188),#50,.T.);
#3033=ADVANCED_FACE('',(#189),#51,.T.);
#3034=ADVANCED_FACE('',(#190),#52,.T.);
#3035=ADVANCED_FACE('',(#191,#25,#26),#53,.T.);
#3036=ADVANCED_FACE('',(#192,#27,#28,#29,#30),#54,.T.);
#3037=ADVANCED_FACE('',(#193),#55,.T.);
#3038=ADVANCED_FACE('',(#194),#56,.T.);
#3039=ADVANCED_FACE('',(#195),#57,.T.);
#3040=ADVANCED_FACE('',(#196),#3022,.F.);
#3041=ADVANCED_FACE('',(#197),#3023,.F.);
#3042=ADVANCED_FACE('',(#198),#58,.T.);
#3043=ADVANCED_FACE('',(#199),#59,.T.);
#3044=ADVANCED_FACE('',(#200),#60,.T.);
#3045=ADVANCED_FACE('',(#201),#61,.T.);
#3046=ADVANCED_FACE('',(#202),#62,.T.);
#3047=ADVANCED_FACE('',(#203),#63,.F.);
#3048=ADVANCED_FACE('',(#204,#31),#64,.T.);
#3049=ADVANCED_FACE('',(#205),#65,.T.);
#3050=ADVANCED_FACE('',(#206,#32),#66,.T.);
#3051=ADVANCED_FACE('',(#207),#67,.T.);
#3052=ADVANCED_FACE('',(#208),#68,.T.);
#3053=ADVANCED_FACE('',(#209),#69,.F.);
#3054=ADVANCED_FACE('',(#210),#70,.T.);
#3055=ADVANCED_FACE('',(#211,#33),#71,.T.);
#3056=ADVANCED_FACE('',(#212),#72,.T.);
#3057=ADVANCED_FACE('',(#213),#73,.T.);
#3058=ADVANCED_FACE('',(#214),#74,.T.);
#3059=ADVANCED_FACE('',(#215),#75,.T.);
#3060=ADVANCED_FACE('',(#216),#76,.T.);
#3061=ADVANCED_FACE('',(#217),#3024,.F.);
#3062=ADVANCED_FACE('',(#218,#34),#77,.T.);
#3063=ADVANCED_FACE('',(#219),#3025,.F.);
#3064=ADVANCED_FACE('',(#220),#78,.T.);
#3065=ADVANCED_FACE('',(#221),#18,.T.);
#3066=ADVANCED_FACE('',(#222,#35),#79,.T.);
#3067=ADVANCED_FACE('',(#223),#80,.T.);
#3068=ADVANCED_FACE('',(#224),#81,.T.);
#3069=ADVANCED_FACE('',(#225),#82,.T.);
#3070=ADVANCED_FACE('',(#226),#83,.T.);
#3071=ADVANCED_FACE('',(#227),#84,.T.);
#3072=ADVANCED_FACE('',(#228),#85,.T.);
#3073=ADVANCED_FACE('',(#229),#86,.T.);
#3074=ADVANCED_FACE('',(#230),#87,.F.);
#3075=ADVANCED_FACE('',(#231),#88,.T.);
#3076=ADVANCED_FACE('',(#232),#89,.T.);
#3077=ADVANCED_FACE('',(#233),#90,.T.);
#3078=ADVANCED_FACE('',(#234,#36),#91,.T.);
#3079=ADVANCED_FACE('',(#235),#19,.T.);
#3080=ADVANCED_FACE('',(#236),#92,.T.);
#3081=ADVANCED_FACE('',(#237),#3026,.F.);
#3082=ADVANCED_FACE('',(#238),#20,.F.);
#3083=ADVANCED_FACE('',(#239,#37),#93,.T.);
#3084=ADVANCED_FACE('',(#240),#21,.T.);
#3085=ADVANCED_FACE('',(#241),#22,.F.);
#3086=ADVANCED_FACE('',(#242),#94,.T.);
#3087=ADVANCED_FACE('',(#243),#3027,.F.);
#3088=ADVANCED_FACE('',(#244),#95,.T.);
#3089=ADVANCED_FACE('',(#245),#23,.T.);
#3090=ADVANCED_FACE('',(#246,#38),#96,.T.);
#3091=ADVANCED_FACE('',(#247),#97,.T.);
#3092=ADVANCED_FACE('',(#248),#98,.T.);
#3093=ADVANCED_FACE('',(#249),#99,.T.);
#3094=ADVANCED_FACE('',(#250),#100,.T.);
#3095=ADVANCED_FACE('',(#251),#101,.T.);
#3096=ADVANCED_FACE('',(#252),#102,.T.);
#3097=ADVANCED_FACE('',(#253),#103,.T.);
#3098=ADVANCED_FACE('',(#254),#104,.T.);
#3099=ADVANCED_FACE('',(#255),#105,.T.);
#3100=ADVANCED_FACE('',(#256),#106,.T.);
#3101=ADVANCED_FACE('',(#257),#107,.T.);
#3102=ADVANCED_FACE('',(#258),#108,.T.);
#3103=ADVANCED_FACE('',(#259),#109,.T.);
#3104=ADVANCED_FACE('',(#260),#110,.F.);
#3105=ADVANCED_FACE('',(#261),#111,.F.);
#3106=ADVANCED_FACE('',(#262),#112,.F.);
#3107=ADVANCED_FACE('',(#263),#113,.F.);
#3108=ADVANCED_FACE('',(#264),#114,.F.);
#3109=ADVANCED_FACE('',(#265),#115,.F.);
#3110=ADVANCED_FACE('',(#266,#39),#116,.F.);
#3111=ADVANCED_FACE('',(#267),#117,.F.);
#3112=ADVANCED_FACE('',(#268),#118,.F.);
#3113=ADVANCED_FACE('',(#269),#119,.F.);
#3114=ADVANCED_FACE('',(#270),#120,.F.);
#3115=ADVANCED_FACE('',(#271),#121,.F.);
#3116=ADVANCED_FACE('',(#272),#122,.F.);
#3117=ADVANCED_FACE('',(#273),#123,.F.);
#3118=ADVANCED_FACE('',(#274),#124,.F.);
#3119=ADVANCED_FACE('',(#275),#125,.T.);
#3120=ADVANCED_FACE('',(#276),#126,.T.);
#3121=ADVANCED_FACE('',(#277),#127,.T.);
#3122=ADVANCED_FACE('',(#278),#128,.T.);
#3123=ADVANCED_FACE('',(#279),#129,.T.);
#3124=ADVANCED_FACE('',(#280),#130,.T.);
#3125=ADVANCED_FACE('',(#281,#40,#41,#42,#43,#44),#131,.T.);
#3126=ADVANCED_FACE('',(#282),#132,.T.);
#3127=ADVANCED_FACE('',(#283),#133,.T.);
#3128=ADVANCED_FACE('',(#284),#134,.T.);
#3129=ADVANCED_FACE('',(#285),#135,.T.);
#3130=ADVANCED_FACE('',(#286),#136,.T.);
#3131=ADVANCED_FACE('',(#287),#137,.T.);
#3132=ADVANCED_FACE('',(#288),#138,.T.);
#3133=ADVANCED_FACE('',(#289),#139,.T.);
#3134=ADVANCED_FACE('',(#290),#140,.T.);
#3135=ADVANCED_FACE('',(#291),#141,.T.);
#3136=ADVANCED_FACE('',(#292),#142,.T.);
#3137=ADVANCED_FACE('',(#293),#143,.T.);
#3138=ADVANCED_FACE('',(#294),#144,.T.);
#3139=ADVANCED_FACE('',(#295),#145,.T.);
#3140=ADVANCED_FACE('',(#296),#146,.T.);
#3141=ADVANCED_FACE('',(#297),#147,.T.);
#3142=ADVANCED_FACE('',(#298),#148,.T.);
#3143=ADVANCED_FACE('',(#299),#149,.T.);
#3144=ADVANCED_FACE('',(#300),#150,.T.);
#3145=ADVANCED_FACE('',(#301),#151,.F.);
#3146=ADVANCED_FACE('',(#302),#152,.T.);
#3147=ADVANCED_FACE('',(#303,#45,#46,#47),#153,.T.);
#3148=ADVANCED_FACE('',(#304),#154,.F.);
#3149=ADVANCED_FACE('',(#305),#155,.T.);
#3150=ADVANCED_FACE('',(#306),#156,.T.);
#3151=ADVANCED_FACE('',(#307),#157,.T.);
#3152=ADVANCED_FACE('',(#308),#158,.F.);
#3153=ADVANCED_FACE('',(#309),#159,.T.);
#3154=ADVANCED_FACE('',(#310),#160,.T.);
#3155=ADVANCED_FACE('',(#311),#161,.T.);
#3156=ADVANCED_FACE('',(#312),#162,.F.);
#3157=ADVANCED_FACE('',(#313),#163,.F.);
#3158=ADVANCED_FACE('',(#314),#164,.F.);
#3159=ADVANCED_FACE('',(#315),#165,.T.);
#3160=ADVANCED_FACE('',(#316),#166,.T.);
#3161=ADVANCED_FACE('',(#317),#167,.T.);
#3162=ADVANCED_FACE('',(#318),#168,.F.);
#3163=ADVANCED_FACE('',(#319),#3028,.F.);
#3164=ADVANCED_FACE('',(#320),#169,.T.);
#3165=ADVANCED_FACE('',(#321),#170,.F.);
#3166=ADVANCED_FACE('',(#322,#48),#171,.F.);
#3167=ADVANCED_FACE('',(#323),#172,.F.);
#3168=ADVANCED_FACE('',(#324),#173,.F.);
#3169=ADVANCED_FACE('',(#325),#174,.F.);
#3170=ADVANCED_FACE('',(#326),#175,.T.);
#3171=ADVANCED_FACE('',(#327),#176,.F.);
#3172=ADVANCED_FACE('',(#328),#177,.F.);
#3173=ADVANCED_FACE('',(#329,#49),#178,.T.);
#3174=ADVANCED_FACE('',(#330),#179,.T.);
#3175=ADVANCED_FACE('',(#331),#180,.T.);
#3176=ADVANCED_FACE('',(#332),#181,.T.);
#3177=ADVANCED_FACE('',(#333),#182,.F.);
#3178=ADVANCED_FACE('',(#334),#3029,.F.);
#3179=ADVANCED_FACE('',(#335),#183,.F.);
#3180=ADVANCED_FACE('',(#336),#184,.F.);
#3181=ADVANCED_FACE('',(#337),#185,.T.);
#3182=ADVANCED_FACE('',(#338),#186,.F.);
#3183=ADVANCED_FACE('',(#339),#3030,.F.);
#3184=ADVANCED_FACE('',(#340),#16,.T.);
#3185=ADVANCED_FACE('',(#341),#24,.T.);
#3186=CLOSED_SHELL('',(#3031,#3032,#3033,#3034,#3035,#3036,#3037,#3038,
#3039,#3040,#3041,#3042,#3043,#3044,#3045,#3046,#3047,#3048,#3049,#3050,
#3051,#3052,#3053,#3054,#3055,#3056,#3057,#3058,#3059,#3060,#3061,#3062,
#3063,#3064,#3065,#3066,#3067,#3068,#3069,#3070,#3071,#3072,#3073,#3074,
#3075,#3076,#3077,#3078,#3079,#3080,#3081,#3082,#3083,#3084,#3085,#3086,
#3087,#3088,#3089,#3090,#3091,#3092,#3093,#3094,#3095,#3096,#3097,#3098,
#3099,#3100,#3101,#3102,#3103,#3104,#3105,#3106,#3107,#3108,#3109,#3110,
#3111,#3112,#3113,#3114,#3115,#3116,#3117,#3118,#3119,#3120,#3121,#3122,
#3123,#3124,#3125,#3126,#3127,#3128,#3129,#3130,#3131,#3132,#3133,#3134,
#3135,#3136,#3137,#3138,#3139,#3140,#3141,#3142,#3143,#3144,#3145,#3146,
#3147,#3148,#3149,#3150,#3151,#3152,#3153,#3154,#3155,#3156,#3157,#3158,
#3159,#3160,#3161,#3162,#3163,#3164,#3165,#3166,#3167,#3168,#3169,#3170,
#3171,#3172,#3173,#3174,#3175,#3176,#3177,#3178,#3179,#3180,#3181,#3182));
#3187=CLOSED_SHELL('',(#3183,#3184,#3185));
#3188=BREP_WITH_VOIDS('Body1',#3186,(#14));
#3189=DERIVED_UNIT_ELEMENT(#3191,1.);
#3190=DERIVED_UNIT_ELEMENT(#5099,-3.);
#3191=(
MASS_UNIT()
NAMED_UNIT(*)
SI_UNIT(.KILO.,.GRAM.)
);
#3192=DERIVED_UNIT((#3189,#3190));
#3193=MEASURE_REPRESENTATION_ITEM('density measure',
POSITIVE_RATIO_MEASURE(7850.),#3192);
#3194=PROPERTY_DEFINITION_REPRESENTATION(#3199,#3196);
#3195=PROPERTY_DEFINITION_REPRESENTATION(#3200,#3197);
#3196=REPRESENTATION('material name',(#3198),#5096);
#3197=REPRESENTATION('density',(#3193),#5096);
#3198=DESCRIPTIVE_REPRESENTATION_ITEM('Steel','Steel');
#3199=PROPERTY_DEFINITION('material property','material name',#5106);
#3200=PROPERTY_DEFINITION('material property','density of part',#5106);
#3201=AXIS2_PLACEMENT_3D('',#4174,#3387,#3388);
#3202=AXIS2_PLACEMENT_3D('',#4175,#3389,#3390);
#3203=AXIS2_PLACEMENT_3D('',#4177,#3391,#3392);
#3204=AXIS2_PLACEMENT_3D('',#4180,#3394,#3395);
#3205=AXIS2_PLACEMENT_3D('',#4181,#3396,#3397);
#3206=AXIS2_PLACEMENT_3D('',#4182,#3398,#3399);
#3207=AXIS2_PLACEMENT_3D('',#4191,#3404,#3405);
#3208=AXIS2_PLACEMENT_3D('',#4199,#3410,#3411);
#3209=AXIS2_PLACEMENT_3D('',#4234,#3429,#3430);
#3210=AXIS2_PLACEMENT_3D('',#4236,#3431,#3432);
#3211=AXIS2_PLACEMENT_3D('',#4237,#3433,#3434);
#3212=AXIS2_PLACEMENT_3D('',#4328,#3480,#3481);
#3213=AXIS2_PLACEMENT_3D('',#4330,#3482,#3483);
#3214=AXIS2_PLACEMENT_3D('',#4331,#3484,#3485);
#3215=AXIS2_PLACEMENT_3D('',#4337,#3489,#3490);
#3216=AXIS2_PLACEMENT_3D('',#4343,#3494,#3495);
#3217=AXIS2_PLACEMENT_3D('',#4349,#3499,#3500);
#3218=AXIS2_PLACEMENT_3D('',#4352,#3502,#3503);
#3219=AXIS2_PLACEMENT_3D('',#4353,#3504,#3505);
#3220=AXIS2_PLACEMENT_3D('',#4356,#3507,#3508);
#3221=AXIS2_PLACEMENT_3D('',#4357,#3509,#3510);
#3222=AXIS2_PLACEMENT_3D('',#4360,#3513,#3514);
#3223=AXIS2_PLACEMENT_3D('',#4366,#3518,#3519);
#3224=AXIS2_PLACEMENT_3D('',#4373,#3524,#3525);
#3225=AXIS2_PLACEMENT_3D('',#4374,#3526,#3527);
#3226=AXIS2_PLACEMENT_3D('',#4375,#3528,#3529);
#3227=AXIS2_PLACEMENT_3D('',#4381,#3533,#3534);
#3228=AXIS2_PLACEMENT_3D('',#4396,#3543,#3544);
#3229=AXIS2_PLACEMENT_3D('',#4402,#3548,#3549);
#3230=AXIS2_PLACEMENT_3D('',#4421,#3560,#3561);
#3231=AXIS2_PLACEMENT_3D('',#4424,#3564,#3565);
#3232=AXIS2_PLACEMENT_3D('',#4444,#3577,#3578);
#3233=AXIS2_PLACEMENT_3D('',#4448,#3581,#3582);
#3234=AXIS2_PLACEMENT_3D('',#4457,#3587,#3588);
#3235=AXIS2_PLACEMENT_3D('',#4459,#3589,#3590);
#3236=AXIS2_PLACEMENT_3D('',#4461,#3591,#3592);
#3237=AXIS2_PLACEMENT_3D('',#4462,#3593,#3594);
#3238=AXIS2_PLACEMENT_3D('',#4481,#3605,#3606);
#3239=AXIS2_PLACEMENT_3D('',#4495,#3614,#3615);
#3240=AXIS2_PLACEMENT_3D('',#4498,#3618,#3619);
#3241=AXIS2_PLACEMENT_3D('',#4507,#3624,#3625);
#3242=AXIS2_PLACEMENT_3D('',#4509,#3627,#3628);
#3243=AXIS2_PLACEMENT_3D('',#4511,#3629,#3630);
#3244=AXIS2_PLACEMENT_3D('',#4514,#3632,#3633);
#3245=AXIS2_PLACEMENT_3D('',#4515,#3634,#3635);
#3246=AXIS2_PLACEMENT_3D('',#4517,#3636,#3637);
#3247=AXIS2_PLACEMENT_3D('',#4518,#3638,#3639);
#3248=AXIS2_PLACEMENT_3D('',#4521,#3641,#3642);
#3249=AXIS2_PLACEMENT_3D('',#4522,#3643,#3644);
#3250=AXIS2_PLACEMENT_3D('',#4523,#3645,#3646);
#3251=AXIS2_PLACEMENT_3D('',#4525,#3647,#3648);
#3252=AXIS2_PLACEMENT_3D('',#4528,#3650,#3651);
#3253=AXIS2_PLACEMENT_3D('',#4529,#3652,#3653);
#3254=AXIS2_PLACEMENT_3D('',#4530,#3654,#3655);
#3255=AXIS2_PLACEMENT_3D('',#4536,#3659,#3660);
#3256=AXIS2_PLACEMENT_3D('',#4542,#3664,#3665);
#3257=AXIS2_PLACEMENT_3D('',#4551,#3672,#3673);
#3258=AXIS2_PLACEMENT_3D('',#4555,#3676,#3677);
#3259=AXIS2_PLACEMENT_3D('',#4557,#3679,#3680);
#3260=AXIS2_PLACEMENT_3D('',#4564,#3686,#3687);
#3261=AXIS2_PLACEMENT_3D('',#4565,#3688,#3689);
#3262=AXIS2_PLACEMENT_3D('',#4569,#3692,#3693);
#3263=AXIS2_PLACEMENT_3D('',#4571,#3695,#3696);
#3264=AXIS2_PLACEMENT_3D('',#4573,#3698,#3699);
#3265=AXIS2_PLACEMENT_3D('',#4574,#3700,#3701);
#3266=AXIS2_PLACEMENT_3D('',#4576,#3702,#3703);
#3267=AXIS2_PLACEMENT_3D('',#4578,#3704,#3705);
#3268=AXIS2_PLACEMENT_3D('',#4579,#3706,#3707);
#3269=AXIS2_PLACEMENT_3D('',#4581,#3709,#3710);
#3270=AXIS2_PLACEMENT_3D('',#4583,#3711,#3712);
#3271=AXIS2_PLACEMENT_3D('',#4584,#3713,#3714);
#3272=AXIS2_PLACEMENT_3D('',#4586,#3716,#3717);
#3273=AXIS2_PLACEMENT_3D('',#4589,#3719,#3720);
#3274=AXIS2_PLACEMENT_3D('',#4590,#3721,#3722);
#3275=AXIS2_PLACEMENT_3D('',#4592,#3723,#3724);
#3276=AXIS2_PLACEMENT_3D('',#4594,#3725,#3726);
#3277=AXIS2_PLACEMENT_3D('',#4595,#3727,#3728);
#3278=AXIS2_PLACEMENT_3D('',#4598,#3730,#3731);
#3279=AXIS2_PLACEMENT_3D('',#4599,#3732,#3733);
#3280=AXIS2_PLACEMENT_3D('',#4601,#3735,#3736);
#3281=AXIS2_PLACEMENT_3D('',#4603,#3738,#3739);
#3282=AXIS2_PLACEMENT_3D('',#4605,#3740,#3741);
#3283=AXIS2_PLACEMENT_3D('',#4608,#3743,#3744);
#3284=AXIS2_PLACEMENT_3D('',#4609,#3745,#3746);
#3285=AXIS2_PLACEMENT_3D('',#4610,#3747,#3748);
#3286=AXIS2_PLACEMENT_3D('',#4613,#3750,#3751);
#3287=AXIS2_PLACEMENT_3D('',#4614,#3752,#3753);
#3288=AXIS2_PLACEMENT_3D('',#4615,#3754,#3755);
#3289=AXIS2_PLACEMENT_3D('',#4617,#3757,#3758);
#3290=AXIS2_PLACEMENT_3D('',#4620,#3761,#3762);
#3291=AXIS2_PLACEMENT_3D('',#4631,#3769,#3770);
#3292=AXIS2_PLACEMENT_3D('',#4638,#3775,#3776);
#3293=AXIS2_PLACEMENT_3D('',#4639,#3777,#3778);
#3294=AXIS2_PLACEMENT_3D('',#4641,#3780,#3781);
#3295=AXIS2_PLACEMENT_3D('',#4642,#3782,#3783);
#3296=AXIS2_PLACEMENT_3D('',#4647,#3787,#3788);
#3297=AXIS2_PLACEMENT_3D('',#4653,#3792,#3793);
#3298=AXIS2_PLACEMENT_3D('',#4656,#3796,#3797);
#3299=AXIS2_PLACEMENT_3D('',#4665,#3802,#3803);
#3300=AXIS2_PLACEMENT_3D('',#4674,#3808,#3809);
#3301=AXIS2_PLACEMENT_3D('',#4683,#3814,#3815);
#3302=AXIS2_PLACEMENT_3D('',#4689,#3819,#3820);
#3303=AXIS2_PLACEMENT_3D('',#4693,#3823,#3824);
#3304=AXIS2_PLACEMENT_3D('',#4697,#3827,#3828);
#3305=AXIS2_PLACEMENT_3D('',#4703,#3832,#3833);
#3306=AXIS2_PLACEMENT_3D('',#4707,#3836,#3837);
#3307=AXIS2_PLACEMENT_3D('',#4711,#3840,#3841);
#3308=AXIS2_PLACEMENT_3D('',#4728,#3850,#3851);
#3309=AXIS2_PLACEMENT_3D('',#4734,#3855,#3856);
#3310=AXIS2_PLACEMENT_3D('',#4738,#3859,#3860);
#3311=AXIS2_PLACEMENT_3D('',#4742,#3863,#3864);
#3312=AXIS2_PLACEMENT_3D('',#4744,#3866,#3867);
#3313=AXIS2_PLACEMENT_3D('',#4750,#3871,#3872);
#3314=AXIS2_PLACEMENT_3D('',#4754,#3875,#3876);
#3315=AXIS2_PLACEMENT_3D('',#4758,#3879,#3880);
#3316=AXIS2_PLACEMENT_3D('',#4760,#3882,#3883);
#3317=AXIS2_PLACEMENT_3D('',#4769,#3888,#3889);
#3318=AXIS2_PLACEMENT_3D('',#4775,#3893,#3894);
#3319=AXIS2_PLACEMENT_3D('',#4779,#3897,#3898);
#3320=AXIS2_PLACEMENT_3D('',#4788,#3903,#3904);
#3321=AXIS2_PLACEMENT_3D('',#4794,#3908,#3909);
#3322=AXIS2_PLACEMENT_3D('',#4798,#3912,#3913);
#3323=AXIS2_PLACEMENT_3D('',#4831,#3932,#3933);
#3324=AXIS2_PLACEMENT_3D('',#4840,#3938,#3939);
#3325=AXIS2_PLACEMENT_3D('',#4843,#3942,#3943);
#3326=AXIS2_PLACEMENT_3D('',#4852,#3948,#3949);
#3327=AXIS2_PLACEMENT_3D('',#4855,#3952,#3953);
#3328=AXIS2_PLACEMENT_3D('',#4857,#3955,#3956);
#3329=AXIS2_PLACEMENT_3D('',#4859,#3958,#3959);
#3330=AXIS2_PLACEMENT_3D('',#4860,#3960,#3961);
#3331=AXIS2_PLACEMENT_3D('',#4869,#3966,#3967);
#3332=AXIS2_PLACEMENT_3D('',#4872,#3970,#3971);
#3333=AXIS2_PLACEMENT_3D('',#4874,#3973,#3974);
#3334=AXIS2_PLACEMENT_3D('',#4876,#3976,#3977);
#3335=AXIS2_PLACEMENT_3D('',#4877,#3978,#3979);
#3336=AXIS2_PLACEMENT_3D('',#4879,#3981,#3982);
#3337=AXIS2_PLACEMENT_3D('',#4881,#3984,#3985);
#3338=AXIS2_PLACEMENT_3D('',#4883,#3987,#3988);
#3339=AXIS2_PLACEMENT_3D('',#4885,#3990,#3991);
#3340=AXIS2_PLACEMENT_3D('',#4886,#3992,#3993);
#3341=AXIS2_PLACEMENT_3D('',#4889,#3996,#3997);
#3342=AXIS2_PLACEMENT_3D('',#4902,#4006,#4007);
#3343=AXIS2_PLACEMENT_3D('',#4911,#4012,#4013);
#3344=AXIS2_PLACEMENT_3D('',#4920,#4019,#4020);
#3345=AXIS2_PLACEMENT_3D('',#4928,#4026,#4027);
#3346=AXIS2_PLACEMENT_3D('',#4948,#4039,#4040);
#3347=AXIS2_PLACEMENT_3D('',#4952,#4043,#4044);
#3348=AXIS2_PLACEMENT_3D('',#4955,#4047,#4048);
#3349=AXIS2_PLACEMENT_3D('',#4963,#4054,#4055);
#3350=AXIS2_PLACEMENT_3D('',#4969,#4059,#4060);
#3351=AXIS2_PLACEMENT_3D('',#4973,#4063,#4064);
#3352=AXIS2_PLACEMENT_3D('',#4988,#4074,#4075);
#3353=AXIS2_PLACEMENT_3D('',#4990,#4077,#4078);
#3354=AXIS2_PLACEMENT_3D('',#4994,#4081,#4082);
#3355=AXIS2_PLACEMENT_3D('',#4998,#4085,#4086);
#3356=AXIS2_PLACEMENT_3D('',#5002,#4089,#4090);
#3357=AXIS2_PLACEMENT_3D('',#5006,#4093,#4094);
#3358=AXIS2_PLACEMENT_3D('',#5010,#4097,#4098);
#3359=AXIS2_PLACEMENT_3D('',#5012,#4100,#4101);
#3360=AXIS2_PLACEMENT_3D('',#5013,#4102,#4103);
#3361=AXIS2_PLACEMENT_3D('',#5014,#4104,#4105);
#3362=AXIS2_PLACEMENT_3D('',#5015,#4106,#4107);
#3363=AXIS2_PLACEMENT_3D('',#5016,#4108,#4109);
#3364=AXIS2_PLACEMENT_3D('',#5025,#4114,#4115);
#3365=AXIS2_PLACEMENT_3D('',#5031,#4119,#4120);
#3366=AXIS2_PLACEMENT_3D('',#5040,#4126,#4127);
#3367=AXIS2_PLACEMENT_3D('',#5042,#4129,#4130);
#3368=AXIS2_PLACEMENT_3D('',#5044,#4132,#4133);
#3369=AXIS2_PLACEMENT_3D('',#5047,#4136,#4137);
#3370=AXIS2_PLACEMENT_3D('',#5048,#4138,#4139);
#3371=AXIS2_PLACEMENT_3D('',#5049,#4140,#4141);
#3372=AXIS2_PLACEMENT_3D('',#5051,#4143,#4144);
#3373=AXIS2_PLACEMENT_3D('',#5052,#4145,#4146);
#3374=AXIS2_PLACEMENT_3D('',#5053,#4147,#4148);
#3375=AXIS2_PLACEMENT_3D('',#5054,#4149,#4150);
#3376=AXIS2_PLACEMENT_3D('',#5055,#4151,#4152);
#3377=AXIS2_PLACEMENT_3D('',#5056,#4153,#4154);
#3378=AXIS2_PLACEMENT_3D('',#5057,#4155,#4156);
#3379=AXIS2_PLACEMENT_3D('',#5058,#4157,#4158);
#3380=AXIS2_PLACEMENT_3D('',#5059,#4159,#4160);
#3381=AXIS2_PLACEMENT_3D('',#5060,#4161,#4162);
#3382=AXIS2_PLACEMENT_3D('',#5061,#4163,#4164);
#3383=AXIS2_PLACEMENT_3D('',#5063,#4166,#4167);
#3384=AXIS2_PLACEMENT_3D('',#5064,#4168,#4169);
#3385=AXIS2_PLACEMENT_3D('',#5083,#4170,#4171);
#3386=AXIS2_PLACEMENT_3D('',#5093,#4172,#4173);
#3387=DIRECTION('axis',(0.,0.,1.));
#3388=DIRECTION('refdir',(1.,0.,0.));
#3389=DIRECTION('center_axis',(0.,0.,1.));
#3390=DIRECTION('ref_axis',(1.,0.,0.));
#3391=DIRECTION('center_axis',(0.,0.,1.));
#3392=DIRECTION('ref_axis',(1.,0.,0.));
#3393=DIRECTION('',(0.,0.,1.));
#3394=DIRECTION('center_axis',(0.,0.,1.));
#3395=DIRECTION('ref_axis',(1.,0.,0.));
#3396=DIRECTION('center_axis',(0.,0.,-1.));
#3397=DIRECTION('ref_axis',(1.,0.,0.));
#3398=DIRECTION('center_axis',(0.999999999999984,-1.77504661458696E-7,0.));
#3399=DIRECTION('ref_axis',(0.,0.,1.));
#3400=DIRECTION('',(-1.77504661458696E-7,-0.999999999999984,0.));
#3401=DIRECTION('',(1.31379841419828E-22,7.40148683083438E-16,-1.));
#3402=DIRECTION('',(-1.77504661458696E-7,-0.999999999999984,-8.68267515725522E-16));
#3403=DIRECTION('',(0.,0.,-1.));
#3404=DIRECTION('center_axis',(0.,0.,1.));
#3405=DIRECTION('ref_axis',(1.,0.,0.));
#3406=DIRECTION('',(-1.,0.,0.));
#3407=DIRECTION('',(0.,1.,0.));
#3408=DIRECTION('',(-1.77504661458696E-7,-0.999999999999984,0.));
#3409=DIRECTION('',(1.,0.,0.));
#3410=DIRECTION('center_axis',(1.49084636935493E-14,-8.68270162047336E-16,
1.));
#3411=DIRECTION('ref_axis',(1.,0.,-1.49084636935493E-14));
#3412=DIRECTION('',(-1.,0.,0.));
#3413=DIRECTION('',(-1.38923225927574E-15,1.,0.));
#3414=DIRECTION('',(-1.,0.,0.));
#3415=DIRECTION('',(0.,-1.,0.));
#3416=DIRECTION('',(0.499999999999999,-0.866025403784439,-8.20617586445565E-15));
#3417=DIRECTION('',(-1.,2.67542640644562E-16,3.69559285764868E-31));
#3418=DIRECTION('',(0.,1.,0.));
#3419=DIRECTION('',(-1.,0.,0.));
#3420=DIRECTION('',(0.,-1.,-1.36381141834801E-15));
#3421=DIRECTION('',(-1.,2.67542640644562E-16,3.64877708206032E-31));
#3422=DIRECTION('',(0.,-1.,0.));
#3423=DIRECTION('',(-1.,2.55101864214966E-15,0.));
#3424=DIRECTION('',(0.,-1.,-8.68270162047336E-16));
#3425=DIRECTION('',(1.,0.,-1.49084636935493E-14));
#3426=DIRECTION('',(1.77504664904366E-7,0.999999999999984,8.6826751572547E-16));
#3427=DIRECTION('',(0.,1.,8.68270162047336E-16));
#3428=DIRECTION('',(1.,0.,-1.49084636935493E-14));
#3429=DIRECTION('center_axis',(-1.49084636935493E-14,8.68270162047336E-16,
-1.));
#3430=DIRECTION('ref_axis',(1.,0.,0.));
#3431=DIRECTION('center_axis',(-1.49084636935493E-14,8.68270162047336E-16,
-1.));
#3432=DIRECTION('ref_axis',(1.,0.,0.));
#3433=DIRECTION('center_axis',(0.,1.,0.));
#3434=DIRECTION('ref_axis',(0.,0.,1.));
#3435=DIRECTION('',(0.,0.,-1.));
#3436=DIRECTION('',(-1.,0.,0.));
#3437=DIRECTION('',(0.,0.,-1.));
#3438=DIRECTION('',(1.,0.,-1.49084636935493E-14));
#3439=DIRECTION('',(0.,0.,1.));
#3440=DIRECTION('',(1.,0.,0.));
#3441=DIRECTION('',(0.,0.,-1.));
#3442=DIRECTION('',(-1.,0.,0.));
#3443=DIRECTION('',(0.,0.,-1.));
#3444=DIRECTION('',(-1.,0.,0.));
#3445=DIRECTION('',(0.,0.,1.));
#3446=DIRECTION('',(-1.,0.,0.));
#3447=DIRECTION('',(0.,0.,-1.));
#3448=DIRECTION('',(-1.,0.,0.));
#3449=DIRECTION('',(0.,0.,1.));
#3450=DIRECTION('',(1.,0.,0.));
#3451=DIRECTION('',(0.,0.,1.));
#3452=DIRECTION('',(-1.,0.,0.));
#3453=DIRECTION('',(0.,0.,-1.));
#3454=DIRECTION('',(1.,0.,0.));
#3455=DIRECTION('',(0.,0.,-1.));
#3456=DIRECTION('',(-1.,0.,0.));
#3457=DIRECTION('',(0.,0.,1.));
#3458=DIRECTION('',(-1.,0.,0.));
#3459=DIRECTION('',(0.,0.,-1.));
#3460=DIRECTION('',(-1.,0.,0.));
#3461=DIRECTION('',(0.,0.,1.));
#3462=DIRECTION('',(-1.,0.,0.));
#3463=DIRECTION('',(0.,0.,1.));
#3464=DIRECTION('',(1.,0.,0.));
#3465=DIRECTION('',(0.,0.,-1.));
#3466=DIRECTION('',(1.,0.,-1.49084636935493E-14));
#3467=DIRECTION('',(0.,0.,-1.));
#3468=DIRECTION('',(-1.47444638843497E-14,0.,-1.));
#3469=DIRECTION('',(1.,0.,0.));
#3470=DIRECTION('',(-0.0871557427476584,0.,-0.996194698091746));
#3471=DIRECTION('',(1.,0.,0.));
#3472=DIRECTION('',(-0.0871557427476581,0.,0.996194698091746));
#3473=DIRECTION('',(1.,0.,0.));
#3474=DIRECTION('',(1.47444638843497E-14,0.,1.));
#3475=DIRECTION('',(-1.,0.,1.77635683940025E-14));
#3476=DIRECTION('',(1.,0.,-1.4210854715202E-14));
#3477=DIRECTION('',(1.4210854715202E-14,0.,1.));
#3478=DIRECTION('',(-1.,0.,1.61486985400019E-14));
#3479=DIRECTION('',(-1.4210854715202E-14,0.,-1.));
#3480=DIRECTION('center_axis',(0.,-1.,0.));
#3481=DIRECTION('ref_axis',(-1.,0.,0.));
#3482=DIRECTION('center_axis',(0.,-1.,0.));
#3483=DIRECTION('ref_axis',(-1.,0.,0.));
#3484=DIRECTION('center_axis',(0.999999999999984,-1.77504664904366E-7,0.));
#3485=DIRECTION('ref_axis',(0.,0.,1.));
#3486=DIRECTION('',(-1.77504664904366E-7,-0.999999999999984,-8.6826751572547E-16));
#3487=DIRECTION('',(-1.77504664904366E-7,-0.999999999999984,0.));
#3488=DIRECTION('',(1.31379843970136E-22,7.40148683083438E-16,-1.));
#3489=DIRECTION('center_axis',(0.,0.,1.));
#3490=DIRECTION('ref_axis',(1.,0.,0.));
#3491=DIRECTION('',(0.,-1.,0.));
#3492=DIRECTION('',(-1.77504664904366E-7,-0.999999999999984,0.));
#3493=DIRECTION('',(1.,-1.10344797695777E-29,0.));
#3494=DIRECTION('center_axis',(1.49084636935493E-14,-8.68270162047336E-16,
1.));
#3495=DIRECTION('ref_axis',(1.,0.,-1.49084636935493E-14));
#3496=DIRECTION('',(1.,0.,-1.49084636935493E-14));
#3497=DIRECTION('',(-0.5,-0.866025403784439,8.89656429706228E-15));
#3498=DIRECTION('',(0.499999999999999,-0.866025403784439,-8.20617586445565E-15));
#3499=DIRECTION('center_axis',(0.,-1.,0.));
#3500=DIRECTION('ref_axis',(-1.,0.,0.));
#3501=DIRECTION('',(0.,-1.,0.));
#3502=DIRECTION('center_axis',(0.,1.,7.40148683083438E-16));
#3503=DIRECTION('ref_axis',(-1.,0.,0.));
#3504=DIRECTION('center_axis',(0.,-1.,0.));
#3505=DIRECTION('ref_axis',(-1.,0.,0.));
#3506=DIRECTION('',(0.,-1.,0.));
#3507=DIRECTION('center_axis',(1.10344797695777E-29,1.,7.40148683083438E-16));
#3508=DIRECTION('ref_axis',(-1.,0.,0.));
#3509=DIRECTION('center_axis',(-0.999999999999984,1.77504664904366E-7,0.));
#3510=DIRECTION('ref_axis',(0.,0.,-1.));
#3511=DIRECTION('',(-1.31379843970136E-22,-7.40148683083438E-16,1.));
#3512=DIRECTION('',(0.,0.,1.));
#3513=DIRECTION('center_axis',(-0.999999999999984,1.77504661458696E-7,0.));
#3514=DIRECTION('ref_axis',(0.,0.,-1.));
#3515=DIRECTION('',(-1.31379841419828E-22,-7.40148683083438E-16,1.));
#3516=DIRECTION('',(0.,0.,1.));
#3517=DIRECTION('',(1.77504661458696E-7,0.999999999999984,8.68267515725522E-16));
#3518=DIRECTION('center_axis',(1.49084636935493E-14,-8.68270162047336E-16,
1.));
#3519=DIRECTION('ref_axis',(1.,0.,-1.49084636935493E-14));
#3520=DIRECTION('',(0.,1.,8.68270162047336E-16));
#3521=DIRECTION('',(0.5,0.866025403784439,-8.9552898036393E-15));
#3522=DIRECTION('',(-0.499999999999999,0.866025403784439,8.20617586445565E-15));
#3523=DIRECTION('',(-1.,0.,0.));
#3524=DIRECTION('center_axis',(-1.,0.,0.));
#3525=DIRECTION('ref_axis',(0.,-1.,0.));
#3526=DIRECTION('center_axis',(-1.,0.,0.));
#3527=DIRECTION('ref_axis',(0.,-1.,0.));
#3528=DIRECTION('center_axis',(-1.,1.77635683940025E-15,1.4210854715202E-14));
#3529=DIRECTION('ref_axis',(1.4210854715202E-14,0.,1.));
#3530=DIRECTION('',(0.,1.,0.));
#3531=DIRECTION('',(1.4210854715202E-14,-7.40148683083438E-16,1.));
#3532=DIRECTION('',(-2.5546923936954E-15,-1.,0.));
#3533=DIRECTION('center_axis',(0.,-1.,-7.40148683083438E-16));
#3534=DIRECTION('ref_axis',(-1.,0.,0.));
#3535=DIRECTION('',(-1.,-1.05181454029468E-29,1.4210854715202E-14));
#3536=DIRECTION('',(1.,1.05181454029468E-29,-1.4210854715202E-14));
#3537=DIRECTION('',(-1.77635683940025E-14,0.,-1.));
#3538=DIRECTION('',(1.47444638843497E-14,0.,1.));
#3539=DIRECTION('',(-1.77635683940025E-14,7.40148683083438E-16,-1.));
#3540=DIRECTION('',(-4.27325041418569E-16,7.40148683083438E-16,-1.));
#3541=DIRECTION('',(1.,0.,0.));
#3542=DIRECTION('',(0.,7.02117327826179E-16,-1.));
#3543=DIRECTION('center_axis',(-1.,-3.5527136788005E-15,1.4210854715202E-14));
#3544=DIRECTION('ref_axis',(1.4210854715202E-14,0.,1.));
#3545=DIRECTION('',(-3.5527136788005E-15,1.,1.58107616751295E-29));
#3546=DIRECTION('',(-1.4210854715202E-14,7.40148683083438E-16,-1.));
#3547=DIRECTION('',(3.5527136788005E-15,-1.,-1.58107616751295E-29));
#3548=DIRECTION('center_axis',(-1.10344797695777E-29,-1.,-7.40148683083438E-16));
#3549=DIRECTION('ref_axis',(-1.,0.,1.49084636935493E-14));
#3550=DIRECTION('',(1.,9.17958188316125E-31,-1.61486985400019E-14));
#3551=DIRECTION('',(-1.,-9.17958188316125E-31,1.61486985400019E-14));
#3552=DIRECTION('',(0.,-7.60627105145027E-16,1.));
#3553=DIRECTION('',(1.,-1.35339358940222E-29,0.));
#3554=DIRECTION('',(-1.77869723049299E-14,7.60627105145027E-16,-1.));
#3555=DIRECTION('',(-1.77635683940025E-14,7.40148683083438E-16,-1.));
#3556=DIRECTION('',(1.,0.,-1.77635683940025E-14));
#3557=DIRECTION('',(1.47444638843497E-14,0.,1.));
#3558=DIRECTION('',(-1.,0.,0.));
#3559=DIRECTION('',(1.77635683940025E-14,0.,1.));
#3560=DIRECTION('center_axis',(-1.,-2.57364024845782E-15,1.47444638843497E-14));
#3561=DIRECTION('ref_axis',(2.57364024845784E-15,-1.,1.28682012422892E-15));
#3562=DIRECTION('',(-2.57364024845782E-15,1.,0.));
#3563=DIRECTION('',(2.57364024845781E-15,-1.,-7.40148683083484E-16));
#3564=DIRECTION('center_axis',(0.,0.,1.));
#3565=DIRECTION('ref_axis',(1.,0.,0.));
#3566=DIRECTION('',(5.38356602917847E-15,-1.,0.));
#3567=DIRECTION('',(-1.,-5.92118946466749E-16,0.));
#3568=DIRECTION('',(-2.66453525910038E-15,1.,0.));
#3569=DIRECTION('',(0.,-1.,0.));
#3570=DIRECTION('',(0.,-1.,0.));
#3571=DIRECTION('',(1.,0.,0.));
#3572=DIRECTION('',(1.,0.,0.));
#3573=DIRECTION('',(1.,0.,0.));
#3574=DIRECTION('',(1.,0.,0.));
#3575=DIRECTION('',(1.,0.,0.));
#3576=DIRECTION('',(-1.54235764079995E-29,1.,0.));
#3577=DIRECTION('center_axis',(0.996194698091746,5.36307993509442E-15,0.0871557427476581));
#3578=DIRECTION('ref_axis',(5.38356602917847E-15,-1.,0.));
#3579=DIRECTION('',(-5.38356602917847E-15,1.,0.));
#3580=DIRECTION('',(0.086826593864248,-0.0868265938642475,-0.992432509138967));
#3581=DIRECTION('center_axis',(0.86596202537637,-0.500109758559114,0.));
#3582=DIRECTION('ref_axis',(0.500109758559114,0.86596202537637,0.));
#3583=DIRECTION('',(0.,0.,1.));
#3584=DIRECTION('',(-0.500109758559113,-0.86596202537637,0.));
#3585=DIRECTION('',(0.,0.,1.));
#3586=DIRECTION('',(0.500109758559114,0.86596202537637,0.));
#3587=DIRECTION('center_axis',(2.67542640644562E-16,1.,0.));
#3588=DIRECTION('ref_axis',(-1.,2.67542640644562E-16,0.));
#3589=DIRECTION('center_axis',(2.67542640644562E-16,1.,0.));
#3590=DIRECTION('ref_axis',(-1.,0.,0.));
#3591=DIRECTION('center_axis',(-2.67542640644562E-16,-1.,0.));
#3592=DIRECTION('ref_axis',(-1.,0.,0.));
#3593=DIRECTION('center_axis',(-1.77635683940025E-14,7.40148683083438E-16,
-1.));
#3594=DIRECTION('ref_axis',(-1.,0.,1.77635683940025E-14));
#3595=DIRECTION('',(0.,1.,8.68270162047336E-16));
#3596=DIRECTION('',(1.,0.,-3.55271367880045E-14));
#3597=DIRECTION('',(-1.,-1.58763171746792E-16,1.77635683940025E-14));
#3598=DIRECTION('',(-0.000600247996474665,-0.999999819851155,-7.29486003407767E-16));
#3599=DIRECTION('',(0.,-1.,-1.36381141834801E-15));
#3600=DIRECTION('',(-1.,0.,0.));
#3601=DIRECTION('',(-1.,1.37105202944737E-16,1.77635683940025E-14));
#3602=DIRECTION('',(-1.,0.,0.));
#3603=DIRECTION('',(-1.38923225927574E-15,1.,0.));
#3604=DIRECTION('',(2.55469239369541E-15,1.,7.40148683083393E-16));
#3605=DIRECTION('center_axis',(0.,0.,-1.));
#3606=DIRECTION('ref_axis',(-1.,0.,0.));
#3607=DIRECTION('',(1.54235764079995E-29,-1.,0.));
#3608=DIRECTION('',(1.,0.,0.));
#3609=DIRECTION('',(1.,0.,0.));
#3610=DIRECTION('',(1.,0.,0.));
#3611=DIRECTION('',(1.,0.,0.));
#3612=DIRECTION('',(1.,0.,0.));
#3613=DIRECTION('',(0.,1.,0.));
#3614=DIRECTION('center_axis',(0.,-1.,-7.40148683083438E-16));
#3615=DIRECTION('ref_axis',(0.,7.40148683083438E-16,-1.));
#3616=DIRECTION('',(0.,7.40148683083438E-16,-1.));
#3617=DIRECTION('',(-4.44272844149435E-19,-7.40148683083438E-16,1.));
#3618=DIRECTION('center_axis',(0.,-1.,0.));
#3619=DIRECTION('ref_axis',(-1.,0.,0.));
#3620=DIRECTION('',(1.,0.,0.));
#3621=DIRECTION('',(-1.77869723049299E-14,0.,-1.));
#3622=DIRECTION('',(1.,0.,0.));
#3623=DIRECTION('',(1.77869723049299E-14,0.,1.));
#3624=DIRECTION('center_axis',(-1.,0.,1.77635683940025E-14));
#3625=DIRECTION('ref_axis',(1.77635683940025E-14,0.,1.));
#3626=DIRECTION('',(1.77635683940025E-14,-7.40148683083438E-16,1.));
#3627=DIRECTION('center_axis',(0.,0.,-1.));
#3628=DIRECTION('ref_axis',(1.,0.,0.));
#3629=DIRECTION('center_axis',(0.,0.,-1.));
#3630=DIRECTION('ref_axis',(1.,0.,0.));
#3631=DIRECTION('',(0.,0.,-1.));
#3632=DIRECTION('center_axis',(0.,0.,-1.));
#3633=DIRECTION('ref_axis',(1.,0.,0.));
#3634=DIRECTION('center_axis',(0.,0.,1.));
#3635=DIRECTION('ref_axis',(1.,0.,0.));
#3636=DIRECTION('center_axis',(0.,0.,1.));
#3637=DIRECTION('ref_axis',(1.,0.,0.));
#3638=DIRECTION('center_axis',(0.,0.,-1.));
#3639=DIRECTION('ref_axis',(1.,0.,0.));
#3640=DIRECTION('',(0.,0.,-1.));
#3641=DIRECTION('center_axis',(0.,0.,-1.));
#3642=DIRECTION('ref_axis',(1.,0.,0.));
#3643=DIRECTION('center_axis',(0.,0.,1.));
#3644=DIRECTION('ref_axis',(1.,0.,0.));
#3645=DIRECTION('center_axis',(0.,0.,-1.));
#3646=DIRECTION('ref_axis',(1.,0.,0.));
#3647=DIRECTION('center_axis',(0.,0.,-1.));
#3648=DIRECTION('ref_axis',(1.,0.,0.));
#3649=DIRECTION('',(0.17364817766693,-2.12657684957577E-17,0.984807753012208));
#3650=DIRECTION('center_axis',(0.,0.,1.));
#3651=DIRECTION('ref_axis',(1.,0.,0.));
#3652=DIRECTION('center_axis',(0.,0.,1.));
#3653=DIRECTION('ref_axis',(1.,0.,0.));
#3654=DIRECTION('center_axis',(-1.,0.,0.));
#3655=DIRECTION('ref_axis',(0.,1.,0.));
#3656=DIRECTION('',(0.,-1.,0.));
#3657=DIRECTION('',(0.,0.,-1.));
#3658=DIRECTION('',(0.,-1.,0.));
#3659=DIRECTION('center_axis',(0.,-1.,0.));
#3660=DIRECTION('ref_axis',(-1.,0.,0.));
#3661=DIRECTION('',(1.77869723049299E-14,0.,1.));
#3662=DIRECTION('',(1.,0.,0.));
#3663=DIRECTION('',(1.,0.,0.));
#3664=DIRECTION('center_axis',(1.,0.,-1.77635683940025E-14));
#3665=DIRECTION('ref_axis',(0.,-1.,0.));
#3666=DIRECTION('',(1.77635683940025E-14,-4.75251199540171E-30,1.));
#3667=DIRECTION('',(0.,1.,0.));
#3668=DIRECTION('',(0.,-1.,0.));
#3669=DIRECTION('',(0.,0.,1.));
#3670=DIRECTION('',(0.,0.,1.));
#3671=DIRECTION('',(-1.77635683940025E-14,7.40148683083438E-16,-1.));
#3672=DIRECTION('center_axis',(1.37105202944737E-16,1.,0.));
#3673=DIRECTION('ref_axis',(-1.,1.37105202944737E-16,0.));
#3674=DIRECTION('',(1.,-1.37105202944737E-16,0.));
#3675=DIRECTION('',(0.,0.,1.));
#3676=DIRECTION('center_axis',(1.37105202944737E-16,1.,0.));
#3677=DIRECTION('ref_axis',(-1.,1.37105202944737E-16,0.));
#3678=DIRECTION('',(0.,0.,1.));
#3679=DIRECTION('center_axis',(-1.,0.,1.77635683940025E-14));
#3680=DIRECTION('ref_axis',(0.,1.,0.));
#3681=DIRECTION('',(-1.77869723049299E-14,7.38685938650459E-16,-1.));
#3682=DIRECTION('',(-1.77635683940025E-14,7.40148683083438E-16,-1.));
#3683=DIRECTION('',(0.,-7.40148683083438E-16,1.));
#3684=DIRECTION('',(-2.45693201094709E-29,1.,0.));
#3685=DIRECTION('',(2.45693201094709E-29,-1.,0.));
#3686=DIRECTION('center_axis',(0.,-1.,-7.40148683083438E-16));
#3687=DIRECTION('ref_axis',(0.,7.40148683083438E-16,-1.));
#3688=DIRECTION('center_axis',(5.89865755109846E-16,-0.996194698091746,
0.0871557427476581));
#3689=DIRECTION('ref_axis',(-1.,-5.92118946466749E-16,0.));
#3690=DIRECTION('',(1.,5.92118946466749E-16,0.));
#3691=DIRECTION('',(-0.0868265938642475,-0.0868265938642476,-0.992432509138967));
#3692=DIRECTION('center_axis',(0.,-1.,-7.40148683083438E-16));
#3693=DIRECTION('ref_axis',(-1.,0.,0.));
#3694=DIRECTION('',(-1.77635683940025E-14,7.40148683083438E-16,-1.));
#3695=DIRECTION('center_axis',(0.,-1.,-7.40148683083438E-16));
#3696=DIRECTION('ref_axis',(-1.,0.,0.));
#3697=DIRECTION('',(-1.77635683940025E-14,7.40148683083438E-16,-1.));
#3698=DIRECTION('center_axis',(-1.,-1.38923225927574E-15,1.77635683940025E-14));
#3699=DIRECTION('ref_axis',(-1.38923225927574E-15,1.,0.));
#3700=DIRECTION('center_axis',(0.,0.,1.));
#3701=DIRECTION('ref_axis',(1.,0.,0.));
#3702=DIRECTION('center_axis',(0.,0.,1.));
#3703=DIRECTION('ref_axis',(1.,0.,0.));
#3704=DIRECTION('center_axis',(0.,0.,-1.));
#3705=DIRECTION('ref_axis',(1.,0.,0.));
#3706=DIRECTION('center_axis',(0.,0.,-1.));
#3707=DIRECTION('ref_axis',(1.,0.,0.));
#3708=DIRECTION('',(0.17364817766693,-2.12657684957577E-17,0.984807753012208));
#3709=DIRECTION('center_axis',(0.,0.,1.));
#3710=DIRECTION('ref_axis',(1.,0.,0.));
#3711=DIRECTION('center_axis',(0.,0.,-1.));
#3712=DIRECTION('ref_axis',(1.,0.,0.));
#3713=DIRECTION('center_axis',(0.,0.,-1.));
#3714=DIRECTION('ref_axis',(1.,0.,0.));
#3715=DIRECTION('',(0.,0.,-1.));
#3716=DIRECTION('center_axis',(0.,-1.,0.));
#3717=DIRECTION('ref_axis',(-1.,0.,0.));
#3718=DIRECTION('',(0.17364817766693,-0.984807753012208,2.12657684957577E-17));
#3719=DIRECTION('center_axis',(0.,1.,0.));
#3720=DIRECTION('ref_axis',(-1.,0.,0.));
#3721=DIRECTION('center_axis',(0.,1.,0.));
#3722=DIRECTION('ref_axis',(0.,0.,1.));
#3723=DIRECTION('center_axis',(0.,-1.,0.));
#3724=DIRECTION('ref_axis',(-1.,0.,0.));
#3725=DIRECTION('center_axis',(0.,-1.,0.));
#3726=DIRECTION('ref_axis',(-1.,0.,0.));
#3727=DIRECTION('center_axis',(0.,1.,0.));
#3728=DIRECTION('ref_axis',(-1.,0.,0.));
#3729=DIRECTION('',(-0.17364817766693,-0.984807753012208,2.12657684957577E-17));
#3730=DIRECTION('center_axis',(-2.67542640644562E-16,-1.,0.));
#3731=DIRECTION('ref_axis',(-1.,0.,0.));
#3732=DIRECTION('center_axis',(0.,-1.,0.));
#3733=DIRECTION('ref_axis',(-1.,0.,0.));
#3734=DIRECTION('',(-0.17364817766693,0.984807753012208,2.12657684957577E-17));
#3735=DIRECTION('center_axis',(1.,1.54235764079995E-29,-1.77635683940025E-14));
#3736=DIRECTION('ref_axis',(0.,-1.,-8.68270162047336E-16));
#3737=DIRECTION('',(-1.77635683940025E-14,7.40148683083438E-16,-1.));
#3738=DIRECTION('center_axis',(0.,0.,-1.));
#3739=DIRECTION('ref_axis',(1.,0.,0.));
#3740=DIRECTION('center_axis',(0.,0.,-1.));
#3741=DIRECTION('ref_axis',(1.,0.,0.));
#3742=DIRECTION('',(0.,0.,-1.));
#3743=DIRECTION('center_axis',(0.,0.,-1.));
#3744=DIRECTION('ref_axis',(1.,0.,0.));
#3745=DIRECTION('center_axis',(0.,0.,1.));
#3746=DIRECTION('ref_axis',(1.,0.,0.));
#3747=DIRECTION('center_axis',(0.,0.,-1.));
#3748=DIRECTION('ref_axis',(1.,0.,0.));
#3749=DIRECTION('',(0.17364817766693,-2.12657684957577E-17,0.984807753012208));
#3750=DIRECTION('center_axis',(0.,0.,1.));
#3751=DIRECTION('ref_axis',(1.,0.,0.));
#3752=DIRECTION('center_axis',(0.,0.,1.));
#3753=DIRECTION('ref_axis',(1.,0.,0.));
#3754=DIRECTION('center_axis',(-2.55101864214966E-15,-1.,-7.40148683083393E-16));
#3755=DIRECTION('ref_axis',(-1.,2.55101864214966E-15,0.));
#3756=DIRECTION('',(-1.77635683940025E-14,7.40148683083438E-16,-1.));
#3757=DIRECTION('center_axis',(0.,-1.,-7.40148683083438E-16));
#3758=DIRECTION('ref_axis',(0.,7.40148683083438E-16,-1.));
#3759=DIRECTION('',(0.,7.40148683083438E-16,-1.));
#3760=DIRECTION('',(1.77635683940025E-14,-7.40148683083438E-16,1.));
#3761=DIRECTION('center_axis',(1.,0.,-1.77635683940025E-14));
#3762=DIRECTION('ref_axis',(0.,-1.,0.));
#3763=DIRECTION('',(-1.77869723049299E-14,7.38685938650459E-16,-1.));
#3764=DIRECTION('',(0.,1.,0.));
#3765=DIRECTION('',(-1.77869723049299E-14,0.,-1.));
#3766=DIRECTION('',(0.,-1.,0.));
#3767=DIRECTION('',(0.,0.,1.));
#3768=DIRECTION('',(0.,0.,1.));
#3769=DIRECTION('center_axis',(-0.999999819851155,0.000600247996474665,
0.));
#3770=DIRECTION('ref_axis',(-0.000600247996474665,-0.999999819851155,-6.71565600699369E-15));
#3771=DIRECTION('',(0.,0.,1.));
#3772=DIRECTION('',(0.,0.,1.));
#3773=DIRECTION('',(0.000600247996474665,0.999999819851155,0.));
#3774=DIRECTION('',(0.,0.,1.));
#3775=DIRECTION('center_axis',(-1.58763171746792E-16,1.,0.));
#3776=DIRECTION('ref_axis',(-1.,-1.58763171746792E-16,0.));
#3777=DIRECTION('center_axis',(-1.58763171746792E-16,1.,0.));
#3778=DIRECTION('ref_axis',(-1.,-1.58763171746792E-16,0.));
#3779=DIRECTION('',(1.,1.58763171746792E-16,0.));
#3780=DIRECTION('center_axis',(1.,1.54235764079995E-29,-1.77635683940025E-14));
#3781=DIRECTION('ref_axis',(-1.77635683940025E-14,0.,-1.));
#3782=DIRECTION('center_axis',(-1.,-2.42261574063465E-29,1.77635683940025E-14));
#3783=DIRECTION('ref_axis',(-1.77635683940025E-14,7.40148683083438E-16,
-1.));
#3784=DIRECTION('',(-1.77869723049299E-14,7.38685938650459E-16,-1.));
#3785=DIRECTION('',(-2.42580759273032E-29,1.,0.));
#3786=DIRECTION('',(2.42580759273032E-29,-1.,0.));
#3787=DIRECTION('center_axis',(0.,-1.,0.));
#3788=DIRECTION('ref_axis',(-1.,0.,0.));
#3789=DIRECTION('',(1.,0.,0.));
#3790=DIRECTION('',(0.,0.,-1.));
#3791=DIRECTION('',(1.,0.,0.));
#3792=DIRECTION('center_axis',(1.,0.,0.));
#3793=DIRECTION('ref_axis',(0.,-1.,0.));
#3794=DIRECTION('',(0.,1.,0.));
#3795=DIRECTION('',(0.,1.,0.));
#3796=DIRECTION('center_axis',(-0.858611009962872,-0.51262767538491,0.));
#3797=DIRECTION('ref_axis',(0.51262767538491,-0.858611009962872,0.));
#3798=DIRECTION('',(0.,0.,1.));
#3799=DIRECTION('',(0.51262767538491,-0.858611009962872,0.));
#3800=DIRECTION('',(0.,0.,1.));
#3801=DIRECTION('',(-0.51262767538491,0.858611009962872,0.));
#3802=DIRECTION('center_axis',(2.8421709430404E-14,0.,1.));
#3803=DIRECTION('ref_axis',(1.,0.,-2.8421709430404E-14));
#3804=DIRECTION('',(1.,-2.67542640644562E-16,-2.8421709430404E-14));
#3805=DIRECTION('',(0.479975900755194,0.877281673520107,-1.36417355848605E-14));
#3806=DIRECTION('',(-1.,0.,2.8421709430404E-14));
#3807=DIRECTION('',(0.542208834321812,-0.84024376224009,-1.54105019396926E-14));
#3808=DIRECTION('center_axis',(2.8421709430404E-14,0.,1.));
#3809=DIRECTION('ref_axis',(1.,0.,-2.8421709430404E-14));
#3810=DIRECTION('',(0.479975900755181,0.877281673520114,-1.36417355848602E-14));
#3811=DIRECTION('',(-1.,0.,2.8421709430404E-14));
#3812=DIRECTION('',(0.542208834321815,-0.840243762240088,-1.54105019396927E-14));
#3813=DIRECTION('',(1.,-2.67542640644562E-16,-2.8421709430404E-14));
#3814=DIRECTION('center_axis',(0.84024376224009,0.542208834321812,0.));
#3815=DIRECTION('ref_axis',(0.542208834321812,-0.84024376224009,0.));
#3816=DIRECTION('',(0.,0.,-1.));
#3817=DIRECTION('',(0.542208834321812,-0.84024376224009,0.));
#3818=DIRECTION('',(0.,0.,1.));
#3819=DIRECTION('center_axis',(0.,-1.,0.));
#3820=DIRECTION('ref_axis',(-1.,0.,0.));
#3821=DIRECTION('',(0.,0.,-1.));
#3822=DIRECTION('',(-1.,0.,0.));
#3823=DIRECTION('center_axis',(-0.877281673520107,0.479975900755194,0.));
#3824=DIRECTION('ref_axis',(0.479975900755194,0.877281673520107,0.));
#3825=DIRECTION('',(0.,0.,-1.));
#3826=DIRECTION('',(0.479975900755194,0.877281673520107,0.));
#3827=DIRECTION('center_axis',(0.840243762240088,0.542208834321815,0.));
#3828=DIRECTION('ref_axis',(0.542208834321815,-0.840243762240088,0.));
#3829=DIRECTION('',(0.,0.,-1.));
#3830=DIRECTION('',(0.542208834321815,-0.840243762240088,0.));
#3831=DIRECTION('',(0.,0.,1.));
#3832=DIRECTION('center_axis',(0.,-1.,0.));
#3833=DIRECTION('ref_axis',(-1.,0.,0.));
#3834=DIRECTION('',(0.,0.,-1.));
#3835=DIRECTION('',(-1.,0.,0.));
#3836=DIRECTION('center_axis',(-0.877281673520114,0.479975900755181,0.));
#3837=DIRECTION('ref_axis',(0.479975900755181,0.877281673520114,0.));
#3838=DIRECTION('',(0.,0.,-1.));
#3839=DIRECTION('',(0.479975900755181,0.877281673520114,0.));
#3840=DIRECTION('center_axis',(0.,1.,0.));
#3841=DIRECTION('ref_axis',(0.,0.,1.));
#3842=DIRECTION('',(0.,0.,1.));
#3843=DIRECTION('',(-1.,0.,0.));
#3844=DIRECTION('',(0.,0.,-1.));
#3845=DIRECTION('',(1.,0.,0.));
#3846=DIRECTION('',(0.,0.,-1.));
#3847=DIRECTION('',(-1.,0.,0.));
#3848=DIRECTION('',(0.,0.,1.));
#3849=DIRECTION('',(1.,0.,0.));
#3850=DIRECTION('center_axis',(-1.,0.,0.));
#3851=DIRECTION('ref_axis',(0.,0.,1.));
#3852=DIRECTION('',(0.,0.,1.));
#3853=DIRECTION('',(0.,1.,0.));
#3854=DIRECTION('',(0.,1.,0.));
#3855=DIRECTION('center_axis',(0.,0.,-1.));
#3856=DIRECTION('ref_axis',(-1.,0.,0.));
#3857=DIRECTION('',(-1.,0.,0.));
#3858=DIRECTION('',(0.,1.,0.));
#3859=DIRECTION('center_axis',(1.,0.,0.));
#3860=DIRECTION('ref_axis',(0.,0.,-1.));
#3861=DIRECTION('',(0.,0.,-1.));
#3862=DIRECTION('',(0.,1.,0.));
#3863=DIRECTION('center_axis',(0.,0.,1.));
#3864=DIRECTION('ref_axis',(1.,0.,0.));
#3865=DIRECTION('',(1.,0.,0.));
#3866=DIRECTION('center_axis',(1.,0.,0.));
#3867=DIRECTION('ref_axis',(0.,0.,-1.));
#3868=DIRECTION('',(0.,0.,1.));
#3869=DIRECTION('',(0.,1.,0.));
#3870=DIRECTION('',(0.,1.,0.));
#3871=DIRECTION('center_axis',(0.,0.,-1.));
#3872=DIRECTION('ref_axis',(-1.,0.,0.));
#3873=DIRECTION('',(1.,-2.67542640644562E-16,0.));
#3874=DIRECTION('',(0.,1.,0.));
#3875=DIRECTION('center_axis',(0.,0.,1.));
#3876=DIRECTION('ref_axis',(1.,0.,0.));
#3877=DIRECTION('',(-1.,2.67542640644562E-16,0.));
#3878=DIRECTION('',(0.,1.,0.));
#3879=DIRECTION('center_axis',(-1.,0.,0.));
#3880=DIRECTION('ref_axis',(0.,0.,1.));
#3881=DIRECTION('',(0.,0.,-1.));
#3882=DIRECTION('center_axis',(0.,-1.,0.));
#3883=DIRECTION('ref_axis',(1.,0.,0.));
#3884=DIRECTION('',(0.,0.,1.));
#3885=DIRECTION('',(1.,0.,0.));
#3886=DIRECTION('',(0.,0.,1.));
#3887=DIRECTION('',(-1.,0.,0.));
#3888=DIRECTION('center_axis',(0.,0.173648177666929,-0.984807753012208));
#3889=DIRECTION('ref_axis',(1.,0.,0.));
#3890=DIRECTION('',(0.,0.984807753012208,0.173648177666929));
#3891=DIRECTION('',(0.171087869746035,0.970287525247814,0.171087869746035));
#3892=DIRECTION('',(-1.,0.,0.));
#3893=DIRECTION('center_axis',(-0.984807753012208,0.173648177666929,0.));
#3894=DIRECTION('ref_axis',(0.,0.,-1.));
#3895=DIRECTION('',(-0.171087869746035,-0.970287525247814,0.171087869746035));
#3896=DIRECTION('',(0.,0.,1.));
#3897=DIRECTION('center_axis',(0.,-1.,0.));
#3898=DIRECTION('ref_axis',(1.,0.,0.));
#3899=DIRECTION('',(-1.,0.,0.));
#3900=DIRECTION('',(0.,0.,1.));
#3901=DIRECTION('',(1.,0.,0.));
#3902=DIRECTION('',(0.,0.,1.));
#3903=DIRECTION('center_axis',(-0.984807753012208,0.173648177666929,0.));
#3904=DIRECTION('ref_axis',(0.,0.,-1.));
#3905=DIRECTION('',(-0.171087869746035,-0.970287525247814,0.171087869746035));
#3906=DIRECTION('',(0.,0.,1.));
#3907=DIRECTION('',(0.171087869746035,0.970287525247814,0.171087869746035));
#3908=DIRECTION('center_axis',(0.,0.173648177666929,0.984807753012208));
#3909=DIRECTION('ref_axis',(-1.,0.,0.));
#3910=DIRECTION('',(0.,-0.984807753012208,0.173648177666929));
#3911=DIRECTION('',(1.,0.,0.));
#3912=DIRECTION('center_axis',(0.,-1.,0.));
#3913=DIRECTION('ref_axis',(1.,0.,0.));
#3914=DIRECTION('',(-1.,0.,0.));
#3915=DIRECTION('',(1.,0.,0.));
#3916=DIRECTION('',(0.,0.,1.));
#3917=DIRECTION('',(-1.,0.,0.));
#3918=DIRECTION('',(0.,0.,1.));
#3919=DIRECTION('',(1.,0.,0.));
#3920=DIRECTION('',(0.,0.,1.));
#3921=DIRECTION('',(1.,0.,0.));
#3922=DIRECTION('',(0.,0.,-1.));
#3923=DIRECTION('',(-1.,0.,0.));
#3924=DIRECTION('',(-1.,0.,0.));
#3925=DIRECTION('',(0.,0.,1.));
#3926=DIRECTION('',(1.,0.,0.));
#3927=DIRECTION('',(0.,0.,-1.));
#3928=DIRECTION('',(-1.,0.,0.));
#3929=DIRECTION('',(0.,0.,1.));
#3930=DIRECTION('',(1.,0.,0.));
#3931=DIRECTION('',(0.,0.,-1.));
#3932=DIRECTION('center_axis',(0.,-1.,0.));
#3933=DIRECTION('ref_axis',(0.,0.,-1.));
#3934=DIRECTION('',(0.,0.,-1.));
#3935=DIRECTION('',(1.,0.,0.));
#3936=DIRECTION('',(0.,0.,1.));
#3937=DIRECTION('',(-1.,0.,0.));
#3938=DIRECTION('center_axis',(1.,0.,0.));
#3939=DIRECTION('ref_axis',(0.,0.,1.));
#3940=DIRECTION('',(0.,-1.,0.));
#3941=DIRECTION('',(0.,-1.,0.));
#3942=DIRECTION('center_axis',(0.,-1.,0.));
#3943=DIRECTION('ref_axis',(1.,0.,0.));
#3944=DIRECTION('',(-1.,0.,0.));
#3945=DIRECTION('',(0.,0.,-1.));
#3946=DIRECTION('',(1.,0.,0.));
#3947=DIRECTION('',(0.,0.,1.));
#3948=DIRECTION('center_axis',(0.984807753012208,0.173648177666929,0.));
#3949=DIRECTION('ref_axis',(0.,0.,1.));
#3950=DIRECTION('',(0.171087869746035,-0.970287525247814,-0.171087869746035));
#3951=DIRECTION('',(0.171087869746035,-0.970287525247814,0.171087869746035));
#3952=DIRECTION('center_axis',(0.,0.173648177666929,0.984807753012208));
#3953=DIRECTION('ref_axis',(-1.,0.,0.));
#3954=DIRECTION('',(-0.171087869746035,-0.970287525247814,0.171087869746035));
#3955=DIRECTION('center_axis',(-0.984807753012208,0.173648177666929,0.));
#3956=DIRECTION('ref_axis',(0.,0.,-1.));
#3957=DIRECTION('',(-0.171087869746035,-0.970287525247814,-0.171087869746035));
#3958=DIRECTION('center_axis',(0.,0.173648177666929,-0.984807753012208));
#3959=DIRECTION('ref_axis',(1.,0.,0.));
#3960=DIRECTION('center_axis',(0.,-1.,0.));
#3961=DIRECTION('ref_axis',(1.,0.,0.));
#3962=DIRECTION('',(-1.,0.,0.));
#3963=DIRECTION('',(0.,0.,-1.));
#3964=DIRECTION('',(1.,0.,0.));
#3965=DIRECTION('',(0.,0.,1.));
#3966=DIRECTION('center_axis',(0.984807753012208,0.173648177666929,0.));
#3967=DIRECTION('ref_axis',(0.,0.,1.));
#3968=DIRECTION('',(0.171087869746035,-0.970287525247814,-0.171087869746035));
#3969=DIRECTION('',(0.171087869746035,-0.970287525247814,0.171087869746035));
#3970=DIRECTION('center_axis',(0.,0.173648177666929,0.984807753012208));
#3971=DIRECTION('ref_axis',(-1.,0.,0.));
#3972=DIRECTION('',(-0.171087869746035,-0.970287525247814,0.171087869746035));
#3973=DIRECTION('center_axis',(-0.984807753012208,0.173648177666929,0.));
#3974=DIRECTION('ref_axis',(0.,0.,-1.));
#3975=DIRECTION('',(-0.171087869746035,-0.970287525247814,-0.171087869746035));
#3976=DIRECTION('center_axis',(0.,0.173648177666929,-0.984807753012208));
#3977=DIRECTION('ref_axis',(1.,0.,0.));
#3978=DIRECTION('center_axis',(0.,0.173648177666929,0.984807753012208));
#3979=DIRECTION('ref_axis',(-1.,0.,0.));
#3980=DIRECTION('',(0.,-0.984807753012208,0.173648177666929));
#3981=DIRECTION('center_axis',(0.,0.,1.));
#3982=DIRECTION('ref_axis',(-1.,0.,0.));
#3983=DIRECTION('',(0.,-1.,0.));
#3984=DIRECTION('center_axis',(0.,0.173648177666929,-0.984807753012208));
#3985=DIRECTION('ref_axis',(1.,0.,0.));
#3986=DIRECTION('',(0.,-0.984807753012208,-0.173648177666929));
#3987=DIRECTION('center_axis',(0.,0.,-1.));
#3988=DIRECTION('ref_axis',(1.,0.,0.));
#3989=DIRECTION('',(0.,-1.,0.));
#3990=DIRECTION('center_axis',(-1.,0.,0.));
#3991=DIRECTION('ref_axis',(0.,0.,-1.));
#3992=DIRECTION('center_axis',(-0.866137895085053,0.499805108715021,0.));
#3993=DIRECTION('ref_axis',(-0.499805108715021,-0.866137895085053,0.));
#3994=DIRECTION('',(0.499805108715021,0.866137895085053,0.));
#3995=DIRECTION('',(-0.499805108715021,-0.866137895085053,0.));
#3996=DIRECTION('center_axis',(0.,0.,1.));
#3997=DIRECTION('ref_axis',(1.,0.,0.));
#3998=DIRECTION('',(-0.502593282106618,0.864522985687076,0.));
#3999=DIRECTION('',(0.499999999999999,-0.866025403784439,0.));
#4000=DIRECTION('',(-0.5,-0.866025403784439,0.));
#4001=DIRECTION('',(-1.,2.67542640644562E-16,0.));
#4002=DIRECTION('',(-1.,2.67542640644562E-16,0.));
#4003=DIRECTION('',(-1.,2.67542640644562E-16,0.));
#4004=DIRECTION('',(-0.499999999999999,0.866025403784439,0.));
#4005=DIRECTION('',(0.5,0.866025403784439,0.));
#4006=DIRECTION('center_axis',(2.67542640644562E-16,1.,0.));
#4007=DIRECTION('ref_axis',(0.,0.,1.));
#4008=DIRECTION('',(1.,-2.67542640644562E-16,0.));
#4009=DIRECTION('',(0.,0.,1.));
#4010=DIRECTION('',(1.,-1.07017056257823E-15,0.));
#4011=DIRECTION('',(0.,0.,1.));
#4012=DIRECTION('center_axis',(-0.866025403784439,0.5,0.));
#4013=DIRECTION('ref_axis',(-0.5,-0.866025403784439,0.));
#4014=DIRECTION('',(-0.5,-0.866025403784439,0.));
#4015=DIRECTION('',(0.,0.,1.));
#4016=DIRECTION('',(0.,0.,1.));
#4017=DIRECTION('',(-0.499999999999984,-0.866025403784448,0.));
#4018=DIRECTION('',(0.,0.,-1.));
#4019=DIRECTION('center_axis',(2.67542640644562E-16,1.,0.));
#4020=DIRECTION('ref_axis',(-1.,2.67542640644562E-16,0.));
#4021=DIRECTION('',(-1.,2.67542640644562E-16,0.));
#4022=DIRECTION('',(0.,0.,-1.));
#4023=DIRECTION('',(-1.,1.07017056257823E-15,0.));
#4024=DIRECTION('',(0.,0.,1.));
#4025=DIRECTION('',(-1.,1.07017056257823E-15,0.));
#4026=DIRECTION('center_axis',(0.,0.,-1.));
#4027=DIRECTION('ref_axis',(-1.,0.,0.));
#4028=DIRECTION('',(0.5,0.866025403784439,0.));
#4029=DIRECTION('',(-0.486409091683024,0.873731191802202,0.));
#4030=DIRECTION('',(-0.499999999999999,0.866025403784439,0.));
#4031=DIRECTION('',(-0.5,-0.866025403784439,0.));
#4032=DIRECTION('',(-0.5,0.866025403784439,0.));
#4033=DIRECTION('',(-1.,4.36123322698391E-16,0.));
#4034=DIRECTION('',(-0.499999999999999,0.866025403784439,0.));
#4035=DIRECTION('',(0.472658733272506,-0.881245551399399,0.));
#4036=DIRECTION('',(-0.5,-0.866025403784439,0.));
#4037=DIRECTION('',(-1.,2.29607484941321E-16,0.));
#4038=DIRECTION('',(-0.499999999999981,0.86602540378445,0.));
#4039=DIRECTION('center_axis',(0.866025403784439,-0.5,0.));
#4040=DIRECTION('ref_axis',(0.5,0.866025403784439,0.));
#4041=DIRECTION('',(0.5,0.866025403784439,0.));
#4042=DIRECTION('',(0.,0.,-1.));
#4043=DIRECTION('center_axis',(0.873731191802202,0.486409091683024,0.));
#4044=DIRECTION('ref_axis',(0.486409091683024,-0.873731191802202,0.));
#4045=DIRECTION('',(-0.486409091683024,0.873731191802202,0.));
#4046=DIRECTION('',(0.,0.,-1.));
#4047=DIRECTION('center_axis',(0.866025403784439,0.499999999999999,0.));
#4048=DIRECTION('ref_axis',(-0.499999999999999,0.866025403784439,0.));
#4049=DIRECTION('',(0.,0.,1.));
#4050=DIRECTION('',(0.,0.,1.));
#4051=DIRECTION('',(-0.5,0.866025403784438,0.));
#4052=DIRECTION('',(0.,0.,-1.));
#4053=DIRECTION('',(0.5,-0.866025403784438,0.));
#4054=DIRECTION('center_axis',(-0.866025403784439,0.5,0.));
#4055=DIRECTION('ref_axis',(0.,0.,1.));
#4056=DIRECTION('',(0.5,0.866025403784439,0.));
#4057=DIRECTION('',(0.,0.,-1.));
#4058=DIRECTION('',(0.499999999999984,0.866025403784448,0.));
#4059=DIRECTION('center_axis',(0.866025403784439,-0.5,0.));
#4060=DIRECTION('ref_axis',(0.,0.,1.));
#4061=DIRECTION('',(0.5,0.866025403784439,0.));
#4062=DIRECTION('',(0.,0.,-1.));
#4063=DIRECTION('center_axis',(0.,0.,-1.));
#4064=DIRECTION('ref_axis',(-1.,0.,0.));
#4065=DIRECTION('',(-0.5,-0.866025403784439,0.));
#4066=DIRECTION('',(-0.873731191802186,-0.486409091683052,0.));
#4067=DIRECTION('',(0.5,-0.866025403784438,0.));
#4068=DIRECTION('',(-1.,4.36123322698391E-16,0.));
#4069=DIRECTION('',(0.5,-0.866025403784438,0.));
#4070=DIRECTION('',(0.866025403785197,0.499999999998687,0.));
#4071=DIRECTION('',(-0.866025403782855,-0.500000000002743,0.));
#4072=DIRECTION('',(-0.499999999999983,0.866025403784449,0.));
#4073=DIRECTION('',(0.502593282106618,-0.864522985687077,0.));
#4074=DIRECTION('center_axis',(4.36123322698391E-16,1.,0.));
#4075=DIRECTION('ref_axis',(0.,0.,-1.));
#4076=DIRECTION('',(0.,0.,1.));
#4077=DIRECTION('center_axis',(0.499999999998687,-0.866025403785197,0.));
#4078=DIRECTION('ref_axis',(0.,0.,-1.));
#4079=DIRECTION('',(-0.866025403785197,-0.499999999998687,0.));
#4080=DIRECTION('',(0.,0.,-1.));
#4081=DIRECTION('center_axis',(0.500000000002743,-0.866025403782855,0.));
#4082=DIRECTION('ref_axis',(0.,0.,1.));
#4083=DIRECTION('',(-0.866025403782855,-0.500000000002743,0.));
#4084=DIRECTION('',(0.,0.,1.));
#4085=DIRECTION('center_axis',(-0.866025403784439,-0.5,0.));
#4086=DIRECTION('ref_axis',(-0.5,0.866025403784439,0.));
#4087=DIRECTION('',(0.,0.,-1.));
#4088=DIRECTION('',(-0.5,0.866025403784439,0.));
#4089=DIRECTION('center_axis',(-0.866025403784438,-0.5,0.));
#4090=DIRECTION('ref_axis',(0.,0.,1.));
#4091=DIRECTION('',(0.5,-0.866025403784438,0.));
#4092=DIRECTION('',(0.,0.,1.));
#4093=DIRECTION('center_axis',(-0.486409091683052,0.873731191802186,0.));
#4094=DIRECTION('ref_axis',(0.,0.,-1.));
#4095=DIRECTION('',(-0.873731191802186,-0.486409091683052,0.));
#4096=DIRECTION('',(0.,0.,-1.));
#4097=DIRECTION('center_axis',(-0.866025403784439,0.5,0.));
#4098=DIRECTION('ref_axis',(0.,0.,1.));
#4099=DIRECTION('',(-0.5,-0.866025403784439,0.));
#4100=DIRECTION('center_axis',(0.,0.,1.));
#4101=DIRECTION('ref_axis',(-1.,0.,0.));
#4102=DIRECTION('center_axis',(0.,0.,1.));
#4103=DIRECTION('ref_axis',(-1.,0.,0.));
#4104=DIRECTION('center_axis',(0.,0.,1.));
#4105=DIRECTION('ref_axis',(1.83697019872103E-16,-1.,0.));
#4106=DIRECTION('center_axis',(0.,0.,1.));
#4107=DIRECTION('ref_axis',(-1.,0.,0.));
#4108=DIRECTION('center_axis',(0.,0.,-1.));
#4109=DIRECTION('ref_axis',(-1.,0.,0.));
#4110=DIRECTION('',(-1.,2.29607484941321E-16,0.));
#4111=DIRECTION('',(0.,-1.,0.));
#4112=DIRECTION('',(-1.,0.,0.));
#4113=DIRECTION('',(0.,1.,0.));
#4114=DIRECTION('center_axis',(1.,0.,0.));
#4115=DIRECTION('ref_axis',(0.,0.,-1.));
#4116=DIRECTION('',(0.,0.,1.));
#4117=DIRECTION('',(0.,1.,0.));
#4118=DIRECTION('',(0.,0.,1.));
#4119=DIRECTION('center_axis',(0.,0.,1.));
#4120=DIRECTION('ref_axis',(1.,0.,0.));
#4121=DIRECTION('',(-1.,2.29607484941321E-16,0.));
#4122=DIRECTION('',(0.,-1.,0.));
#4123=DIRECTION('',(1.,0.,0.));
#4124=DIRECTION('',(-1.,2.29607484941321E-16,0.));
#4125=DIRECTION('',(-0.5,-0.866025403784439,0.));
#4126=DIRECTION('center_axis',(0.,0.,1.));
#4127=DIRECTION('ref_axis',(-1.,0.,0.));
#4128=DIRECTION('',(-0.499999999999999,0.866025403784439,0.));
#4129=DIRECTION('center_axis',(0.,-1.,0.));
#4130=DIRECTION('ref_axis',(0.,0.,-1.));
#4131=DIRECTION('',(0.,0.,1.));
#4132=DIRECTION('center_axis',(-2.29607484941321E-16,-1.,0.));
#4133=DIRECTION('ref_axis',(-1.,2.29607484941321E-16,0.));
#4134=DIRECTION('',(0.,0.,-1.));
#4135=DIRECTION('',(0.,0.,-1.));
#4136=DIRECTION('center_axis',(-1.,0.,0.));
#4137=DIRECTION('ref_axis',(0.,0.,1.));
#4138=DIRECTION('center_axis',(1.,-2.5546923936954E-15,-1.47444638843497E-14));
#4139=DIRECTION('ref_axis',(2.5546923936954E-15,1.,0.));
#4140=DIRECTION('center_axis',(-0.996194698091746,-2.65439589799432E-15,
0.0871557427476584));
#4141=DIRECTION('ref_axis',(-2.66453525910038E-15,1.,0.));
#4142=DIRECTION('',(2.66453525910038E-15,-1.,0.));
#4143=DIRECTION('center_axis',(0.,0.,-1.));
#4144=DIRECTION('ref_axis',(-1.,0.,0.));
#4145=DIRECTION('center_axis',(0.,0.,1.));
#4146=DIRECTION('ref_axis',(1.,0.,0.));
#4147=DIRECTION('center_axis',(-0.866025403784439,-0.499999999999999,0.));
#4148=DIRECTION('ref_axis',(0.499999999999999,-0.866025403784439,0.));
#4149=DIRECTION('center_axis',(0.866025403784439,-0.5,0.));
#4150=DIRECTION('ref_axis',(0.5,0.866025403784439,0.));
#4151=DIRECTION('center_axis',(0.864522985687076,0.502593282106618,0.));
#4152=DIRECTION('ref_axis',(-0.502593282106618,0.864522985687076,0.));
#4153=DIRECTION('center_axis',(-0.866025403784439,-0.499999999999999,0.));
#4154=DIRECTION('ref_axis',(0.,0.,1.));
#4155=DIRECTION('center_axis',(0.,0.,1.));
#4156=DIRECTION('ref_axis',(-6.12323399573677E-17,-1.,0.));
#4157=DIRECTION('center_axis',(0.,0.,1.));
#4158=DIRECTION('ref_axis',(-1.,0.,0.));
#4159=DIRECTION('center_axis',(0.,0.,1.));
#4160=DIRECTION('ref_axis',(-1.,0.,0.));
#4161=DIRECTION('center_axis',(0.866025403784439,-0.5,0.));
#4162=DIRECTION('ref_axis',(-0.5,-0.866025403784439,0.));
#4163=DIRECTION('center_axis',(-0.881245551399399,-0.472658733272506,0.));
#4164=DIRECTION('ref_axis',(-0.472658733272506,0.881245551399399,0.));
#4165=DIRECTION('',(0.472658733272506,-0.881245551399399,0.));
#4166=DIRECTION('center_axis',(0.,0.,1.));
#4167=DIRECTION('ref_axis',(1.,0.,0.));
#4168=DIRECTION('center_axis',(3.84893275109194E-14,0.,1.));
#4169=DIRECTION('ref_axis',(1.,0.,-3.84893275109194E-14));
#4170=DIRECTION('center_axis',(0.,0.,1.));
#4171=DIRECTION('ref_axis',(1.,0.,0.));
#4172=DIRECTION('center_axis',(0.,0.,-1.));
#4173=DIRECTION('ref_axis',(1.,0.,0.));
#4174=CARTESIAN_POINT('',(0.,0.,0.));
#4175=CARTESIAN_POINT('Origin',(2.49211481808435,6.78533978322314,20.5));
#4176=CARTESIAN_POINT('',(2.24211481808435,6.78533978322314,20.5));
#4177=CARTESIAN_POINT('Origin',(2.49211481808435,6.78533978322314,20.5));
#4178=CARTESIAN_POINT('',(2.24211481808435,6.78533978322314,21.));
#4179=CARTESIAN_POINT('',(2.24211481808435,6.78533978322314,20.5));
#4180=CARTESIAN_POINT('Origin',(2.49211481808435,6.78533978322314,21.));
#4181=CARTESIAN_POINT('Origin',(2.49211481808435,6.78533978322314,21.));
#4182=CARTESIAN_POINT('Origin',(-1.48893621136424,11.32,30.5500000000001));
#4183=CARTESIAN_POINT('',(-1.48893621136424,12.,32.5500000000001));
#4184=CARTESIAN_POINT('',(-1.48893621791629,11.2830880463823,32.5500000000001));
#4185=CARTESIAN_POINT('',(-1.48893621136424,11.32,32.5500000000001));
#4186=CARTESIAN_POINT('',(-1.48893621791629,11.2830880463823,30.5500000000001));
#4187=CARTESIAN_POINT('',(-1.48893621791629,11.2830880463823,31.0500000000001));
#4188=CARTESIAN_POINT('',(-1.48893621136424,12.,30.5500000000001));
#4189=CARTESIAN_POINT('',(-1.48893616046369,11.6067561573215,30.5500000000001));
#4190=CARTESIAN_POINT('',(-1.48893609066107,12.,28.215));
#4191=CARTESIAN_POINT('Origin',(-2.24446812803386,11.6568750320375,32.5500000000001));
#4192=CARTESIAN_POINT('',(-3.00000004470348,12.,32.5500000000001));
#4193=CARTESIAN_POINT('',(-2.62223408636867,12.,32.5500000000001));
#4194=CARTESIAN_POINT('',(-3.00000004470348,11.3200002682209,32.5500000000001));
#4195=CARTESIAN_POINT('',(-3.00000004470348,11.993750064075,32.5500000000001));
#4196=CARTESIAN_POINT('',(-3.00000005125557,11.2830880463823,32.5500000000001));
#4197=CARTESIAN_POINT('',(-3.00000004470348,11.3200002682209,32.5500000000001));
#4198=CARTESIAN_POINT('',(-1.86670217297509,11.2830880463823,32.5500000000001));
#4199=CARTESIAN_POINT('Origin',(2.48018307288913,11.8935116101058,30.5500000000001));
#4200=CARTESIAN_POINT('',(-1.20597673030545,11.2830880463823,30.55));
#4201=CARTESIAN_POINT('',(-1.20597673030545,11.2830880463823,30.55));
#4202=CARTESIAN_POINT('',(-1.20597673030545,8.72576643577371,30.55));
#4203=CARTESIAN_POINT('',(-1.20597673030545,8.72576643577371,30.55));
#4204=CARTESIAN_POINT('',(-0.952076915275931,8.72576643577371,30.55));
#4205=CARTESIAN_POINT('',(-0.952076915275931,8.72576643577371,30.55));
#4206=CARTESIAN_POINT('',(-0.952076915275939,6.59673955841594,30.5500000000001));
#4207=CARTESIAN_POINT('',(-0.952076915275931,8.72576643577371,30.55));
#4208=CARTESIAN_POINT('',(-0.737649155091411,6.22533978322315,30.5500000000001));
#4209=CARTESIAN_POINT('',(-1.56261532536774,7.65422310466726,30.5500000000001));
#4210=CARTESIAN_POINT('',(-0.142316963953988,6.22533978322315,30.55));
#4211=CARTESIAN_POINT('',(-0.344756951784476,6.22533978322315,30.55));
#4212=CARTESIAN_POINT('',(-0.142316963953988,8.72576643577371,30.55));
#4213=CARTESIAN_POINT('',(-0.142316963953988,8.56351155526953,30.55));
#4214=CARTESIAN_POINT('',(5.14768311487315,8.72576643577371,30.5500000000001));
#4215=CARTESIAN_POINT('',(5.15156080354098,8.72576643577371,30.5500000000001));
#4216=CARTESIAN_POINT('',(5.14768311487315,6.22533978322314,30.5500000000001));
#4217=CARTESIAN_POINT('',(5.14768311487315,8.5935115586968,30.5500000000001));
#4218=CARTESIAN_POINT('',(5.84705756533679,6.22533978322314,30.5500000000001));
#4219=CARTESIAN_POINT('',(5.67221395272088,6.22533978322314,30.5500000000001));
#4220=CARTESIAN_POINT('',(5.84705756533679,8.72576643577371,30.5500000000001));
#4221=CARTESIAN_POINT('',(5.84705756533679,8.72576643577371,30.5500000000001));
#4222=CARTESIAN_POINT('',(6.33874451958055,8.72576643577371,30.5500000000001));
#4223=CARTESIAN_POINT('',(6.23874451958055,8.72576643577371,30.5500000000001));
#4224=CARTESIAN_POINT('',(6.33874451958055,11.2830880463823,30.5500000000001));
#4225=CARTESIAN_POINT('',(6.33874451958054,11.2830880463823,30.5500000000001));
#4226=CARTESIAN_POINT('',(6.99999994696938,11.2830880463823,30.5500000000001));
#4227=CARTESIAN_POINT('',(6.23874451958055,11.2830880463823,30.5500000000001));
#4228=CARTESIAN_POINT('',(6.99999995529652,11.3300002682209,30.5500000000001));
#4229=CARTESIAN_POINT('',(7.00000000530939,11.6117555380191,30.55));
#4230=CARTESIAN_POINT('',(6.99999995529652,12.,30.55));
#4231=CARTESIAN_POINT('',(6.99999995529652,11.9486308370904,30.55));
#4232=CARTESIAN_POINT('',(2.49369514132563,12.,30.5500000000001));
#4233=CARTESIAN_POINT('',(5.30472839348288,10.3496238121143,30.5500000000001));
#4234=CARTESIAN_POINT('Origin',(5.7428918838371,10.3496238121143,30.5500000000001));
#4235=CARTESIAN_POINT('',(0.286915198695517,9.6496238121143,30.5500000000001));
#4236=CARTESIAN_POINT('Origin',(0.725078689049738,9.6496238121143,30.5500000000001));
#4237=CARTESIAN_POINT('Origin',(2.50720720976205,12.,25.88));
#4238=CARTESIAN_POINT('',(6.99999995529652,12.,32.5500000000001));
#4239=CARTESIAN_POINT('',(6.99999995529652,12.,31.0500000000001));
#4240=CARTESIAN_POINT('',(8.51106378863576,12.,32.5500000000001));
#4241=CARTESIAN_POINT('',(7.75553187196614,12.,32.5500000000001));
#4242=CARTESIAN_POINT('',(8.51106378863576,12.,30.55));
#4243=CARTESIAN_POINT('',(8.51106390756388,12.,28.215));
#4244=CARTESIAN_POINT('',(9.20740510697689,12.,30.5500000000001));
#4245=CARTESIAN_POINT('',(2.49369514132563,12.,30.5500000000001));
#4246=CARTESIAN_POINT('',(9.20740510697689,12.,31.26));
#4247=CARTESIAN_POINT('',(9.20740510697689,12.,24.7650000000001));
#4248=CARTESIAN_POINT('',(10.0572867584513,12.,31.26));
#4249=CARTESIAN_POINT('',(2.44546590511287,12.,31.26));
#4250=CARTESIAN_POINT('',(10.0572867584513,12.,21.05));
#4251=CARTESIAN_POINT('',(10.0572867584513,12.,24.7650000000001));
#4252=CARTESIAN_POINT('',(9.20740510697675,12.,21.05));
#4253=CARTESIAN_POINT('',(2.50720720976205,12.,21.05));
#4254=CARTESIAN_POINT('',(9.20740510697689,12.,20.5));
#4255=CARTESIAN_POINT('',(9.20740510697689,12.,23.465));
#4256=CARTESIAN_POINT('',(8.03437551616712,12.,20.5));
#4257=CARTESIAN_POINT('',(2.50720720976205,12.,20.5));
#4258=CARTESIAN_POINT('',(8.03437551616712,12.,21.05));
#4259=CARTESIAN_POINT('',(8.03437551616712,12.,20.5));
#4260=CARTESIAN_POINT('',(7.5343824119664,12.,21.05));
#4261=CARTESIAN_POINT('',(5.14579308691441,12.,21.05));
#4262=CARTESIAN_POINT('',(7.5343824119664,12.,20.5));
#4263=CARTESIAN_POINT('',(7.5343824119664,12.,20.5));
#4264=CARTESIAN_POINT('',(6.35783505085952,12.,20.5));
#4265=CARTESIAN_POINT('',(2.50720720976205,12.,20.5));
#4266=CARTESIAN_POINT('',(6.35783505085952,12.,22.05));
#4267=CARTESIAN_POINT('',(6.35783505085951,12.,22.965));
#4268=CARTESIAN_POINT('',(9.18020297096813,12.,22.05));
#4269=CARTESIAN_POINT('',(2.50272786554137,12.,22.05));
#4270=CARTESIAN_POINT('',(9.18020297096813,12.,23.05));
#4271=CARTESIAN_POINT('',(9.18020297096813,12.,24.465));
#4272=CARTESIAN_POINT('',(-4.04317547080832,12.,23.05));
#4273=CARTESIAN_POINT('',(2.5193652397283,12.,23.05));
#4274=CARTESIAN_POINT('',(-4.0431754708082,12.,22.05));
#4275=CARTESIAN_POINT('',(-4.0431754708082,12.,24.765));
#4276=CARTESIAN_POINT('',(-1.36133800821815,12.,22.05));
#4277=CARTESIAN_POINT('',(2.50272786554137,12.,22.05));
#4278=CARTESIAN_POINT('',(-1.36133800821815,12.,20.5));
#4279=CARTESIAN_POINT('',(-1.36133800821815,12.,22.965));
#4280=CARTESIAN_POINT('',(-2.46562448383288,12.,20.5));
#4281=CARTESIAN_POINT('',(2.50720720976205,12.,20.5));
#4282=CARTESIAN_POINT('',(-2.46562448383288,12.,21.05));
#4283=CARTESIAN_POINT('',(-2.46562448383288,12.,20.5));
#4284=CARTESIAN_POINT('',(-2.9656175880336,12.,21.05));
#4285=CARTESIAN_POINT('',(-0.104206913085594,12.,21.05));
#4286=CARTESIAN_POINT('',(-2.9656175880336,12.,20.5));
#4287=CARTESIAN_POINT('',(-2.9656175880336,12.,20.5));
#4288=CARTESIAN_POINT('',(-4.04370739886078,12.,20.5));
#4289=CARTESIAN_POINT('',(2.50720720976205,12.,20.5));
#4290=CARTESIAN_POINT('',(-4.04370739886078,12.,21.05));
#4291=CARTESIAN_POINT('',(-4.04370739886077,12.,22.965));
#4292=CARTESIAN_POINT('',(-5.06497847333897,12.,21.05));
#4293=CARTESIAN_POINT('',(2.50720720976205,12.,21.05));
#4294=CARTESIAN_POINT('',(-5.06497847333897,12.,31.26));
#4295=CARTESIAN_POINT('',(-5.06497847333897,12.,24.765));
#4296=CARTESIAN_POINT('',(-4.04317547080819,12.,31.26));
#4297=CARTESIAN_POINT('',(2.44546590511287,12.,31.26));
#4298=CARTESIAN_POINT('',(-4.04317547080819,12.,30.5500000000001));
#4299=CARTESIAN_POINT('',(-4.0431754708082,12.,24.765));
#4300=CARTESIAN_POINT('',(-3.00000004470348,12.,30.5500000000001));
#4301=CARTESIAN_POINT('',(2.49369514132563,12.,30.5500000000001));
#4302=CARTESIAN_POINT('',(-3.00000004470348,12.,31.0500000000001));
#4303=CARTESIAN_POINT('',(-1.20597673030539,12.,29.9500000000002));
#4304=CARTESIAN_POINT('',(-1.20597673030535,12.,28.45));
#4305=CARTESIAN_POINT('',(-1.20597673030545,12.,25.915));
#4306=CARTESIAN_POINT('',(-0.417885181915632,12.,28.45));
#4307=CARTESIAN_POINT('',(2.54466101392321,12.,28.45));
#4308=CARTESIAN_POINT('',(-0.461629513678597,12.,27.95));
#4309=CARTESIAN_POINT('',(-0.518344454547513,12.,27.3017452595202));
#4310=CARTESIAN_POINT('',(5.62585914984733,12.,27.9500000000001));
#4311=CARTESIAN_POINT('',(2.54466101392321,12.,27.95));
#4312=CARTESIAN_POINT('',(5.58211481808438,12.,28.4500000000001));
#4313=CARTESIAN_POINT('',(5.68200508327281,12.,27.3082490443595));
#4314=CARTESIAN_POINT('',(6.23874451958058,12.,28.4500000000001));
#4315=CARTESIAN_POINT('',(2.54466101392321,12.,28.45));
#4316=CARTESIAN_POINT('',(6.23874451958061,12.,29.9500000000001));
#4317=CARTESIAN_POINT('',(6.23874451958054,12.,25.915));
#4318=CARTESIAN_POINT('',(2.49369514132562,12.,29.9500000000001));
#4319=CARTESIAN_POINT('',(-2.20597673030549,12.,23.65));
#4320=CARTESIAN_POINT('',(7.23874451958053,12.,23.6500000000001));
#4321=CARTESIAN_POINT('',(0.650615239728268,12.,23.65));
#4322=CARTESIAN_POINT('',(7.23874451958059,12.,27.6500000000001));
#4323=CARTESIAN_POINT('',(7.23874451958056,12.,25.765));
#4324=CARTESIAN_POINT('',(-2.20597673030537,12.,27.65));
#4325=CARTESIAN_POINT('',(4.37297586467133,12.,27.6500000000001));
#4326=CARTESIAN_POINT('',(-2.20597673030539,12.,25.9150000000001));
#4327=CARTESIAN_POINT('',(8.05553187196614,12.,32.05));
#4328=CARTESIAN_POINT('Origin',(7.75553187196614,12.,32.05));
#4329=CARTESIAN_POINT('',(-1.94446812803386,12.,32.0500000000001));
#4330=CARTESIAN_POINT('Origin',(-2.24446812803386,12.,32.0500000000001));
#4331=CARTESIAN_POINT('Origin',(8.51106378863576,11.33,30.5500000000001));
#4332=CARTESIAN_POINT('',(8.51106378030867,11.2830880463823,30.5500000000001));
#4333=CARTESIAN_POINT('',(8.51106383864863,11.6117552697982,30.55));
#4334=CARTESIAN_POINT('',(8.51106378030867,11.2830880463823,32.5500000000001));
#4335=CARTESIAN_POINT('',(8.51106378863576,11.33,32.5500000000001));
#4336=CARTESIAN_POINT('',(8.51106378030866,11.2830880463823,31.05));
#4337=CARTESIAN_POINT('Origin',(7.75553187196614,11.6668750320375,32.5500000000001));
#4338=CARTESIAN_POINT('',(6.99999995529652,11.3300002682209,32.5500000000001));
#4339=CARTESIAN_POINT('',(6.99999995529652,11.3300002682209,32.5500000000001));
#4340=CARTESIAN_POINT('',(6.99999994696938,11.2830880463823,32.5500000000001));
#4341=CARTESIAN_POINT('',(6.99999995529652,11.3300002682209,32.5500000000001));
#4342=CARTESIAN_POINT('',(8.13329782613739,11.2830880463823,32.5500000000001));
#4343=CARTESIAN_POINT('Origin',(2.48018307288913,11.8935116101058,30.5500000000001));
#4344=CARTESIAN_POINT('',(8.82197111248844,11.2830880463823,30.55));
#4345=CARTESIAN_POINT('',(6.23874451958055,11.2830880463823,30.5500000000001));
#4346=CARTESIAN_POINT('',(9.22164276443587,11.9753396539003,30.5500000000001));
#4347=CARTESIAN_POINT('',(9.01580256873028,11.6188139766983,30.5500000000001));
#4348=CARTESIAN_POINT('',(8.99815236139146,12.3624363869772,30.5500000000001));
#4349=CARTESIAN_POINT('Origin',(-2.24446812803386,12.,32.0500000000001));
#4350=CARTESIAN_POINT('',(-1.94446812803386,11.2830880463823,32.0500000000001));
#4351=CARTESIAN_POINT('',(-1.94446812803386,12.,32.0500000000001));
#4352=CARTESIAN_POINT('Origin',(-2.24446812803386,11.2830880463823,32.0500000000001));
#4353=CARTESIAN_POINT('Origin',(7.75553187196614,12.,32.05));
#4354=CARTESIAN_POINT('',(8.05553187196614,11.2830880463823,32.05));
#4355=CARTESIAN_POINT('',(8.05553187196614,12.,32.05));
#4356=CARTESIAN_POINT('Origin',(7.75553187196614,11.2830880463823,32.05));
#4357=CARTESIAN_POINT('Origin',(6.99999995529652,11.3300002682209,32.5500000000001));
#4358=CARTESIAN_POINT('',(6.99999994696938,11.2830880463823,32.05));
#4359=CARTESIAN_POINT('',(6.99999995529652,11.3300002682209,30.5500000000001));
#4360=CARTESIAN_POINT('Origin',(-3.00000004470348,11.3200002682209,32.5500000000001));
#4361=CARTESIAN_POINT('',(-3.00000005125557,11.2830880463823,30.5500000000001));
#4362=CARTESIAN_POINT('',(-3.00000005125557,11.2830880463823,32.0500000000001));
#4363=CARTESIAN_POINT('',(-3.00000004470348,11.3200002682209,30.5500000000001));
#4364=CARTESIAN_POINT('',(-3.00000004470348,11.3200002682209,30.5500000000001));
#4365=CARTESIAN_POINT('',(-2.99999999380293,11.6067564255424,30.5500000000001));
#4366=CARTESIAN_POINT('Origin',(2.48018307288913,11.8935116101058,30.5500000000001));
#4367=CARTESIAN_POINT('',(-3.00000004470348,11.9436308370904,30.5500000000001));
#4368=CARTESIAN_POINT('',(-4.05741312826717,11.9753396539003,30.5500000000002));
#4369=CARTESIAN_POINT('',(-3.87763903468525,12.2867175178688,30.5500000000001));
#4370=CARTESIAN_POINT('',(-3.65774147631973,11.2830880463823,30.5500000000002));
#4371=CARTESIAN_POINT('',(-3.83259782404674,11.5859481246715,30.5500000000002));
#4372=CARTESIAN_POINT('',(-1.20597673030545,11.2830880463823,30.55));
#4373=CARTESIAN_POINT('Origin',(-3.00000004470348,11.993750064075,30.5500000000001));
#4374=CARTESIAN_POINT('Origin',(6.99999995529652,12.003750064075,30.5500000000001));
#4375=CARTESIAN_POINT('Origin',(-2.20597673030539,11.2830880463823,25.95));
#4376=CARTESIAN_POINT('',(-2.20597673030543,11.2830880463823,27.65));
#4377=CARTESIAN_POINT('',(-2.20597673030537,13.4666348944151,27.65));
#4378=CARTESIAN_POINT('',(-2.20597673030549,11.2830880463823,23.65));
#4379=CARTESIAN_POINT('',(-2.20597673030536,11.2830880463823,28.25));
#4380=CARTESIAN_POINT('',(-2.20597673030549,11.585677241078,23.65));
#4381=CARTESIAN_POINT('Origin',(-1.20597673030545,11.2830880463823,30.55));
#4382=CARTESIAN_POINT('',(-1.78097673030545,11.2830880463823,23.65));
#4383=CARTESIAN_POINT('',(-1.20597673030552,11.2830880463823,23.65));
#4384=CARTESIAN_POINT('',(-1.20597673030543,11.2830880463823,27.65));
#4385=CARTESIAN_POINT('',(-1.20597673030543,11.2830880463823,27.65));
#4386=CARTESIAN_POINT('',(-1.20597673030542,11.2830880463823,28.45));
#4387=CARTESIAN_POINT('',(-1.20597673030537,11.2830880463823,27.));
#4388=CARTESIAN_POINT('',(-1.20597673030547,11.2830880463823,29.95));
#4389=CARTESIAN_POINT('',(-1.20597673030545,11.2830880463823,25.95));
#4390=CARTESIAN_POINT('',(-1.20597673030545,11.2830880463823,30.55));
#4391=CARTESIAN_POINT('',(-3.65774147631986,11.2830880463823,23.05));
#4392=CARTESIAN_POINT('',(-3.65774147631974,11.2830880463823,30.35));
#4393=CARTESIAN_POINT('',(-1.78097673030545,11.2830880463823,23.05));
#4394=CARTESIAN_POINT('',(0.577398910785632,11.2830880463823,23.05));
#4395=CARTESIAN_POINT('',(-1.78097673030545,11.2830880463823,26.8));
#4396=CARTESIAN_POINT('Origin',(7.23874451958056,11.6415440231912,25.6500000000001));
#4397=CARTESIAN_POINT('',(7.23874451958054,11.2830880463823,23.6500000000001));
#4398=CARTESIAN_POINT('',(7.23874451958053,11.4623160347868,23.6500000000001));
#4399=CARTESIAN_POINT('',(7.23874451958059,11.2830880463823,27.6500000000001));
#4400=CARTESIAN_POINT('',(7.2387445195806,11.2830880463823,28.1000000000001));
#4401=CARTESIAN_POINT('',(7.23874451958059,11.8207720115956,27.6500000000001));
#4402=CARTESIAN_POINT('Origin',(6.38768314229129,11.2830880463823,30.5500000000001));
#4403=CARTESIAN_POINT('',(6.33874451958063,11.2830880463823,27.6500000000001));
#4404=CARTESIAN_POINT('',(6.31321383093591,11.2830880463823,27.6500000000001));
#4405=CARTESIAN_POINT('',(6.84402326969455,11.2830880463823,23.6500000000001));
#4406=CARTESIAN_POINT('',(6.31321383093584,11.2830880463823,23.6500000000001));
#4407=CARTESIAN_POINT('',(6.84402326969455,11.2830880463823,23.0500000000001));
#4408=CARTESIAN_POINT('',(6.84402326969455,11.2830880463823,26.8000000000001));
#4409=CARTESIAN_POINT('',(8.82197111248831,11.2830880463823,23.0500000000001));
#4410=CARTESIAN_POINT('',(5.70204296528633,11.2830880463823,23.0500000000001));
#4411=CARTESIAN_POINT('',(8.82197111248844,11.2830880463823,29.95));
#4412=CARTESIAN_POINT('',(6.33874451958054,11.2830880463823,29.9500000000001));
#4413=CARTESIAN_POINT('',(6.33874451958054,11.2830880463823,30.5500000000001));
#4414=CARTESIAN_POINT('',(6.23874451958061,11.2830880463823,29.9500000000001));
#4415=CARTESIAN_POINT('',(4.35946379623487,11.2830880463823,29.9500000000001));
#4416=CARTESIAN_POINT('',(6.23874451958059,11.2830880463823,28.4500000000001));
#4417=CARTESIAN_POINT('',(6.23874451958055,11.2830880463823,25.9500000000001));
#4418=CARTESIAN_POINT('',(6.33874451958064,11.2830880463823,28.4500000000001));
#4419=CARTESIAN_POINT('',(4.41042966883246,11.2830880463823,28.4500000000001));
#4420=CARTESIAN_POINT('',(6.33874451958062,11.2830880463823,27.0000000000001));
#4421=CARTESIAN_POINT('Origin',(6.23874451958054,12.6635116238149,25.9500000000001));
#4422=CARTESIAN_POINT('',(6.23874451958058,12.2888759470771,28.4500000000001));
#4423=CARTESIAN_POINT('',(6.23874451958061,12.2785116169603,29.9500000000001));
#4424=CARTESIAN_POINT('Origin',(2.58211481808437,11.9142402703393,28.45));
#4425=CARTESIAN_POINT('',(5.58211481808438,9.9142402703393,28.4500000000001));
#4426=CARTESIAN_POINT('',(5.58211481808437,12.8939951351697,28.4500000000001));
#4427=CARTESIAN_POINT('',(-0.417885181915629,9.91424027033929,28.45));
#4428=CARTESIAN_POINT('',(4.08211481808438,9.9142402703393,28.4500000000001));
#4429=CARTESIAN_POINT('',(-0.417885181915629,10.9142402703393,28.45));
#4430=CARTESIAN_POINT('',(-1.20597673030535,10.2983718116979,28.45));
#4431=CARTESIAN_POINT('',(-1.20597673030535,8.72576643577371,28.45));
#4432=CARTESIAN_POINT('',(-1.20597673030535,10.2983718116979,28.45));
#4433=CARTESIAN_POINT('',(-0.952076915275931,8.72576643577371,28.45));
#4434=CARTESIAN_POINT('',(6.33211481808438,8.72576643577371,28.45));
#4435=CARTESIAN_POINT('',(-0.142316963953988,8.72576643577371,28.45));
#4436=CARTESIAN_POINT('',(6.33211481808438,8.72576643577371,28.45));
#4437=CARTESIAN_POINT('',(5.14776250061244,8.72576643577371,28.4500000000001));
#4438=CARTESIAN_POINT('',(6.33211481808438,8.72576643577371,28.4500000000001));
#4439=CARTESIAN_POINT('',(5.84705756533679,8.72576643577371,28.4500000000001));
#4440=CARTESIAN_POINT('',(6.33211481808438,8.72576643577371,28.4500000000001));
#4441=CARTESIAN_POINT('',(6.33874451958064,8.72576643577371,28.4500000000001));
#4442=CARTESIAN_POINT('',(6.33211481808438,8.72576643577371,28.4500000000001));
#4443=CARTESIAN_POINT('',(6.33874451958064,13.4695164357737,28.4500000000001));
#4444=CARTESIAN_POINT('Origin',(5.58211481808438,9.9142402703393,28.4500000000001));
#4445=CARTESIAN_POINT('',(5.62585914984734,9.87049593857633,27.9500000000001));
#4446=CARTESIAN_POINT('',(5.62585914984734,9.9142402703393,27.9500000000001));
#4447=CARTESIAN_POINT('',(5.55949824587818,9.9368568425455,28.7085086032261));
#4448=CARTESIAN_POINT('Origin',(6.32473504447267,5.4366046335679,23.6500000000001));
#4449=CARTESIAN_POINT('',(6.32473504447267,5.4366046335679,21.05));
#4450=CARTESIAN_POINT('',(6.32473504447267,5.4366046335679,31.26));
#4451=CARTESIAN_POINT('',(6.32473504447267,5.4366046335679,23.6500000000001));
#4452=CARTESIAN_POINT('',(10.0863503958869,11.9500069270615,21.05));
#4453=CARTESIAN_POINT('',(6.32473504447267,5.4366046335679,21.05));
#4454=CARTESIAN_POINT('',(10.0863503958869,11.9500069270615,31.26));
#4455=CARTESIAN_POINT('',(10.0863503958869,11.9500069270615,31.25));
#4456=CARTESIAN_POINT('',(7.2622826930107,7.06000958961993,31.26));
#4457=CARTESIAN_POINT('Origin',(5.90187879126012,6.22533978322314,23.65));
#4458=CARTESIAN_POINT('',(3.20500006258488,6.22533978322315,29.3000003173947));
#4459=CARTESIAN_POINT('Origin',(2.70000006258488,6.22533978322314,29.3000003173947));
#4460=CARTESIAN_POINT('',(3.02500006258488,6.22533978322315,29.3000003173947));
#4461=CARTESIAN_POINT('Origin',(2.70000006258488,6.22533978322314,29.3000003173947));
#4462=CARTESIAN_POINT('Origin',(2.48018307288912,11.8935116101058,29.9500000000001));
#4463=CARTESIAN_POINT('',(6.33874451958054,8.72576643577371,29.9500000000001));
#4464=CARTESIAN_POINT('',(6.33874451958054,11.2830880463823,29.9500000000001));
#4465=CARTESIAN_POINT('',(5.84705756533678,8.72576643577371,29.9500000000001));
#4466=CARTESIAN_POINT('',(6.23874451958054,8.72576643577371,29.9500000000001));
#4467=CARTESIAN_POINT('',(5.14776250061244,8.72576643577371,29.9500000000001));
#4468=CARTESIAN_POINT('',(4.16362031911299,8.72576643577371,29.9500000000001));
#4469=CARTESIAN_POINT('',(5.14768311487315,8.5935115586968,29.9500000000001));
#4470=CARTESIAN_POINT('',(5.14871273622698,10.3088378478149,29.9500000000001));
#4471=CARTESIAN_POINT('',(5.14768311487314,8.72576643577371,29.9500000000001));
#4472=CARTESIAN_POINT('',(5.14768311487314,8.5935115586968,29.9500000000001));
#4473=CARTESIAN_POINT('',(-0.142316963954002,8.72576643577371,29.95));
#4474=CARTESIAN_POINT('',(5.15156080354097,8.72576643577371,29.9500000000001));
#4475=CARTESIAN_POINT('',(-0.952076915275946,8.72576643577371,29.95));
#4476=CARTESIAN_POINT('',(1.1689330544676,8.72576643577371,29.9500000000001));
#4477=CARTESIAN_POINT('',(-1.20597673030546,8.72576643577371,29.95));
#4478=CARTESIAN_POINT('',(-0.952076915275946,8.72576643577371,29.95));
#4479=CARTESIAN_POINT('',(-1.20597673030546,8.72576643577371,29.95));
#4480=CARTESIAN_POINT('',(-1.20597673030539,11.5882998282441,29.9500000000002));
#4481=CARTESIAN_POINT('Origin',(2.58211481808437,11.9142402703393,27.65));
#4482=CARTESIAN_POINT('',(6.33874451958063,8.72576643577371,27.6500000000001));
#4483=CARTESIAN_POINT('',(6.33874451958063,10.3070164357737,27.6500000000001));
#4484=CARTESIAN_POINT('',(5.84705756533679,8.72576643577371,27.6500000000001));
#4485=CARTESIAN_POINT('',(6.33211481808438,8.72576643577371,27.6500000000001));
#4486=CARTESIAN_POINT('',(5.14776250061244,8.72576643577371,27.6500000000001));
#4487=CARTESIAN_POINT('',(6.33211481808438,8.72576643577371,27.6500000000001));
#4488=CARTESIAN_POINT('',(-0.142316963953988,8.72576643577371,27.65));
#4489=CARTESIAN_POINT('',(6.33211481808438,8.72576643577371,27.6500000000001));
#4490=CARTESIAN_POINT('',(-0.952076915275931,8.72576643577371,27.65));
#4491=CARTESIAN_POINT('',(6.33211481808438,8.72576643577371,27.65));
#4492=CARTESIAN_POINT('',(-1.20597673030537,8.72576643577371,27.65));
#4493=CARTESIAN_POINT('',(6.33211481808438,8.72576643577371,27.65));
#4494=CARTESIAN_POINT('',(-1.20597673030537,13.4666348944151,27.65));
#4495=CARTESIAN_POINT('Origin',(2.56306904388951,8.72576643577371,28.05));
#4496=CARTESIAN_POINT('',(-0.142316963953988,8.72576643577371,27.));
#4497=CARTESIAN_POINT('',(5.14776250061244,8.72576643577371,27.0000000000001));
#4498=CARTESIAN_POINT('Origin',(6.84402326969455,8.43826643577371,23.65));
#4499=CARTESIAN_POINT('',(-0.142316963954116,8.43826643577371,23.65));
#4500=CARTESIAN_POINT('',(5.14768311487303,8.43826643577371,23.6500000000001));
#4501=CARTESIAN_POINT('',(-1.78097673030545,8.43826643577371,23.6500000000001));
#4502=CARTESIAN_POINT('',(-0.142316963954123,8.43826643577371,23.05));
#4503=CARTESIAN_POINT('',(-0.142316963954059,8.43826643577371,26.8000000000001));
#4504=CARTESIAN_POINT('',(5.14768311487302,8.43826643577371,23.0500000000001));
#4505=CARTESIAN_POINT('',(4.68777326969455,8.43826643577371,23.0500000000001));
#4506=CARTESIAN_POINT('',(5.14768311487308,8.43826643577371,26.8000000000001));
#4507=CARTESIAN_POINT('Origin',(-1.20597673030535,11.8825033530565,28.05));
#4508=CARTESIAN_POINT('',(-1.20597673030535,8.72576643577371,28.05));
#4509=CARTESIAN_POINT('Origin',(2.60000026077032,9.75980839037374,24.15));
#4510=CARTESIAN_POINT('',(2.25048827442547,9.75980839037374,24.15));
#4511=CARTESIAN_POINT('Origin',(2.60000026077032,9.75980839037374,24.15));
#4512=CARTESIAN_POINT('',(2.25048827442547,9.75980839037374,24.05));
#4513=CARTESIAN_POINT('',(2.25048827442547,9.75980839037374,24.15));
#4514=CARTESIAN_POINT('Origin',(2.60000026077032,9.75980839037374,24.05));
#4515=CARTESIAN_POINT('Origin',(2.60000026077032,9.75980839037374,24.05));
#4516=CARTESIAN_POINT('',(2.40000025779009,9.75980839037374,24.05));
#4517=CARTESIAN_POINT('Origin',(2.60000026077032,9.75980839037374,24.05));
#4518=CARTESIAN_POINT('Origin',(2.60000026077032,9.75980839037374,24.15));
#4519=CARTESIAN_POINT('',(2.40000025779009,9.75980839037374,23.15));
#4520=CARTESIAN_POINT('',(2.40000025779009,9.75980839037374,24.15));
#4521=CARTESIAN_POINT('Origin',(2.60000026077032,9.75980839037374,23.15));
#4522=CARTESIAN_POINT('Origin',(2.60000026077032,9.75980839037374,23.15));
#4523=CARTESIAN_POINT('Origin',(2.60000026077032,9.75980839037374,24.15));
#4524=CARTESIAN_POINT('',(2.01335599213463,9.75980839037374,23.65));
#4525=CARTESIAN_POINT('Origin',(2.60000026077032,9.75980839037374,23.65));
#4526=CARTESIAN_POINT('',(2.10151948248887,9.75980839037374,24.15));
#4527=CARTESIAN_POINT('',(2.10151948248887,9.75980839037374,24.15));
#4528=CARTESIAN_POINT('Origin',(2.60000026077032,9.75980839037374,24.15));
#4529=CARTESIAN_POINT('Origin',(2.60000026077032,9.75980839037374,24.15));
#4530=CARTESIAN_POINT('Origin',(-1.78097673030545,8.43826643577371,23.65));
#4531=CARTESIAN_POINT('',(-1.78097673030545,8.43826643577371,23.05));
#4532=CARTESIAN_POINT('',(-1.78097673030545,10.1632664357737,23.05));
#4533=CARTESIAN_POINT('',(-1.78097673030545,8.43826643577371,23.65));
#4534=CARTESIAN_POINT('',(-1.78097673030545,8.43826643577371,23.65));
#4535=CARTESIAN_POINT('',(-1.78097673030545,15.3382664357737,23.65));
#4536=CARTESIAN_POINT('Origin',(6.84402326969455,8.43826643577371,23.65));
#4537=CARTESIAN_POINT('',(-0.952076915276066,8.43826643577371,23.05));
#4538=CARTESIAN_POINT('',(-0.952076915276052,8.43826643577371,23.65));
#4539=CARTESIAN_POINT('',(-0.952076915276002,8.43826643577371,26.8000000000001));
#4540=CARTESIAN_POINT('',(-1.78097673030545,8.43826643577371,23.65));
#4541=CARTESIAN_POINT('',(4.68777326969455,8.43826643577371,23.05));
#4542=CARTESIAN_POINT('Origin',(-0.142316963953988,8.72576643577371,30.55));
#4543=CARTESIAN_POINT('',(-0.142316963954123,6.22533978322315,23.05));
#4544=CARTESIAN_POINT('',(-0.142316963954002,6.22533978322315,30.1));
#4545=CARTESIAN_POINT('',(-0.142316963954123,10.2694256045849,23.05));
#4546=CARTESIAN_POINT('',(-0.142316963954023,8.72576643577371,23.65));
#4547=CARTESIAN_POINT('',(-0.142316963954023,10.2258889955216,23.65));
#4548=CARTESIAN_POINT('',(-0.142316963953988,8.72576643577371,25.95));
#4549=CARTESIAN_POINT('',(-0.142316963953988,8.72576643577371,25.95));
#4550=CARTESIAN_POINT('',(-0.142316963953988,8.72576643577371,30.55));
#4551=CARTESIAN_POINT('Origin',(-0.142316963953988,8.72576643577371,25.95));
#4552=CARTESIAN_POINT('',(-0.952076915275967,8.72576643577371,23.65));
#4553=CARTESIAN_POINT('',(1.19460315287028,8.72576643577371,23.65));
#4554=CARTESIAN_POINT('',(-0.952076915275931,8.72576643577371,25.95));
#4555=CARTESIAN_POINT('Origin',(-0.142316963953988,8.72576643577371,25.95));
#4556=CARTESIAN_POINT('',(-0.952076915275931,8.72576643577371,25.95));
#4557=CARTESIAN_POINT('Origin',(-0.952076915275931,8.56351155526953,30.55));
#4558=CARTESIAN_POINT('',(-0.952076915276066,6.59673955841596,23.05));
#4559=CARTESIAN_POINT('',(-0.952076915275946,6.59673955841595,29.95));
#4560=CARTESIAN_POINT('',(-0.952076915275931,8.72576643577371,30.55));
#4561=CARTESIAN_POINT('',(-0.952076915275931,8.72576643577371,27.));
#4562=CARTESIAN_POINT('',(-0.952076915276059,9.24250299709483,23.65));
#4563=CARTESIAN_POINT('',(-0.952076915276066,9.28603960615812,23.05));
#4564=CARTESIAN_POINT('Origin',(2.56306904388951,8.72576643577371,28.05));
#4565=CARTESIAN_POINT('Origin',(-0.417885181915629,9.91424027033929,28.45));
#4566=CARTESIAN_POINT('',(-0.461629513678588,9.87049593857633,27.95));
#4567=CARTESIAN_POINT('',(-0.417885181915629,9.87049593857633,27.9500000000001));
#4568=CARTESIAN_POINT('',(-0.402807467111494,9.92931798514343,28.6223390688174));
#4569=CARTESIAN_POINT('Origin',(5.14776250061244,8.72576643577371,30.55));
#4570=CARTESIAN_POINT('',(5.14768311487315,8.72576643577371,30.5500000000001));
#4571=CARTESIAN_POINT('Origin',(-0.952076915275931,8.72576643577371,30.55));
#4572=CARTESIAN_POINT('',(-1.20597673030545,8.72576643577371,30.55));
#4573=CARTESIAN_POINT('Origin',(-1.20597673030545,8.72576643577371,30.55));
#4574=CARTESIAN_POINT('Origin',(0.725078689049738,9.6496238121143,31.05));
#4575=CARTESIAN_POINT('',(0.375078689049744,9.6496238121143,31.05));
#4576=CARTESIAN_POINT('Origin',(0.725078689049738,9.6496238121143,31.05));
#4577=CARTESIAN_POINT('',(0.525078689049742,9.6496238121143,31.05));
#4578=CARTESIAN_POINT('Origin',(0.725078689049738,9.6496238121143,31.05));
#4579=CARTESIAN_POINT('Origin',(0.725078689049738,9.6496238121143,31.05));
#4580=CARTESIAN_POINT('',(0.375078689049738,9.6496238121143,31.05));
#4581=CARTESIAN_POINT('Origin',(0.725078689049738,9.6496238121143,30.05));
#4582=CARTESIAN_POINT('',(0.525078689049742,9.6496238121143,30.05));
#4583=CARTESIAN_POINT('Origin',(0.725078689049738,9.6496238121143,30.05));
#4584=CARTESIAN_POINT('Origin',(0.725078689049738,9.6496238121143,31.05));
#4585=CARTESIAN_POINT('',(0.525078689049739,9.6496238121143,31.05));
#4586=CARTESIAN_POINT('Origin',(2.70000006258488,6.22533978322315,29.3000003173947));
#4587=CARTESIAN_POINT('',(3.16407535010222,5.4366046335679,29.3000003173947));
#4588=CARTESIAN_POINT('',(3.02500006258488,6.22533978322315,29.3000003173947));
#4589=CARTESIAN_POINT('Origin',(2.70000006258488,5.4366046335679,29.3000003173947));
#4590=CARTESIAN_POINT('Origin',(2.70000006258488,7.22533978322315,28.8000003173947));
#4591=CARTESIAN_POINT('',(3.47632704329334,7.22533978322315,29.3000003173947));
#4592=CARTESIAN_POINT('Origin',(2.70000006258488,7.22533978322315,29.3000003173947));
#4593=CARTESIAN_POINT('',(3.02867308187641,7.22533978322315,29.3000003173947));
#4594=CARTESIAN_POINT('Origin',(2.70000006258488,7.22533978322315,29.3000003173947));
#4595=CARTESIAN_POINT('Origin',(2.70000006258488,6.22533978322315,29.3000003173947));
#4596=CARTESIAN_POINT('',(3.30000006258488,6.22533978322315,29.3000003173947));
#4597=CARTESIAN_POINT('',(3.30000006258488,6.22533978322315,29.3000003173947));
#4598=CARTESIAN_POINT('Origin',(2.70000006258488,6.22533978322314,29.3000003173947));
#4599=CARTESIAN_POINT('Origin',(2.70000006258488,6.22533978322315,29.3000003173947));
#4600=CARTESIAN_POINT('',(3.20500006258488,6.22533978322315,29.3000003173947));
#4601=CARTESIAN_POINT('Origin',(6.33874451958054,11.2830880463823,30.5500000000001));
#4602=CARTESIAN_POINT('',(6.33874451958054,8.72576643577371,30.5500000000001));
#4603=CARTESIAN_POINT('Origin',(5.7428918838371,10.3496238121143,31.0500000000001));
#4604=CARTESIAN_POINT('',(5.5428918838371,10.3496238121143,31.0500000000001));
#4605=CARTESIAN_POINT('Origin',(5.7428918838371,10.3496238121143,31.0500000000001));
#4606=CARTESIAN_POINT('',(5.5428918838371,10.3496238121143,30.0500000000001));
#4607=CARTESIAN_POINT('',(5.5428918838371,10.3496238121143,31.0500000000001));
#4608=CARTESIAN_POINT('Origin',(5.7428918838371,10.3496238121143,30.0500000000001));
#4609=CARTESIAN_POINT('Origin',(5.7428918838371,10.3496238121143,30.0500000000001));
#4610=CARTESIAN_POINT('Origin',(5.7428918838371,10.3496238121143,31.0500000000001));
#4611=CARTESIAN_POINT('',(5.3928918838371,10.3496238121143,31.0500000000001));
#4612=CARTESIAN_POINT('',(5.39289188383711,10.3496238121143,31.0500000000001));
#4613=CARTESIAN_POINT('Origin',(5.7428918838371,10.3496238121143,31.0500000000001));
#4614=CARTESIAN_POINT('Origin',(5.7428918838371,10.3496238121143,31.0500000000001));
#4615=CARTESIAN_POINT('Origin',(6.23874451958055,8.72576643577371,30.5500000000001));
#4616=CARTESIAN_POINT('',(5.84705756533679,8.72576643577371,30.5500000000001));
#4617=CARTESIAN_POINT('Origin',(2.56306904388951,8.72576643577371,28.0500000000001));
#4618=CARTESIAN_POINT('',(5.84705756533679,8.72576643577371,27.0000000000001));
#4619=CARTESIAN_POINT('',(6.33874451958064,8.72576643577371,28.2500000000001));
#4620=CARTESIAN_POINT('Origin',(5.84705756533679,8.72576643577371,30.5500000000001));
#4621=CARTESIAN_POINT('',(5.84705756533666,6.22533978322315,23.0500000000001));
#4622=CARTESIAN_POINT('',(5.84705756533678,6.22533978322314,29.9500000000001));
#4623=CARTESIAN_POINT('',(5.84705756533666,8.43826643577371,23.0500000000001));
#4624=CARTESIAN_POINT('',(5.84705756533666,10.2844256062985,23.0500000000001));
#4625=CARTESIAN_POINT('',(5.84705756533667,8.43826643577371,23.6500000000001));
#4626=CARTESIAN_POINT('',(5.84705756533673,8.43826643577371,26.8000000000001));
#4627=CARTESIAN_POINT('',(5.84705756533675,8.72576643577371,23.6500000000001));
#4628=CARTESIAN_POINT('',(5.84705756533675,10.2408889972353,23.6500000000001));
#4629=CARTESIAN_POINT('',(5.84705756533679,8.72576643577371,25.9500000000001));
#4630=CARTESIAN_POINT('',(5.84705756533679,8.72576643577371,25.9500000000001));
#4631=CARTESIAN_POINT('Origin',(5.14776250061244,8.72576643577371,25.9500000000001));
#4632=CARTESIAN_POINT('',(5.14776250061244,8.72576643577371,25.9500000000001));
#4633=CARTESIAN_POINT('',(5.14776250061241,8.72576643577371,23.6500000000001));
#4634=CARTESIAN_POINT('',(5.14776250061244,8.72576643577371,25.9500000000001));
#4635=CARTESIAN_POINT('',(5.14768311487312,8.5935115586968,23.6500000000001));
#4636=CARTESIAN_POINT('',(5.14871117127341,10.3062306700162,23.6500000000001));
#4637=CARTESIAN_POINT('',(5.14768311487315,8.5935115586968,25.9500000000001));
#4638=CARTESIAN_POINT('Origin',(5.84705756533679,8.72576643577371,25.9500000000001));
#4639=CARTESIAN_POINT('Origin',(5.84705756533679,8.72576643577371,25.9500000000001));
#4640=CARTESIAN_POINT('',(4.18929041751567,8.72576643577371,23.6500000000001));
#4641=CARTESIAN_POINT('Origin',(6.33874451958064,11.8882664357737,28.0500000000001));
#4642=CARTESIAN_POINT('Origin',(5.14768311487315,8.5935115586968,30.5500000000001));
#4643=CARTESIAN_POINT('',(5.14768311487302,6.22533978322315,23.0500000000001));
#4644=CARTESIAN_POINT('',(5.14768311487314,6.22533978322314,29.9500000000001));
#4645=CARTESIAN_POINT('',(5.14768311487303,9.05680310949843,23.6500000000001));
#4646=CARTESIAN_POINT('',(5.14768311487302,9.10033971856172,23.0500000000001));
#4647=CARTESIAN_POINT('Origin',(6.84402326969455,8.43826643577371,23.6500000000001));
#4648=CARTESIAN_POINT('',(6.84402326969455,8.43826643577371,23.0500000000001));
#4649=CARTESIAN_POINT('',(4.68777326969455,8.43826643577371,23.0500000000001));
#4650=CARTESIAN_POINT('',(6.84402326969455,8.43826643577371,23.6500000000001));
#4651=CARTESIAN_POINT('',(6.84402326969455,8.43826643577371,23.6500000000001));
#4652=CARTESIAN_POINT('',(-1.78097673030545,8.43826643577371,23.6500000000001));
#4653=CARTESIAN_POINT('Origin',(6.84402326969455,15.3382664357737,23.6500000000001));
#4654=CARTESIAN_POINT('',(6.84402326969455,8.43826643577371,23.6500000000001));
#4655=CARTESIAN_POINT('',(6.84402326969455,13.6132664357737,23.0500000000001));
#4656=CARTESIAN_POINT('Origin',(-5.07193597636275,11.9879429863381,23.65));
#4657=CARTESIAN_POINT('',(-1.16050540830397,5.4366046335679,21.05));
#4658=CARTESIAN_POINT('',(-1.16050540830397,5.4366046335679,31.26));
#4659=CARTESIAN_POINT('',(-1.16050540830397,5.4366046335679,23.65));
#4660=CARTESIAN_POINT('',(-5.07193597636275,11.9879429863381,31.26));
#4661=CARTESIAN_POINT('',(-4.10427879548197,10.3671933677187,31.26));
#4662=CARTESIAN_POINT('',(-5.07193597636275,11.9879429863381,21.05));
#4663=CARTESIAN_POINT('',(-5.07193597636275,11.9879429863381,31.25));
#4664=CARTESIAN_POINT('',(-5.07193597636275,11.9879429863381,21.05));
#4665=CARTESIAN_POINT('Origin',(2.58158026595166,6.09912955657357,26.25));
#4666=CARTESIAN_POINT('',(3.98253372232441,6.22533978322314,26.25));
#4667=CARTESIAN_POINT('',(4.29903450387556,6.22533978322314,26.25));
#4668=CARTESIAN_POINT('',(4.24358488249269,6.22533978322314,26.25));
#4669=CARTESIAN_POINT('',(3.81752869337092,5.92374987483025,26.25));
#4670=CARTESIAN_POINT('',(3.7072496534658,5.72218604520895,26.25));
#4671=CARTESIAN_POINT('',(4.49365030469624,5.92374987483025,26.25));
#4672=CARTESIAN_POINT('',(3.53947063921064,5.92374987483025,26.25));
#4673=CARTESIAN_POINT('',(4.08156716519782,6.56234199205559,26.25));
#4674=CARTESIAN_POINT('Origin',(2.58158026595166,6.09912955657357,26.25));
#4675=CARTESIAN_POINT('',(0.676931642754141,5.922919329924,26.2500000000001));
#4676=CARTESIAN_POINT('',(0.84239107711872,6.22533978322314,26.2500000000001));
#4677=CARTESIAN_POINT('',(0.928587915162268,6.3828870813521,26.2500000000001));
#4678=CARTESIAN_POINT('',(1.35305325407946,5.922919329924,26.2500000000001));
#4679=CARTESIAN_POINT('',(1.96917211390225,5.922919329924,26.2500000000001));
#4680=CARTESIAN_POINT('',(1.15790150309086,6.22533978322314,26.2500000000001));
#4681=CARTESIAN_POINT('',(1.40216566952751,5.84681138384013,26.2500000000001));
#4682=CARTESIAN_POINT('',(4.24358488249269,6.22533978322314,26.25));
#4683=CARTESIAN_POINT('Origin',(4.29903450387556,6.22533978322314,31.25));
#4684=CARTESIAN_POINT('',(4.49365030469624,5.92374987483025,31.26));
#4685=CARTESIAN_POINT('',(4.49365030469624,5.92374987483025,31.25));
#4686=CARTESIAN_POINT('',(4.29903450387556,6.22533978322314,31.26));
#4687=CARTESIAN_POINT('',(2.6924193668969,8.71506009339722,31.26));
#4688=CARTESIAN_POINT('',(4.29903450387556,6.22533978322314,27.45));
#4689=CARTESIAN_POINT('Origin',(4.49365030469624,5.92374987483025,31.25));
#4690=CARTESIAN_POINT('',(3.81752869337092,5.92374987483025,31.26));
#4691=CARTESIAN_POINT('',(3.81752869337092,5.92374987483025,31.25));
#4692=CARTESIAN_POINT('',(3.43868745257996,5.92374987483025,31.26));
#4693=CARTESIAN_POINT('Origin',(3.81752869337092,5.92374987483025,31.25));
#4694=CARTESIAN_POINT('',(3.98253372232441,6.22533978322314,31.26));
#4695=CARTESIAN_POINT('',(3.98253372232441,6.22533978322314,27.45));
#4696=CARTESIAN_POINT('',(4.94055825472859,7.97638054118302,31.26));
#4697=CARTESIAN_POINT('Origin',(1.15790150309086,6.22533978322314,31.25));
#4698=CARTESIAN_POINT('',(1.35305325407946,5.922919329924,31.26));
#4699=CARTESIAN_POINT('',(1.35305325407946,5.922919329924,31.25));
#4700=CARTESIAN_POINT('',(1.15790150309086,6.22533978322314,31.26));
#4701=CARTESIAN_POINT('',(0.0130178712265803,7.99952948518174,31.26));
#4702=CARTESIAN_POINT('',(1.15790150309086,6.22533978322314,27.45));
#4703=CARTESIAN_POINT('Origin',(1.35305325407946,5.922919329924,31.25));
#4704=CARTESIAN_POINT('',(0.676931642754141,5.922919329924,31.26));
#4705=CARTESIAN_POINT('',(0.676931642754141,5.922919329924,31.25));
#4706=CARTESIAN_POINT('',(1.86838892727157,5.922919329924,31.26));
#4707=CARTESIAN_POINT('Origin',(0.676931642754141,5.922919329924,31.25));
#4708=CARTESIAN_POINT('',(0.84239107711872,6.22533978322314,31.26));
#4709=CARTESIAN_POINT('',(0.84239107711872,6.22533978322314,27.45));
#4710=CARTESIAN_POINT('',(2.16189651642503,8.63708157732621,31.26));
#4711=CARTESIAN_POINT('Origin',(2.69999991208315,5.62533978322314,27.45));
#4712=CARTESIAN_POINT('',(1.79999976158142,5.62533978322314,26.8));
#4713=CARTESIAN_POINT('',(1.79999976158142,5.62533978322314,28.1));
#4714=CARTESIAN_POINT('',(1.79999976158142,5.62533978322314,28.1));
#4715=CARTESIAN_POINT('',(3.60000006258488,5.62533978322314,26.8));
#4716=CARTESIAN_POINT('',(2.70000006258488,5.62533978322314,26.8));
#4717=CARTESIAN_POINT('',(3.60000006258488,5.62533978322314,28.1));
#4718=CARTESIAN_POINT('',(3.60000006258488,5.62533978322314,26.8));
#4719=CARTESIAN_POINT('',(3.60000006258488,5.62533978322314,28.1));
#4720=CARTESIAN_POINT('',(1.99999976158142,5.62533978322314,27.9));
#4721=CARTESIAN_POINT('',(1.99999976158142,5.62533978322314,27.));
#4722=CARTESIAN_POINT('',(1.99999976158142,5.62533978322314,27.9));
#4723=CARTESIAN_POINT('',(3.40000006258488,5.62533978322314,27.9));
#4724=CARTESIAN_POINT('',(3.40000006258488,5.62533978322314,27.9));
#4725=CARTESIAN_POINT('',(3.40000006258488,5.62533978322314,27.));
#4726=CARTESIAN_POINT('',(3.40000006258488,5.62533978322314,27.));
#4727=CARTESIAN_POINT('',(2.70000006258488,5.62533978322314,27.));
#4728=CARTESIAN_POINT('Origin',(1.79999976158142,5.42533978322314,26.8));
#4729=CARTESIAN_POINT('',(1.79999976158142,5.4366046335679,26.8));
#4730=CARTESIAN_POINT('',(1.79999976158142,5.4366046335679,28.1));
#4731=CARTESIAN_POINT('',(1.79999976158143,5.4366046335679,25.225));
#4732=CARTESIAN_POINT('',(1.79999976158142,5.42533978322314,26.8));
#4733=CARTESIAN_POINT('',(1.79999976158142,5.42533978322314,28.1));
#4734=CARTESIAN_POINT('Origin',(3.60000006258488,5.42533978322314,26.8));
#4735=CARTESIAN_POINT('',(3.60000006258488,5.4366046335679,26.8));
#4736=CARTESIAN_POINT('',(1.21974732714045,5.4366046335679,26.8));
#4737=CARTESIAN_POINT('',(3.60000006258488,5.42533978322314,26.8));
#4738=CARTESIAN_POINT('Origin',(3.60000006258488,5.42533978322314,28.1));
#4739=CARTESIAN_POINT('',(3.60000006258488,5.4366046335679,28.1));
#4740=CARTESIAN_POINT('',(3.60000006258488,5.4366046335679,25.875));
#4741=CARTESIAN_POINT('',(3.60000006258488,5.42533978322314,28.1));
#4742=CARTESIAN_POINT('Origin',(1.79999976158142,5.42533978322314,28.1));
#4743=CARTESIAN_POINT('',(0.319747176638728,5.4366046335679,28.1));
#4744=CARTESIAN_POINT('Origin',(3.40000006258488,5.42533978322314,27.9));
#4745=CARTESIAN_POINT('',(3.40000006258488,6.22533978322314,27.));
#4746=CARTESIAN_POINT('',(3.40000006258488,6.22533978322314,27.9));
#4747=CARTESIAN_POINT('',(3.40000006258488,6.22533978322314,25.775));
#4748=CARTESIAN_POINT('',(3.40000006258488,5.42533978322314,27.));
#4749=CARTESIAN_POINT('',(3.40000006258488,5.42533978322314,27.9));
#4750=CARTESIAN_POINT('Origin',(3.40000006258488,5.42533978322314,27.));
#4751=CARTESIAN_POINT('',(1.99999976158142,6.22533978322314,27.));
#4752=CARTESIAN_POINT('',(4.6509394269225,6.22533978322314,27.));
#4753=CARTESIAN_POINT('',(1.99999976158142,5.42533978322314,27.));
#4754=CARTESIAN_POINT('Origin',(1.99999976158142,5.42533978322314,27.9));
#4755=CARTESIAN_POINT('',(1.99999976158142,6.22533978322314,27.9));
#4756=CARTESIAN_POINT('',(3.95093927642077,6.22533978322314,27.9));
#4757=CARTESIAN_POINT('',(1.99999976158142,5.42533978322314,27.9));
#4758=CARTESIAN_POINT('Origin',(1.99999976158142,5.42533978322314,27.));
#4759=CARTESIAN_POINT('',(1.99999976158142,6.22533978322314,25.325));
#4760=CARTESIAN_POINT('Origin',(3.89999978989363,5.2366046335679,29.5000001117587));
#4761=CARTESIAN_POINT('',(4.49999979883432,5.2366046335679,29.4155060447212));
#4762=CARTESIAN_POINT('',(4.49999979883432,5.2366046335679,29.5844941787962));
#4763=CARTESIAN_POINT('',(4.49999979883432,5.2366046335679,29.5500001125038));
#4764=CARTESIAN_POINT('',(3.26473438481124,5.2366046335679,29.5844941787962));
#4765=CARTESIAN_POINT('',(3.59999978542328,5.2366046335679,29.5844941787962));
#4766=CARTESIAN_POINT('',(3.26473438481124,5.2366046335679,29.4155060447212));
#4767=CARTESIAN_POINT('',(3.26473438481124,5.2366046335679,29.4000001102686));
#4768=CARTESIAN_POINT('',(4.19999979436398,5.2366046335679,29.4155060447212));
#4769=CARTESIAN_POINT('Origin',(4.49999979883432,5.42792222468456,29.4492404979192));
#4770=CARTESIAN_POINT('',(4.49999979883432,5.4366046335679,29.4507714408629));
#4771=CARTESIAN_POINT('',(4.49999979883432,5.44502323210566,29.4522558669248));
#4772=CARTESIAN_POINT('',(3.29999978095293,5.4366046335679,29.4507714408629));
#4773=CARTESIAN_POINT('',(3.31607628609699,5.52777902491443,29.4668479460069));
#4774=CARTESIAN_POINT('',(1.66974719526517,5.4366046335679,29.4507714408629));
#4775=CARTESIAN_POINT('Origin',(3.29999978095293,5.4366046335679,29.4000001102686));
#4776=CARTESIAN_POINT('',(3.29999978095293,5.4366046335679,29.5492287826545));
#4777=CARTESIAN_POINT('',(3.30144075629179,5.4447768108097,29.5477878073157));
#4778=CARTESIAN_POINT('',(3.29999978095293,5.4366046335679,26.5250000551343));
#4779=CARTESIAN_POINT('Origin',(3.89999978989363,5.2366046335679,29.2000001072884));
#4780=CARTESIAN_POINT('',(4.49999979883432,5.2366046335679,29.1155060402508));
#4781=CARTESIAN_POINT('',(3.26473438481124,5.2366046335679,29.1155060402508));
#4782=CARTESIAN_POINT('',(4.19999979436398,5.2366046335679,29.1155060402508));
#4783=CARTESIAN_POINT('',(4.49999979883432,5.2366046335679,29.2844941743259));
#4784=CARTESIAN_POINT('',(4.49999979883432,5.2366046335679,29.4000001102686));
#4785=CARTESIAN_POINT('',(3.26473438481124,5.2366046335679,29.2844941743259));
#4786=CARTESIAN_POINT('',(3.59999978542328,5.2366046335679,29.2844941743259));
#4787=CARTESIAN_POINT('',(3.26473438481124,5.2366046335679,29.3000001087785));
#4788=CARTESIAN_POINT('Origin',(3.29999978095293,5.4366046335679,29.1000001057982));
#4789=CARTESIAN_POINT('',(3.29999978095293,5.4366046335679,29.2492287781842));
#4790=CARTESIAN_POINT('',(3.30144075629179,5.4447768108097,29.2477878028453));
#4791=CARTESIAN_POINT('',(3.29999978095293,5.4366046335679,29.1507714363925));
#4792=CARTESIAN_POINT('',(3.29999978095293,5.4366046335679,26.3750000528991));
#4793=CARTESIAN_POINT('',(3.31607628609699,5.52777902491443,29.1668479415366));
#4794=CARTESIAN_POINT('Origin',(3.29999978095293,5.42792222468456,29.2507597211279));
#4795=CARTESIAN_POINT('',(4.49999979883432,5.4366046335679,29.2492287781842));
#4796=CARTESIAN_POINT('',(4.49999979883432,5.40227071355289,29.2552827746363));
#4797=CARTESIAN_POINT('',(1.06974718632448,5.4366046335679,29.2492287781842));
#4798=CARTESIAN_POINT('Origin',(-1.16050540830397,5.4366046335679,23.65));
#4799=CARTESIAN_POINT('',(-1.16050540830397,5.4366046335679,21.05));
#4800=CARTESIAN_POINT('',(0.611609596079859,5.4366046335679,31.26));
#4801=CARTESIAN_POINT('',(4.49999979883432,5.4366046335679,29.1000001057982));
#4802=CARTESIAN_POINT('',(4.49999979883432,5.4366046335679,29.1507714363925));
#4803=CARTESIAN_POINT('',(4.49999979883432,5.4366046335679,26.6250000566244));
#4804=CARTESIAN_POINT('',(1.66974719526517,5.4366046335679,29.1507714363925));
#4805=CARTESIAN_POINT('',(4.49999979883432,5.4366046335679,26.6250000566244));
#4806=CARTESIAN_POINT('',(4.49999979883432,5.4366046335679,29.5492287826545));
#4807=CARTESIAN_POINT('',(1.06974718632448,5.4366046335679,29.5492287826545));
#4808=CARTESIAN_POINT('',(4.49999979883432,5.4366046335679,29.6000001132488));
#4809=CARTESIAN_POINT('',(4.49999979883432,5.4366046335679,26.6250000566244));
#4810=CARTESIAN_POINT('',(4.59999980032444,5.4366046335679,29.6000001132488));
#4811=CARTESIAN_POINT('',(1.71974719601023,5.4366046335679,29.6000001132488));
#4812=CARTESIAN_POINT('',(4.59999980032444,5.4366046335679,29.1000001057982));
#4813=CARTESIAN_POINT('',(4.59999980032444,5.4366046335679,26.3750000528991));
#4814=CARTESIAN_POINT('',(1.66974719526517,5.4366046335679,29.1000001057982));
#4815=CARTESIAN_POINT('',(2.19999979883433,5.4366046335679,29.1492404934489));
#4816=CARTESIAN_POINT('',(1.39999978095292,5.4366046335679,29.1492404934489));
#4817=CARTESIAN_POINT('',(0.519747195265175,5.4366046335679,29.1492404934489));
#4818=CARTESIAN_POINT('',(1.39999978095292,5.4366046335679,29.2507597211279));
#4819=CARTESIAN_POINT('',(1.39999978095292,5.4366046335679,26.3996202467244));
#4820=CARTESIAN_POINT('',(2.19999979883433,5.4366046335679,29.2507597211279));
#4821=CARTESIAN_POINT('',(0.119747186324481,5.4366046335679,29.2507597211279));
#4822=CARTESIAN_POINT('',(2.19999979883432,5.4366046335679,26.4503798605639));
#4823=CARTESIAN_POINT('',(2.19999979883433,5.4366046335679,29.4492404934489));
#4824=CARTESIAN_POINT('',(1.39999978095292,5.4366046335679,29.4492404934489));
#4825=CARTESIAN_POINT('',(0.519747195265175,5.4366046335679,29.4492404934489));
#4826=CARTESIAN_POINT('',(1.39999978095292,5.4366046335679,29.5507597211279));
#4827=CARTESIAN_POINT('',(1.39999978095292,5.4366046335679,26.5496202467244));
#4828=CARTESIAN_POINT('',(2.19999979883433,5.4366046335679,29.5507597211279));
#4829=CARTESIAN_POINT('',(0.119747186324481,5.4366046335679,29.5507597211279));
#4830=CARTESIAN_POINT('',(2.19999979883432,5.4366046335679,26.6003798605639));
#4831=CARTESIAN_POINT('Origin',(4.54999979957938,5.1366046335679,29.3500001095235));
#4832=CARTESIAN_POINT('',(4.49999979883432,5.1366046335679,29.6000001132488));
#4833=CARTESIAN_POINT('',(4.49999979883432,5.1366046335679,29.1000001057982));
#4834=CARTESIAN_POINT('',(4.49999979883432,5.1366046335679,29.6000001132488));
#4835=CARTESIAN_POINT('',(4.59999980032444,5.1366046335679,29.1000001057982));
#4836=CARTESIAN_POINT('',(4.59999980032444,5.1366046335679,29.1000001057982));
#4837=CARTESIAN_POINT('',(4.59999980032444,5.1366046335679,29.6000001132488));
#4838=CARTESIAN_POINT('',(4.59999980032444,5.1366046335679,29.6000001132488));
#4839=CARTESIAN_POINT('',(4.49999979883432,5.1366046335679,29.6000001132488));
#4840=CARTESIAN_POINT('Origin',(4.59999980032444,5.4366046335679,29.1000001057982));
#4841=CARTESIAN_POINT('',(4.59999980032444,5.4366046335679,29.6000001132488));
#4842=CARTESIAN_POINT('',(4.59999980032444,5.4366046335679,29.1000001057982));
#4843=CARTESIAN_POINT('Origin',(1.79999978989363,5.2366046335679,29.5000001072884));
#4844=CARTESIAN_POINT('',(2.23526519497602,5.2366046335679,29.4139750973072));
#4845=CARTESIAN_POINT('',(1.36473438481124,5.2366046335679,29.4139750973072));
#4846=CARTESIAN_POINT('',(1.39999978095292,5.2366046335679,29.4139750973072));
#4847=CARTESIAN_POINT('',(2.23526519497602,5.2366046335679,29.5860251172696));
#4848=CARTESIAN_POINT('',(2.23526519497602,5.2366046335679,29.4492404934489));
#4849=CARTESIAN_POINT('',(1.36473438481124,5.2366046335679,29.5860251172696));
#4850=CARTESIAN_POINT('',(2.19999979883433,5.2366046335679,29.5860251172696));
#4851=CARTESIAN_POINT('',(1.36473438481124,5.2366046335679,29.5507597211279));
#4852=CARTESIAN_POINT('Origin',(2.19999979883433,5.4366046335679,29.5507597211279));
#4853=CARTESIAN_POINT('',(2.19851401117397,5.4450309541139,29.4507262811092));
#4854=CARTESIAN_POINT('',(2.18829137490292,5.50300640534642,29.5390512971965));
#4855=CARTESIAN_POINT('Origin',(1.39999978095292,5.4366046335679,29.5507597211279));
#4856=CARTESIAN_POINT('',(1.40148556861328,5.4450309541139,29.5492739334675));
#4857=CARTESIAN_POINT('Origin',(1.39999978095292,5.4366046335679,29.4492404934489));
#4858=CARTESIAN_POINT('',(1.41170820488433,5.50300640534642,29.4609489173803));
#4859=CARTESIAN_POINT('Origin',(2.19999979883433,5.4366046335679,29.4492404934489));
#4860=CARTESIAN_POINT('Origin',(1.79999978989363,5.2366046335679,29.2000001072884));
#4861=CARTESIAN_POINT('',(2.23526519497602,5.2366046335679,29.1139750973072));
#4862=CARTESIAN_POINT('',(1.36473438481124,5.2366046335679,29.1139750973072));
#4863=CARTESIAN_POINT('',(1.39999978095292,5.2366046335679,29.1139750973072));
#4864=CARTESIAN_POINT('',(2.23526519497602,5.2366046335679,29.2860251172696));
#4865=CARTESIAN_POINT('',(2.23526519497602,5.2366046335679,29.1492404934489));
#4866=CARTESIAN_POINT('',(1.36473438481124,5.2366046335679,29.2860251172696));
#4867=CARTESIAN_POINT('',(2.19999979883433,5.2366046335679,29.2860251172696));
#4868=CARTESIAN_POINT('',(1.36473438481124,5.2366046335679,29.2507597211279));
#4869=CARTESIAN_POINT('Origin',(2.19999979883433,5.4366046335679,29.2507597211279));
#4870=CARTESIAN_POINT('',(2.19851401117397,5.4450309541139,29.1507262811092));
#4871=CARTESIAN_POINT('',(2.18829137490292,5.50300640534642,29.2390512971965));
#4872=CARTESIAN_POINT('Origin',(1.39999978095292,5.4366046335679,29.2507597211279));
#4873=CARTESIAN_POINT('',(1.40148556861328,5.4450309541139,29.2492739334675));
#4874=CARTESIAN_POINT('Origin',(1.39999978095292,5.4366046335679,29.1492404934489));
#4875=CARTESIAN_POINT('',(1.41170820488433,5.50300640534642,29.1609489173803));
#4876=CARTESIAN_POINT('Origin',(2.19999979883433,5.4366046335679,29.1492404934489));
#4877=CARTESIAN_POINT('Origin',(3.29999978095293,5.42792222468456,29.5507597255982));
#4878=CARTESIAN_POINT('',(4.49999979883432,5.42792222468456,29.5507597255982));
#4879=CARTESIAN_POINT('Origin',(4.59999980032444,5.4366046335679,29.6000001132488));
#4880=CARTESIAN_POINT('',(4.49999979883432,5.4366046335679,29.6000001132488));
#4881=CARTESIAN_POINT('Origin',(4.49999979883432,5.42792222468456,29.1492404934489));
#4882=CARTESIAN_POINT('',(4.49999979883432,5.47067474323733,29.1567789159629));
#4883=CARTESIAN_POINT('Origin',(4.49999979883432,5.4366046335679,29.1000001057982));
#4884=CARTESIAN_POINT('',(4.49999979883432,5.4366046335679,29.1000001057982));
#4885=CARTESIAN_POINT('Origin',(4.49999979883432,5.4366046335679,29.6000001132488));
#4886=CARTESIAN_POINT('Origin',(-1.2995294451077,18.5253396543849,23.65));
#4887=CARTESIAN_POINT('',(-1.2995294451077,18.5253396543849,21.05));
#4888=CARTESIAN_POINT('',(-2.24272994352851,16.8908191580945,31.26));
#4889=CARTESIAN_POINT('Origin',(2.38372460046369,12.0423276997033,31.26));
#4890=CARTESIAN_POINT('',(9.09345188325217,13.6579159206503,31.26));
#4891=CARTESIAN_POINT('',(9.22164276443587,11.9753396539003,31.26));
#4892=CARTESIAN_POINT('',(6.69251766999765,16.3559128161647,31.26));
#4893=CARTESIAN_POINT('',(5.90187879126012,6.22533978322314,31.26));
#4894=CARTESIAN_POINT('',(8.38140633129317,10.5200074613267,31.26));
#4895=CARTESIAN_POINT('',(4.1428016958619,6.22533978322314,31.26));
#4896=CARTESIAN_POINT('',(4.1428016958619,6.22533978322314,31.26));
#4897=CARTESIAN_POINT('',(-0.737649155091411,6.22533978322315,31.26));
#4898=CARTESIAN_POINT('',(4.1428016958619,6.22533978322314,31.26));
#4899=CARTESIAN_POINT('',(-4.05741312826717,11.9753396539003,31.26));
#4900=CARTESIAN_POINT('',(-1.60689226294176,7.73091301014902,31.26));
#4901=CARTESIAN_POINT('',(-3.23776757482199,13.3950073966653,31.26));
#4902=CARTESIAN_POINT('Origin',(2.49824852132068,6.22533978322314,21.05));
#4903=CARTESIAN_POINT('',(-0.73764915509141,6.22533978322314,20.5));
#4904=CARTESIAN_POINT('',(5.90187879126012,6.22533978322314,20.5));
#4905=CARTESIAN_POINT('',(2.50272786554137,6.22533978322314,20.5));
#4906=CARTESIAN_POINT('',(5.90187879126012,6.22533978322314,21.05));
#4907=CARTESIAN_POINT('',(5.90187879126012,6.22533978322314,20.55));
#4908=CARTESIAN_POINT('',(-0.737649155091531,6.22533978322315,21.05));
#4909=CARTESIAN_POINT('',(-0.737649155091531,6.22533978322315,21.05));
#4910=CARTESIAN_POINT('',(-0.73764915509141,6.22533978322314,20.55));
#4911=CARTESIAN_POINT('Origin',(9.22164276443587,11.9753396539003,23.6500000000001));
#4912=CARTESIAN_POINT('',(9.20701690777614,11.9500069270614,22.05));
#4913=CARTESIAN_POINT('',(5.90187879126012,6.22533978322314,22.05));
#4914=CARTESIAN_POINT('',(9.01767362609918,11.6220547431251,22.05));
#4915=CARTESIAN_POINT('',(5.90187879126012,6.22533978322314,31.25));
#4916=CARTESIAN_POINT('',(9.22164276443587,11.9753396539003,31.25));
#4917=CARTESIAN_POINT('',(9.20701690777607,11.9500069270615,23.05));
#4918=CARTESIAN_POINT('',(6.70664393628361,7.61923390256444,23.05));
#4919=CARTESIAN_POINT('',(9.20701690777607,11.9500069270615,23.05));
#4920=CARTESIAN_POINT('Origin',(5.90187879126012,6.22533978322314,23.65));
#4921=CARTESIAN_POINT('',(-0.73764915509141,6.22533978322314,22.05));
#4922=CARTESIAN_POINT('',(5.45580049177784,6.22533978322314,22.05));
#4923=CARTESIAN_POINT('',(-0.737649155091531,6.22533978322315,23.05));
#4924=CARTESIAN_POINT('',(-0.737649155091531,6.22533978322315,23.05));
#4925=CARTESIAN_POINT('',(0.896937057301504,6.22533978322315,23.05));
#4926=CARTESIAN_POINT('',(-0.737649155091411,6.22533978322315,31.25));
#4927=CARTESIAN_POINT('',(0.896937057301504,6.22533978322315,23.05));
#4928=CARTESIAN_POINT('Origin',(2.49824852132068,9.83250001731515,22.05));
#4929=CARTESIAN_POINT('',(-4.05013659089158,11.987942986338,22.05));
#4930=CARTESIAN_POINT('',(-3.85723711550342,12.3220546784637,22.05));
#4931=CARTESIAN_POINT('',(-3.65774147632309,11.2830880463882,22.05));
#4932=CARTESIAN_POINT('',(-3.87543152635302,11.6741222398446,22.05));
#4933=CARTESIAN_POINT('',(-3.30250494019343,10.6678003171068,22.05));
#4934=CARTESIAN_POINT('',(-2.21452857753351,8.78336997954585,22.05));
#4935=CARTESIAN_POINT('',(-3.30238963322749,10.6680000346303,22.05));
#4936=CARTESIAN_POINT('',(-2.52469882062906,12.0150000346303,22.05));
#4937=CARTESIAN_POINT('',(-1.56860677485104,7.6650000346303,22.05));
#4938=CARTESIAN_POINT('',(-2.58651137007843,9.42806251082197,22.05));
#4939=CARTESIAN_POINT('',(-1.56883738878294,7.6650000346303,22.05));
#4940=CARTESIAN_POINT('',(-0.0132251496541906,7.6650000346303,22.05));
#4941=CARTESIAN_POINT('',(-0.647096154411758,6.06849738526817,22.05));
#4942=CARTESIAN_POINT('',(9.0051696674464,12.3263397229695,22.05));
#4943=CARTESIAN_POINT('',(4.43237192310593,8.6650000346303,22.05));
#4944=CARTESIAN_POINT('',(5.40610922274031,10.351562510822,22.05));
#4945=CARTESIAN_POINT('',(0.564125119535435,8.6650000346303,22.05));
#4946=CARTESIAN_POINT('',(3.4653102222133,8.6650000346303,22.05));
#4947=CARTESIAN_POINT('',(-1.35141480671455,11.982812510822,22.05));
#4948=CARTESIAN_POINT('Origin',(-4.05741312826717,11.9753396539003,23.65));
#4949=CARTESIAN_POINT('',(-4.05013659089164,11.9879429863381,23.05));
#4950=CARTESIAN_POINT('',(-1.59276599665591,16.2442337085801,23.05));
#4951=CARTESIAN_POINT('',(-4.05013659089164,11.9879429863381,23.05));
#4952=CARTESIAN_POINT('Origin',(-4.05013659089164,11.9879429863381,23.05));
#4953=CARTESIAN_POINT('',(-3.25036580956106,10.5513237086789,23.05));
#4954=CARTESIAN_POINT('',(-3.65774147631986,11.2830880463823,23.05));
#4955=CARTESIAN_POINT('Origin',(-0.737649155091411,6.22533978322315,23.65));
#4956=CARTESIAN_POINT('',(-3.30250494019349,10.6678003171067,21.05));
#4957=CARTESIAN_POINT('',(-3.30250494019343,10.6678003171068,21.85));
#4958=CARTESIAN_POINT('',(-4.05741312826717,11.9753396539003,31.25));
#4959=CARTESIAN_POINT('',(-3.01510834782663,10.1700148172051,23.05));
#4960=CARTESIAN_POINT('',(-1.56883738878294,7.6650000346303,21.05));
#4961=CARTESIAN_POINT('',(-1.56883738878294,7.6650000346303,22.85));
#4962=CARTESIAN_POINT('',(-0.952076915276066,6.59673955841596,21.05));
#4963=CARTESIAN_POINT('Origin',(7.55796765227505,9.09376983234989,21.05));
#4964=CARTESIAN_POINT('',(9.22175822073099,11.9755396300695,20.5));
#4965=CARTESIAN_POINT('',(7.51924428125244,9.02669898629839,20.5));
#4966=CARTESIAN_POINT('',(9.22175822073099,11.9755396300695,21.05));
#4967=CARTESIAN_POINT('',(9.22175822073099,11.9755396300695,20.55));
#4968=CARTESIAN_POINT('',(8.82197111248831,11.2830880463823,21.05));
#4969=CARTESIAN_POINT('Origin',(-2.52469882062906,12.0150000346303,20.05));
#4970=CARTESIAN_POINT('',(-3.30238963322749,10.6680000346303,21.05));
#4971=CARTESIAN_POINT('',(-1.90307782126604,13.0916791885788,21.05));
#4972=CARTESIAN_POINT('',(-3.30238963322749,10.6680000346303,20.05));
#4973=CARTESIAN_POINT('Origin',(2.50720720976205,11.9809721439764,21.05));
#4974=CARTESIAN_POINT('',(-4.05039771270009,11.9884120365117,21.05));
#4975=CARTESIAN_POINT('',(-3.03583904941608,13.7456791885788,21.05));
#4976=CARTESIAN_POINT('',(-4.06124378961668,11.9823739890312,21.05));
#4977=CARTESIAN_POINT('',(-1.54892054280667,13.3809927861632,21.05));
#4978=CARTESIAN_POINT('',(-3.04932524250879,10.229679652319,21.05));
#4979=CARTESIAN_POINT('',(-1.56860677485104,7.6650000346303,21.05));
#4980=CARTESIAN_POINT('',(-0.791031269218608,7.6650000346303,21.05));
#4981=CARTESIAN_POINT('',(-0.73747619464252,6.22543964198494,21.05));
#4982=CARTESIAN_POINT('',(-1.36086736991114,7.30518483054027,21.05));
#4983=CARTESIAN_POINT('',(-0.737649155091531,6.22533978322315,21.05));
#4984=CARTESIAN_POINT('',(9.22158503628831,11.9754396419849,21.05));
#4985=CARTESIAN_POINT('',(9.22175822073099,11.9755396300695,21.05));
#4986=CARTESIAN_POINT('',(8.8243264923568,12.6635116238149,21.05));
#4987=CARTESIAN_POINT('',(10.0863503958869,11.9500069270615,21.05));
#4988=CARTESIAN_POINT('Origin',(-0.0132251496541906,7.6650000346303,22.05));
#4989=CARTESIAN_POINT('',(-1.56860677485104,7.6650000346303,21.05));
#4990=CARTESIAN_POINT('Origin',(-0.73764915509141,6.22533978322314,21.05));
#4991=CARTESIAN_POINT('',(-0.737476194642488,6.22543964198489,20.5));
#4992=CARTESIAN_POINT('',(1.69282698890076,7.62857583921108,20.5));
#4993=CARTESIAN_POINT('',(-0.737476194642488,6.22543964198489,20.8));
#4994=CARTESIAN_POINT('Origin',(9.22175822073099,11.9755396300695,20.05));
#4995=CARTESIAN_POINT('',(9.22158503628831,11.9754396419849,20.5));
#4996=CARTESIAN_POINT('',(6.67250181274727,10.5037257566759,20.5));
#4997=CARTESIAN_POINT('',(9.22158503628831,11.9754396419849,20.3));
#4998=CARTESIAN_POINT('Origin',(0.564125119535435,8.6650000346303,20.05));
#4999=CARTESIAN_POINT('',(0.564125119535435,8.6650000346303,20.5));
#5000=CARTESIAN_POINT('',(0.564125119535435,8.6650000346303,20.05));
#5001=CARTESIAN_POINT('',(0.121557312222079,9.43154996269139,20.5));
#5002=CARTESIAN_POINT('Origin',(-3.68012646196039,11.3222594138856,20.55));
#5003=CARTESIAN_POINT('',(-4.06124378961668,11.9823739890312,20.5));
#5004=CARTESIAN_POINT('',(-3.01684928986687,10.173429652319,20.5));
#5005=CARTESIAN_POINT('',(-4.06124378961668,11.9823739890312,20.8));
#5006=CARTESIAN_POINT('Origin',(-4.05039771270009,11.9884120365117,21.05));
#5007=CARTESIAN_POINT('',(-4.05039771270009,11.9884120365117,20.5));
#5008=CARTESIAN_POINT('',(-1.58079485246015,13.3632482508278,20.5));
#5009=CARTESIAN_POINT('',(-4.05039771270009,11.9884120365117,21.05));
#5010=CARTESIAN_POINT('Origin',(-1.14598637780423,17.0190000346303,20.05));
#5011=CARTESIAN_POINT('',(-1.81257816657056,15.8644291885788,20.5));
#5012=CARTESIAN_POINT('Origin',(-2.71562103593324,11.9986870118307,21.05));
#5013=CARTESIAN_POINT('Origin',(-2.71562103593324,11.9986870118307,21.05));
#5014=CARTESIAN_POINT('Origin',(-2.71562103593324,11.9986870118307,20.5));
#5015=CARTESIAN_POINT('Origin',(-2.71562103593324,11.9986870118307,20.5));
#5016=CARTESIAN_POINT('Origin',(2.49824852132068,8.33250001731515,21.9));
#5017=CARTESIAN_POINT('',(3.04649704264136,8.6650000346303,21.9));
#5018=CARTESIAN_POINT('',(1.95,8.6650000346303,21.9));
#5019=CARTESIAN_POINT('',(3.21618596155296,8.6650000346303,21.9));
#5020=CARTESIAN_POINT('',(3.04649704264136,7.95,21.9));
#5021=CARTESIAN_POINT('',(3.04649704264136,8.,21.9));
#5022=CARTESIAN_POINT('',(1.95,7.95,21.9));
#5023=CARTESIAN_POINT('',(2.,7.95,21.9));
#5024=CARTESIAN_POINT('',(1.95,8.49875002597273,21.9));
#5025=CARTESIAN_POINT('Origin',(3.04649704264136,8.,20.5));
#5026=CARTESIAN_POINT('',(3.04649704264136,8.6650000346303,20.5));
#5027=CARTESIAN_POINT('',(3.04649704264136,8.6650000346303,20.275));
#5028=CARTESIAN_POINT('',(3.04649704264136,7.95,20.5));
#5029=CARTESIAN_POINT('',(3.04649704264136,9.9154860719882,20.5));
#5030=CARTESIAN_POINT('',(3.04649704264136,7.95,20.5));
#5031=CARTESIAN_POINT('Origin',(2.50720720976205,11.8309721439764,20.5));
#5032=CARTESIAN_POINT('',(1.95,8.6650000346303,20.5));
#5033=CARTESIAN_POINT('',(3.46978956643399,8.6650000346303,20.5));
#5034=CARTESIAN_POINT('',(1.95,7.95,20.5));
#5035=CARTESIAN_POINT('',(1.95,10.2479860893034,20.5));
#5036=CARTESIAN_POINT('',(2.25360360488103,7.95,20.5));
#5037=CARTESIAN_POINT('',(4.43237192310593,8.6650000346303,20.5));
#5038=CARTESIAN_POINT('',(3.46978956643399,8.6650000346303,20.5));
#5039=CARTESIAN_POINT('',(5.84424110342225,11.1104291885788,20.5));
#5040=CARTESIAN_POINT('Origin',(7.78437896406676,11.9986870118307,20.5));
#5041=CARTESIAN_POINT('',(6.95010991011322,15.9097499686491,20.5));
#5042=CARTESIAN_POINT('Origin',(2.,7.95,20.5));
#5043=CARTESIAN_POINT('',(1.95,7.95,20.5));
#5044=CARTESIAN_POINT('Origin',(4.43237192310593,8.6650000346303,20.05));
#5045=CARTESIAN_POINT('',(1.95,8.6650000346303,20.275));
#5046=CARTESIAN_POINT('',(4.43237192310593,8.6650000346303,20.05));
#5047=CARTESIAN_POINT('Origin',(1.95,8.6650000346303,20.5));
#5048=CARTESIAN_POINT('Origin',(-1.20597673030545,11.2830880463823,25.95));
#5049=CARTESIAN_POINT('Origin',(-0.417885181915636,13.9142402703393,28.45));
#5050=CARTESIAN_POINT('',(-0.461629513678602,13.9142402703393,27.95));
#5051=CARTESIAN_POINT('Origin',(2.58211481808437,11.9142402703393,27.95));
#5052=CARTESIAN_POINT('Origin',(2.53152326969455,11.8882664357737,23.65));
#5053=CARTESIAN_POINT('Origin',(5.90187879126012,17.7253395245774,23.6500000000001));
#5054=CARTESIAN_POINT('Origin',(-4.05741312826717,11.9753396539003,23.65));
#5055=CARTESIAN_POINT('Origin',(10.0863503958869,11.9500069270615,23.6500000000001));
#5056=CARTESIAN_POINT('Origin',(6.29467297892142,17.0450000346303,21.05));
#5057=CARTESIAN_POINT('Origin',(7.78437896406676,11.9986870118307,20.5));
#5058=CARTESIAN_POINT('Origin',(7.78437896406676,11.9986870118307,21.05));
#5059=CARTESIAN_POINT('Origin',(7.78437896406676,11.9986870118307,21.05));
#5060=CARTESIAN_POINT('Origin',(6.36649532489117,12.0150000346303,20.05));
#5061=CARTESIAN_POINT('Origin',(9.20701690777607,11.9500069270615,23.05));
#5062=CARTESIAN_POINT('',(8.47420164777636,13.3162996503571,23.05));
#5063=CARTESIAN_POINT('Origin',(2.53152326969455,11.8882664357737,23.05));
#5064=CARTESIAN_POINT('Origin',(5.7428918838371,10.3496238121143,30.0500000000001));
#5065=CARTESIAN_POINT('',(6.23874451958054,10.5261181583353,30.0500000000001));
#5066=CARTESIAN_POINT('',(6.23874451958054,10.1731294658933,30.0500000000001));
#5067=CARTESIAN_POINT('Ctrl Pts',(6.23874451958054,10.5261181583353,30.0500000000001));
#5068=CARTESIAN_POINT('Ctrl Pts',(6.24453303985436,10.5098555805458,30.0809275686993));
#5069=CARTESIAN_POINT('Ctrl Pts',(6.25039178213569,10.4908062340853,30.1133698015135));
#5070=CARTESIAN_POINT('Ctrl Pts',(6.25886349671626,10.4546617435573,30.1616269373736));
#5071=CARTESIAN_POINT('Ctrl Pts',(6.26237548609164,10.436638838973,30.1821153245351));
#5072=CARTESIAN_POINT('Ctrl Pts',(6.26639344952684,10.4052437417998,30.205892214103));
#5073=CARTESIAN_POINT('Ctrl Pts',(6.26760786328641,10.392890565321,30.2131551247902));
#5074=CARTESIAN_POINT('Ctrl Pts',(6.26898708025392,10.3686657602973,30.2214293059496));
#5075=CARTESIAN_POINT('Ctrl Pts',(6.26928588112327,10.3574789200006,30.2232320044717));
#5076=CARTESIAN_POINT('Ctrl Pts',(6.26911805808822,10.3332445276293,30.2222217898217));
#5077=CARTESIAN_POINT('Ctrl Pts',(6.26857226619941,10.3210813595756,30.2189318457234));
#5078=CARTESIAN_POINT('Ctrl Pts',(6.26630945241933,10.2914702614972,30.2053938970008));
#5079=CARTESIAN_POINT('Ctrl Pts',(6.26412554666793,10.2752172230475,30.1924137959085));
#5080=CARTESIAN_POINT('Ctrl Pts',(6.25725157912571,10.2348598494527,30.1522540345194));
#5081=CARTESIAN_POINT('Ctrl Pts',(6.25038603010421,10.2058357468638,30.112199594966));
#5082=CARTESIAN_POINT('Ctrl Pts',(6.23874451958054,10.1731294658933,30.0500000000001));
#5083=CARTESIAN_POINT('Origin',(5.7428918838371,10.3496238121143,30.0500000000001));
#5084=CARTESIAN_POINT('Ctrl Pts',(6.23874451958054,10.1731294658933,30.0500000000001));
#5085=CARTESIAN_POINT('Ctrl Pts',(6.33874451958054,10.1731294658933,30.0500000000001));
#5086=CARTESIAN_POINT('Ctrl Pts',(6.23874451958055,10.3496238121143,30.3856504170757));
#5087=CARTESIAN_POINT('Ctrl Pts',(6.33874451958055,10.3496238121143,30.3856504170757));
#5088=CARTESIAN_POINT('Ctrl Pts',(6.23874451958054,10.5261181583353,30.0500000000001));
#5089=CARTESIAN_POINT('Ctrl Pts',(6.33874451958054,10.5261181583353,30.0500000000001));
#5090=CARTESIAN_POINT('Ctrl Pts',(6.23874451958054,10.1731294658933,30.0500000000001));
#5091=CARTESIAN_POINT('Ctrl Pts',(6.23874451958055,10.3496238121143,30.3856504170757));
#5092=CARTESIAN_POINT('Ctrl Pts',(6.23874451958054,10.5261181583353,30.0500000000001));
#5093=CARTESIAN_POINT('Origin',(5.7428918838371,10.3496238121143,31.0500000000001));
#5094=UNCERTAINTY_MEASURE_WITH_UNIT(LENGTH_MEASURE(0.001),#5098,
'DISTANCE_ACCURACY_VALUE',
'Maximum model space distance between geometric entities at asserted c
onnectivities');
#5095=UNCERTAINTY_MEASURE_WITH_UNIT(LENGTH_MEASURE(0.001),#5098,
'DISTANCE_ACCURACY_VALUE',
'Maximum model space distance between geometric entities at asserted c
onnectivities');
#5096=(
GEOMETRIC_REPRESENTATION_CONTEXT(3)
GLOBAL_UNCERTAINTY_ASSIGNED_CONTEXT((#5094))
GLOBAL_UNIT_ASSIGNED_CONTEXT((#5098,#5100,#5101))
REPRESENTATION_CONTEXT('','3D')
);
#5097=(
GEOMETRIC_REPRESENTATION_CONTEXT(3)
GLOBAL_UNCERTAINTY_ASSIGNED_CONTEXT((#5095))
GLOBAL_UNIT_ASSIGNED_CONTEXT((#5098,#5100,#5101))
REPRESENTATION_CONTEXT('','3D')
);
#5098=(
LENGTH_UNIT()
NAMED_UNIT(*)
SI_UNIT(.CENTI.,.METRE.)
);
#5099=(
LENGTH_UNIT()
NAMED_UNIT(*)
SI_UNIT($,.METRE.)
);
#5100=(
NAMED_UNIT(*)
PLANE_ANGLE_UNIT()
SI_UNIT($,.RADIAN.)
);
#5101=(
NAMED_UNIT(*)
SI_UNIT($,.STERADIAN.)
SOLID_ANGLE_UNIT()
);
#5102=SHAPE_DEFINITION_REPRESENTATION(#5103,#5104);
#5103=PRODUCT_DEFINITION_SHAPE('',$,#5106);
#5104=SHAPE_REPRESENTATION('',(#3201),#5096);
#5105=PRODUCT_DEFINITION_CONTEXT('part definition',#5110,'design');
#5106=PRODUCT_DEFINITION('2026-08-04-01-45-39-976','atasportmm1',#5107,
#5105);
#5107=PRODUCT_DEFINITION_FORMATION('',$,#5112);
#5108=PRODUCT_RELATED_PRODUCT_CATEGORY('atasportmm1','atasportmm1',(#5112));
#5109=APPLICATION_PROTOCOL_DEFINITION('international standard',
'automotive_design',2009,#5110);
#5110=APPLICATION_CONTEXT(
'Core Data for Automotive Mechanical Design Process');
#5111=PRODUCT_CONTEXT('part definition',#5110,'mechanical');
#5112=PRODUCT('2026-08-04-01-45-39-976','atasportmm1',$,(#5111));
#5113=PRESENTATION_STYLE_ASSIGNMENT((#5114));
#5114=SURFACE_STYLE_USAGE(.BOTH.,#5115);
#5115=SURFACE_SIDE_STYLE('',(#5116));
#5116=SURFACE_STYLE_FILL_AREA(#5117);
#5117=FILL_AREA_STYLE('Steel - Satin',(#5118));
#5118=FILL_AREA_STYLE_COLOUR('Steel - Satin',#5119);
#5119=COLOUR_RGB('Steel - Satin',0.627450980392157,0.627450980392157,0.627450980392157);
ENDSEC;
END-ISO-10303-21;
