ISO-10303-21;
HEADER;
/* Generated by software containing ST-Developer
 * from STEP Tools, Inc. (www.steptools.com) 
 */

FILE_DESCRIPTION(
/* description */ (''),
/* implementation_level */ '2;1');

FILE_NAME(
/* name */ 'bawahdpnmm1.step',
/* time_stamp */ '2026-08-04T01:45:51+08:00',
/* author */ (''),
/* organization */ (''),
/* preprocessor_version */ 'ST-DEVELOPER v20.1',
/* originating_system */ 'Autodesk Translation Framework v15.8.0.0',
/* authorisation */ '');

FILE_SCHEMA (('AUTOMOTIVE_DESIGN { 1 0 10303 214 3 1 1 }'));
ENDSEC;

DATA;
#10=MECHANICAL_DESIGN_GEOMETRIC_PRESENTATION_REPRESENTATION('',(#13),#8567);
#11=SHAPE_REPRESENTATION_RELATIONSHIP('SRR','None',#8574,#12);
#12=ADVANCED_BREP_SHAPE_REPRESENTATION('',(#14),#8566);
#13=STYLED_ITEM('',(#8583),#14);
#14=MANIFOLD_SOLID_BREP('Body1',#4744);
#15=(
BOUNDED_SURFACE()
B_SPLINE_SURFACE(1,2,((#7350,#7351,#7352),(#7353,#7354,#7355)),
 .UNSPECIFIED.,.F.,.F.,.F.)
B_SPLINE_SURFACE_WITH_KNOTS((2,2),(3,3),(-1.50800906736608E-15,1.07381435805436),
(0.917557037755572,1.49070265385502),.UNSPECIFIED.)
GEOMETRIC_REPRESENTATION_ITEM()
RATIONAL_B_SPLINE_SURFACE(((1.,0.959218259167737,1.),(1.,0.959218259167737,
1.)))
REPRESENTATION_ITEM('')
SURFACE()
);
#16=(
BOUNDED_SURFACE()
B_SPLINE_SURFACE(1,2,((#7545,#7546,#7547),(#7548,#7549,#7550)),
 .UNSPECIFIED.,.F.,.F.,.F.)
B_SPLINE_SURFACE_WITH_KNOTS((2,2),(3,3),(4.89387551137581E-16,1.07662639810226),
(-1.04293434367445,-0.461881348252296),.UNSPECIFIED.)
GEOMETRIC_REPRESENTATION_ITEM()
RATIONAL_B_SPLINE_SURFACE(((1.,0.958093189515137,1.),(1.,0.958093189515137,
1.)))
REPRESENTATION_ITEM('')
SURFACE()
);
#17=B_SPLINE_SURFACE_WITH_KNOTS('',3,3,((#7124,#7125,#7126,#7127),(#7128,
#7129,#7130,#7131),(#7132,#7133,#7134,#7135),(#7136,#7137,#7138,#7139)),
 .UNSPECIFIED.,.F.,.F.,.F.,(4,4),(4,4),(0.375048021456919,1.00000000000048),
(-3.15975111386393E-16,1.00000000000264),.UNSPECIFIED.);
#18=B_SPLINE_SURFACE_WITH_KNOTS('',3,1,((#7147,#7148),(#7149,#7150),(#7151,
#7152),(#7153,#7154),(#7155,#7156),(#7157,#7158),(#7159,#7160),(#7161,#7162),
(#7163,#7164),(#7165,#7166),(#7167,#7168),(#7169,#7170),(#7171,#7172),(#7173,
#7174),(#7175,#7176),(#7177,#7178),(#7179,#7180),(#7181,#7182),(#7183,#7184),
(#7185,#7186),(#7187,#7188),(#7189,#7190),(#7191,#7192),(#7193,#7194),(#7195,
#7196),(#7197,#7198),(#7199,#7200),(#7201,#7202),(#7203,#7204),(#7205,#7206),
(#7207,#7208),(#7209,#7210),(#7211,#7212),(#7213,#7214),(#7215,#7216),(#7217,
#7218),(#7219,#7220)),.UNSPECIFIED.,.F.,.F.,.F.,(4,3,3,3,3,3,3,3,3,3,3,
3,4),(2,2),(-4.61425653058105,-3.27122146734891,-2.59970393573285,-2.18771083541814,
-1.957009564779,-1.92818640411678,-0.8712131506934,-0.589517624245132,0.0517361550595855,
0.18576010272998,0.506791326081665,0.980431600602065,1.19567381534277),
(-48.,0.600000000000001),.UNSPECIFIED.);
#19=B_SPLINE_SURFACE_WITH_KNOTS('',3,3,((#7221,#7222,#7223,#7224),(#7225,
#7226,#7227,#7228),(#7229,#7230,#7231,#7232),(#7233,#7234,#7235,#7236)),
 .UNSPECIFIED.,.F.,.F.,.F.,(4,4),(4,4),(-1.69996349201634E-11,0.157726282964941),
(-1.61187826638618E-15,0.0994734314135226),.UNSPECIFIED.);
#20=B_SPLINE_SURFACE_WITH_KNOTS('',3,3,((#7276,#7277,#7278,#7279),(#7280,
#7281,#7282,#7283),(#7284,#7285,#7286,#7287),(#7288,#7289,#7290,#7291)),
 .UNSPECIFIED.,.F.,.F.,.F.,(4,4),(4,4),(0.,1.),(0.,1.),.UNSPECIFIED.);
#21=B_SPLINE_SURFACE_WITH_KNOTS('',3,3,((#7298,#7299,#7300,#7301),(#7302,
#7303,#7304,#7305),(#7306,#7307,#7308,#7309),(#7310,#7311,#7312,#7313)),
 .UNSPECIFIED.,.F.,.F.,.F.,(4,4),(4,4),(0.,1.),(0.,1.),.UNSPECIFIED.);
#22=B_SPLINE_SURFACE_WITH_KNOTS('',3,3,((#7371,#7372,#7373,#7374),(#7375,
#7376,#7377,#7378),(#7379,#7380,#7381,#7382),(#7383,#7384,#7385,#7386)),
 .UNSPECIFIED.,.F.,.F.,.F.,(4,4),(4,4),(0.,0.103678879345978),(0.652046933078295,
0.689949160663852),.UNSPECIFIED.);
#23=B_SPLINE_SURFACE_WITH_KNOTS('',3,3,((#7388,#7389,#7390,#7391),(#7392,
#7393,#7394,#7395),(#7396,#7397,#7398,#7399),(#7400,#7401,#7402,#7403)),
 .UNSPECIFIED.,.F.,.F.,.F.,(4,4),(4,4),(0.,1.),(0.652046933078295,1.),
 .UNSPECIFIED.);
#24=B_SPLINE_SURFACE_WITH_KNOTS('',3,3,((#7405,#7406,#7407,#7408),(#7409,
#7410,#7411,#7412),(#7413,#7414,#7415,#7416),(#7417,#7418,#7419,#7420)),
 .UNSPECIFIED.,.F.,.F.,.F.,(4,4),(4,4),(-2.49699497906984E-15,1.00000000005464),
(0.,0.491553520967699),.UNSPECIFIED.);
#25=B_SPLINE_SURFACE_WITH_KNOTS('',3,3,((#7422,#7423,#7424,#7425),(#7426,
#7427,#7428,#7429),(#7430,#7431,#7432,#7433),(#7434,#7435,#7436,#7437),
(#7438,#7439,#7440,#7441),(#7442,#7443,#7444,#7445),(#7446,#7447,#7448,
#7449)),.UNSPECIFIED.,.F.,.F.,.F.,(4,1,1,1,4),(4,4),(0.,0.285714285714286,
0.571428571428571,0.857142857142857,1.),(0.,1.),.UNSPECIFIED.);
#26=B_SPLINE_SURFACE_WITH_KNOTS('',3,3,((#7459,#7460,#7461,#7462),(#7463,
#7464,#7465,#7466),(#7467,#7468,#7469,#7470),(#7471,#7472,#7473,#7474)),
 .UNSPECIFIED.,.F.,.F.,.F.,(4,4),(4,4),(0.907614466418462,1.00000000002285),
(0.654445410765708,0.689107173343444),.UNSPECIFIED.);
#27=B_SPLINE_SURFACE_WITH_KNOTS('',3,3,((#7480,#7481,#7482,#7483),(#7484,
#7485,#7486,#7487),(#7488,#7489,#7490,#7491),(#7492,#7493,#7494,#7495),
(#7496,#7497,#7498,#7499),(#7500,#7501,#7502,#7503),(#7504,#7505,#7506,
#7507)),.UNSPECIFIED.,.F.,.F.,.F.,(4,1,1,1,4),(4,4),(-6.32986496592974E-13,
0.285714285713835,0.428571428571069,0.714285714285537,1.00000000000001),
(-5.55111512312578E-16,1.),.UNSPECIFIED.);
#28=B_SPLINE_SURFACE_WITH_KNOTS('',3,3,((#7527,#7528,#7529,#7530),(#7531,
#7532,#7533,#7534),(#7535,#7536,#7537,#7538),(#7539,#7540,#7541,#7542)),
 .UNSPECIFIED.,.F.,.F.,.F.,(4,4),(4,4),(-1.80736556600611E-11,1.),(0.654445410812301,
1.),.UNSPECIFIED.);
#29=B_SPLINE_SURFACE_WITH_KNOTS('',3,3,((#7566,#7567,#7568,#7569),(#7570,
#7571,#7572,#7573),(#7574,#7575,#7576,#7577),(#7578,#7579,#7580,#7581)),
 .UNSPECIFIED.,.F.,.F.,.F.,(4,4),(4,4),(-1.41618542688285E-10,0.669202341758713),
(-1.16567357440199E-15,1.0000000000114),.UNSPECIFIED.);
#30=B_SPLINE_SURFACE_WITH_KNOTS('',3,3,((#7588,#7589,#7590,#7591),(#7592,
#7593,#7594,#7595),(#7596,#7597,#7598,#7599),(#7600,#7601,#7602,#7603)),
 .UNSPECIFIED.,.F.,.F.,.F.,(4,4),(4,4),(-1.49250820866343E-11,1.),(0.,0.488738681387089),
 .UNSPECIFIED.);
#31=B_SPLINE_SURFACE_WITH_KNOTS('',3,3,((#7611,#7612,#7613,#7614),(#7615,
#7616,#7617,#7618),(#7619,#7620,#7621,#7622),(#7623,#7624,#7625,#7626)),
 .UNSPECIFIED.,.F.,.F.,.F.,(4,4),(4,4),(0.,1.),(0.,1.),.UNSPECIFIED.);
#32=B_SPLINE_SURFACE_WITH_KNOTS('',3,3,((#7632,#7633,#7634,#7635),(#7636,
#7637,#7638,#7639),(#7640,#7641,#7642,#7643),(#7644,#7645,#7646,#7647)),
 .UNSPECIFIED.,.F.,.F.,.F.,(4,4),(4,4),(0.852400326454302,1.),(-1.05797486929985E-15,
0.0944645871987336),.UNSPECIFIED.);
#33=B_SPLINE_SURFACE_WITH_KNOTS('',3,3,((#7676,#7677,#7678,#7679),(#7680,
#7681,#7682,#7683),(#7684,#7685,#7686,#7687),(#7688,#7689,#7690,#7691)),
 .UNSPECIFIED.,.F.,.F.,.F.,(4,4),(4,4),(0.,1.),(0.,1.),.UNSPECIFIED.);
#34=B_SPLINE_SURFACE_WITH_KNOTS('',3,3,((#7694,#7695,#7696,#7697),(#7698,
#7699,#7700,#7701),(#7702,#7703,#7704,#7705),(#7706,#7707,#7708,#7709)),
 .UNSPECIFIED.,.F.,.F.,.F.,(4,4),(4,4),(0.,1.),(0.,1.),.UNSPECIFIED.);
#35=B_SPLINE_SURFACE_WITH_KNOTS('',3,3,((#7711,#7712,#7713,#7714),(#7715,
#7716,#7717,#7718),(#7719,#7720,#7721,#7722),(#7723,#7724,#7725,#7726)),
 .UNSPECIFIED.,.F.,.F.,.F.,(4,4),(4,4),(0.,1.),(0.,1.),.UNSPECIFIED.);
#36=B_SPLINE_SURFACE_WITH_KNOTS('',3,3,((#7730,#7731,#7732,#7733),(#7734,
#7735,#7736,#7737),(#7738,#7739,#7740,#7741),(#7742,#7743,#7744,#7745)),
 .UNSPECIFIED.,.F.,.F.,.F.,(4,4),(4,4),(0.,1.),(0.,1.),.UNSPECIFIED.);
#37=B_SPLINE_SURFACE_WITH_KNOTS('',3,3,((#7748,#7749,#7750,#7751),(#7752,
#7753,#7754,#7755),(#7756,#7757,#7758,#7759),(#7760,#7761,#7762,#7763)),
 .UNSPECIFIED.,.F.,.F.,.F.,(4,4),(4,4),(0.,1.),(0.,1.),.UNSPECIFIED.);
#38=B_SPLINE_SURFACE_WITH_KNOTS('',3,3,((#7766,#7767,#7768,#7769),(#7770,
#7771,#7772,#7773),(#7774,#7775,#7776,#7777),(#7778,#7779,#7780,#7781)),
 .UNSPECIFIED.,.F.,.F.,.F.,(4,4),(4,4),(0.,1.),(0.,1.),.UNSPECIFIED.);
#39=B_SPLINE_SURFACE_WITH_KNOTS('',3,3,((#7784,#7785,#7786,#7787),(#7788,
#7789,#7790,#7791),(#7792,#7793,#7794,#7795),(#7796,#7797,#7798,#7799)),
 .UNSPECIFIED.,.F.,.F.,.F.,(4,4),(4,4),(0.,1.),(0.,1.),.UNSPECIFIED.);
#40=B_SPLINE_SURFACE_WITH_KNOTS('',3,3,((#7801,#7802,#7803,#7804),(#7805,
#7806,#7807,#7808),(#7809,#7810,#7811,#7812),(#7813,#7814,#7815,#7816)),
 .UNSPECIFIED.,.F.,.F.,.F.,(4,4),(4,4),(0.,1.),(0.,1.),.UNSPECIFIED.);
#41=B_SPLINE_SURFACE_WITH_KNOTS('',3,3,((#7818,#7819,#7820,#7821),(#7822,
#7823,#7824,#7825),(#7826,#7827,#7828,#7829),(#7830,#7831,#7832,#7833)),
 .UNSPECIFIED.,.F.,.F.,.F.,(4,4),(4,4),(0.,1.),(0.,1.),.UNSPECIFIED.);
#42=B_SPLINE_SURFACE_WITH_KNOTS('',3,3,((#7841,#7842,#7843,#7844),(#7845,
#7846,#7847,#7848),(#7849,#7850,#7851,#7852),(#7853,#7854,#7855,#7856)),
 .UNSPECIFIED.,.F.,.F.,.F.,(4,4),(4,4),(0.,1.),(0.,1.),.UNSPECIFIED.);
#43=B_SPLINE_SURFACE_WITH_KNOTS('',3,3,((#7860,#7861,#7862,#7863),(#7864,
#7865,#7866,#7867),(#7868,#7869,#7870,#7871),(#7872,#7873,#7874,#7875)),
 .UNSPECIFIED.,.F.,.F.,.F.,(4,4),(4,4),(0.,1.),(0.,1.),.UNSPECIFIED.);
#44=B_SPLINE_SURFACE_WITH_KNOTS('',3,3,((#7879,#7880,#7881,#7882),(#7883,
#7884,#7885,#7886),(#7887,#7888,#7889,#7890),(#7891,#7892,#7893,#7894)),
 .UNSPECIFIED.,.F.,.F.,.F.,(4,4),(4,4),(0.,1.),(0.,1.),.UNSPECIFIED.);
#45=B_SPLINE_SURFACE_WITH_KNOTS('',3,3,((#7902,#7903,#7904,#7905),(#7906,
#7907,#7908,#7909),(#7910,#7911,#7912,#7913),(#7914,#7915,#7916,#7917)),
 .UNSPECIFIED.,.F.,.F.,.F.,(4,4),(4,4),(0.,1.),(0.,1.),.UNSPECIFIED.);
#46=B_SPLINE_SURFACE_WITH_KNOTS('',3,3,((#7925,#7926,#7927,#7928),(#7929,
#7930,#7931,#7932),(#7933,#7934,#7935,#7936),(#7937,#7938,#7939,#7940)),
 .UNSPECIFIED.,.F.,.F.,.F.,(4,4),(4,4),(0.,1.),(0.,1.),.UNSPECIFIED.);
#47=B_SPLINE_SURFACE_WITH_KNOTS('',3,3,((#7944,#7945,#7946,#7947),(#7948,
#7949,#7950,#7951),(#7952,#7953,#7954,#7955),(#7956,#7957,#7958,#7959)),
 .UNSPECIFIED.,.F.,.F.,.F.,(4,4),(4,4),(0.,1.),(0.,1.),.UNSPECIFIED.);
#48=B_SPLINE_SURFACE_WITH_KNOTS('',3,3,((#7963,#7964,#7965,#7966),(#7967,
#7968,#7969,#7970),(#7971,#7972,#7973,#7974),(#7975,#7976,#7977,#7978)),
 .UNSPECIFIED.,.F.,.F.,.F.,(4,4),(4,4),(0.,1.),(0.,1.),.UNSPECIFIED.);
#49=B_SPLINE_SURFACE_WITH_KNOTS('',3,3,((#8030,#8031,#8032,#8033),(#8034,
#8035,#8036,#8037),(#8038,#8039,#8040,#8041),(#8042,#8043,#8044,#8045)),
 .UNSPECIFIED.,.F.,.F.,.F.,(4,4),(4,4),(0.,1.),(0.,1.),.UNSPECIFIED.);
#50=B_SPLINE_SURFACE_WITH_KNOTS('',3,3,((#8152,#8153,#8154,#8155,#8156,
#8157,#8158,#8159,#8160,#8161),(#8162,#8163,#8164,#8165,#8166,#8167,#8168,
#8169,#8170,#8171),(#8172,#8173,#8174,#8175,#8176,#8177,#8178,#8179,#8180,
#8181),(#8182,#8183,#8184,#8185,#8186,#8187,#8188,#8189,#8190,#8191),(#8192,
#8193,#8194,#8195,#8196,#8197,#8198,#8199,#8200,#8201),(#8202,#8203,#8204,
#8205,#8206,#8207,#8208,#8209,#8210,#8211),(#8212,#8213,#8214,#8215,#8216,
#8217,#8218,#8219,#8220,#8221)),.UNSPECIFIED.,.F.,.F.,.F.,(4,1,1,1,4),(4,
1,1,1,1,1,1,4),(0.,0.285714285714286,0.571428571428571,0.714285714285714,
1.),(0.,0.0178571428571429,0.0357142857142857,0.0714285714285714,0.142857142857143,
0.178571428571429,0.214285714285714,1.),.UNSPECIFIED.);
#51=B_SPLINE_SURFACE_WITH_KNOTS('',3,3,((#8224,#8225,#8226,#8227),(#8228,
#8229,#8230,#8231),(#8232,#8233,#8234,#8235),(#8236,#8237,#8238,#8239)),
 .UNSPECIFIED.,.F.,.F.,.F.,(4,4),(4,4),(0.,1.),(0.,1.),.UNSPECIFIED.);
#52=B_SPLINE_SURFACE_WITH_KNOTS('',3,3,((#8241,#8242,#8243,#8244),(#8245,
#8246,#8247,#8248),(#8249,#8250,#8251,#8252),(#8253,#8254,#8255,#8256)),
 .UNSPECIFIED.,.F.,.F.,.F.,(4,4),(4,4),(0.,1.),(0.,1.),.UNSPECIFIED.);
#53=B_SPLINE_SURFACE_WITH_KNOTS('',3,3,((#8258,#8259,#8260,#8261),(#8262,
#8263,#8264,#8265),(#8266,#8267,#8268,#8269),(#8270,#8271,#8272,#8273)),
 .UNSPECIFIED.,.F.,.F.,.F.,(4,4),(4,4),(0.,1.),(0.,1.),.UNSPECIFIED.);
#54=B_SPLINE_SURFACE_WITH_KNOTS('',3,3,((#8275,#8276,#8277,#8278),(#8279,
#8280,#8281,#8282),(#8283,#8284,#8285,#8286),(#8287,#8288,#8289,#8290)),
 .UNSPECIFIED.,.F.,.F.,.F.,(4,4),(4,4),(0.,1.),(0.,1.),.UNSPECIFIED.);
#55=B_SPLINE_SURFACE_WITH_KNOTS('',3,3,((#8292,#8293,#8294,#8295),(#8296,
#8297,#8298,#8299),(#8300,#8301,#8302,#8303),(#8304,#8305,#8306,#8307)),
 .UNSPECIFIED.,.F.,.F.,.F.,(4,4),(4,4),(0.,1.),(0.,1.),.UNSPECIFIED.);
#56=B_SPLINE_SURFACE_WITH_KNOTS('',3,3,((#8309,#8310,#8311,#8312),(#8313,
#8314,#8315,#8316),(#8317,#8318,#8319,#8320),(#8321,#8322,#8323,#8324)),
 .UNSPECIFIED.,.F.,.F.,.F.,(4,4),(4,4),(0.,1.),(0.,1.),.UNSPECIFIED.);
#57=B_SPLINE_SURFACE_WITH_KNOTS('',3,3,((#8326,#8327,#8328,#8329,#8330,
#8331,#8332,#8333,#8334,#8335),(#8336,#8337,#8338,#8339,#8340,#8341,#8342,
#8343,#8344,#8345),(#8346,#8347,#8348,#8349,#8350,#8351,#8352,#8353,#8354,
#8355),(#8356,#8357,#8358,#8359,#8360,#8361,#8362,#8363,#8364,#8365),(#8366,
#8367,#8368,#8369,#8370,#8371,#8372,#8373,#8374,#8375),(#8376,#8377,#8378,
#8379,#8380,#8381,#8382,#8383,#8384,#8385),(#8386,#8387,#8388,#8389,#8390,
#8391,#8392,#8393,#8394,#8395)),.UNSPECIFIED.,.F.,.F.,.F.,(4,1,1,1,4),(4,
1,1,1,1,1,1,4),(0.,0.285714285714286,0.571428571428571,0.857142857142857,
1.),(0.,0.0178571428571429,0.0357142857142857,0.0714285714285714,0.142857142857143,
0.178571428571429,0.214285714285714,1.),.UNSPECIFIED.);
#58=B_SPLINE_SURFACE_WITH_KNOTS('',3,3,((#8397,#8398,#8399,#8400),(#8401,
#8402,#8403,#8404),(#8405,#8406,#8407,#8408),(#8409,#8410,#8411,#8412)),
 .UNSPECIFIED.,.F.,.F.,.F.,(4,4),(4,4),(0.,1.),(0.,1.),.UNSPECIFIED.);
#59=B_SPLINE_SURFACE_WITH_KNOTS('',3,3,((#8427,#8428,#8429,#8430),(#8431,
#8432,#8433,#8434),(#8435,#8436,#8437,#8438),(#8439,#8440,#8441,#8442)),
 .UNSPECIFIED.,.F.,.F.,.F.,(4,4),(4,4),(0.,1.),(0.,1.),.UNSPECIFIED.);
#60=B_SPLINE_SURFACE_WITH_KNOTS('',3,3,((#8443,#8444,#8445,#8446),(#8447,
#8448,#8449,#8450),(#8451,#8452,#8453,#8454),(#8455,#8456,#8457,#8458)),
 .UNSPECIFIED.,.F.,.F.,.F.,(4,4),(4,4),(0.,1.),(0.,1.),.UNSPECIFIED.);
#61=B_SPLINE_SURFACE_WITH_KNOTS('',3,3,((#8496,#8497,#8498,#8499),(#8500,
#8501,#8502,#8503),(#8504,#8505,#8506,#8507),(#8508,#8509,#8510,#8511)),
 .UNSPECIFIED.,.F.,.F.,.F.,(4,4),(4,4),(-7.72337494794276E-9,1.),(-3.29635127461362E-14,
1.),.UNSPECIFIED.);
#62=ELLIPSE('',#4808,0.300518473655713,0.15);
#63=ELLIPSE('',#4814,39.1843775225792,0.837064712694209);
#64=ELLIPSE('',#4826,0.987710867788176,0.987668843857913);
#65=ELLIPSE('',#4843,0.987637154583357,0.987595887789609);
#66=ELLIPSE('',#4844,38.9150259855285,0.831310819730743);
#67=CYLINDRICAL_SURFACE('',#4776,0.106255668237037);
#68=CYLINDRICAL_SURFACE('',#4777,0.106255669727154);
#69=CYLINDRICAL_SURFACE('',#4785,0.106255669727154);
#70=CYLINDRICAL_SURFACE('',#4794,0.106255668237037);
#71=CYLINDRICAL_SURFACE('',#4798,0.25);
#72=CYLINDRICAL_SURFACE('',#4847,0.15);
#73=CYLINDRICAL_SURFACE('',#4986,0.249999999999999);
#74=CYLINDRICAL_SURFACE('',#4998,0.25);
#75=CONICAL_SURFACE('',#4770,0.149999999999999,0.0872664625997165);
#76=CONICAL_SURFACE('',#4822,0.996000173962653,0.0187809353332016);
#77=CONICAL_SURFACE('',#4825,0.996000173962653,0.0187809353332016);
#78=CONICAL_SURFACE('',#4837,0.996000173962656,0.0187809353328734);
#79=CONICAL_SURFACE('',#4840,0.996000173962656,0.0187809353328734);
#80=CONICAL_SURFACE('',#4947,0.150000001490116,0.0872664625997165);
#81=CONICAL_SURFACE('',#4955,0.149999999999999,0.0872664625997165);
#82=CONICAL_SURFACE('',#4957,0.150000001490116,0.0872664625997165);
#83=(
BOUNDED_CURVE()
B_SPLINE_CURVE(2,(#6298,#6299,#6300),.UNSPECIFIED.,.F.,.F.)
B_SPLINE_CURVE_WITH_KNOTS((3,3),(0.,0.497268427669731),.UNSPECIFIED.)
CURVE()
GEOMETRIC_REPRESENTATION_ITEM()
RATIONAL_B_SPLINE_CURVE((1.,1.01582246193397,1.00175132129263))
REPRESENTATION_ITEM('')
);
#84=(
BOUNDED_CURVE()
B_SPLINE_CURVE(2,(#6304,#6305,#6306),.UNSPECIFIED.,.F.,.F.)
B_SPLINE_CURVE_WITH_KNOTS((3,3),(-0.560453580645727,-0.0596121276184122),
 .UNSPECIFIED.)
CURVE()
GEOMETRIC_REPRESENTATION_ITEM()
RATIONAL_B_SPLINE_CURVE((1.,1.,1.))
REPRESENTATION_ITEM('')
);
#85=(
BOUNDED_CURVE()
B_SPLINE_CURVE(2,(#8068,#8069,#8070),.UNSPECIFIED.,.F.,.F.)
B_SPLINE_CURVE_WITH_KNOTS((3,3),(-0.560453580494044,-0.0596121273967949),
 .UNSPECIFIED.)
CURVE()
GEOMETRIC_REPRESENTATION_ITEM()
RATIONAL_B_SPLINE_CURVE((1.,1.,1.))
REPRESENTATION_ITEM('')
);
#86=(
BOUNDED_CURVE()
B_SPLINE_CURVE(2,(#8072,#8073,#8074),.UNSPECIFIED.,.F.,.F.)
B_SPLINE_CURVE_WITH_KNOTS((3,3),(-0.560453580494042,-0.059612127396791),
 .UNSPECIFIED.)
CURVE()
GEOMETRIC_REPRESENTATION_ITEM()
RATIONAL_B_SPLINE_CURVE((1.,1.,1.))
REPRESENTATION_ITEM('')
);
#87=(
BOUNDED_CURVE()
B_SPLINE_CURVE(2,(#8087,#8088,#8089),.UNSPECIFIED.,.F.,.F.)
B_SPLINE_CURVE_WITH_KNOTS((3,3),(-0.560453580645727,-0.0596121276184129),
 .UNSPECIFIED.)
CURVE()
GEOMETRIC_REPRESENTATION_ITEM()
RATIONAL_B_SPLINE_CURVE((1.,1.,1.))
REPRESENTATION_ITEM('')
);
#88=(
BOUNDED_CURVE()
B_SPLINE_CURVE(2,(#8091,#8092,#8093),.UNSPECIFIED.,.F.,.F.)
B_SPLINE_CURVE_WITH_KNOTS((3,3),(-0.56045358064573,-0.0596121276184177),
 .UNSPECIFIED.)
CURVE()
GEOMETRIC_REPRESENTATION_ITEM()
RATIONAL_B_SPLINE_CURVE((1.,1.,1.))
REPRESENTATION_ITEM('')
);
#89=(
BOUNDED_CURVE()
B_SPLINE_CURVE(2,(#8095,#8096,#8097),.UNSPECIFIED.,.F.,.F.)
B_SPLINE_CURVE_WITH_KNOTS((3,3),(-0.560453580494033,-0.0596121273967745),
 .UNSPECIFIED.)
CURVE()
GEOMETRIC_REPRESENTATION_ITEM()
RATIONAL_B_SPLINE_CURVE((1.,1.,1.))
REPRESENTATION_ITEM('')
);
#90=(
BOUNDED_CURVE()
B_SPLINE_CURVE(2,(#8099,#8100,#8101),.UNSPECIFIED.,.F.,.F.)
B_SPLINE_CURVE_WITH_KNOTS((3,3),(-0.560453580494033,-0.0596121273967742),
 .UNSPECIFIED.)
CURVE()
GEOMETRIC_REPRESENTATION_ITEM()
RATIONAL_B_SPLINE_CURVE((1.,1.,1.))
REPRESENTATION_ITEM('')
);
#91=B_SPLINE_CURVE_WITH_KNOTS('',3,(#6188,#6189,#6190,#6191,#6192,#6193,
#6194,#6195,#6196,#6197),.UNSPECIFIED.,.F.,.F.,(4,3,3,4),(-1.761719431819,
-0.851501421795583,-0.320119986438207,0.),.UNSPECIFIED.);
#92=B_SPLINE_CURVE_WITH_KNOTS('',3,(#6213,#6214,#6215,#6216,#6217,#6218,
#6219,#6220,#6221,#6222),.UNSPECIFIED.,.F.,.F.,(4,3,3,4),(-1.67476384643857,
-1.3127047317016,-0.865238461467758,-0.0591160308354127),.UNSPECIFIED.);
#93=B_SPLINE_CURVE_WITH_KNOTS('',3,(#6528,#6529,#6530,#6531),
 .UNSPECIFIED.,.F.,.F.,(4,4),(-0.461633967376677,0.),.UNSPECIFIED.);
#94=B_SPLINE_CURVE_WITH_KNOTS('',3,(#6533,#6534,#6535,#6536),
 .UNSPECIFIED.,.F.,.F.,(4,4),(0.233829498057299,0.313790380798277),
 .UNSPECIFIED.);
#95=B_SPLINE_CURVE_WITH_KNOTS('',3,(#6559,#6560,#6561,#6562),
 .UNSPECIFIED.,.F.,.F.,(4,4),(-0.418412992633625,-0.344876483861095),
 .UNSPECIFIED.);
#96=B_SPLINE_CURVE_WITH_KNOTS('',3,(#6564,#6565,#6566,#6567),
 .UNSPECIFIED.,.F.,.F.,(4,4),(-0.46430242654798,0.),.UNSPECIFIED.);
#97=B_SPLINE_CURVE_WITH_KNOTS('',3,(#6881,#6882,#6883,#6884,#6885,#6886),
 .UNSPECIFIED.,.F.,.F.,(4,2,4),(12.8837406157264,13.9582243810886,14.1231824393721),
 .UNSPECIFIED.);
#98=B_SPLINE_CURVE_WITH_KNOTS('',3,(#6908,#6909,#6910,#6911),
 .UNSPECIFIED.,.F.,.F.,(4,4),(-0.366588826542389,-0.0979126159191279),
 .UNSPECIFIED.);
#99=B_SPLINE_CURVE_WITH_KNOTS('',3,(#6913,#6914,#6915,#6916,#6917,#6918,
#6919),.UNSPECIFIED.,.F.,.F.,(4,3,4),(-0.236814916291229,-0.0867179090432969,
0.),.UNSPECIFIED.);
#100=B_SPLINE_CURVE_WITH_KNOTS('',3,(#6921,#6922,#6923,#6924),
 .UNSPECIFIED.,.F.,.F.,(4,4),(0.,0.666423570983716),.UNSPECIFIED.);
#101=B_SPLINE_CURVE_WITH_KNOTS('',3,(#6934,#6935,#6936,#6937,#6938,#6939,
#6940,#6941),.UNSPECIFIED.,.F.,.F.,(4,2,2,4),(-1.58380778305698,-1.51473425910718,
-1.3768665783474,-1.28197796021527),.UNSPECIFIED.);
#102=B_SPLINE_CURVE_WITH_KNOTS('',3,(#6943,#6944,#6945,#6946),
 .UNSPECIFIED.,.F.,.F.,(4,4),(-1.04167492712517,-0.678439929384437),
 .UNSPECIFIED.);
#103=B_SPLINE_CURVE_WITH_KNOTS('',3,(#6948,#6949,#6950,#6951),
 .UNSPECIFIED.,.F.,.F.,(4,4),(-0.824409166631862,-0.734231891241805),
 .UNSPECIFIED.);
#104=B_SPLINE_CURVE_WITH_KNOTS('',3,(#6974,#6975,#6976,#6977),
 .UNSPECIFIED.,.F.,.F.,(4,4),(1.33009849945353,1.34733955312094),
 .UNSPECIFIED.);
#105=B_SPLINE_CURVE_WITH_KNOTS('',3,(#6979,#6980,#6981,#6982),
 .UNSPECIFIED.,.F.,.F.,(4,4),(1.21919098534418,1.49434321358462),
 .UNSPECIFIED.);
#106=B_SPLINE_CURVE_WITH_KNOTS('',3,(#7018,#7019,#7020,#7021),
 .UNSPECIFIED.,.F.,.F.,(4,4),(-1.40185526202217,-0.778920520844013),
 .UNSPECIFIED.);
#107=B_SPLINE_CURVE_WITH_KNOTS('',3,(#7023,#7024,#7025,#7026),
 .UNSPECIFIED.,.F.,.F.,(4,4),(2.63143318646874,2.87959948409207),
 .UNSPECIFIED.);
#108=B_SPLINE_CURVE_WITH_KNOTS('',3,(#7028,#7029,#7030,#7031),
 .UNSPECIFIED.,.F.,.F.,(4,4),(-0.274510034382119,0.),.UNSPECIFIED.);
#109=B_SPLINE_CURVE_WITH_KNOTS('',3,(#7055,#7056,#7057,#7058),
 .UNSPECIFIED.,.F.,.F.,(4,4),(-0.00105228762058171,-0.000446298298893102),
 .UNSPECIFIED.);
#110=B_SPLINE_CURVE_WITH_KNOTS('',3,(#7062,#7063,#7064,#7065,#7066,#7067,
#7068,#7069,#7070,#7071,#7072,#7073,#7074,#7075,#7076,#7077,#7078,#7079,
#7080),.UNSPECIFIED.,.F.,.F.,(4,3,3,3,3,3,4),(14.3857916870182,15.1871535591164,
15.5647929334686,17.1248167275128,18.0612976535845,18.3128115298361,20.2962437911087),
 .UNSPECIFIED.);
#111=B_SPLINE_CURVE_WITH_KNOTS('',3,(#7082,#7083,#7084,#7085,#7086,#7087,
#7088),.UNSPECIFIED.,.F.,.F.,(4,3,4),(-0.807990933523796,-0.145758019522047,
0.),.UNSPECIFIED.);
#112=B_SPLINE_CURVE_WITH_KNOTS('',3,(#7089,#7090,#7091,#7092),
 .UNSPECIFIED.,.F.,.F.,(4,4),(-0.0958269751065768,0.),.UNSPECIFIED.);
#113=B_SPLINE_CURVE_WITH_KNOTS('',3,(#7095,#7096,#7097,#7098),
 .UNSPECIFIED.,.F.,.F.,(4,4),(-2.52260432421569,-2.43134354436453),
 .UNSPECIFIED.);
#114=B_SPLINE_CURVE_WITH_KNOTS('',3,(#7100,#7101,#7102,#7103,#7104,#7105,
#7106),.UNSPECIFIED.,.F.,.F.,(4,3,4),(-0.83202054801833,-0.320351267281091,
0.),.UNSPECIFIED.);
#115=B_SPLINE_CURVE_WITH_KNOTS('',3,(#7108,#7109,#7110,#7111,#7112,#7113,
#7114,#7115,#7116,#7117,#7118,#7119),.UNSPECIFIED.,.F.,.F.,(4,2,2,2,2,4),
(2.78318549208599,3.28675855641183,3.99641631529051,4.62921381681975,5.37061302389543,
5.89772045785536),.UNSPECIFIED.);
#116=B_SPLINE_CURVE_WITH_KNOTS('',3,(#7120,#7121,#7122,#7123),
 .UNSPECIFIED.,.F.,.F.,(4,4),(-1.86679055929899,-1.8440617692633),
 .UNSPECIFIED.);
#117=B_SPLINE_CURVE_WITH_KNOTS('',3,(#7143,#7144,#7145,#7146),
 .UNSPECIFIED.,.F.,.F.,(4,4),(-2.37532131730167,-2.36226648170742),
 .UNSPECIFIED.);
#118=B_SPLINE_CURVE_WITH_KNOTS('',3,(#7241,#7242,#7243,#7244),
 .UNSPECIFIED.,.F.,.F.,(4,4),(-0.878094851352935,-0.739596214358389),
 .UNSPECIFIED.);
#119=B_SPLINE_CURVE_WITH_KNOTS('',3,(#7247,#7248,#7249,#7250),
 .UNSPECIFIED.,.F.,.F.,(4,4),(-0.114841381177219,-0.030234520043181),
 .UNSPECIFIED.);
#120=B_SPLINE_CURVE_WITH_KNOTS('',3,(#7252,#7253,#7254,#7255,#7256,#7257,
#7258),.UNSPECIFIED.,.F.,.F.,(4,3,4),(-0.404802128586951,-0.192545768810607,
0.),.UNSPECIFIED.);
#121=B_SPLINE_CURVE_WITH_KNOTS('',3,(#7260,#7261,#7262,#7263,#7264,#7265,
#7266,#7267),.UNSPECIFIED.,.F.,.F.,(4,2,2,4),(-0.208313647366208,-0.169614682498121,
-0.100343157376793,0.),.UNSPECIFIED.);
#122=B_SPLINE_CURVE_WITH_KNOTS('',3,(#7316,#7317,#7318,#7319),
 .UNSPECIFIED.,.F.,.F.,(4,4),(-0.090988080833732,2.22044604925031E-15),
 .UNSPECIFIED.);
#123=B_SPLINE_CURVE_WITH_KNOTS('',3,(#7321,#7322,#7323,#7324),
 .UNSPECIFIED.,.F.,.F.,(4,4),(-0.0971264409737698,-0.090988080833732),
 .UNSPECIFIED.);
#124=B_SPLINE_CURVE_WITH_KNOTS('',3,(#7326,#7327,#7328,#7329),
 .UNSPECIFIED.,.F.,.F.,(4,4),(-0.409591690242971,-0.0971264409737698),
 .UNSPECIFIED.);
#125=B_SPLINE_CURVE_WITH_KNOTS('',3,(#7344,#7345,#7346,#7347),
 .UNSPECIFIED.,.F.,.F.,(4,4),(-0.0852797572284684,-0.0681722273934571),
 .UNSPECIFIED.);
#126=B_SPLINE_CURVE_WITH_KNOTS('',3,(#7357,#7358,#7359,#7360),
 .UNSPECIFIED.,.F.,.F.,(4,4),(-0.088848899501803,0.),.UNSPECIFIED.);
#127=B_SPLINE_CURVE_WITH_KNOTS('',3,(#7361,#7362,#7363,#7364,#7365,#7366,
#7367,#7368,#7369,#7370),.UNSPECIFIED.,.F.,.F.,(4,2,2,2,4),(-0.392103326762625,
-0.263682954588951,-0.0910696027872368,-0.030731677952707,-0.0010101959916406),
 .UNSPECIFIED.);
#128=B_SPLINE_CURVE_WITH_KNOTS('',3,(#7475,#7476,#7477,#7478),
 .UNSPECIFIED.,.F.,.F.,(4,4),(1.2105960498328,1.21478481371554),
 .UNSPECIFIED.);
#129=B_SPLINE_CURVE_WITH_KNOTS('',3,(#7510,#7511,#7512,#7513,#7514,#7515,
#7516,#7517,#7518,#7519,#7520,#7521),.UNSPECIFIED.,.F.,.F.,(4,2,2,2,2,4),
(-0.934542652443413,-0.902622831573608,-0.858883350754864,-0.71473254167588,
-0.308909497645061,0.),.UNSPECIFIED.);
#130=B_SPLINE_CURVE_WITH_KNOTS('',3,(#7553,#7554,#7555,#7556,#7557,#7558,
#7559,#7560,#7561,#7562),.UNSPECIFIED.,.F.,.F.,(4,3,3,4),(-1.44204025057612,
-1.43557740359881,-1.3598089315984,-1.34926044602803),.UNSPECIFIED.);
#131=B_SPLINE_CURVE_WITH_KNOTS('',3,(#7607,#7608,#7609,#7610),
 .UNSPECIFIED.,.F.,.F.,(4,4),(-0.0746269064178939,-0.067081866885149),
 .UNSPECIFIED.);
#132=B_SPLINE_CURVE_WITH_KNOTS('',3,(#8415,#8416,#8417,#8418),
 .UNSPECIFIED.,.F.,.F.,(4,4),(-0.0931924791646064,-0.0504424669530955),
 .UNSPECIFIED.);
#133=B_SPLINE_CURVE_WITH_KNOTS('',3,(#8419,#8420,#8421,#8422),
 .UNSPECIFIED.,.F.,.F.,(4,4),(-0.000332080700207342,0.),.UNSPECIFIED.);
#134=B_SPLINE_CURVE_WITH_KNOTS('',3,(#8423,#8424,#8425,#8426),
 .UNSPECIFIED.,.F.,.F.,(4,4),(-0.0503728254799808,-0.0500407238626879),
 .UNSPECIFIED.);
#135=B_SPLINE_CURVE_WITH_KNOTS('',3,(#8461,#8462,#8463,#8464),
 .UNSPECIFIED.,.F.,.F.,(4,4),(-0.0427830227456116,-3.30103727902292E-5),
 .UNSPECIFIED.);
#136=B_SPLINE_CURVE_WITH_KNOTS('',3,(#8465,#8466,#8467,#8468),
 .UNSPECIFIED.,.F.,.F.,(4,4),(-0.000332100433996604,0.),.UNSPECIFIED.);
#137=B_SPLINE_CURVE_WITH_KNOTS('',3,(#8469,#8470,#8471,#8472),
 .UNSPECIFIED.,.F.,.F.,(4,4),(-0.000332054169030593,0.),.UNSPECIFIED.);
#138=B_SPLINE_CURVE_WITH_KNOTS('',3,(#8512,#8513,#8514,#8515),
 .UNSPECIFIED.,.F.,.F.,(4,4),(0.270661231281132,0.349310811021968),
 .UNSPECIFIED.);
#139=FACE_BOUND('',#440,.T.);
#140=FACE_BOUND('',#470,.T.);
#141=FACE_BOUND('',#513,.T.);
#142=FACE_BOUND('',#640,.T.);
#143=FACE_BOUND('',#673,.T.);
#144=CIRCLE('',#4761,0.150000001490116);
#145=CIRCLE('',#4762,0.149999999999999);
#146=CIRCLE('',#4763,0.150000001490116);
#147=CIRCLE('',#4764,0.149999999999999);
#148=CIRCLE('',#4765,0.106255668237037);
#149=CIRCLE('',#4766,0.106255669727154);
#150=CIRCLE('',#4768,0.15);
#151=CIRCLE('',#4771,0.106255668237037);
#152=CIRCLE('',#4778,0.106255669727154);
#153=CIRCLE('',#4786,0.106255669727154);
#154=CIRCLE('',#4787,0.106255669727154);
#155=CIRCLE('',#4795,0.106255668237037);
#156=CIRCLE('',#4796,0.106255668237037);
#157=CIRCLE('',#4799,0.25);
#158=CIRCLE('',#4800,0.25);
#159=CIRCLE('',#4802,0.96123396226415);
#160=CIRCLE('',#4803,0.961233962264147);
#161=CIRCLE('',#4805,0.848479245283015);
#162=CIRCLE('',#4806,0.848479245283018);
#163=CIRCLE('',#4823,0.796799999999999);
#164=CIRCLE('',#4824,0.796799999999999);
#165=CIRCLE('',#4827,0.995999999999999);
#166=CIRCLE('',#4828,0.995999999999999);
#167=CIRCLE('',#4838,0.796799999999997);
#168=CIRCLE('',#4839,0.796799999999997);
#169=CIRCLE('',#4841,0.995999999999996);
#170=CIRCLE('',#4842,0.995999999999996);
#171=CIRCLE('',#4848,0.15);
#172=CIRCLE('',#4865,0.25);
#173=CIRCLE('',#4866,0.249999999999999);
#174=CIRCLE('',#4920,0.100000000000001);
#175=CIRCLE('',#4921,0.100000000000001);
#176=CIRCLE('',#4922,0.100000000000001);
#177=CIRCLE('',#4923,0.100000000000001);
#178=CIRCLE('',#4924,0.100000000000001);
#179=CIRCLE('',#4925,0.100000000000001);
#180=CIRCLE('',#4926,0.100000000000001);
#181=CIRCLE('',#4935,0.100000000000001);
#182=CIRCLE('',#4936,0.100000000000001);
#183=CIRCLE('',#4937,0.100000000000001);
#184=CIRCLE('',#4938,0.100000000000001);
#185=CIRCLE('',#4939,0.100000000000001);
#186=CIRCLE('',#4940,0.100000000000001);
#187=CIRCLE('',#4941,0.100000000000001);
#188=CIRCLE('',#4942,0.100000000000001);
#189=CIRCLE('',#4943,0.100000000000001);
#190=CIRCLE('',#4944,0.100000000000001);
#191=CIRCLE('',#4945,0.100000000000001);
#192=CIRCLE('',#4987,0.249999999999999);
#193=CIRCLE('',#4997,0.25);
#194=FACE_OUTER_BOUND('',#437,.T.);
#195=FACE_OUTER_BOUND('',#438,.T.);
#196=FACE_OUTER_BOUND('',#439,.T.);
#197=FACE_OUTER_BOUND('',#441,.T.);
#198=FACE_OUTER_BOUND('',#442,.T.);
#199=FACE_OUTER_BOUND('',#443,.T.);
#200=FACE_OUTER_BOUND('',#444,.T.);
#201=FACE_OUTER_BOUND('',#445,.T.);
#202=FACE_OUTER_BOUND('',#446,.T.);
#203=FACE_OUTER_BOUND('',#447,.T.);
#204=FACE_OUTER_BOUND('',#448,.T.);
#205=FACE_OUTER_BOUND('',#449,.T.);
#206=FACE_OUTER_BOUND('',#450,.T.);
#207=FACE_OUTER_BOUND('',#451,.T.);
#208=FACE_OUTER_BOUND('',#452,.T.);
#209=FACE_OUTER_BOUND('',#453,.T.);
#210=FACE_OUTER_BOUND('',#454,.T.);
#211=FACE_OUTER_BOUND('',#455,.T.);
#212=FACE_OUTER_BOUND('',#456,.T.);
#213=FACE_OUTER_BOUND('',#457,.T.);
#214=FACE_OUTER_BOUND('',#458,.T.);
#215=FACE_OUTER_BOUND('',#459,.T.);
#216=FACE_OUTER_BOUND('',#460,.T.);
#217=FACE_OUTER_BOUND('',#461,.T.);
#218=FACE_OUTER_BOUND('',#462,.T.);
#219=FACE_OUTER_BOUND('',#463,.T.);
#220=FACE_OUTER_BOUND('',#464,.T.);
#221=FACE_OUTER_BOUND('',#465,.T.);
#222=FACE_OUTER_BOUND('',#466,.T.);
#223=FACE_OUTER_BOUND('',#467,.T.);
#224=FACE_OUTER_BOUND('',#468,.T.);
#225=FACE_OUTER_BOUND('',#469,.T.);
#226=FACE_OUTER_BOUND('',#471,.T.);
#227=FACE_OUTER_BOUND('',#472,.T.);
#228=FACE_OUTER_BOUND('',#473,.T.);
#229=FACE_OUTER_BOUND('',#474,.T.);
#230=FACE_OUTER_BOUND('',#475,.T.);
#231=FACE_OUTER_BOUND('',#476,.T.);
#232=FACE_OUTER_BOUND('',#477,.T.);
#233=FACE_OUTER_BOUND('',#478,.T.);
#234=FACE_OUTER_BOUND('',#479,.T.);
#235=FACE_OUTER_BOUND('',#480,.T.);
#236=FACE_OUTER_BOUND('',#481,.T.);
#237=FACE_OUTER_BOUND('',#482,.T.);
#238=FACE_OUTER_BOUND('',#483,.T.);
#239=FACE_OUTER_BOUND('',#484,.T.);
#240=FACE_OUTER_BOUND('',#485,.T.);
#241=FACE_OUTER_BOUND('',#486,.T.);
#242=FACE_OUTER_BOUND('',#487,.T.);
#243=FACE_OUTER_BOUND('',#488,.T.);
#244=FACE_OUTER_BOUND('',#489,.T.);
#245=FACE_OUTER_BOUND('',#490,.T.);
#246=FACE_OUTER_BOUND('',#491,.T.);
#247=FACE_OUTER_BOUND('',#492,.T.);
#248=FACE_OUTER_BOUND('',#493,.T.);
#249=FACE_OUTER_BOUND('',#494,.T.);
#250=FACE_OUTER_BOUND('',#495,.T.);
#251=FACE_OUTER_BOUND('',#496,.T.);
#252=FACE_OUTER_BOUND('',#497,.T.);
#253=FACE_OUTER_BOUND('',#498,.T.);
#254=FACE_OUTER_BOUND('',#499,.T.);
#255=FACE_OUTER_BOUND('',#500,.T.);
#256=FACE_OUTER_BOUND('',#501,.T.);
#257=FACE_OUTER_BOUND('',#502,.T.);
#258=FACE_OUTER_BOUND('',#503,.T.);
#259=FACE_OUTER_BOUND('',#504,.T.);
#260=FACE_OUTER_BOUND('',#505,.T.);
#261=FACE_OUTER_BOUND('',#506,.T.);
#262=FACE_OUTER_BOUND('',#507,.T.);
#263=FACE_OUTER_BOUND('',#508,.T.);
#264=FACE_OUTER_BOUND('',#509,.T.);
#265=FACE_OUTER_BOUND('',#510,.T.);
#266=FACE_OUTER_BOUND('',#511,.T.);
#267=FACE_OUTER_BOUND('',#512,.T.);
#268=FACE_OUTER_BOUND('',#514,.T.);
#269=FACE_OUTER_BOUND('',#515,.T.);
#270=FACE_OUTER_BOUND('',#516,.T.);
#271=FACE_OUTER_BOUND('',#517,.T.);
#272=FACE_OUTER_BOUND('',#518,.T.);
#273=FACE_OUTER_BOUND('',#519,.T.);
#274=FACE_OUTER_BOUND('',#520,.T.);
#275=FACE_OUTER_BOUND('',#521,.T.);
#276=FACE_OUTER_BOUND('',#522,.T.);
#277=FACE_OUTER_BOUND('',#523,.T.);
#278=FACE_OUTER_BOUND('',#524,.T.);
#279=FACE_OUTER_BOUND('',#525,.T.);
#280=FACE_OUTER_BOUND('',#526,.T.);
#281=FACE_OUTER_BOUND('',#527,.T.);
#282=FACE_OUTER_BOUND('',#528,.T.);
#283=FACE_OUTER_BOUND('',#529,.T.);
#284=FACE_OUTER_BOUND('',#530,.T.);
#285=FACE_OUTER_BOUND('',#531,.T.);
#286=FACE_OUTER_BOUND('',#532,.T.);
#287=FACE_OUTER_BOUND('',#533,.T.);
#288=FACE_OUTER_BOUND('',#534,.T.);
#289=FACE_OUTER_BOUND('',#535,.T.);
#290=FACE_OUTER_BOUND('',#536,.T.);
#291=FACE_OUTER_BOUND('',#537,.T.);
#292=FACE_OUTER_BOUND('',#538,.T.);
#293=FACE_OUTER_BOUND('',#539,.T.);
#294=FACE_OUTER_BOUND('',#540,.T.);
#295=FACE_OUTER_BOUND('',#541,.T.);
#296=FACE_OUTER_BOUND('',#542,.T.);
#297=FACE_OUTER_BOUND('',#543,.T.);
#298=FACE_OUTER_BOUND('',#544,.T.);
#299=FACE_OUTER_BOUND('',#545,.T.);
#300=FACE_OUTER_BOUND('',#546,.T.);
#301=FACE_OUTER_BOUND('',#547,.T.);
#302=FACE_OUTER_BOUND('',#548,.T.);
#303=FACE_OUTER_BOUND('',#549,.T.);
#304=FACE_OUTER_BOUND('',#550,.T.);
#305=FACE_OUTER_BOUND('',#551,.T.);
#306=FACE_OUTER_BOUND('',#552,.T.);
#307=FACE_OUTER_BOUND('',#553,.T.);
#308=FACE_OUTER_BOUND('',#554,.T.);
#309=FACE_OUTER_BOUND('',#555,.T.);
#310=FACE_OUTER_BOUND('',#556,.T.);
#311=FACE_OUTER_BOUND('',#557,.T.);
#312=FACE_OUTER_BOUND('',#558,.T.);
#313=FACE_OUTER_BOUND('',#559,.T.);
#314=FACE_OUTER_BOUND('',#560,.T.);
#315=FACE_OUTER_BOUND('',#561,.T.);
#316=FACE_OUTER_BOUND('',#562,.T.);
#317=FACE_OUTER_BOUND('',#563,.T.);
#318=FACE_OUTER_BOUND('',#564,.T.);
#319=FACE_OUTER_BOUND('',#565,.T.);
#320=FACE_OUTER_BOUND('',#566,.T.);
#321=FACE_OUTER_BOUND('',#567,.T.);
#322=FACE_OUTER_BOUND('',#568,.T.);
#323=FACE_OUTER_BOUND('',#569,.T.);
#324=FACE_OUTER_BOUND('',#570,.T.);
#325=FACE_OUTER_BOUND('',#571,.T.);
#326=FACE_OUTER_BOUND('',#572,.T.);
#327=FACE_OUTER_BOUND('',#573,.T.);
#328=FACE_OUTER_BOUND('',#574,.T.);
#329=FACE_OUTER_BOUND('',#575,.T.);
#330=FACE_OUTER_BOUND('',#576,.T.);
#331=FACE_OUTER_BOUND('',#577,.T.);
#332=FACE_OUTER_BOUND('',#578,.T.);
#333=FACE_OUTER_BOUND('',#579,.T.);
#334=FACE_OUTER_BOUND('',#580,.T.);
#335=FACE_OUTER_BOUND('',#581,.T.);
#336=FACE_OUTER_BOUND('',#582,.T.);
#337=FACE_OUTER_BOUND('',#583,.T.);
#338=FACE_OUTER_BOUND('',#584,.T.);
#339=FACE_OUTER_BOUND('',#585,.T.);
#340=FACE_OUTER_BOUND('',#586,.T.);
#341=FACE_OUTER_BOUND('',#587,.T.);
#342=FACE_OUTER_BOUND('',#588,.T.);
#343=FACE_OUTER_BOUND('',#589,.T.);
#344=FACE_OUTER_BOUND('',#590,.T.);
#345=FACE_OUTER_BOUND('',#591,.T.);
#346=FACE_OUTER_BOUND('',#592,.T.);
#347=FACE_OUTER_BOUND('',#593,.T.);
#348=FACE_OUTER_BOUND('',#594,.T.);
#349=FACE_OUTER_BOUND('',#595,.T.);
#350=FACE_OUTER_BOUND('',#596,.T.);
#351=FACE_OUTER_BOUND('',#597,.T.);
#352=FACE_OUTER_BOUND('',#598,.T.);
#353=FACE_OUTER_BOUND('',#599,.T.);
#354=FACE_OUTER_BOUND('',#600,.T.);
#355=FACE_OUTER_BOUND('',#601,.T.);
#356=FACE_OUTER_BOUND('',#602,.T.);
#357=FACE_OUTER_BOUND('',#603,.T.);
#358=FACE_OUTER_BOUND('',#604,.T.);
#359=FACE_OUTER_BOUND('',#605,.T.);
#360=FACE_OUTER_BOUND('',#606,.T.);
#361=FACE_OUTER_BOUND('',#607,.T.);
#362=FACE_OUTER_BOUND('',#608,.T.);
#363=FACE_OUTER_BOUND('',#609,.T.);
#364=FACE_OUTER_BOUND('',#610,.T.);
#365=FACE_OUTER_BOUND('',#611,.T.);
#366=FACE_OUTER_BOUND('',#612,.T.);
#367=FACE_OUTER_BOUND('',#613,.T.);
#368=FACE_OUTER_BOUND('',#614,.T.);
#369=FACE_OUTER_BOUND('',#615,.T.);
#370=FACE_OUTER_BOUND('',#616,.T.);
#371=FACE_OUTER_BOUND('',#617,.T.);
#372=FACE_OUTER_BOUND('',#618,.T.);
#373=FACE_OUTER_BOUND('',#619,.T.);
#374=FACE_OUTER_BOUND('',#620,.T.);
#375=FACE_OUTER_BOUND('',#621,.T.);
#376=FACE_OUTER_BOUND('',#622,.T.);
#377=FACE_OUTER_BOUND('',#623,.T.);
#378=FACE_OUTER_BOUND('',#624,.T.);
#379=FACE_OUTER_BOUND('',#625,.T.);
#380=FACE_OUTER_BOUND('',#626,.T.);
#381=FACE_OUTER_BOUND('',#627,.T.);
#382=FACE_OUTER_BOUND('',#628,.T.);
#383=FACE_OUTER_BOUND('',#629,.T.);
#384=FACE_OUTER_BOUND('',#630,.T.);
#385=FACE_OUTER_BOUND('',#631,.T.);
#386=FACE_OUTER_BOUND('',#632,.T.);
#387=FACE_OUTER_BOUND('',#633,.T.);
#388=FACE_OUTER_BOUND('',#634,.T.);
#389=FACE_OUTER_BOUND('',#635,.T.);
#390=FACE_OUTER_BOUND('',#636,.T.);
#391=FACE_OUTER_BOUND('',#637,.T.);
#392=FACE_OUTER_BOUND('',#638,.T.);
#393=FACE_OUTER_BOUND('',#639,.T.);
#394=FACE_OUTER_BOUND('',#641,.T.);
#395=FACE_OUTER_BOUND('',#642,.T.);
#396=FACE_OUTER_BOUND('',#643,.T.);
#397=FACE_OUTER_BOUND('',#644,.T.);
#398=FACE_OUTER_BOUND('',#645,.T.);
#399=FACE_OUTER_BOUND('',#646,.T.);
#400=FACE_OUTER_BOUND('',#647,.T.);
#401=FACE_OUTER_BOUND('',#648,.T.);
#402=FACE_OUTER_BOUND('',#649,.T.);
#403=FACE_OUTER_BOUND('',#650,.T.);
#404=FACE_OUTER_BOUND('',#651,.T.);
#405=FACE_OUTER_BOUND('',#652,.T.);
#406=FACE_OUTER_BOUND('',#653,.T.);
#407=FACE_OUTER_BOUND('',#654,.T.);
#408=FACE_OUTER_BOUND('',#655,.T.);
#409=FACE_OUTER_BOUND('',#656,.T.);
#410=FACE_OUTER_BOUND('',#657,.T.);
#411=FACE_OUTER_BOUND('',#658,.T.);
#412=FACE_OUTER_BOUND('',#659,.T.);
#413=FACE_OUTER_BOUND('',#660,.T.);
#414=FACE_OUTER_BOUND('',#661,.T.);
#415=FACE_OUTER_BOUND('',#662,.T.);
#416=FACE_OUTER_BOUND('',#663,.T.);
#417=FACE_OUTER_BOUND('',#664,.T.);
#418=FACE_OUTER_BOUND('',#665,.T.);
#419=FACE_OUTER_BOUND('',#666,.T.);
#420=FACE_OUTER_BOUND('',#667,.T.);
#421=FACE_OUTER_BOUND('',#668,.T.);
#422=FACE_OUTER_BOUND('',#669,.T.);
#423=FACE_OUTER_BOUND('',#670,.T.);
#424=FACE_OUTER_BOUND('',#671,.T.);
#425=FACE_OUTER_BOUND('',#672,.T.);
#426=FACE_OUTER_BOUND('',#674,.T.);
#427=FACE_OUTER_BOUND('',#675,.T.);
#428=FACE_OUTER_BOUND('',#676,.T.);
#429=FACE_OUTER_BOUND('',#677,.T.);
#430=FACE_OUTER_BOUND('',#678,.T.);
#431=FACE_OUTER_BOUND('',#679,.T.);
#432=FACE_OUTER_BOUND('',#680,.T.);
#433=FACE_OUTER_BOUND('',#681,.T.);
#434=FACE_OUTER_BOUND('',#682,.T.);
#435=FACE_OUTER_BOUND('',#683,.T.);
#436=FACE_OUTER_BOUND('',#684,.T.);
#437=EDGE_LOOP('',(#2953,#2954,#2955));
#438=EDGE_LOOP('',(#2956,#2957,#2958,#2959));
#439=EDGE_LOOP('',(#2960,#2961,#2962,#2963,#2964,#2965,#2966,#2967,#2968,
#2969,#2970,#2971,#2972,#2973,#2974,#2975,#2976,#2977,#2978,#2979,#2980));
#440=EDGE_LOOP('',(#2981,#2982,#2983,#2984,#2985,#2986,#2987,#2988,#2989,
#2990,#2991,#2992,#2993,#2994,#2995,#2996,#2997,#2998,#2999,#3000));
#441=EDGE_LOOP('',(#3001,#3002,#3003,#3004,#3005,#3006,#3007,#3008,#3009,
#3010,#3011,#3012,#3013,#3014,#3015,#3016,#3017,#3018,#3019,#3020,#3021,
#3022,#3023,#3024,#3025,#3026,#3027,#3028,#3029,#3030,#3031,#3032,#3033,
#3034,#3035,#3036,#3037,#3038,#3039,#3040,#3041,#3042,#3043,#3044,#3045,
#3046,#3047,#3048,#3049,#3050,#3051,#3052,#3053,#3054));
#442=EDGE_LOOP('',(#3055,#3056,#3057));
#443=EDGE_LOOP('',(#3058,#3059,#3060,#3061));
#444=EDGE_LOOP('',(#3062,#3063,#3064,#3065));
#445=EDGE_LOOP('',(#3066,#3067,#3068,#3069));
#446=EDGE_LOOP('',(#3070,#3071,#3072,#3073));
#447=EDGE_LOOP('',(#3074,#3075,#3076,#3077));
#448=EDGE_LOOP('',(#3078,#3079,#3080,#3081));
#449=EDGE_LOOP('',(#3082,#3083,#3084,#3085));
#450=EDGE_LOOP('',(#3086,#3087,#3088,#3089));
#451=EDGE_LOOP('',(#3090,#3091,#3092,#3093));
#452=EDGE_LOOP('',(#3094,#3095,#3096,#3097));
#453=EDGE_LOOP('',(#3098,#3099,#3100,#3101));
#454=EDGE_LOOP('',(#3102,#3103,#3104,#3105));
#455=EDGE_LOOP('',(#3106,#3107,#3108,#3109));
#456=EDGE_LOOP('',(#3110,#3111,#3112,#3113));
#457=EDGE_LOOP('',(#3114,#3115,#3116,#3117));
#458=EDGE_LOOP('',(#3118,#3119,#3120,#3121));
#459=EDGE_LOOP('',(#3122,#3123,#3124,#3125));
#460=EDGE_LOOP('',(#3126,#3127,#3128,#3129));
#461=EDGE_LOOP('',(#3130,#3131,#3132,#3133));
#462=EDGE_LOOP('',(#3134,#3135,#3136,#3137));
#463=EDGE_LOOP('',(#3138,#3139,#3140,#3141));
#464=EDGE_LOOP('',(#3142,#3143,#3144,#3145,#3146,#3147,#3148,#3149,#3150,
#3151,#3152,#3153,#3154));
#465=EDGE_LOOP('',(#3155,#3156,#3157,#3158));
#466=EDGE_LOOP('',(#3159,#3160,#3161,#3162,#3163,#3164,#3165,#3166,#3167,
#3168,#3169,#3170,#3171,#3172,#3173));
#467=EDGE_LOOP('',(#3174,#3175,#3176,#3177,#3178,#3179,#3180,#3181,#3182,
#3183,#3184,#3185,#3186,#3187,#3188,#3189,#3190,#3191,#3192));
#468=EDGE_LOOP('',(#3193,#3194,#3195,#3196,#3197,#3198,#3199));
#469=EDGE_LOOP('',(#3200,#3201,#3202,#3203,#3204,#3205,#3206,#3207,#3208,
#3209,#3210));
#470=EDGE_LOOP('',(#3211,#3212,#3213));
#471=EDGE_LOOP('',(#3214,#3215,#3216,#3217,#3218));
#472=EDGE_LOOP('',(#3219,#3220,#3221));
#473=EDGE_LOOP('',(#3222,#3223,#3224,#3225,#3226,#3227,#3228,#3229,#3230,
#3231,#3232,#3233,#3234,#3235,#3236,#3237,#3238,#3239,#3240));
#474=EDGE_LOOP('',(#3241,#3242,#3243,#3244,#3245,#3246));
#475=EDGE_LOOP('',(#3247,#3248,#3249,#3250));
#476=EDGE_LOOP('',(#3251,#3252,#3253,#3254));
#477=EDGE_LOOP('',(#3255,#3256,#3257,#3258,#3259));
#478=EDGE_LOOP('',(#3260,#3261,#3262,#3263));
#479=EDGE_LOOP('',(#3264,#3265,#3266,#3267,#3268,#3269,#3270));
#480=EDGE_LOOP('',(#3271,#3272,#3273,#3274,#3275,#3276));
#481=EDGE_LOOP('',(#3277,#3278,#3279,#3280,#3281));
#482=EDGE_LOOP('',(#3282,#3283,#3284,#3285,#3286));
#483=EDGE_LOOP('',(#3287,#3288,#3289,#3290,#3291,#3292,#3293));
#484=EDGE_LOOP('',(#3294,#3295,#3296,#3297));
#485=EDGE_LOOP('',(#3298,#3299,#3300,#3301,#3302,#3303));
#486=EDGE_LOOP('',(#3304,#3305,#3306,#3307));
#487=EDGE_LOOP('',(#3308,#3309,#3310,#3311));
#488=EDGE_LOOP('',(#3312,#3313,#3314,#3315));
#489=EDGE_LOOP('',(#3316,#3317,#3318,#3319));
#490=EDGE_LOOP('',(#3320,#3321,#3322,#3323));
#491=EDGE_LOOP('',(#3324,#3325,#3326,#3327,#3328));
#492=EDGE_LOOP('',(#3329,#3330,#3331,#3332,#3333));
#493=EDGE_LOOP('',(#3334,#3335,#3336,#3337,#3338,#3339,#3340));
#494=EDGE_LOOP('',(#3341,#3342,#3343,#3344));
#495=EDGE_LOOP('',(#3345,#3346,#3347,#3348));
#496=EDGE_LOOP('',(#3349,#3350,#3351,#3352));
#497=EDGE_LOOP('',(#3353,#3354,#3355,#3356));
#498=EDGE_LOOP('',(#3357,#3358,#3359,#3360));
#499=EDGE_LOOP('',(#3361,#3362,#3363,#3364,#3365,#3366,#3367));
#500=EDGE_LOOP('',(#3368,#3369,#3370,#3371,#3372,#3373,#3374,#3375,#3376,
#3377,#3378));
#501=EDGE_LOOP('',(#3379,#3380,#3381));
#502=EDGE_LOOP('',(#3382,#3383,#3384,#3385,#3386,#3387,#3388,#3389));
#503=EDGE_LOOP('',(#3390,#3391,#3392,#3393));
#504=EDGE_LOOP('',(#3394,#3395,#3396,#3397,#3398,#3399,#3400));
#505=EDGE_LOOP('',(#3401,#3402,#3403,#3404,#3405,#3406,#3407,#3408));
#506=EDGE_LOOP('',(#3409,#3410,#3411,#3412));
#507=EDGE_LOOP('',(#3413,#3414,#3415,#3416));
#508=EDGE_LOOP('',(#3417,#3418,#3419,#3420));
#509=EDGE_LOOP('',(#3421,#3422,#3423,#3424));
#510=EDGE_LOOP('',(#3425,#3426,#3427,#3428,#3429,#3430,#3431,#3432));
#511=EDGE_LOOP('',(#3433,#3434,#3435,#3436));
#512=EDGE_LOOP('',(#3437,#3438,#3439,#3440,#3441,#3442,#3443,#3444,#3445,
#3446,#3447,#3448,#3449,#3450,#3451,#3452,#3453));
#513=EDGE_LOOP('',(#3454));
#514=EDGE_LOOP('',(#3455,#3456,#3457,#3458));
#515=EDGE_LOOP('',(#3459,#3460,#3461,#3462));
#516=EDGE_LOOP('',(#3463,#3464,#3465,#3466));
#517=EDGE_LOOP('',(#3467,#3468,#3469,#3470,#3471,#3472,#3473,#3474,#3475));
#518=EDGE_LOOP('',(#3476,#3477,#3478,#3479,#3480,#3481,#3482));
#519=EDGE_LOOP('',(#3483,#3484,#3485));
#520=EDGE_LOOP('',(#3486,#3487,#3488,#3489,#3490,#3491,#3492,#3493));
#521=EDGE_LOOP('',(#3494,#3495,#3496,#3497));
#522=EDGE_LOOP('',(#3498,#3499,#3500,#3501,#3502));
#523=EDGE_LOOP('',(#3503,#3504,#3505,#3506));
#524=EDGE_LOOP('',(#3507,#3508,#3509,#3510,#3511,#3512,#3513,#3514,#3515,
#3516,#3517));
#525=EDGE_LOOP('',(#3518,#3519,#3520,#3521));
#526=EDGE_LOOP('',(#3522,#3523,#3524,#3525,#3526,#3527,#3528,#3529,#3530,
#3531,#3532,#3533,#3534));
#527=EDGE_LOOP('',(#3535,#3536,#3537,#3538,#3539,#3540,#3541,#3542,#3543,
#3544));
#528=EDGE_LOOP('',(#3545,#3546,#3547,#3548,#3549,#3550,#3551,#3552,#3553));
#529=EDGE_LOOP('',(#3554,#3555,#3556,#3557));
#530=EDGE_LOOP('',(#3558,#3559,#3560,#3561,#3562,#3563,#3564,#3565,#3566,
#3567,#3568,#3569,#3570,#3571));
#531=EDGE_LOOP('',(#3572,#3573,#3574));
#532=EDGE_LOOP('',(#3575,#3576,#3577));
#533=EDGE_LOOP('',(#3578,#3579,#3580));
#534=EDGE_LOOP('',(#3581,#3582,#3583,#3584,#3585,#3586,#3587,#3588,#3589,
#3590,#3591));
#535=EDGE_LOOP('',(#3592,#3593,#3594,#3595,#3596,#3597,#3598,#3599));
#536=EDGE_LOOP('',(#3600,#3601,#3602,#3603));
#537=EDGE_LOOP('',(#3604,#3605,#3606));
#538=EDGE_LOOP('',(#3607,#3608,#3609));
#539=EDGE_LOOP('',(#3610,#3611,#3612));
#540=EDGE_LOOP('',(#3613,#3614,#3615,#3616));
#541=EDGE_LOOP('',(#3617,#3618,#3619,#3620,#3621,#3622));
#542=EDGE_LOOP('',(#3623,#3624,#3625,#3626,#3627,#3628,#3629));
#543=EDGE_LOOP('',(#3630,#3631,#3632,#3633,#3634));
#544=EDGE_LOOP('',(#3635,#3636,#3637));
#545=EDGE_LOOP('',(#3638,#3639,#3640,#3641));
#546=EDGE_LOOP('',(#3642,#3643,#3644,#3645,#3646,#3647,#3648,#3649,#3650,
#3651));
#547=EDGE_LOOP('',(#3652,#3653,#3654,#3655));
#548=EDGE_LOOP('',(#3656,#3657,#3658,#3659));
#549=EDGE_LOOP('',(#3660,#3661,#3662,#3663));
#550=EDGE_LOOP('',(#3664,#3665,#3666,#3667));
#551=EDGE_LOOP('',(#3668,#3669,#3670,#3671));
#552=EDGE_LOOP('',(#3672,#3673,#3674,#3675,#3676,#3677,#3678,#3679,#3680,
#3681,#3682,#3683,#3684));
#553=EDGE_LOOP('',(#3685,#3686,#3687,#3688));
#554=EDGE_LOOP('',(#3689,#3690,#3691,#3692));
#555=EDGE_LOOP('',(#3693,#3694,#3695,#3696,#3697));
#556=EDGE_LOOP('',(#3698,#3699,#3700,#3701));
#557=EDGE_LOOP('',(#3702,#3703,#3704,#3705,#3706));
#558=EDGE_LOOP('',(#3707,#3708,#3709,#3710,#3711,#3712,#3713,#3714,#3715));
#559=EDGE_LOOP('',(#3716,#3717,#3718,#3719,#3720,#3721,#3722,#3723));
#560=EDGE_LOOP('',(#3724,#3725,#3726,#3727,#3728));
#561=EDGE_LOOP('',(#3729,#3730,#3731,#3732));
#562=EDGE_LOOP('',(#3733,#3734,#3735,#3736,#3737,#3738,#3739,#3740));
#563=EDGE_LOOP('',(#3741,#3742,#3743,#3744,#3745));
#564=EDGE_LOOP('',(#3746,#3747,#3748,#3749));
#565=EDGE_LOOP('',(#3750,#3751,#3752,#3753,#3754));
#566=EDGE_LOOP('',(#3755,#3756,#3757));
#567=EDGE_LOOP('',(#3758,#3759,#3760));
#568=EDGE_LOOP('',(#3761,#3762,#3763));
#569=EDGE_LOOP('',(#3764,#3765,#3766,#3767));
#570=EDGE_LOOP('',(#3768,#3769,#3770,#3771,#3772));
#571=EDGE_LOOP('',(#3773,#3774,#3775,#3776,#3777,#3778));
#572=EDGE_LOOP('',(#3779,#3780,#3781,#3782));
#573=EDGE_LOOP('',(#3783,#3784,#3785,#3786));
#574=EDGE_LOOP('',(#3787,#3788,#3789,#3790));
#575=EDGE_LOOP('',(#3791,#3792,#3793));
#576=EDGE_LOOP('',(#3794,#3795,#3796));
#577=EDGE_LOOP('',(#3797,#3798,#3799,#3800));
#578=EDGE_LOOP('',(#3801,#3802,#3803,#3804,#3805,#3806,#3807));
#579=EDGE_LOOP('',(#3808,#3809,#3810));
#580=EDGE_LOOP('',(#3811,#3812,#3813,#3814));
#581=EDGE_LOOP('',(#3815,#3816,#3817,#3818));
#582=EDGE_LOOP('',(#3819,#3820,#3821,#3822));
#583=EDGE_LOOP('',(#3823,#3824,#3825,#3826));
#584=EDGE_LOOP('',(#3827,#3828,#3829,#3830));
#585=EDGE_LOOP('',(#3831,#3832,#3833,#3834));
#586=EDGE_LOOP('',(#3835,#3836,#3837,#3838));
#587=EDGE_LOOP('',(#3839,#3840,#3841,#3842));
#588=EDGE_LOOP('',(#3843,#3844,#3845,#3846));
#589=EDGE_LOOP('',(#3847,#3848,#3849,#3850,#3851,#3852,#3853,#3854,#3855,
#3856,#3857,#3858));
#590=EDGE_LOOP('',(#3859,#3860,#3861,#3862));
#591=EDGE_LOOP('',(#3863,#3864,#3865,#3866,#3867));
#592=EDGE_LOOP('',(#3868,#3869,#3870,#3871));
#593=EDGE_LOOP('',(#3872,#3873,#3874,#3875));
#594=EDGE_LOOP('',(#3876,#3877,#3878,#3879));
#595=EDGE_LOOP('',(#3880,#3881,#3882,#3883));
#596=EDGE_LOOP('',(#3884,#3885,#3886,#3887,#3888));
#597=EDGE_LOOP('',(#3889,#3890,#3891,#3892,#3893));
#598=EDGE_LOOP('',(#3894,#3895,#3896,#3897));
#599=EDGE_LOOP('',(#3898,#3899,#3900,#3901));
#600=EDGE_LOOP('',(#3902,#3903,#3904,#3905));
#601=EDGE_LOOP('',(#3906,#3907,#3908,#3909));
#602=EDGE_LOOP('',(#3910,#3911,#3912,#3913));
#603=EDGE_LOOP('',(#3914,#3915,#3916,#3917));
#604=EDGE_LOOP('',(#3918,#3919,#3920,#3921));
#605=EDGE_LOOP('',(#3922,#3923,#3924,#3925,#3926,#3927));
#606=EDGE_LOOP('',(#3928,#3929,#3930,#3931,#3932));
#607=EDGE_LOOP('',(#3933,#3934,#3935,#3936));
#608=EDGE_LOOP('',(#3937,#3938,#3939,#3940,#3941,#3942,#3943));
#609=EDGE_LOOP('',(#3944,#3945,#3946,#3947,#3948,#3949,#3950,#3951,#3952,
#3953,#3954,#3955,#3956,#3957,#3958,#3959,#3960,#3961,#3962));
#610=EDGE_LOOP('',(#3963,#3964,#3965,#3966));
#611=EDGE_LOOP('',(#3967,#3968,#3969,#3970));
#612=EDGE_LOOP('',(#3971,#3972,#3973,#3974));
#613=EDGE_LOOP('',(#3975,#3976,#3977,#3978));
#614=EDGE_LOOP('',(#3979,#3980,#3981,#3982));
#615=EDGE_LOOP('',(#3983,#3984,#3985,#3986));
#616=EDGE_LOOP('',(#3987,#3988,#3989,#3990));
#617=EDGE_LOOP('',(#3991,#3992,#3993,#3994));
#618=EDGE_LOOP('',(#3995,#3996,#3997,#3998));
#619=EDGE_LOOP('',(#3999,#4000,#4001,#4002));
#620=EDGE_LOOP('',(#4003,#4004,#4005,#4006));
#621=EDGE_LOOP('',(#4007,#4008,#4009,#4010));
#622=EDGE_LOOP('',(#4011,#4012,#4013,#4014));
#623=EDGE_LOOP('',(#4015,#4016,#4017,#4018));
#624=EDGE_LOOP('',(#4019,#4020,#4021,#4022));
#625=EDGE_LOOP('',(#4023,#4024,#4025,#4026));
#626=EDGE_LOOP('',(#4027,#4028,#4029,#4030));
#627=EDGE_LOOP('',(#4031,#4032,#4033,#4034));
#628=EDGE_LOOP('',(#4035,#4036,#4037,#4038));
#629=EDGE_LOOP('',(#4039,#4040,#4041,#4042));
#630=EDGE_LOOP('',(#4043,#4044,#4045,#4046));
#631=EDGE_LOOP('',(#4047,#4048,#4049,#4050));
#632=EDGE_LOOP('',(#4051,#4052,#4053,#4054));
#633=EDGE_LOOP('',(#4055,#4056,#4057,#4058));
#634=EDGE_LOOP('',(#4059,#4060,#4061,#4062,#4063));
#635=EDGE_LOOP('',(#4064,#4065,#4066,#4067));
#636=EDGE_LOOP('',(#4068,#4069,#4070,#4071));
#637=EDGE_LOOP('',(#4072,#4073,#4074,#4075,#4076));
#638=EDGE_LOOP('',(#4077,#4078,#4079));
#639=EDGE_LOOP('',(#4080,#4081,#4082,#4083,#4084,#4085,#4086,#4087));
#640=EDGE_LOOP('',(#4088,#4089,#4090));
#641=EDGE_LOOP('',(#4091,#4092,#4093,#4094,#4095));
#642=EDGE_LOOP('',(#4096,#4097,#4098,#4099,#4100));
#643=EDGE_LOOP('',(#4101,#4102,#4103,#4104));
#644=EDGE_LOOP('',(#4105,#4106,#4107,#4108));
#645=EDGE_LOOP('',(#4109,#4110,#4111,#4112));
#646=EDGE_LOOP('',(#4113,#4114,#4115,#4116));
#647=EDGE_LOOP('',(#4117,#4118,#4119,#4120));
#648=EDGE_LOOP('',(#4121,#4122,#4123,#4124));
#649=EDGE_LOOP('',(#4125,#4126,#4127,#4128,#4129));
#650=EDGE_LOOP('',(#4130,#4131,#4132,#4133,#4134,#4135,#4136));
#651=EDGE_LOOP('',(#4137,#4138,#4139,#4140));
#652=EDGE_LOOP('',(#4141,#4142,#4143,#4144,#4145,#4146,#4147));
#653=EDGE_LOOP('',(#4148,#4149,#4150,#4151));
#654=EDGE_LOOP('',(#4152,#4153,#4154,#4155));
#655=EDGE_LOOP('',(#4156,#4157,#4158,#4159));
#656=EDGE_LOOP('',(#4160,#4161,#4162,#4163));
#657=EDGE_LOOP('',(#4164,#4165,#4166,#4167));
#658=EDGE_LOOP('',(#4168,#4169,#4170));
#659=EDGE_LOOP('',(#4171,#4172,#4173));
#660=EDGE_LOOP('',(#4174,#4175,#4176,#4177));
#661=EDGE_LOOP('',(#4178,#4179,#4180,#4181));
#662=EDGE_LOOP('',(#4182,#4183,#4184,#4185));
#663=EDGE_LOOP('',(#4186,#4187,#4188,#4189,#4190,#4191,#4192,#4193));
#664=EDGE_LOOP('',(#4194,#4195,#4196,#4197));
#665=EDGE_LOOP('',(#4198,#4199,#4200,#4201));
#666=EDGE_LOOP('',(#4202,#4203,#4204,#4205));
#667=EDGE_LOOP('',(#4206,#4207,#4208,#4209));
#668=EDGE_LOOP('',(#4210,#4211,#4212,#4213,#4214,#4215,#4216,#4217,#4218,
#4219,#4220,#4221,#4222,#4223,#4224,#4225,#4226));
#669=EDGE_LOOP('',(#4227,#4228,#4229,#4230));
#670=EDGE_LOOP('',(#4231,#4232,#4233,#4234,#4235,#4236));
#671=EDGE_LOOP('',(#4237,#4238,#4239,#4240));
#672=EDGE_LOOP('',(#4241,#4242,#4243,#4244,#4245,#4246,#4247,#4248,#4249,
#4250,#4251,#4252,#4253,#4254,#4255,#4256,#4257,#4258,#4259,#4260,#4261));
#673=EDGE_LOOP('',(#4262));
#674=EDGE_LOOP('',(#4263,#4264,#4265,#4266,#4267));
#675=EDGE_LOOP('',(#4268,#4269,#4270,#4271));
#676=EDGE_LOOP('',(#4272,#4273,#4274,#4275));
#677=EDGE_LOOP('',(#4276,#4277,#4278,#4279,#4280,#4281));
#678=EDGE_LOOP('',(#4282,#4283,#4284,#4285));
#679=EDGE_LOOP('',(#4286,#4287,#4288,#4289,#4290,#4291,#4292,#4293,#4294,
#4295));
#680=EDGE_LOOP('',(#4296,#4297,#4298,#4299,#4300,#4301,#4302,#4303,#4304));
#681=EDGE_LOOP('',(#4305,#4306,#4307,#4308));
#682=EDGE_LOOP('',(#4309,#4310,#4311,#4312));
#683=EDGE_LOOP('',(#4313,#4314,#4315,#4316));
#684=EDGE_LOOP('',(#4317,#4318,#4319,#4320));
#685=LINE('',#6090,#1258);
#686=LINE('',#6092,#1259);
#687=LINE('',#6093,#1260);
#688=LINE('',#6096,#1261);
#689=LINE('',#6098,#1262);
#690=LINE('',#6099,#1263);
#691=LINE('',#6103,#1264);
#692=LINE('',#6105,#1265);
#693=LINE('',#6107,#1266);
#694=LINE('',#6109,#1267);
#695=LINE('',#6111,#1268);
#696=LINE('',#6113,#1269);
#697=LINE('',#6115,#1270);
#698=LINE('',#6117,#1271);
#699=LINE('',#6121,#1272);
#700=LINE('',#6123,#1273);
#701=LINE('',#6125,#1274);
#702=LINE('',#6127,#1275);
#703=LINE('',#6129,#1276);
#704=LINE('',#6131,#1277);
#705=LINE('',#6135,#1278);
#706=LINE('',#6137,#1279);
#707=LINE('',#6139,#1280);
#708=LINE('',#6141,#1281);
#709=LINE('',#6142,#1282);
#710=LINE('',#6144,#1283);
#711=LINE('',#6148,#1284);
#712=LINE('',#6150,#1285);
#713=LINE('',#6152,#1286);
#714=LINE('',#6154,#1287);
#715=LINE('',#6156,#1288);
#716=LINE('',#6158,#1289);
#717=LINE('',#6162,#1290);
#718=LINE('',#6166,#1291);
#719=LINE('',#6168,#1292);
#720=LINE('',#6170,#1293);
#721=LINE('',#6172,#1294);
#722=LINE('',#6174,#1295);
#723=LINE('',#6176,#1296);
#724=LINE('',#6180,#1297);
#725=LINE('',#6182,#1298);
#726=LINE('',#6184,#1299);
#727=LINE('',#6186,#1300);
#728=LINE('',#6199,#1301);
#729=LINE('',#6201,#1302);
#730=LINE('',#6203,#1303);
#731=LINE('',#6205,#1304);
#732=LINE('',#6207,#1305);
#733=LINE('',#6209,#1306);
#734=LINE('',#6211,#1307);
#735=LINE('',#6224,#1308);
#736=LINE('',#6226,#1309);
#737=LINE('',#6227,#1310);
#738=LINE('',#6229,#1311);
#739=LINE('',#6231,#1312);
#740=LINE('',#6233,#1313);
#741=LINE('',#6235,#1314);
#742=LINE('',#6236,#1315);
#743=LINE('',#6238,#1316);
#744=LINE('',#6240,#1317);
#745=LINE('',#6242,#1318);
#746=LINE('',#6244,#1319);
#747=LINE('',#6246,#1320);
#748=LINE('',#6248,#1321);
#749=LINE('',#6250,#1322);
#750=LINE('',#6252,#1323);
#751=LINE('',#6254,#1324);
#752=LINE('',#6256,#1325);
#753=LINE('',#6258,#1326);
#754=LINE('',#6260,#1327);
#755=LINE('',#6262,#1328);
#756=LINE('',#6264,#1329);
#757=LINE('',#6268,#1330);
#758=LINE('',#6270,#1331);
#759=LINE('',#6272,#1332);
#760=LINE('',#6274,#1333);
#761=LINE('',#6276,#1334);
#762=LINE('',#6278,#1335);
#763=LINE('',#6280,#1336);
#764=LINE('',#6282,#1337);
#765=LINE('',#6284,#1338);
#766=LINE('',#6286,#1339);
#767=LINE('',#6288,#1340);
#768=LINE('',#6290,#1341);
#769=LINE('',#6292,#1342);
#770=LINE('',#6294,#1343);
#771=LINE('',#6295,#1344);
#772=LINE('',#6301,#1345);
#773=LINE('',#6310,#1346);
#774=LINE('',#6312,#1347);
#775=LINE('',#6313,#1348);
#776=LINE('',#6316,#1349);
#777=LINE('',#6317,#1350);
#778=LINE('',#6320,#1351);
#779=LINE('',#6321,#1352);
#780=LINE('',#6323,#1353);
#781=LINE('',#6324,#1354);
#782=LINE('',#6328,#1355);
#783=LINE('',#6332,#1356);
#784=LINE('',#6333,#1357);
#785=LINE('',#6335,#1358);
#786=LINE('',#6338,#1359);
#787=LINE('',#6340,#1360);
#788=LINE('',#6341,#1361);
#789=LINE('',#6344,#1362);
#790=LINE('',#6346,#1363);
#791=LINE('',#6347,#1364);
#792=LINE('',#6350,#1365);
#793=LINE('',#6352,#1366);
#794=LINE('',#6353,#1367);
#795=LINE('',#6356,#1368);
#796=LINE('',#6358,#1369);
#797=LINE('',#6359,#1370);
#798=LINE('',#6364,#1371);
#799=LINE('',#6368,#1372);
#800=LINE('',#6370,#1373);
#801=LINE('',#6371,#1374);
#802=LINE('',#6374,#1375);
#803=LINE('',#6376,#1376);
#804=LINE('',#6377,#1377);
#805=LINE('',#6380,#1378);
#806=LINE('',#6382,#1379);
#807=LINE('',#6383,#1380);
#808=LINE('',#6386,#1381);
#809=LINE('',#6388,#1382);
#810=LINE('',#6389,#1383);
#811=LINE('',#6392,#1384);
#812=LINE('',#6394,#1385);
#813=LINE('',#6395,#1386);
#814=LINE('',#6398,#1387);
#815=LINE('',#6400,#1388);
#816=LINE('',#6401,#1389);
#817=LINE('',#6410,#1390);
#818=LINE('',#6415,#1391);
#819=LINE('',#6417,#1392);
#820=LINE('',#6419,#1393);
#821=LINE('',#6421,#1394);
#822=LINE('',#6423,#1395);
#823=LINE('',#6425,#1396);
#824=LINE('',#6427,#1397);
#825=LINE('',#6429,#1398);
#826=LINE('',#6431,#1399);
#827=LINE('',#6433,#1400);
#828=LINE('',#6437,#1401);
#829=LINE('',#6439,#1402);
#830=LINE('',#6441,#1403);
#831=LINE('',#6446,#1404);
#832=LINE('',#6448,#1405);
#833=LINE('',#6450,#1406);
#834=LINE('',#6452,#1407);
#835=LINE('',#6454,#1408);
#836=LINE('',#6456,#1409);
#837=LINE('',#6458,#1410);
#838=LINE('',#6462,#1411);
#839=LINE('',#6464,#1412);
#840=LINE('',#6466,#1413);
#841=LINE('',#6468,#1414);
#842=LINE('',#6470,#1415);
#843=LINE('',#6471,#1416);
#844=LINE('',#6473,#1417);
#845=LINE('',#6475,#1418);
#846=LINE('',#6477,#1419);
#847=LINE('',#6481,#1420);
#848=LINE('',#6485,#1421);
#849=LINE('',#6487,#1422);
#850=LINE('',#6488,#1423);
#851=LINE('',#6491,#1424);
#852=LINE('',#6493,#1425);
#853=LINE('',#6495,#1426);
#854=LINE('',#6496,#1427);
#855=LINE('',#6498,#1428);
#856=LINE('',#6500,#1429);
#857=LINE('',#6502,#1430);
#858=LINE('',#6504,#1431);
#859=LINE('',#6505,#1432);
#860=LINE('',#6508,#1433);
#861=LINE('',#6510,#1434);
#862=LINE('',#6511,#1435);
#863=LINE('',#6514,#1436);
#864=LINE('',#6516,#1437);
#865=LINE('',#6518,#1438);
#866=LINE('',#6519,#1439);
#867=LINE('',#6522,#1440);
#868=LINE('',#6523,#1441);
#869=LINE('',#6526,#1442);
#870=LINE('',#6538,#1443);
#871=LINE('',#6540,#1444);
#872=LINE('',#6542,#1445);
#873=LINE('',#6544,#1446);
#874=LINE('',#6546,#1447);
#875=LINE('',#6547,#1448);
#876=LINE('',#6549,#1449);
#877=LINE('',#6551,#1450);
#878=LINE('',#6553,#1451);
#879=LINE('',#6555,#1452);
#880=LINE('',#6557,#1453);
#881=LINE('',#6568,#1454);
#882=LINE('',#6571,#1455);
#883=LINE('',#6573,#1456);
#884=LINE('',#6575,#1457);
#885=LINE('',#6579,#1458);
#886=LINE('',#6580,#1459);
#887=LINE('',#6583,#1460);
#888=LINE('',#6584,#1461);
#889=LINE('',#6587,#1462);
#890=LINE('',#6589,#1463);
#891=LINE('',#6590,#1464);
#892=LINE('',#6593,#1465);
#893=LINE('',#6594,#1466);
#894=LINE('',#6597,#1467);
#895=LINE('',#6599,#1468);
#896=LINE('',#6601,#1469);
#897=LINE('',#6602,#1470);
#898=LINE('',#6604,#1471);
#899=LINE('',#6606,#1472);
#900=LINE('',#6607,#1473);
#901=LINE('',#6610,#1474);
#902=LINE('',#6612,#1475);
#903=LINE('',#6614,#1476);
#904=LINE('',#6615,#1477);
#905=LINE('',#6618,#1478);
#906=LINE('',#6626,#1479);
#907=LINE('',#6631,#1480);
#908=LINE('',#6634,#1481);
#909=LINE('',#6635,#1482);
#910=LINE('',#6638,#1483);
#911=LINE('',#6640,#1484);
#912=LINE('',#6642,#1485);
#913=LINE('',#6643,#1486);
#914=LINE('',#6646,#1487);
#915=LINE('',#6647,#1488);
#916=LINE('',#6650,#1489);
#917=LINE('',#6651,#1490);
#918=LINE('',#6653,#1491);
#919=LINE('',#6656,#1492);
#920=LINE('',#6657,#1493);
#921=LINE('',#6659,#1494);
#922=LINE('',#6662,#1495);
#923=LINE('',#6664,#1496);
#924=LINE('',#6665,#1497);
#925=LINE('',#6668,#1498);
#926=LINE('',#6673,#1499);
#927=LINE('',#6676,#1500);
#928=LINE('',#6682,#1501);
#929=LINE('',#6688,#1502);
#930=LINE('',#6689,#1503);
#931=LINE('',#6691,#1504);
#932=LINE('',#6694,#1505);
#933=LINE('',#6698,#1506);
#934=LINE('',#6699,#1507);
#935=LINE('',#6702,#1508);
#936=LINE('',#6703,#1509);
#937=LINE('',#6706,#1510);
#938=LINE('',#6708,#1511);
#939=LINE('',#6710,#1512);
#940=LINE('',#6711,#1513);
#941=LINE('',#6715,#1514);
#942=LINE('',#6717,#1515);
#943=LINE('',#6719,#1516);
#944=LINE('',#6721,#1517);
#945=LINE('',#6723,#1518);
#946=LINE('',#6725,#1519);
#947=LINE('',#6726,#1520);
#948=LINE('',#6727,#1521);
#949=LINE('',#6730,#1522);
#950=LINE('',#6731,#1523);
#951=LINE('',#6735,#1524);
#952=LINE('',#6737,#1525);
#953=LINE('',#6739,#1526);
#954=LINE('',#6741,#1527);
#955=LINE('',#6743,#1528);
#956=LINE('',#6745,#1529);
#957=LINE('',#6747,#1530);
#958=LINE('',#6748,#1531);
#959=LINE('',#6750,#1532);
#960=LINE('',#6751,#1533);
#961=LINE('',#6754,#1534);
#962=LINE('',#6756,#1535);
#963=LINE('',#6758,#1536);
#964=LINE('',#6760,#1537);
#965=LINE('',#6762,#1538);
#966=LINE('',#6763,#1539);
#967=LINE('',#6765,#1540);
#968=LINE('',#6766,#1541);
#969=LINE('',#6767,#1542);
#970=LINE('',#6771,#1543);
#971=LINE('',#6773,#1544);
#972=LINE('',#6775,#1545);
#973=LINE('',#6776,#1546);
#974=LINE('',#6779,#1547);
#975=LINE('',#6781,#1548);
#976=LINE('',#6782,#1549);
#977=LINE('',#6785,#1550);
#978=LINE('',#6787,#1551);
#979=LINE('',#6788,#1552);
#980=LINE('',#6791,#1553);
#981=LINE('',#6793,#1554);
#982=LINE('',#6794,#1555);
#983=LINE('',#6798,#1556);
#984=LINE('',#6799,#1557);
#985=LINE('',#6801,#1558);
#986=LINE('',#6803,#1559);
#987=LINE('',#6805,#1560);
#988=LINE('',#6807,#1561);
#989=LINE('',#6808,#1562);
#990=LINE('',#6810,#1563);
#991=LINE('',#6814,#1564);
#992=LINE('',#6818,#1565);
#993=LINE('',#6820,#1566);
#994=LINE('',#6822,#1567);
#995=LINE('',#6823,#1568);
#996=LINE('',#6827,#1569);
#997=LINE('',#6828,#1570);
#998=LINE('',#6830,#1571);
#999=LINE('',#6832,#1572);
#1000=LINE('',#6833,#1573);
#1001=LINE('',#6836,#1574);
#1002=LINE('',#6837,#1575);
#1003=LINE('',#6840,#1576);
#1004=LINE('',#6841,#1577);
#1005=LINE('',#6844,#1578);
#1006=LINE('',#6845,#1579);
#1007=LINE('',#6849,#1580);
#1008=LINE('',#6850,#1581);
#1009=LINE('',#6852,#1582);
#1010=LINE('',#6854,#1583);
#1011=LINE('',#6856,#1584);
#1012=LINE('',#6858,#1585);
#1013=LINE('',#6860,#1586);
#1014=LINE('',#6861,#1587);
#1015=LINE('',#6864,#1588);
#1016=LINE('',#6865,#1589);
#1017=LINE('',#6867,#1590);
#1018=LINE('',#6869,#1591);
#1019=LINE('',#6870,#1592);
#1020=LINE('',#6872,#1593);
#1021=LINE('',#6875,#1594);
#1022=LINE('',#6877,#1595);
#1023=LINE('',#6879,#1596);
#1024=LINE('',#6888,#1597);
#1025=LINE('',#6889,#1598);
#1026=LINE('',#6891,#1599);
#1027=LINE('',#6894,#1600);
#1028=LINE('',#6896,#1601);
#1029=LINE('',#6898,#1602);
#1030=LINE('',#6899,#1603);
#1031=LINE('',#6902,#1604);
#1032=LINE('',#6903,#1605);
#1033=LINE('',#6906,#1606);
#1034=LINE('',#6926,#1607);
#1035=LINE('',#6927,#1608);
#1036=LINE('',#6929,#1609);
#1037=LINE('',#6932,#1610);
#1038=LINE('',#6953,#1611);
#1039=LINE('',#6954,#1612);
#1040=LINE('',#6956,#1613);
#1041=LINE('',#6957,#1614);
#1042=LINE('',#6960,#1615);
#1043=LINE('',#6962,#1616);
#1044=LINE('',#6964,#1617);
#1045=LINE('',#6966,#1618);
#1046=LINE('',#6967,#1619);
#1047=LINE('',#6970,#1620);
#1048=LINE('',#6972,#1621);
#1049=LINE('',#6984,#1622);
#1050=LINE('',#6986,#1623);
#1051=LINE('',#6988,#1624);
#1052=LINE('',#6989,#1625);
#1053=LINE('',#6992,#1626);
#1054=LINE('',#6993,#1627);
#1055=LINE('',#6995,#1628);
#1056=LINE('',#6997,#1629);
#1057=LINE('',#6999,#1630);
#1058=LINE('',#7001,#1631);
#1059=LINE('',#7003,#1632);
#1060=LINE('',#7005,#1633);
#1061=LINE('',#7006,#1634);
#1062=LINE('',#7007,#1635);
#1063=LINE('',#7010,#1636);
#1064=LINE('',#7014,#1637);
#1065=LINE('',#7016,#1638);
#1066=LINE('',#7032,#1639);
#1067=LINE('',#7034,#1640);
#1068=LINE('',#7035,#1641);
#1069=LINE('',#7037,#1642);
#1070=LINE('',#7039,#1643);
#1071=LINE('',#7040,#1644);
#1072=LINE('',#7044,#1645);
#1073=LINE('',#7045,#1646);
#1074=LINE('',#7048,#1647);
#1075=LINE('',#7049,#1648);
#1076=LINE('',#7051,#1649);
#1077=LINE('',#7052,#1650);
#1078=LINE('',#7059,#1651);
#1079=LINE('',#7141,#1652);
#1080=LINE('',#7142,#1653);
#1081=LINE('',#7238,#1654);
#1082=LINE('',#7240,#1655);
#1083=LINE('',#7268,#1656);
#1084=LINE('',#7270,#1657);
#1085=LINE('',#7271,#1658);
#1086=LINE('',#7273,#1659);
#1087=LINE('',#7275,#1660);
#1088=LINE('',#7293,#1661);
#1089=LINE('',#7294,#1662);
#1090=LINE('',#7296,#1663);
#1091=LINE('',#7297,#1664);
#1092=LINE('',#7314,#1665);
#1093=LINE('',#7331,#1666);
#1094=LINE('',#7333,#1667);
#1095=LINE('',#7335,#1668);
#1096=LINE('',#7337,#1669);
#1097=LINE('',#7338,#1670);
#1098=LINE('',#7340,#1671);
#1099=LINE('',#7341,#1672);
#1100=LINE('',#7348,#1673);
#1101=LINE('',#7349,#1674);
#1102=LINE('',#7387,#1675);
#1103=LINE('',#7404,#1676);
#1104=LINE('',#7421,#1677);
#1105=LINE('',#7450,#1678);
#1106=LINE('',#7453,#1679);
#1107=LINE('',#7455,#1680);
#1108=LINE('',#7456,#1681);
#1109=LINE('',#7457,#1682);
#1110=LINE('',#7458,#1683);
#1111=LINE('',#7479,#1684);
#1112=LINE('',#7508,#1685);
#1113=LINE('',#7523,#1686);
#1114=LINE('',#7525,#1687);
#1115=LINE('',#7526,#1688);
#1116=LINE('',#7544,#1689);
#1117=LINE('',#7552,#1690);
#1118=LINE('',#7583,#1691);
#1119=LINE('',#7584,#1692);
#1120=LINE('',#7586,#1693);
#1121=LINE('',#7587,#1694);
#1122=LINE('',#7605,#1695);
#1123=LINE('',#7606,#1696);
#1124=LINE('',#7629,#1697);
#1125=LINE('',#7630,#1698);
#1126=LINE('',#7631,#1699);
#1127=LINE('',#7649,#1700);
#1128=LINE('',#7650,#1701);
#1129=LINE('',#7654,#1702);
#1130=LINE('',#7656,#1703);
#1131=LINE('',#7657,#1704);
#1132=LINE('',#7660,#1705);
#1133=LINE('',#7661,#1706);
#1134=LINE('',#7663,#1707);
#1135=LINE('',#7666,#1708);
#1136=LINE('',#7668,#1709);
#1137=LINE('',#7669,#1710);
#1138=LINE('',#7671,#1711);
#1139=LINE('',#7674,#1712);
#1140=LINE('',#7675,#1713);
#1141=LINE('',#7692,#1714);
#1142=LINE('',#7693,#1715);
#1143=LINE('',#7710,#1716);
#1144=LINE('',#7728,#1717);
#1145=LINE('',#7729,#1718);
#1146=LINE('',#7746,#1719);
#1147=LINE('',#7747,#1720);
#1148=LINE('',#7764,#1721);
#1149=LINE('',#7765,#1722);
#1150=LINE('',#7782,#1723);
#1151=LINE('',#7783,#1724);
#1152=LINE('',#7800,#1725);
#1153=LINE('',#7817,#1726);
#1154=LINE('',#7834,#1727);
#1155=LINE('',#7838,#1728);
#1156=LINE('',#7840,#1729);
#1157=LINE('',#7858,#1730);
#1158=LINE('',#7877,#1731);
#1159=LINE('',#7896,#1732);
#1160=LINE('',#7898,#1733);
#1161=LINE('',#7901,#1734);
#1162=LINE('',#7920,#1735);
#1163=LINE('',#7921,#1736);
#1164=LINE('',#7923,#1737);
#1165=LINE('',#7942,#1738);
#1166=LINE('',#7961,#1739);
#1167=LINE('',#7983,#1740);
#1168=LINE('',#7985,#1741);
#1169=LINE('',#7987,#1742);
#1170=LINE('',#7988,#1743);
#1171=LINE('',#7992,#1744);
#1172=LINE('',#7994,#1745);
#1173=LINE('',#7996,#1746);
#1174=LINE('',#7997,#1747);
#1175=LINE('',#7999,#1748);
#1176=LINE('',#8000,#1749);
#1177=LINE('',#8003,#1750);
#1178=LINE('',#8005,#1751);
#1179=LINE('',#8006,#1752);
#1180=LINE('',#8010,#1753);
#1181=LINE('',#8012,#1754);
#1182=LINE('',#8013,#1755);
#1183=LINE('',#8015,#1756);
#1184=LINE('',#8016,#1757);
#1185=LINE('',#8020,#1758);
#1186=LINE('',#8022,#1759);
#1187=LINE('',#8024,#1760);
#1188=LINE('',#8026,#1761);
#1189=LINE('',#8027,#1762);
#1190=LINE('',#8029,#1763);
#1191=LINE('',#8076,#1764);
#1192=LINE('',#8078,#1765);
#1193=LINE('',#8080,#1766);
#1194=LINE('',#8082,#1767);
#1195=LINE('',#8084,#1768);
#1196=LINE('',#8109,#1769);
#1197=LINE('',#8110,#1770);
#1198=LINE('',#8111,#1771);
#1199=LINE('',#8114,#1772);
#1200=LINE('',#8115,#1773);
#1201=LINE('',#8118,#1774);
#1202=LINE('',#8119,#1775);
#1203=LINE('',#8122,#1776);
#1204=LINE('',#8123,#1777);
#1205=LINE('',#8126,#1778);
#1206=LINE('',#8128,#1779);
#1207=LINE('',#8129,#1780);
#1208=LINE('',#8131,#1781);
#1209=LINE('',#8133,#1782);
#1210=LINE('',#8136,#1783);
#1211=LINE('',#8138,#1784);
#1212=LINE('',#8140,#1785);
#1213=LINE('',#8143,#1786);
#1214=LINE('',#8144,#1787);
#1215=LINE('',#8146,#1788);
#1216=LINE('',#8148,#1789);
#1217=LINE('',#8149,#1790);
#1218=LINE('',#8151,#1791);
#1219=LINE('',#8222,#1792);
#1220=LINE('',#8223,#1793);
#1221=LINE('',#8240,#1794);
#1222=LINE('',#8257,#1795);
#1223=LINE('',#8274,#1796);
#1224=LINE('',#8291,#1797);
#1225=LINE('',#8308,#1798);
#1226=LINE('',#8325,#1799);
#1227=LINE('',#8396,#1800);
#1228=LINE('',#8475,#1801);
#1229=LINE('',#8476,#1802);
#1230=LINE('',#8477,#1803);
#1231=LINE('',#8480,#1804);
#1232=LINE('',#8481,#1805);
#1233=LINE('',#8484,#1806);
#1234=LINE('',#8486,#1807);
#1235=LINE('',#8490,#1808);
#1236=LINE('',#8494,#1809);
#1237=LINE('',#8518,#1810);
#1238=LINE('',#8520,#1811);
#1239=LINE('',#8521,#1812);
#1240=LINE('',#8524,#1813);
#1241=LINE('',#8526,#1814);
#1242=LINE('',#8527,#1815);
#1243=LINE('',#8529,#1816);
#1244=LINE('',#8531,#1817);
#1245=LINE('',#8533,#1818);
#1246=LINE('',#8535,#1819);
#1247=LINE('',#8537,#1820);
#1248=LINE('',#8541,#1821);
#1249=LINE('',#8543,#1822);
#1250=LINE('',#8544,#1823);
#1251=LINE('',#8547,#1824);
#1252=LINE('',#8550,#1825);
#1253=LINE('',#8552,#1826);
#1254=LINE('',#8554,#1827);
#1255=LINE('',#8556,#1828);
#1256=LINE('',#8558,#1829);
#1257=LINE('',#8561,#1830);
#1258=VECTOR('',#5013,1.);
#1259=VECTOR('',#5014,1.);
#1260=VECTOR('',#5015,1.);
#1261=VECTOR('',#5018,1.);
#1262=VECTOR('',#5019,1.);
#1263=VECTOR('',#5020,1.);
#1264=VECTOR('',#5023,1.);
#1265=VECTOR('',#5024,1.);
#1266=VECTOR('',#5025,1.);
#1267=VECTOR('',#5026,1.);
#1268=VECTOR('',#5027,1.);
#1269=VECTOR('',#5028,1.);
#1270=VECTOR('',#5029,1.);
#1271=VECTOR('',#5030,1.);
#1272=VECTOR('',#5033,1.);
#1273=VECTOR('',#5034,1.);
#1274=VECTOR('',#5035,1.);
#1275=VECTOR('',#5036,1.);
#1276=VECTOR('',#5037,1.);
#1277=VECTOR('',#5038,1.);
#1278=VECTOR('',#5041,1.);
#1279=VECTOR('',#5042,1.);
#1280=VECTOR('',#5043,1.);
#1281=VECTOR('',#5044,1.);
#1282=VECTOR('',#5045,1.);
#1283=VECTOR('',#5046,1.);
#1284=VECTOR('',#5049,1.);
#1285=VECTOR('',#5050,1.);
#1286=VECTOR('',#5051,1.);
#1287=VECTOR('',#5052,1.);
#1288=VECTOR('',#5053,1.);
#1289=VECTOR('',#5054,1.);
#1290=VECTOR('',#5057,1.);
#1291=VECTOR('',#5060,1.);
#1292=VECTOR('',#5061,1.);
#1293=VECTOR('',#5062,1.);
#1294=VECTOR('',#5063,1.);
#1295=VECTOR('',#5064,1.);
#1296=VECTOR('',#5065,1.);
#1297=VECTOR('',#5070,1.);
#1298=VECTOR('',#5071,1.);
#1299=VECTOR('',#5072,1.);
#1300=VECTOR('',#5073,1.);
#1301=VECTOR('',#5074,1.80806808396542);
#1302=VECTOR('',#5075,1.);
#1303=VECTOR('',#5076,2.85811184884548);
#1304=VECTOR('',#5077,1.);
#1305=VECTOR('',#5078,2.85811184783762);
#1306=VECTOR('',#5079,1.);
#1307=VECTOR('',#5080,1.80806808142515);
#1308=VECTOR('',#5081,1.);
#1309=VECTOR('',#5082,1.);
#1310=VECTOR('',#5083,1.);
#1311=VECTOR('',#5084,1.);
#1312=VECTOR('',#5085,1.);
#1313=VECTOR('',#5086,1.);
#1314=VECTOR('',#5087,1.);
#1315=VECTOR('',#5088,1.);
#1316=VECTOR('',#5089,1.);
#1317=VECTOR('',#5090,1.);
#1318=VECTOR('',#5091,1.);
#1319=VECTOR('',#5092,1.);
#1320=VECTOR('',#5093,1.);
#1321=VECTOR('',#5094,1.);
#1322=VECTOR('',#5095,1.);
#1323=VECTOR('',#5096,1.);
#1324=VECTOR('',#5097,1.);
#1325=VECTOR('',#5098,1.);
#1326=VECTOR('',#5099,1.);
#1327=VECTOR('',#5100,1.);
#1328=VECTOR('',#5101,1.);
#1329=VECTOR('',#5102,1.);
#1330=VECTOR('',#5105,1.);
#1331=VECTOR('',#5106,1.);
#1332=VECTOR('',#5107,1.);
#1333=VECTOR('',#5108,1.);
#1334=VECTOR('',#5109,1.);
#1335=VECTOR('',#5110,1.);
#1336=VECTOR('',#5111,1.);
#1337=VECTOR('',#5112,1.);
#1338=VECTOR('',#5113,1.);
#1339=VECTOR('',#5114,1.);
#1340=VECTOR('',#5115,1.);
#1341=VECTOR('',#5116,1.);
#1342=VECTOR('',#5117,1.);
#1343=VECTOR('',#5118,1.);
#1344=VECTOR('',#5119,1.);
#1345=VECTOR('',#5122,1.);
#1346=VECTOR('',#5129,1.);
#1347=VECTOR('',#5130,1.);
#1348=VECTOR('',#5131,1.);
#1349=VECTOR('',#5134,1.);
#1350=VECTOR('',#5135,1.);
#1351=VECTOR('',#5138,1.);
#1352=VECTOR('',#5139,1.);
#1353=VECTOR('',#5142,1.);
#1354=VECTOR('',#5143,1.);
#1355=VECTOR('',#5148,1.);
#1356=VECTOR('',#5153,1.);
#1357=VECTOR('',#5154,1.);
#1358=VECTOR('',#5157,1.);
#1359=VECTOR('',#5160,1.);
#1360=VECTOR('',#5161,1.);
#1361=VECTOR('',#5162,1.);
#1362=VECTOR('',#5165,1.);
#1363=VECTOR('',#5166,1.);
#1364=VECTOR('',#5167,1.);
#1365=VECTOR('',#5170,1.);
#1366=VECTOR('',#5171,1.);
#1367=VECTOR('',#5172,1.);
#1368=VECTOR('',#5175,1.);
#1369=VECTOR('',#5176,1.);
#1370=VECTOR('',#5177,1.);
#1371=VECTOR('',#5182,1.);
#1372=VECTOR('',#5187,1.);
#1373=VECTOR('',#5188,1.);
#1374=VECTOR('',#5189,1.);
#1375=VECTOR('',#5192,1.);
#1376=VECTOR('',#5193,1.);
#1377=VECTOR('',#5194,1.);
#1378=VECTOR('',#5197,1.);
#1379=VECTOR('',#5198,1.);
#1380=VECTOR('',#5199,1.);
#1381=VECTOR('',#5202,1.);
#1382=VECTOR('',#5203,1.);
#1383=VECTOR('',#5204,1.);
#1384=VECTOR('',#5207,1.);
#1385=VECTOR('',#5208,1.);
#1386=VECTOR('',#5209,1.);
#1387=VECTOR('',#5212,1.);
#1388=VECTOR('',#5213,1.);
#1389=VECTOR('',#5214,1.);
#1390=VECTOR('',#5227,0.25);
#1391=VECTOR('',#5232,1.);
#1392=VECTOR('',#5233,1.);
#1393=VECTOR('',#5234,1.);
#1394=VECTOR('',#5235,1.);
#1395=VECTOR('',#5236,1.);
#1396=VECTOR('',#5237,1.);
#1397=VECTOR('',#5238,1.);
#1398=VECTOR('',#5239,1.);
#1399=VECTOR('',#5240,1.);
#1400=VECTOR('',#5241,1.);
#1401=VECTOR('',#5244,1.);
#1402=VECTOR('',#5245,1.);
#1403=VECTOR('',#5246,1.);
#1404=VECTOR('',#5251,1.);
#1405=VECTOR('',#5252,1.);
#1406=VECTOR('',#5253,1.);
#1407=VECTOR('',#5254,1.);
#1408=VECTOR('',#5255,1.);
#1409=VECTOR('',#5256,1.);
#1410=VECTOR('',#5257,1.);
#1411=VECTOR('',#5260,1.);
#1412=VECTOR('',#5261,1.);
#1413=VECTOR('',#5262,1.);
#1414=VECTOR('',#5263,1.);
#1415=VECTOR('',#5264,1.);
#1416=VECTOR('',#5265,1.);
#1417=VECTOR('',#5266,1.);
#1418=VECTOR('',#5267,1.);
#1419=VECTOR('',#5268,1.);
#1420=VECTOR('',#5273,1.);
#1421=VECTOR('',#5276,1.);
#1422=VECTOR('',#5277,1.);
#1423=VECTOR('',#5278,1.);
#1424=VECTOR('',#5281,1.);
#1425=VECTOR('',#5282,1.);
#1426=VECTOR('',#5283,1.);
#1427=VECTOR('',#5284,1.);
#1428=VECTOR('',#5285,1.);
#1429=VECTOR('',#5286,1.);
#1430=VECTOR('',#5287,1.);
#1431=VECTOR('',#5288,1.);
#1432=VECTOR('',#5289,1.);
#1433=VECTOR('',#5290,1.);
#1434=VECTOR('',#5291,1.);
#1435=VECTOR('',#5292,1.);
#1436=VECTOR('',#5295,1.);
#1437=VECTOR('',#5296,1.);
#1438=VECTOR('',#5297,1.);
#1439=VECTOR('',#5298,1.);
#1440=VECTOR('',#5301,1.);
#1441=VECTOR('',#5302,1.);
#1442=VECTOR('',#5305,1.);
#1443=VECTOR('',#5306,1.);
#1444=VECTOR('',#5307,1.);
#1445=VECTOR('',#5308,1.);
#1446=VECTOR('',#5309,1.);
#1447=VECTOR('',#5310,1.);
#1448=VECTOR('',#5311,1.);
#1449=VECTOR('',#5312,1.);
#1450=VECTOR('',#5313,1.);
#1451=VECTOR('',#5314,1.);
#1452=VECTOR('',#5315,1.);
#1453=VECTOR('',#5316,1.);
#1454=VECTOR('',#5317,1.);
#1455=VECTOR('',#5320,1.);
#1456=VECTOR('',#5321,1.);
#1457=VECTOR('',#5322,1.);
#1458=VECTOR('',#5327,1.);
#1459=VECTOR('',#5328,1.);
#1460=VECTOR('',#5331,1.);
#1461=VECTOR('',#5332,1.);
#1462=VECTOR('',#5335,1.);
#1463=VECTOR('',#5336,1.);
#1464=VECTOR('',#5337,1.);
#1465=VECTOR('',#5340,1.);
#1466=VECTOR('',#5341,1.);
#1467=VECTOR('',#5344,1.);
#1468=VECTOR('',#5345,1.);
#1469=VECTOR('',#5346,1.);
#1470=VECTOR('',#5347,1.);
#1471=VECTOR('',#5350,1.);
#1472=VECTOR('',#5351,1.);
#1473=VECTOR('',#5352,1.);
#1474=VECTOR('',#5355,1.);
#1475=VECTOR('',#5356,1.);
#1476=VECTOR('',#5357,1.);
#1477=VECTOR('',#5358,1.);
#1478=VECTOR('',#5361,1.);
#1479=VECTOR('',#5370,1.);
#1480=VECTOR('',#5375,1.);
#1481=VECTOR('',#5378,1.);
#1482=VECTOR('',#5379,1.);
#1483=VECTOR('',#5382,1.);
#1484=VECTOR('',#5383,1.);
#1485=VECTOR('',#5384,1.);
#1486=VECTOR('',#5385,1.);
#1487=VECTOR('',#5388,1.);
#1488=VECTOR('',#5389,1.);
#1489=VECTOR('',#5392,1.);
#1490=VECTOR('',#5393,1.);
#1491=VECTOR('',#5396,1.);
#1492=VECTOR('',#5399,1.);
#1493=VECTOR('',#5400,1.);
#1494=VECTOR('',#5403,1.);
#1495=VECTOR('',#5406,1.);
#1496=VECTOR('',#5407,1.);
#1497=VECTOR('',#5408,1.);
#1498=VECTOR('',#5411,1.);
#1499=VECTOR('',#5416,1.);
#1500=VECTOR('',#5419,1.);
#1501=VECTOR('',#5424,1.);
#1502=VECTOR('',#5431,1.);
#1503=VECTOR('',#5432,1.);
#1504=VECTOR('',#5435,1.);
#1505=VECTOR('',#5438,1.);
#1506=VECTOR('',#5443,1.);
#1507=VECTOR('',#5444,1.);
#1508=VECTOR('',#5447,1.);
#1509=VECTOR('',#5448,1.);
#1510=VECTOR('',#5451,1.);
#1511=VECTOR('',#5452,1.);
#1512=VECTOR('',#5453,1.);
#1513=VECTOR('',#5454,1.);
#1514=VECTOR('',#5457,1.);
#1515=VECTOR('',#5458,1.);
#1516=VECTOR('',#5459,1.);
#1517=VECTOR('',#5460,1.);
#1518=VECTOR('',#5461,1.);
#1519=VECTOR('',#5462,1.);
#1520=VECTOR('',#5463,1.);
#1521=VECTOR('',#5464,1.);
#1522=VECTOR('',#5467,1.);
#1523=VECTOR('',#5468,1.);
#1524=VECTOR('',#5471,1.);
#1525=VECTOR('',#5472,1.);
#1526=VECTOR('',#5473,1.);
#1527=VECTOR('',#5474,1.);
#1528=VECTOR('',#5475,1.);
#1529=VECTOR('',#5476,1.);
#1530=VECTOR('',#5477,1.);
#1531=VECTOR('',#5478,1.);
#1532=VECTOR('',#5481,1.);
#1533=VECTOR('',#5482,1.);
#1534=VECTOR('',#5485,1.);
#1535=VECTOR('',#5486,1.);
#1536=VECTOR('',#5487,1.);
#1537=VECTOR('',#5488,1.);
#1538=VECTOR('',#5489,1.);
#1539=VECTOR('',#5490,1.);
#1540=VECTOR('',#5493,1.);
#1541=VECTOR('',#5494,1.);
#1542=VECTOR('',#5495,1.);
#1543=VECTOR('',#5498,1.);
#1544=VECTOR('',#5499,1.);
#1545=VECTOR('',#5500,1.);
#1546=VECTOR('',#5501,1.);
#1547=VECTOR('',#5504,1.);
#1548=VECTOR('',#5505,1.);
#1549=VECTOR('',#5506,1.);
#1550=VECTOR('',#5509,1.);
#1551=VECTOR('',#5510,1.);
#1552=VECTOR('',#5511,1.);
#1553=VECTOR('',#5514,1.);
#1554=VECTOR('',#5515,1.);
#1555=VECTOR('',#5516,1.);
#1556=VECTOR('',#5519,1.);
#1557=VECTOR('',#5520,1.);
#1558=VECTOR('',#5521,1.);
#1559=VECTOR('',#5522,1.);
#1560=VECTOR('',#5523,1.);
#1561=VECTOR('',#5524,1.);
#1562=VECTOR('',#5525,1.);
#1563=VECTOR('',#5528,1.);
#1564=VECTOR('',#5531,1.);
#1565=VECTOR('',#5534,1.);
#1566=VECTOR('',#5535,1.);
#1567=VECTOR('',#5536,1.);
#1568=VECTOR('',#5537,1.);
#1569=VECTOR('',#5540,1.);
#1570=VECTOR('',#5541,1.);
#1571=VECTOR('',#5542,1.);
#1572=VECTOR('',#5543,1.);
#1573=VECTOR('',#5544,1.);
#1574=VECTOR('',#5547,1.);
#1575=VECTOR('',#5548,1.);
#1576=VECTOR('',#5551,1.);
#1577=VECTOR('',#5552,1.);
#1578=VECTOR('',#5555,1.);
#1579=VECTOR('',#5556,1.);
#1580=VECTOR('',#5559,1.);
#1581=VECTOR('',#5560,1.);
#1582=VECTOR('',#5561,1.);
#1583=VECTOR('',#5562,1.);
#1584=VECTOR('',#5563,1.);
#1585=VECTOR('',#5564,1.);
#1586=VECTOR('',#5565,1.);
#1587=VECTOR('',#5566,1.);
#1588=VECTOR('',#5569,1.);
#1589=VECTOR('',#5570,1.);
#1590=VECTOR('',#5571,1.);
#1591=VECTOR('',#5572,1.);
#1592=VECTOR('',#5573,1.);
#1593=VECTOR('',#5576,1.);
#1594=VECTOR('',#5579,1.);
#1595=VECTOR('',#5580,1.);
#1596=VECTOR('',#5581,1.);
#1597=VECTOR('',#5582,1.);
#1598=VECTOR('',#5583,1.);
#1599=VECTOR('',#5586,1.);
#1600=VECTOR('',#5589,1.);
#1601=VECTOR('',#5590,1.);
#1602=VECTOR('',#5591,1.);
#1603=VECTOR('',#5592,1.);
#1604=VECTOR('',#5595,1.);
#1605=VECTOR('',#5596,1.);
#1606=VECTOR('',#5599,1.);
#1607=VECTOR('',#5600,1.);
#1608=VECTOR('',#5601,1.);
#1609=VECTOR('',#5604,1.);
#1610=VECTOR('',#5607,1.);
#1611=VECTOR('',#5608,1.);
#1612=VECTOR('',#5609,1.);
#1613=VECTOR('',#5610,1.);
#1614=VECTOR('',#5611,1.);
#1615=VECTOR('',#5614,1.);
#1616=VECTOR('',#5615,1.);
#1617=VECTOR('',#5616,1.);
#1618=VECTOR('',#5617,1.);
#1619=VECTOR('',#5618,1.);
#1620=VECTOR('',#5621,1.);
#1621=VECTOR('',#5622,1.);
#1622=VECTOR('',#5623,1.);
#1623=VECTOR('',#5624,1.);
#1624=VECTOR('',#5625,1.);
#1625=VECTOR('',#5626,1.);
#1626=VECTOR('',#5629,1.);
#1627=VECTOR('',#5630,1.);
#1628=VECTOR('',#5633,1.);
#1629=VECTOR('',#5634,1.);
#1630=VECTOR('',#5635,1.);
#1631=VECTOR('',#5636,1.);
#1632=VECTOR('',#5637,1.);
#1633=VECTOR('',#5638,1.);
#1634=VECTOR('',#5639,1.);
#1635=VECTOR('',#5640,1.);
#1636=VECTOR('',#5645,1.);
#1637=VECTOR('',#5650,1.);
#1638=VECTOR('',#5651,1.);
#1639=VECTOR('',#5652,1.);
#1640=VECTOR('',#5655,1.);
#1641=VECTOR('',#5656,1.);
#1642=VECTOR('',#5657,1.);
#1643=VECTOR('',#5658,1.);
#1644=VECTOR('',#5659,1.);
#1645=VECTOR('',#5664,1.);
#1646=VECTOR('',#5665,1.);
#1647=VECTOR('',#5668,1.);
#1648=VECTOR('',#5669,1.);
#1649=VECTOR('',#5672,1.);
#1650=VECTOR('',#5673,1.);
#1651=VECTOR('',#5676,1.);
#1652=VECTOR('',#5681,1.);
#1653=VECTOR('',#5682,1.1134090516478);
#1654=VECTOR('',#5683,2.509975415103);
#1655=VECTOR('',#5684,2.509975415103);
#1656=VECTOR('',#5687,1.);
#1657=VECTOR('',#5690,1.);
#1658=VECTOR('',#5691,1.);
#1659=VECTOR('',#5694,1.);
#1660=VECTOR('',#5697,1.);
#1661=VECTOR('',#5698,1.);
#1662=VECTOR('',#5699,1.32297427974036);
#1663=VECTOR('',#5702,1.);
#1664=VECTOR('',#5703,1.);
#1665=VECTOR('',#5704,2.63386360074723);
#1666=VECTOR('',#5705,1.);
#1667=VECTOR('',#5706,1.);
#1668=VECTOR('',#5707,1.);
#1669=VECTOR('',#5708,1.);
#1670=VECTOR('',#5709,1.00733710567777);
#1671=VECTOR('',#5712,1.);
#1672=VECTOR('',#5713,1.);
#1673=VECTOR('',#5716,1.);
#1674=VECTOR('',#5717,1.);
#1675=VECTOR('',#5718,2.509975415103);
#1676=VECTOR('',#5719,2.01036008555436);
#1677=VECTOR('',#5720,2.01036008555436);
#1678=VECTOR('',#5721,1.4577876076566);
#1679=VECTOR('',#5724,1.);
#1680=VECTOR('',#5725,1.);
#1681=VECTOR('',#5726,1.);
#1682=VECTOR('',#5727,1.);
#1683=VECTOR('',#5728,1.);
#1684=VECTOR('',#5729,2.50834625309721);
#1685=VECTOR('',#5730,2.00940579603139);
#1686=VECTOR('',#5731,2.00940579603139);
#1687=VECTOR('',#5732,1.);
#1688=VECTOR('',#5733,1.457226627456);
#1689=VECTOR('',#5736,1.);
#1690=VECTOR('',#5737,1.);
#1691=VECTOR('',#5744,1.11617228092114);
#1692=VECTOR('',#5745,1.);
#1693=VECTOR('',#5748,1.);
#1694=VECTOR('',#5749,1.);
#1695=VECTOR('',#5750,2.50834625309721);
#1696=VECTOR('',#5751,1.);
#1697=VECTOR('',#5752,1.);
#1698=VECTOR('',#5753,1.56550049275803);
#1699=VECTOR('',#5754,1.46120688673486);
#1700=VECTOR('',#5755,1.);
#1701=VECTOR('',#5756,1.);
#1702=VECTOR('',#5761,1.);
#1703=VECTOR('',#5762,1.);
#1704=VECTOR('',#5763,1.);
#1705=VECTOR('',#5766,1.);
#1706=VECTOR('',#5767,1.);
#1707=VECTOR('',#5770,1.);
#1708=VECTOR('',#5773,1.);
#1709=VECTOR('',#5774,1.);
#1710=VECTOR('',#5775,1.);
#1711=VECTOR('',#5778,1.);
#1712=VECTOR('',#5781,1.);
#1713=VECTOR('',#5782,1.);
#1714=VECTOR('',#5783,1.);
#1715=VECTOR('',#5784,1.55210334574641);
#1716=VECTOR('',#5785,1.);
#1717=VECTOR('',#5786,1.32019911208074);
#1718=VECTOR('',#5787,1.);
#1719=VECTOR('',#5788,1.);
#1720=VECTOR('',#5789,1.);
#1721=VECTOR('',#5790,1.);
#1722=VECTOR('',#5791,1.);
#1723=VECTOR('',#5792,1.);
#1724=VECTOR('',#5793,1.4612068775742);
#1725=VECTOR('',#5794,1.56550046301053);
#1726=VECTOR('',#5795,1.);
#1727=VECTOR('',#5796,2.6328506694727);
#1728=VECTOR('',#5803,1.);
#1729=VECTOR('',#5806,1.);
#1730=VECTOR('',#5807,2.97420431464261);
#1731=VECTOR('',#5810,3.11853466741305);
#1732=VECTOR('',#5813,1.);
#1733=VECTOR('',#5814,2.41732231594576);
#1734=VECTOR('',#5817,2.52029730247833);
#1735=VECTOR('',#5818,2.41732230964211);
#1736=VECTOR('',#5819,1.);
#1737=VECTOR('',#5820,2.52029731260862);
#1738=VECTOR('',#5823,3.1185346397252);
#1739=VECTOR('',#5826,2.97420430946031);
#1740=VECTOR('',#5833,1.);
#1741=VECTOR('',#5834,1.);
#1742=VECTOR('',#5835,1.);
#1743=VECTOR('',#5836,1.);
#1744=VECTOR('',#5839,1.);
#1745=VECTOR('',#5840,1.);
#1746=VECTOR('',#5841,1.);
#1747=VECTOR('',#5842,1.);
#1748=VECTOR('',#5845,1.);
#1749=VECTOR('',#5846,1.);
#1750=VECTOR('',#5849,1.);
#1751=VECTOR('',#5850,1.);
#1752=VECTOR('',#5851,1.);
#1753=VECTOR('',#5854,1.);
#1754=VECTOR('',#5855,1.);
#1755=VECTOR('',#5856,1.);
#1756=VECTOR('',#5857,1.);
#1757=VECTOR('',#5858,1.);
#1758=VECTOR('',#5861,1.);
#1759=VECTOR('',#5862,1.);
#1760=VECTOR('',#5863,1.);
#1761=VECTOR('',#5864,1.);
#1762=VECTOR('',#5865,1.);
#1763=VECTOR('',#5868,1.);
#1764=VECTOR('',#5899,1.);
#1765=VECTOR('',#5902,1.);
#1766=VECTOR('',#5905,1.);
#1767=VECTOR('',#5908,1.);
#1768=VECTOR('',#5911,1.);
#1769=VECTOR('',#5932,1.);
#1770=VECTOR('',#5933,1.);
#1771=VECTOR('',#5934,1.);
#1772=VECTOR('',#5937,1.);
#1773=VECTOR('',#5938,1.);
#1774=VECTOR('',#5941,1.);
#1775=VECTOR('',#5942,1.);
#1776=VECTOR('',#5945,1.);
#1777=VECTOR('',#5946,1.);
#1778=VECTOR('',#5949,1.);
#1779=VECTOR('',#5950,1.);
#1780=VECTOR('',#5951,1.);
#1781=VECTOR('',#5954,1.);
#1782=VECTOR('',#5957,1.);
#1783=VECTOR('',#5962,1.);
#1784=VECTOR('',#5965,1.);
#1785=VECTOR('',#5968,1.);
#1786=VECTOR('',#5971,1.);
#1787=VECTOR('',#5972,1.);
#1788=VECTOR('',#5975,1.);
#1789=VECTOR('',#5978,1.);
#1790=VECTOR('',#5979,1.);
#1791=VECTOR('',#5982,1.);
#1792=VECTOR('',#5983,2.87058006323283);
#1793=VECTOR('',#5984,2.54752412613573);
#1794=VECTOR('',#5985,3.02360916162341);
#1795=VECTOR('',#5986,3.0732604236312);
#1796=VECTOR('',#5987,3.27202940559643);
#1797=VECTOR('',#5988,3.07326041540922);
#1798=VECTOR('',#5989,3.02360913904079);
#1799=VECTOR('',#5990,2.8705800691819);
#1800=VECTOR('',#5991,2.54752413967233);
#1801=VECTOR('',#5994,1.);
#1802=VECTOR('',#5995,1.);
#1803=VECTOR('',#5996,1.);
#1804=VECTOR('',#5999,1.);
#1805=VECTOR('',#6000,1.);
#1806=VECTOR('',#6005,1.);
#1807=VECTOR('',#6008,1.);
#1808=VECTOR('',#6015,1.);
#1809=VECTOR('',#6020,1.);
#1810=VECTOR('',#6025,1.);
#1811=VECTOR('',#6026,1.);
#1812=VECTOR('',#6027,1.);
#1813=VECTOR('',#6030,1.);
#1814=VECTOR('',#6031,1.);
#1815=VECTOR('',#6032,1.);
#1816=VECTOR('',#6035,1.);
#1817=VECTOR('',#6038,1.);
#1818=VECTOR('',#6041,1.);
#1819=VECTOR('',#6044,1.);
#1820=VECTOR('',#6047,1.);
#1821=VECTOR('',#6052,1.);
#1822=VECTOR('',#6053,1.);
#1823=VECTOR('',#6054,1.);
#1824=VECTOR('',#6059,1.);
#1825=VECTOR('',#6064,1.);
#1826=VECTOR('',#6067,1.);
#1827=VECTOR('',#6070,1.);
#1828=VECTOR('',#6073,1.);
#1829=VECTOR('',#6076,1.);
#1830=VECTOR('',#6081,1.);
#1831=VERTEX_POINT('',#6088);
#1832=VERTEX_POINT('',#6089);
#1833=VERTEX_POINT('',#6091);
#1834=VERTEX_POINT('',#6095);
#1835=VERTEX_POINT('',#6097);
#1836=VERTEX_POINT('',#6101);
#1837=VERTEX_POINT('',#6102);
#1838=VERTEX_POINT('',#6104);
#1839=VERTEX_POINT('',#6106);
#1840=VERTEX_POINT('',#6108);
#1841=VERTEX_POINT('',#6110);
#1842=VERTEX_POINT('',#6112);
#1843=VERTEX_POINT('',#6114);
#1844=VERTEX_POINT('',#6116);
#1845=VERTEX_POINT('',#6118);
#1846=VERTEX_POINT('',#6120);
#1847=VERTEX_POINT('',#6122);
#1848=VERTEX_POINT('',#6124);
#1849=VERTEX_POINT('',#6126);
#1850=VERTEX_POINT('',#6128);
#1851=VERTEX_POINT('',#6130);
#1852=VERTEX_POINT('',#6132);
#1853=VERTEX_POINT('',#6134);
#1854=VERTEX_POINT('',#6136);
#1855=VERTEX_POINT('',#6138);
#1856=VERTEX_POINT('',#6140);
#1857=VERTEX_POINT('',#6143);
#1858=VERTEX_POINT('',#6145);
#1859=VERTEX_POINT('',#6147);
#1860=VERTEX_POINT('',#6149);
#1861=VERTEX_POINT('',#6151);
#1862=VERTEX_POINT('',#6153);
#1863=VERTEX_POINT('',#6155);
#1864=VERTEX_POINT('',#6157);
#1865=VERTEX_POINT('',#6159);
#1866=VERTEX_POINT('',#6161);
#1867=VERTEX_POINT('',#6163);
#1868=VERTEX_POINT('',#6165);
#1869=VERTEX_POINT('',#6167);
#1870=VERTEX_POINT('',#6169);
#1871=VERTEX_POINT('',#6171);
#1872=VERTEX_POINT('',#6173);
#1873=VERTEX_POINT('',#6175);
#1874=VERTEX_POINT('',#6179);
#1875=VERTEX_POINT('',#6181);
#1876=VERTEX_POINT('',#6183);
#1877=VERTEX_POINT('',#6185);
#1878=VERTEX_POINT('',#6187);
#1879=VERTEX_POINT('',#6198);
#1880=VERTEX_POINT('',#6200);
#1881=VERTEX_POINT('',#6202);
#1882=VERTEX_POINT('',#6204);
#1883=VERTEX_POINT('',#6206);
#1884=VERTEX_POINT('',#6208);
#1885=VERTEX_POINT('',#6210);
#1886=VERTEX_POINT('',#6212);
#1887=VERTEX_POINT('',#6223);
#1888=VERTEX_POINT('',#6225);
#1889=VERTEX_POINT('',#6228);
#1890=VERTEX_POINT('',#6230);
#1891=VERTEX_POINT('',#6232);
#1892=VERTEX_POINT('',#6234);
#1893=VERTEX_POINT('',#6237);
#1894=VERTEX_POINT('',#6239);
#1895=VERTEX_POINT('',#6241);
#1896=VERTEX_POINT('',#6243);
#1897=VERTEX_POINT('',#6245);
#1898=VERTEX_POINT('',#6247);
#1899=VERTEX_POINT('',#6249);
#1900=VERTEX_POINT('',#6251);
#1901=VERTEX_POINT('',#6253);
#1902=VERTEX_POINT('',#6255);
#1903=VERTEX_POINT('',#6257);
#1904=VERTEX_POINT('',#6259);
#1905=VERTEX_POINT('',#6261);
#1906=VERTEX_POINT('',#6263);
#1907=VERTEX_POINT('',#6265);
#1908=VERTEX_POINT('',#6267);
#1909=VERTEX_POINT('',#6269);
#1910=VERTEX_POINT('',#6271);
#1911=VERTEX_POINT('',#6273);
#1912=VERTEX_POINT('',#6275);
#1913=VERTEX_POINT('',#6277);
#1914=VERTEX_POINT('',#6279);
#1915=VERTEX_POINT('',#6281);
#1916=VERTEX_POINT('',#6283);
#1917=VERTEX_POINT('',#6285);
#1918=VERTEX_POINT('',#6287);
#1919=VERTEX_POINT('',#6289);
#1920=VERTEX_POINT('',#6291);
#1921=VERTEX_POINT('',#6293);
#1922=VERTEX_POINT('',#6297);
#1923=VERTEX_POINT('',#6303);
#1924=VERTEX_POINT('',#6309);
#1925=VERTEX_POINT('',#6311);
#1926=VERTEX_POINT('',#6315);
#1927=VERTEX_POINT('',#6319);
#1928=VERTEX_POINT('',#6327);
#1929=VERTEX_POINT('',#6331);
#1930=VERTEX_POINT('',#6337);
#1931=VERTEX_POINT('',#6339);
#1932=VERTEX_POINT('',#6343);
#1933=VERTEX_POINT('',#6345);
#1934=VERTEX_POINT('',#6349);
#1935=VERTEX_POINT('',#6351);
#1936=VERTEX_POINT('',#6355);
#1937=VERTEX_POINT('',#6357);
#1938=VERTEX_POINT('',#6361);
#1939=VERTEX_POINT('',#6363);
#1940=VERTEX_POINT('',#6367);
#1941=VERTEX_POINT('',#6369);
#1942=VERTEX_POINT('',#6373);
#1943=VERTEX_POINT('',#6375);
#1944=VERTEX_POINT('',#6379);
#1945=VERTEX_POINT('',#6381);
#1946=VERTEX_POINT('',#6385);
#1947=VERTEX_POINT('',#6387);
#1948=VERTEX_POINT('',#6391);
#1949=VERTEX_POINT('',#6393);
#1950=VERTEX_POINT('',#6397);
#1951=VERTEX_POINT('',#6399);
#1952=VERTEX_POINT('',#6407);
#1953=VERTEX_POINT('',#6409);
#1954=VERTEX_POINT('',#6413);
#1955=VERTEX_POINT('',#6414);
#1956=VERTEX_POINT('',#6416);
#1957=VERTEX_POINT('',#6418);
#1958=VERTEX_POINT('',#6420);
#1959=VERTEX_POINT('',#6422);
#1960=VERTEX_POINT('',#6424);
#1961=VERTEX_POINT('',#6426);
#1962=VERTEX_POINT('',#6428);
#1963=VERTEX_POINT('',#6430);
#1964=VERTEX_POINT('',#6432);
#1965=VERTEX_POINT('',#6434);
#1966=VERTEX_POINT('',#6436);
#1967=VERTEX_POINT('',#6438);
#1968=VERTEX_POINT('',#6440);
#1969=VERTEX_POINT('',#6444);
#1970=VERTEX_POINT('',#6445);
#1971=VERTEX_POINT('',#6447);
#1972=VERTEX_POINT('',#6449);
#1973=VERTEX_POINT('',#6451);
#1974=VERTEX_POINT('',#6453);
#1975=VERTEX_POINT('',#6455);
#1976=VERTEX_POINT('',#6457);
#1977=VERTEX_POINT('',#6459);
#1978=VERTEX_POINT('',#6461);
#1979=VERTEX_POINT('',#6463);
#1980=VERTEX_POINT('',#6465);
#1981=VERTEX_POINT('',#6467);
#1982=VERTEX_POINT('',#6469);
#1983=VERTEX_POINT('',#6472);
#1984=VERTEX_POINT('',#6474);
#1985=VERTEX_POINT('',#6476);
#1986=VERTEX_POINT('',#6480);
#1987=VERTEX_POINT('',#6482);
#1988=VERTEX_POINT('',#6484);
#1989=VERTEX_POINT('',#6486);
#1990=VERTEX_POINT('',#6490);
#1991=VERTEX_POINT('',#6492);
#1992=VERTEX_POINT('',#6494);
#1993=VERTEX_POINT('',#6497);
#1994=VERTEX_POINT('',#6499);
#1995=VERTEX_POINT('',#6501);
#1996=VERTEX_POINT('',#6503);
#1997=VERTEX_POINT('',#6506);
#1998=VERTEX_POINT('',#6507);
#1999=VERTEX_POINT('',#6509);
#2000=VERTEX_POINT('',#6513);
#2001=VERTEX_POINT('',#6515);
#2002=VERTEX_POINT('',#6517);
#2003=VERTEX_POINT('',#6521);
#2004=VERTEX_POINT('',#6525);
#2005=VERTEX_POINT('',#6527);
#2006=VERTEX_POINT('',#6532);
#2007=VERTEX_POINT('',#6537);
#2008=VERTEX_POINT('',#6539);
#2009=VERTEX_POINT('',#6541);
#2010=VERTEX_POINT('',#6543);
#2011=VERTEX_POINT('',#6545);
#2012=VERTEX_POINT('',#6548);
#2013=VERTEX_POINT('',#6550);
#2014=VERTEX_POINT('',#6552);
#2015=VERTEX_POINT('',#6554);
#2016=VERTEX_POINT('',#6556);
#2017=VERTEX_POINT('',#6558);
#2018=VERTEX_POINT('',#6563);
#2019=VERTEX_POINT('',#6570);
#2020=VERTEX_POINT('',#6572);
#2021=VERTEX_POINT('',#6574);
#2022=VERTEX_POINT('',#6578);
#2023=VERTEX_POINT('',#6582);
#2024=VERTEX_POINT('',#6586);
#2025=VERTEX_POINT('',#6588);
#2026=VERTEX_POINT('',#6592);
#2027=VERTEX_POINT('',#6596);
#2028=VERTEX_POINT('',#6598);
#2029=VERTEX_POINT('',#6600);
#2030=VERTEX_POINT('',#6605);
#2031=VERTEX_POINT('',#6609);
#2032=VERTEX_POINT('',#6611);
#2033=VERTEX_POINT('',#6613);
#2034=VERTEX_POINT('',#6617);
#2035=VERTEX_POINT('',#6619);
#2036=VERTEX_POINT('',#6623);
#2037=VERTEX_POINT('',#6625);
#2038=VERTEX_POINT('',#6627);
#2039=VERTEX_POINT('',#6629);
#2040=VERTEX_POINT('',#6633);
#2041=VERTEX_POINT('',#6637);
#2042=VERTEX_POINT('',#6639);
#2043=VERTEX_POINT('',#6641);
#2044=VERTEX_POINT('',#6645);
#2045=VERTEX_POINT('',#6649);
#2046=VERTEX_POINT('',#6655);
#2047=VERTEX_POINT('',#6661);
#2048=VERTEX_POINT('',#6663);
#2049=VERTEX_POINT('',#6667);
#2050=VERTEX_POINT('',#6669);
#2051=VERTEX_POINT('',#6671);
#2052=VERTEX_POINT('',#6675);
#2053=VERTEX_POINT('',#6677);
#2054=VERTEX_POINT('',#6679);
#2055=VERTEX_POINT('',#6681);
#2056=VERTEX_POINT('',#6683);
#2057=VERTEX_POINT('',#6687);
#2058=VERTEX_POINT('',#6693);
#2059=VERTEX_POINT('',#6697);
#2060=VERTEX_POINT('',#6701);
#2061=VERTEX_POINT('',#6705);
#2062=VERTEX_POINT('',#6707);
#2063=VERTEX_POINT('',#6709);
#2064=VERTEX_POINT('',#6713);
#2065=VERTEX_POINT('',#6714);
#2066=VERTEX_POINT('',#6716);
#2067=VERTEX_POINT('',#6718);
#2068=VERTEX_POINT('',#6720);
#2069=VERTEX_POINT('',#6722);
#2070=VERTEX_POINT('',#6724);
#2071=VERTEX_POINT('',#6729);
#2072=VERTEX_POINT('',#6733);
#2073=VERTEX_POINT('',#6734);
#2074=VERTEX_POINT('',#6736);
#2075=VERTEX_POINT('',#6738);
#2076=VERTEX_POINT('',#6740);
#2077=VERTEX_POINT('',#6742);
#2078=VERTEX_POINT('',#6744);
#2079=VERTEX_POINT('',#6746);
#2080=VERTEX_POINT('',#6753);
#2081=VERTEX_POINT('',#6755);
#2082=VERTEX_POINT('',#6757);
#2083=VERTEX_POINT('',#6759);
#2084=VERTEX_POINT('',#6761);
#2085=VERTEX_POINT('',#6769);
#2086=VERTEX_POINT('',#6770);
#2087=VERTEX_POINT('',#6772);
#2088=VERTEX_POINT('',#6774);
#2089=VERTEX_POINT('',#6778);
#2090=VERTEX_POINT('',#6780);
#2091=VERTEX_POINT('',#6784);
#2092=VERTEX_POINT('',#6786);
#2093=VERTEX_POINT('',#6790);
#2094=VERTEX_POINT('',#6792);
#2095=VERTEX_POINT('',#6796);
#2096=VERTEX_POINT('',#6797);
#2097=VERTEX_POINT('',#6800);
#2098=VERTEX_POINT('',#6802);
#2099=VERTEX_POINT('',#6804);
#2100=VERTEX_POINT('',#6806);
#2101=VERTEX_POINT('',#6812);
#2102=VERTEX_POINT('',#6813);
#2103=VERTEX_POINT('',#6815);
#2104=VERTEX_POINT('',#6817);
#2105=VERTEX_POINT('',#6819);
#2106=VERTEX_POINT('',#6821);
#2107=VERTEX_POINT('',#6824);
#2108=VERTEX_POINT('',#6826);
#2109=VERTEX_POINT('',#6829);
#2110=VERTEX_POINT('',#6831);
#2111=VERTEX_POINT('',#6835);
#2112=VERTEX_POINT('',#6839);
#2113=VERTEX_POINT('',#6843);
#2114=VERTEX_POINT('',#6847);
#2115=VERTEX_POINT('',#6848);
#2116=VERTEX_POINT('',#6851);
#2117=VERTEX_POINT('',#6853);
#2118=VERTEX_POINT('',#6855);
#2119=VERTEX_POINT('',#6857);
#2120=VERTEX_POINT('',#6859);
#2121=VERTEX_POINT('',#6863);
#2122=VERTEX_POINT('',#6866);
#2123=VERTEX_POINT('',#6868);
#2124=VERTEX_POINT('',#6874);
#2125=VERTEX_POINT('',#6876);
#2126=VERTEX_POINT('',#6878);
#2127=VERTEX_POINT('',#6880);
#2128=VERTEX_POINT('',#6887);
#2129=VERTEX_POINT('',#6893);
#2130=VERTEX_POINT('',#6895);
#2131=VERTEX_POINT('',#6897);
#2132=VERTEX_POINT('',#6901);
#2133=VERTEX_POINT('',#6905);
#2134=VERTEX_POINT('',#6907);
#2135=VERTEX_POINT('',#6912);
#2136=VERTEX_POINT('',#6920);
#2137=VERTEX_POINT('',#6925);
#2138=VERTEX_POINT('',#6931);
#2139=VERTEX_POINT('',#6933);
#2140=VERTEX_POINT('',#6942);
#2141=VERTEX_POINT('',#6947);
#2142=VERTEX_POINT('',#6952);
#2143=VERTEX_POINT('',#6955);
#2144=VERTEX_POINT('',#6959);
#2145=VERTEX_POINT('',#6961);
#2146=VERTEX_POINT('',#6963);
#2147=VERTEX_POINT('',#6965);
#2148=VERTEX_POINT('',#6969);
#2149=VERTEX_POINT('',#6971);
#2150=VERTEX_POINT('',#6973);
#2151=VERTEX_POINT('',#6978);
#2152=VERTEX_POINT('',#6983);
#2153=VERTEX_POINT('',#6985);
#2154=VERTEX_POINT('',#6987);
#2155=VERTEX_POINT('',#6991);
#2156=VERTEX_POINT('',#6996);
#2157=VERTEX_POINT('',#6998);
#2158=VERTEX_POINT('',#7000);
#2159=VERTEX_POINT('',#7002);
#2160=VERTEX_POINT('',#7004);
#2161=VERTEX_POINT('',#7013);
#2162=VERTEX_POINT('',#7015);
#2163=VERTEX_POINT('',#7017);
#2164=VERTEX_POINT('',#7022);
#2165=VERTEX_POINT('',#7027);
#2166=VERTEX_POINT('',#7036);
#2167=VERTEX_POINT('',#7038);
#2168=VERTEX_POINT('',#7043);
#2169=VERTEX_POINT('',#7047);
#2170=VERTEX_POINT('',#7054);
#2171=VERTEX_POINT('',#7061);
#2172=VERTEX_POINT('',#7081);
#2173=VERTEX_POINT('',#7094);
#2174=VERTEX_POINT('',#7099);
#2175=VERTEX_POINT('',#7107);
#2176=VERTEX_POINT('',#7140);
#2177=VERTEX_POINT('',#7237);
#2178=VERTEX_POINT('',#7239);
#2179=VERTEX_POINT('',#7246);
#2180=VERTEX_POINT('',#7251);
#2181=VERTEX_POINT('',#7259);
#2182=VERTEX_POINT('',#7292);
#2183=VERTEX_POINT('',#7315);
#2184=VERTEX_POINT('',#7320);
#2185=VERTEX_POINT('',#7325);
#2186=VERTEX_POINT('',#7330);
#2187=VERTEX_POINT('',#7332);
#2188=VERTEX_POINT('',#7334);
#2189=VERTEX_POINT('',#7336);
#2190=VERTEX_POINT('',#7343);
#2191=VERTEX_POINT('',#7356);
#2192=VERTEX_POINT('',#7452);
#2193=VERTEX_POINT('',#7454);
#2194=VERTEX_POINT('',#7509);
#2195=VERTEX_POINT('',#7522);
#2196=VERTEX_POINT('',#7524);
#2197=VERTEX_POINT('',#7551);
#2198=VERTEX_POINT('',#7582);
#2199=VERTEX_POINT('',#7604);
#2200=VERTEX_POINT('',#7627);
#2201=VERTEX_POINT('',#7628);
#2202=VERTEX_POINT('',#7648);
#2203=VERTEX_POINT('',#7653);
#2204=VERTEX_POINT('',#7655);
#2205=VERTEX_POINT('',#7659);
#2206=VERTEX_POINT('',#7665);
#2207=VERTEX_POINT('',#7667);
#2208=VERTEX_POINT('',#7673);
#2209=VERTEX_POINT('',#7727);
#2210=VERTEX_POINT('',#7857);
#2211=VERTEX_POINT('',#7876);
#2212=VERTEX_POINT('',#7895);
#2213=VERTEX_POINT('',#7897);
#2214=VERTEX_POINT('',#7899);
#2215=VERTEX_POINT('',#7918);
#2216=VERTEX_POINT('',#7919);
#2217=VERTEX_POINT('',#7922);
#2218=VERTEX_POINT('',#7941);
#2219=VERTEX_POINT('',#7960);
#2220=VERTEX_POINT('',#7981);
#2221=VERTEX_POINT('',#7982);
#2222=VERTEX_POINT('',#7984);
#2223=VERTEX_POINT('',#7986);
#2224=VERTEX_POINT('',#7990);
#2225=VERTEX_POINT('',#7991);
#2226=VERTEX_POINT('',#7993);
#2227=VERTEX_POINT('',#7995);
#2228=VERTEX_POINT('',#8002);
#2229=VERTEX_POINT('',#8004);
#2230=VERTEX_POINT('',#8008);
#2231=VERTEX_POINT('',#8009);
#2232=VERTEX_POINT('',#8011);
#2233=VERTEX_POINT('',#8014);
#2234=VERTEX_POINT('',#8018);
#2235=VERTEX_POINT('',#8019);
#2236=VERTEX_POINT('',#8021);
#2237=VERTEX_POINT('',#8023);
#2238=VERTEX_POINT('',#8025);
#2239=VERTEX_POINT('',#8048);
#2240=VERTEX_POINT('',#8050);
#2241=VERTEX_POINT('',#8052);
#2242=VERTEX_POINT('',#8054);
#2243=VERTEX_POINT('',#8056);
#2244=VERTEX_POINT('',#8058);
#2245=VERTEX_POINT('',#8060);
#2246=VERTEX_POINT('',#8062);
#2247=VERTEX_POINT('',#8064);
#2248=VERTEX_POINT('',#8107);
#2249=VERTEX_POINT('',#8108);
#2250=VERTEX_POINT('',#8113);
#2251=VERTEX_POINT('',#8117);
#2252=VERTEX_POINT('',#8121);
#2253=VERTEX_POINT('',#8125);
#2254=VERTEX_POINT('',#8127);
#2255=VERTEX_POINT('',#8142);
#2256=VERTEX_POINT('',#8413);
#2257=VERTEX_POINT('',#8414);
#2258=VERTEX_POINT('',#8459);
#2259=VERTEX_POINT('',#8460);
#2260=VERTEX_POINT('',#8474);
#2261=VERTEX_POINT('',#8479);
#2262=VERTEX_POINT('',#8493);
#2263=VERTEX_POINT('',#8517);
#2264=VERTEX_POINT('',#8519);
#2265=VERTEX_POINT('',#8523);
#2266=VERTEX_POINT('',#8525);
#2267=VERTEX_POINT('',#8540);
#2268=VERTEX_POINT('',#8542);
#2269=EDGE_CURVE('',#1831,#1832,#685,.T.);
#2270=EDGE_CURVE('',#1833,#1832,#686,.T.);
#2271=EDGE_CURVE('',#1831,#1833,#687,.T.);
#2272=EDGE_CURVE('',#1831,#1834,#688,.T.);
#2273=EDGE_CURVE('',#1835,#1834,#689,.T.);
#2274=EDGE_CURVE('',#1835,#1832,#690,.T.);
#2275=EDGE_CURVE('',#1836,#1837,#691,.T.);
#2276=EDGE_CURVE('',#1836,#1838,#692,.T.);
#2277=EDGE_CURVE('',#1838,#1839,#693,.T.);
#2278=EDGE_CURVE('',#1839,#1840,#694,.T.);
#2279=EDGE_CURVE('',#1841,#1840,#695,.T.);
#2280=EDGE_CURVE('',#1841,#1842,#696,.T.);
#2281=EDGE_CURVE('',#1842,#1843,#697,.T.);
#2282=EDGE_CURVE('',#1843,#1844,#698,.T.);
#2283=EDGE_CURVE('',#1844,#1845,#144,.T.);
#2284=EDGE_CURVE('',#1845,#1846,#699,.T.);
#2285=EDGE_CURVE('',#1846,#1847,#700,.T.);
#2286=EDGE_CURVE('',#1847,#1848,#701,.T.);
#2287=EDGE_CURVE('',#1848,#1849,#702,.T.);
#2288=EDGE_CURVE('',#1849,#1850,#703,.T.);
#2289=EDGE_CURVE('',#1850,#1851,#704,.T.);
#2290=EDGE_CURVE('',#1851,#1852,#145,.T.);
#2291=EDGE_CURVE('',#1852,#1853,#705,.T.);
#2292=EDGE_CURVE('',#1854,#1853,#706,.T.);
#2293=EDGE_CURVE('',#1855,#1854,#707,.T.);
#2294=EDGE_CURVE('',#1856,#1855,#708,.T.);
#2295=EDGE_CURVE('',#1837,#1856,#709,.T.);
#2296=EDGE_CURVE('',#1833,#1857,#710,.T.);
#2297=EDGE_CURVE('',#1857,#1858,#146,.T.);
#2298=EDGE_CURVE('',#1858,#1859,#711,.T.);
#2299=EDGE_CURVE('',#1859,#1860,#712,.T.);
#2300=EDGE_CURVE('',#1860,#1861,#713,.T.);
#2301=EDGE_CURVE('',#1861,#1862,#714,.T.);
#2302=EDGE_CURVE('',#1862,#1863,#715,.T.);
#2303=EDGE_CURVE('',#1863,#1864,#716,.T.);
#2304=EDGE_CURVE('',#1864,#1865,#147,.T.);
#2305=EDGE_CURVE('',#1866,#1865,#717,.T.);
#2306=EDGE_CURVE('',#1867,#1866,#148,.T.);
#2307=EDGE_CURVE('',#1868,#1867,#718,.T.);
#2308=EDGE_CURVE('',#1869,#1868,#719,.T.);
#2309=EDGE_CURVE('',#1870,#1869,#720,.T.);
#2310=EDGE_CURVE('',#1871,#1870,#721,.T.);
#2311=EDGE_CURVE('',#1872,#1871,#722,.T.);
#2312=EDGE_CURVE('',#1873,#1872,#723,.T.);
#2313=EDGE_CURVE('',#1834,#1873,#149,.T.);
#2314=EDGE_CURVE('',#1837,#1874,#724,.T.);
#2315=EDGE_CURVE('',#1874,#1875,#725,.T.);
#2316=EDGE_CURVE('',#1875,#1876,#726,.T.);
#2317=EDGE_CURVE('',#1876,#1877,#727,.T.);
#2318=EDGE_CURVE('',#1877,#1878,#91,.T.);
#2319=EDGE_CURVE('',#1878,#1879,#728,.T.);
#2320=EDGE_CURVE('',#1879,#1880,#729,.T.);
#2321=EDGE_CURVE('',#1880,#1881,#730,.T.);
#2322=EDGE_CURVE('',#1881,#1882,#731,.T.);
#2323=EDGE_CURVE('',#1883,#1882,#732,.T.);
#2324=EDGE_CURVE('',#1884,#1883,#733,.T.);
#2325=EDGE_CURVE('',#1885,#1884,#734,.T.);
#2326=EDGE_CURVE('',#1885,#1886,#92,.T.);
#2327=EDGE_CURVE('',#1886,#1887,#735,.T.);
#2328=EDGE_CURVE('',#1887,#1888,#736,.T.);
#2329=EDGE_CURVE('',#1888,#1854,#737,.T.);
#2330=EDGE_CURVE('',#1853,#1889,#738,.T.);
#2331=EDGE_CURVE('',#1889,#1890,#739,.T.);
#2332=EDGE_CURVE('',#1890,#1891,#740,.T.);
#2333=EDGE_CURVE('',#1892,#1891,#741,.T.);
#2334=EDGE_CURVE('',#1841,#1892,#742,.T.);
#2335=EDGE_CURVE('',#1840,#1893,#743,.T.);
#2336=EDGE_CURVE('',#1893,#1894,#744,.T.);
#2337=EDGE_CURVE('',#1894,#1895,#745,.T.);
#2338=EDGE_CURVE('',#1895,#1896,#746,.T.);
#2339=EDGE_CURVE('',#1896,#1897,#747,.T.);
#2340=EDGE_CURVE('',#1897,#1898,#748,.T.);
#2341=EDGE_CURVE('',#1898,#1899,#749,.T.);
#2342=EDGE_CURVE('',#1899,#1900,#750,.T.);
#2343=EDGE_CURVE('',#1900,#1901,#751,.T.);
#2344=EDGE_CURVE('',#1901,#1902,#752,.T.);
#2345=EDGE_CURVE('',#1902,#1903,#753,.T.);
#2346=EDGE_CURVE('',#1903,#1904,#754,.T.);
#2347=EDGE_CURVE('',#1904,#1905,#755,.T.);
#2348=EDGE_CURVE('',#1905,#1906,#756,.T.);
#2349=EDGE_CURVE('',#1906,#1907,#150,.T.);
#2350=EDGE_CURVE('',#1907,#1908,#757,.T.);
#2351=EDGE_CURVE('',#1908,#1909,#758,.T.);
#2352=EDGE_CURVE('',#1909,#1910,#759,.T.);
#2353=EDGE_CURVE('',#1910,#1911,#760,.T.);
#2354=EDGE_CURVE('',#1911,#1912,#761,.T.);
#2355=EDGE_CURVE('',#1912,#1913,#762,.T.);
#2356=EDGE_CURVE('',#1913,#1914,#763,.T.);
#2357=EDGE_CURVE('',#1914,#1915,#764,.T.);
#2358=EDGE_CURVE('',#1915,#1916,#765,.T.);
#2359=EDGE_CURVE('',#1916,#1917,#766,.T.);
#2360=EDGE_CURVE('',#1917,#1918,#767,.T.);
#2361=EDGE_CURVE('',#1918,#1919,#768,.T.);
#2362=EDGE_CURVE('',#1919,#1920,#769,.T.);
#2363=EDGE_CURVE('',#1920,#1921,#770,.T.);
#2364=EDGE_CURVE('',#1921,#1836,#771,.T.);
#2365=EDGE_CURVE('',#1865,#1922,#83,.T.);
#2366=EDGE_CURVE('',#1922,#1866,#772,.T.);
#2367=EDGE_CURVE('',#1864,#1923,#84,.T.);
#2368=EDGE_CURVE('',#1922,#1923,#151,.T.);
#2369=EDGE_CURVE('',#1924,#1870,#773,.T.);
#2370=EDGE_CURVE('',#1924,#1925,#774,.T.);
#2371=EDGE_CURVE('',#1925,#1871,#775,.T.);
#2372=EDGE_CURVE('',#1926,#1869,#776,.T.);
#2373=EDGE_CURVE('',#1926,#1924,#777,.T.);
#2374=EDGE_CURVE('',#1927,#1868,#778,.T.);
#2375=EDGE_CURVE('',#1927,#1926,#779,.T.);
#2376=EDGE_CURVE('',#1923,#1867,#780,.T.);
#2377=EDGE_CURVE('',#1923,#1927,#781,.T.);
#2378=EDGE_CURVE('',#1928,#1873,#782,.T.);
#2379=EDGE_CURVE('',#1928,#1835,#152,.T.);
#2380=EDGE_CURVE('',#1929,#1872,#783,.T.);
#2381=EDGE_CURVE('',#1929,#1928,#784,.T.);
#2382=EDGE_CURVE('',#1925,#1929,#785,.T.);
#2383=EDGE_CURVE('',#1930,#1890,#786,.T.);
#2384=EDGE_CURVE('',#1889,#1931,#787,.T.);
#2385=EDGE_CURVE('',#1931,#1930,#788,.T.);
#2386=EDGE_CURVE('',#1891,#1932,#789,.T.);
#2387=EDGE_CURVE('',#1933,#1932,#790,.T.);
#2388=EDGE_CURVE('',#1933,#1892,#791,.T.);
#2389=EDGE_CURVE('',#1932,#1934,#792,.T.);
#2390=EDGE_CURVE('',#1935,#1934,#793,.T.);
#2391=EDGE_CURVE('',#1935,#1933,#794,.T.);
#2392=EDGE_CURVE('',#1934,#1936,#795,.T.);
#2393=EDGE_CURVE('',#1937,#1936,#796,.T.);
#2394=EDGE_CURVE('',#1937,#1935,#797,.T.);
#2395=EDGE_CURVE('',#1936,#1938,#153,.T.);
#2396=EDGE_CURVE('',#1939,#1938,#798,.T.);
#2397=EDGE_CURVE('',#1939,#1937,#154,.T.);
#2398=EDGE_CURVE('',#1938,#1940,#799,.T.);
#2399=EDGE_CURVE('',#1941,#1940,#800,.T.);
#2400=EDGE_CURVE('',#1941,#1939,#801,.T.);
#2401=EDGE_CURVE('',#1940,#1942,#802,.T.);
#2402=EDGE_CURVE('',#1943,#1942,#803,.T.);
#2403=EDGE_CURVE('',#1943,#1941,#804,.T.);
#2404=EDGE_CURVE('',#1942,#1944,#805,.T.);
#2405=EDGE_CURVE('',#1945,#1944,#806,.T.);
#2406=EDGE_CURVE('',#1945,#1943,#807,.T.);
#2407=EDGE_CURVE('',#1944,#1946,#808,.T.);
#2408=EDGE_CURVE('',#1947,#1946,#809,.T.);
#2409=EDGE_CURVE('',#1947,#1945,#810,.T.);
#2410=EDGE_CURVE('',#1946,#1948,#811,.T.);
#2411=EDGE_CURVE('',#1949,#1948,#812,.T.);
#2412=EDGE_CURVE('',#1949,#1947,#813,.T.);
#2413=EDGE_CURVE('',#1948,#1950,#814,.T.);
#2414=EDGE_CURVE('',#1951,#1950,#815,.T.);
#2415=EDGE_CURVE('',#1951,#1949,#816,.T.);
#2416=EDGE_CURVE('',#1950,#1930,#155,.T.);
#2417=EDGE_CURVE('',#1931,#1951,#156,.T.);
#2418=EDGE_CURVE('',#1952,#1952,#157,.T.);
#2419=EDGE_CURVE('',#1952,#1953,#817,.T.);
#2420=EDGE_CURVE('',#1953,#1953,#158,.T.);
#2421=EDGE_CURVE('',#1954,#1955,#818,.T.);
#2422=EDGE_CURVE('',#1956,#1954,#819,.T.);
#2423=EDGE_CURVE('',#1957,#1956,#820,.T.);
#2424=EDGE_CURVE('',#1958,#1957,#821,.T.);
#2425=EDGE_CURVE('',#1959,#1958,#822,.T.);
#2426=EDGE_CURVE('',#1960,#1959,#823,.T.);
#2427=EDGE_CURVE('',#1961,#1960,#824,.T.);
#2428=EDGE_CURVE('',#1962,#1961,#825,.T.);
#2429=EDGE_CURVE('',#1963,#1962,#826,.T.);
#2430=EDGE_CURVE('',#1964,#1963,#827,.T.);
#2431=EDGE_CURVE('',#1965,#1964,#159,.T.);
#2432=EDGE_CURVE('',#1966,#1965,#828,.T.);
#2433=EDGE_CURVE('',#1967,#1966,#829,.T.);
#2434=EDGE_CURVE('',#1968,#1967,#830,.T.);
#2435=EDGE_CURVE('',#1955,#1968,#160,.T.);
#2436=EDGE_CURVE('',#1969,#1970,#831,.T.);
#2437=EDGE_CURVE('',#1971,#1969,#832,.T.);
#2438=EDGE_CURVE('',#1972,#1971,#833,.T.);
#2439=EDGE_CURVE('',#1973,#1972,#834,.T.);
#2440=EDGE_CURVE('',#1974,#1973,#835,.T.);
#2441=EDGE_CURVE('',#1975,#1974,#836,.T.);
#2442=EDGE_CURVE('',#1976,#1975,#837,.T.);
#2443=EDGE_CURVE('',#1977,#1976,#161,.T.);
#2444=EDGE_CURVE('',#1978,#1977,#838,.T.);
#2445=EDGE_CURVE('',#1979,#1978,#839,.T.);
#2446=EDGE_CURVE('',#1980,#1979,#840,.T.);
#2447=EDGE_CURVE('',#1981,#1980,#841,.T.);
#2448=EDGE_CURVE('',#1982,#1981,#842,.T.);
#2449=EDGE_CURVE('',#1909,#1982,#843,.T.);
#2450=EDGE_CURVE('',#1983,#1908,#844,.T.);
#2451=EDGE_CURVE('',#1984,#1983,#845,.T.);
#2452=EDGE_CURVE('',#1985,#1984,#846,.T.);
#2453=EDGE_CURVE('',#1970,#1985,#162,.T.);
#2454=EDGE_CURVE('',#1983,#1986,#847,.T.);
#2455=EDGE_CURVE('',#1987,#1907,#62,.T.);
#2456=EDGE_CURVE('',#1988,#1987,#848,.T.);
#2457=EDGE_CURVE('',#1989,#1988,#849,.T.);
#2458=EDGE_CURVE('',#1986,#1989,#850,.T.);
#2459=EDGE_CURVE('',#1963,#1990,#851,.T.);
#2460=EDGE_CURVE('',#1991,#1962,#852,.T.);
#2461=EDGE_CURVE('',#1992,#1991,#853,.T.);
#2462=EDGE_CURVE('',#1971,#1992,#854,.T.);
#2463=EDGE_CURVE('',#1993,#1969,#855,.T.);
#2464=EDGE_CURVE('',#1994,#1993,#856,.T.);
#2465=EDGE_CURVE('',#1995,#1994,#857,.T.);
#2466=EDGE_CURVE('',#1996,#1995,#858,.T.);
#2467=EDGE_CURVE('',#1990,#1996,#859,.T.);
#2468=EDGE_CURVE('',#1997,#1998,#860,.T.);
#2469=EDGE_CURVE('',#1999,#1997,#861,.T.);
#2470=EDGE_CURVE('',#1998,#1999,#862,.T.);
#2471=EDGE_CURVE('',#2000,#1954,#863,.T.);
#2472=EDGE_CURVE('',#2001,#2000,#864,.T.);
#2473=EDGE_CURVE('',#2002,#2001,#865,.T.);
#2474=EDGE_CURVE('',#1956,#2002,#866,.T.);
#2475=EDGE_CURVE('',#1997,#2003,#867,.T.);
#2476=EDGE_CURVE('',#1999,#2003,#868,.T.);
#2477=EDGE_CURVE('',#2004,#1966,#869,.T.);
#2478=EDGE_CURVE('',#2005,#2004,#93,.T.);
#2479=EDGE_CURVE('',#2006,#2005,#94,.T.);
#2480=EDGE_CURVE('',#2007,#2006,#870,.T.);
#2481=EDGE_CURVE('',#2008,#2007,#871,.T.);
#2482=EDGE_CURVE('',#2009,#2008,#872,.T.);
#2483=EDGE_CURVE('',#2010,#2009,#873,.T.);
#2484=EDGE_CURVE('',#2011,#2010,#874,.T.);
#2485=EDGE_CURVE('',#2011,#1839,#875,.T.);
#2486=EDGE_CURVE('',#1838,#2012,#876,.T.);
#2487=EDGE_CURVE('',#2013,#2012,#877,.T.);
#2488=EDGE_CURVE('',#2014,#2013,#878,.T.);
#2489=EDGE_CURVE('',#2015,#2014,#879,.T.);
#2490=EDGE_CURVE('',#2016,#2015,#880,.T.);
#2491=EDGE_CURVE('',#2017,#2016,#95,.T.);
#2492=EDGE_CURVE('',#2018,#2017,#96,.T.);
#2493=EDGE_CURVE('',#1967,#2018,#881,.T.);
#2494=EDGE_CURVE('',#2019,#1990,#882,.T.);
#2495=EDGE_CURVE('',#2020,#2019,#883,.T.);
#2496=EDGE_CURVE('',#2020,#2021,#884,.T.);
#2497=EDGE_CURVE('',#1964,#2021,#63,.T.);
#2498=EDGE_CURVE('',#2022,#1996,#885,.T.);
#2499=EDGE_CURVE('',#2019,#2022,#886,.T.);
#2500=EDGE_CURVE('',#2023,#1995,#887,.T.);
#2501=EDGE_CURVE('',#2022,#2023,#888,.T.);
#2502=EDGE_CURVE('',#1994,#2024,#889,.T.);
#2503=EDGE_CURVE('',#2024,#2025,#890,.T.);
#2504=EDGE_CURVE('',#2023,#2025,#891,.T.);
#2505=EDGE_CURVE('',#2026,#1993,#892,.T.);
#2506=EDGE_CURVE('',#2024,#2026,#893,.T.);
#2507=EDGE_CURVE('',#1970,#2027,#894,.T.);
#2508=EDGE_CURVE('',#2027,#2028,#895,.T.);
#2509=EDGE_CURVE('',#2029,#2028,#896,.T.);
#2510=EDGE_CURVE('',#2029,#2026,#897,.T.);
#2511=EDGE_CURVE('',#1992,#2029,#898,.T.);
#2512=EDGE_CURVE('',#2028,#2030,#899,.T.);
#2513=EDGE_CURVE('',#1972,#2030,#900,.T.);
#2514=EDGE_CURVE('',#2031,#1960,#901,.T.);
#2515=EDGE_CURVE('',#2031,#2032,#902,.T.);
#2516=EDGE_CURVE('',#2032,#2033,#903,.T.);
#2517=EDGE_CURVE('',#2033,#1961,#904,.T.);
#2518=EDGE_CURVE('',#2034,#1985,#905,.T.);
#2519=EDGE_CURVE('',#2035,#2034,#163,.T.);
#2520=EDGE_CURVE('',#2027,#2035,#164,.T.);
#2521=EDGE_CURVE('',#2021,#2036,#64,.T.);
#2522=EDGE_CURVE('',#2037,#2036,#906,.T.);
#2523=EDGE_CURVE('',#2037,#2038,#165,.T.);
#2524=EDGE_CURVE('',#2038,#2039,#166,.T.);
#2525=EDGE_CURVE('',#1965,#2039,#907,.T.);
#2526=EDGE_CURVE('',#2030,#2040,#908,.T.);
#2527=EDGE_CURVE('',#1973,#2040,#909,.T.);
#2528=EDGE_CURVE('',#1986,#2041,#910,.T.);
#2529=EDGE_CURVE('',#2042,#2041,#911,.T.);
#2530=EDGE_CURVE('',#2043,#2042,#912,.T.);
#2531=EDGE_CURVE('',#2043,#1984,#913,.T.);
#2532=EDGE_CURVE('',#2040,#2044,#914,.T.);
#2533=EDGE_CURVE('',#1974,#2044,#915,.T.);
#2534=EDGE_CURVE('',#2044,#2045,#916,.T.);
#2535=EDGE_CURVE('',#1975,#2045,#917,.T.);
#2536=EDGE_CURVE('',#2043,#2034,#918,.T.);
#2537=EDGE_CURVE('',#1989,#2046,#919,.T.);
#2538=EDGE_CURVE('',#2046,#2041,#920,.T.);
#2539=EDGE_CURVE('',#2039,#2004,#921,.T.);
#2540=EDGE_CURVE('',#2047,#1988,#922,.T.);
#2541=EDGE_CURVE('',#2047,#2048,#923,.T.);
#2542=EDGE_CURVE('',#2046,#2048,#924,.T.);
#2543=EDGE_CURVE('',#2049,#1976,#925,.T.);
#2544=EDGE_CURVE('',#2050,#2049,#167,.T.);
#2545=EDGE_CURVE('',#2051,#2050,#168,.T.);
#2546=EDGE_CURVE('',#1977,#2051,#926,.T.);
#2547=EDGE_CURVE('',#2052,#1968,#927,.T.);
#2548=EDGE_CURVE('',#2052,#2053,#169,.T.);
#2549=EDGE_CURVE('',#2053,#2054,#170,.T.);
#2550=EDGE_CURVE('',#2055,#2054,#928,.T.);
#2551=EDGE_CURVE('',#2055,#2056,#65,.T.);
#2552=EDGE_CURVE('',#2056,#1955,#66,.T.);
#2553=EDGE_CURVE('',#2051,#2057,#929,.T.);
#2554=EDGE_CURVE('',#2057,#1978,#930,.T.);
#2555=EDGE_CURVE('',#2018,#2052,#931,.T.);
#2556=EDGE_CURVE('',#1906,#2058,#932,.T.);
#2557=EDGE_CURVE('',#2058,#1987,#171,.F.);
#2558=EDGE_CURVE('',#1982,#2059,#933,.T.);
#2559=EDGE_CURVE('',#2059,#1910,#934,.T.);
#2560=EDGE_CURVE('',#2060,#1981,#935,.T.);
#2561=EDGE_CURVE('',#2060,#2059,#936,.T.);
#2562=EDGE_CURVE('',#2061,#2047,#937,.T.);
#2563=EDGE_CURVE('',#2062,#2058,#938,.T.);
#2564=EDGE_CURVE('',#2062,#2063,#939,.T.);
#2565=EDGE_CURVE('',#2063,#2061,#940,.T.);
#2566=EDGE_CURVE('',#2064,#2065,#941,.T.);
#2567=EDGE_CURVE('',#2065,#2066,#942,.T.);
#2568=EDGE_CURVE('',#2066,#2067,#943,.F.);
#2569=EDGE_CURVE('',#2068,#2067,#944,.T.);
#2570=EDGE_CURVE('',#2068,#2069,#945,.T.);
#2571=EDGE_CURVE('',#2069,#2070,#946,.T.);
#2572=EDGE_CURVE('',#2070,#2042,#947,.T.);
#2573=EDGE_CURVE('',#2048,#2064,#948,.T.);
#2574=EDGE_CURVE('',#2068,#2071,#949,.T.);
#2575=EDGE_CURVE('',#2069,#2071,#950,.T.);
#2576=EDGE_CURVE('',#2072,#2073,#951,.T.);
#2577=EDGE_CURVE('',#2073,#2074,#952,.T.);
#2578=EDGE_CURVE('',#2075,#2074,#953,.T.);
#2579=EDGE_CURVE('',#2076,#2075,#954,.T.);
#2580=EDGE_CURVE('',#2077,#2076,#955,.T.);
#2581=EDGE_CURVE('',#2078,#2077,#956,.T.);
#2582=EDGE_CURVE('',#2078,#2079,#957,.T.);
#2583=EDGE_CURVE('',#2079,#2072,#958,.T.);
#2584=EDGE_CURVE('',#2073,#2066,#959,.F.);
#2585=EDGE_CURVE('',#2067,#2072,#960,.T.);
#2586=EDGE_CURVE('',#1979,#2080,#961,.T.);
#2587=EDGE_CURVE('',#2080,#2081,#962,.T.);
#2588=EDGE_CURVE('',#2082,#2081,#963,.T.);
#2589=EDGE_CURVE('',#2082,#2083,#964,.T.);
#2590=EDGE_CURVE('',#2083,#2084,#965,.T.);
#2591=EDGE_CURVE('',#1980,#2084,#966,.T.);
#2592=EDGE_CURVE('',#1905,#2062,#967,.T.);
#2593=EDGE_CURVE('',#2074,#1904,#968,.T.);
#2594=EDGE_CURVE('',#2065,#2063,#969,.T.);
#2595=EDGE_CURVE('',#2085,#2086,#970,.T.);
#2596=EDGE_CURVE('',#2085,#2087,#971,.T.);
#2597=EDGE_CURVE('',#2088,#2087,#972,.T.);
#2598=EDGE_CURVE('',#2088,#2086,#973,.T.);
#2599=EDGE_CURVE('',#2089,#2085,#974,.T.);
#2600=EDGE_CURVE('',#2090,#2089,#975,.T.);
#2601=EDGE_CURVE('',#2090,#2087,#976,.T.);
#2602=EDGE_CURVE('',#2091,#2089,#977,.T.);
#2603=EDGE_CURVE('',#2092,#2091,#978,.T.);
#2604=EDGE_CURVE('',#2092,#2090,#979,.T.);
#2605=EDGE_CURVE('',#2093,#2091,#980,.T.);
#2606=EDGE_CURVE('',#2093,#2094,#981,.T.);
#2607=EDGE_CURVE('',#2092,#2094,#982,.T.);
#2608=EDGE_CURVE('',#2095,#2096,#983,.T.);
#2609=EDGE_CURVE('',#2095,#1856,#984,.T.);
#2610=EDGE_CURVE('',#2097,#1855,#985,.T.);
#2611=EDGE_CURVE('',#2098,#2097,#986,.T.);
#2612=EDGE_CURVE('',#2098,#2099,#987,.T.);
#2613=EDGE_CURVE('',#2099,#2100,#988,.T.);
#2614=EDGE_CURVE('',#2096,#2100,#989,.T.);
#2615=EDGE_CURVE('',#1874,#2095,#990,.T.);
#2616=EDGE_CURVE('',#2101,#2102,#991,.T.);
#2617=EDGE_CURVE('',#2101,#2103,#172,.T.);
#2618=EDGE_CURVE('',#2103,#2104,#992,.T.);
#2619=EDGE_CURVE('',#2104,#2105,#993,.T.);
#2620=EDGE_CURVE('',#2105,#2106,#994,.T.);
#2621=EDGE_CURVE('',#2106,#1877,#995,.T.);
#2622=EDGE_CURVE('',#1876,#2107,#173,.T.);
#2623=EDGE_CURVE('',#2108,#2107,#996,.T.);
#2624=EDGE_CURVE('',#2108,#2088,#997,.T.);
#2625=EDGE_CURVE('',#2109,#2094,#998,.T.);
#2626=EDGE_CURVE('',#2110,#2109,#999,.T.);
#2627=EDGE_CURVE('',#2110,#2102,#1000,.T.);
#2628=EDGE_CURVE('',#2111,#2093,#1001,.T.);
#2629=EDGE_CURVE('',#2109,#2111,#1002,.T.);
#2630=EDGE_CURVE('',#2112,#2111,#1003,.T.);
#2631=EDGE_CURVE('',#2112,#2110,#1004,.T.);
#2632=EDGE_CURVE('',#2102,#2113,#1005,.T.);
#2633=EDGE_CURVE('',#2113,#2112,#1006,.T.);
#2634=EDGE_CURVE('',#2114,#2115,#1007,.T.);
#2635=EDGE_CURVE('',#2115,#2082,#1008,.T.);
#2636=EDGE_CURVE('',#2081,#2116,#1009,.T.);
#2637=EDGE_CURVE('',#2117,#2116,#1010,.T.);
#2638=EDGE_CURVE('',#2117,#2118,#1011,.T.);
#2639=EDGE_CURVE('',#2118,#2119,#1012,.T.);
#2640=EDGE_CURVE('',#2119,#2120,#1013,.T.);
#2641=EDGE_CURVE('',#2120,#2114,#1014,.T.);
#2642=EDGE_CURVE('',#2121,#2001,#1015,.T.);
#2643=EDGE_CURVE('',#2121,#2118,#1016,.T.);
#2644=EDGE_CURVE('',#2117,#2122,#1017,.T.);
#2645=EDGE_CURVE('',#2123,#2122,#1018,.T.);
#2646=EDGE_CURVE('',#2123,#2002,#1019,.T.);
#2647=EDGE_CURVE('',#2119,#2121,#1020,.T.);
#2648=EDGE_CURVE('',#2116,#2124,#1021,.T.);
#2649=EDGE_CURVE('',#2125,#2124,#1022,.T.);
#2650=EDGE_CURVE('',#2125,#2126,#1023,.T.);
#2651=EDGE_CURVE('',#2126,#2127,#97,.T.);
#2652=EDGE_CURVE('',#2128,#2127,#1024,.T.);
#2653=EDGE_CURVE('',#2128,#2122,#1025,.T.);
#2654=EDGE_CURVE('',#2045,#2049,#1026,.T.);
#2655=EDGE_CURVE('',#1957,#2129,#1027,.T.);
#2656=EDGE_CURVE('',#2129,#2130,#1028,.T.);
#2657=EDGE_CURVE('',#2130,#2131,#1029,.T.);
#2658=EDGE_CURVE('',#2131,#1958,#1030,.T.);
#2659=EDGE_CURVE('',#2128,#2132,#1031,.T.);
#2660=EDGE_CURVE('',#2132,#2123,#1032,.T.);
#2661=EDGE_CURVE('',#2133,#2132,#1033,.T.);
#2662=EDGE_CURVE('',#2134,#2133,#98,.T.);
#2663=EDGE_CURVE('',#2135,#2134,#99,.T.);
#2664=EDGE_CURVE('',#2135,#2136,#100,.T.);
#2665=EDGE_CURVE('',#2137,#2136,#1034,.T.);
#2666=EDGE_CURVE('',#2129,#2137,#1035,.T.);
#2667=EDGE_CURVE('',#2000,#2119,#1036,.T.);
#2668=EDGE_CURVE('',#2056,#2138,#1037,.T.);
#2669=EDGE_CURVE('',#2139,#2138,#101,.T.);
#2670=EDGE_CURVE('',#2140,#2139,#102,.T.);
#2671=EDGE_CURVE('',#2141,#2140,#103,.T.);
#2672=EDGE_CURVE('',#2142,#2141,#1038,.T.);
#2673=EDGE_CURVE('',#2142,#2014,#1039,.T.);
#2674=EDGE_CURVE('',#2014,#2143,#1040,.T.);
#2675=EDGE_CURVE('',#2143,#2120,#1041,.T.);
#2676=EDGE_CURVE('',#1991,#2144,#1042,.T.);
#2677=EDGE_CURVE('',#2145,#2144,#1043,.T.);
#2678=EDGE_CURVE('',#2145,#2146,#1044,.T.);
#2679=EDGE_CURVE('',#2146,#2147,#1045,.T.);
#2680=EDGE_CURVE('',#2025,#2147,#1046,.T.);
#2681=EDGE_CURVE('',#2148,#2145,#1047,.T.);
#2682=EDGE_CURVE('',#2148,#2149,#1048,.T.);
#2683=EDGE_CURVE('',#2150,#2149,#104,.T.);
#2684=EDGE_CURVE('',#2150,#2151,#105,.T.);
#2685=EDGE_CURVE('',#2151,#2152,#1049,.T.);
#2686=EDGE_CURVE('',#2152,#2153,#1050,.T.);
#2687=EDGE_CURVE('',#2153,#2154,#1051,.T.);
#2688=EDGE_CURVE('',#2146,#2154,#1052,.T.);
#2689=EDGE_CURVE('',#2155,#2144,#1053,.T.);
#2690=EDGE_CURVE('',#2148,#2155,#1054,.T.);
#2691=EDGE_CURVE('',#2154,#2070,#1055,.T.);
#2692=EDGE_CURVE('',#2069,#2156,#1056,.T.);
#2693=EDGE_CURVE('',#2156,#2157,#1057,.T.);
#2694=EDGE_CURVE('',#2157,#2158,#1058,.T.);
#2695=EDGE_CURVE('',#2158,#2159,#1059,.T.);
#2696=EDGE_CURVE('',#2159,#2160,#1060,.T.);
#2697=EDGE_CURVE('',#2160,#2020,#1061,.T.);
#2698=EDGE_CURVE('',#2147,#2023,#1062,.T.);
#2699=EDGE_CURVE('',#2003,#1998,#1063,.T.);
#2700=EDGE_CURVE('',#2033,#2161,#1064,.T.);
#2701=EDGE_CURVE('',#2161,#2162,#1065,.T.);
#2702=EDGE_CURVE('',#2163,#2162,#106,.T.);
#2703=EDGE_CURVE('',#2163,#2164,#107,.T.);
#2704=EDGE_CURVE('',#2165,#2164,#108,.T.);
#2705=EDGE_CURVE('',#2155,#2165,#1066,.T.);
#2706=EDGE_CURVE('',#2011,#1893,#1067,.T.);
#2707=EDGE_CURVE('',#2010,#1898,#1068,.T.);
#2708=EDGE_CURVE('',#1897,#2166,#1069,.T.);
#2709=EDGE_CURVE('',#2166,#2167,#1070,.T.);
#2710=EDGE_CURVE('',#2167,#1894,#1071,.T.);
#2711=EDGE_CURVE('',#2168,#2008,#1072,.T.);
#2712=EDGE_CURVE('',#2168,#2009,#1073,.T.);
#2713=EDGE_CURVE('',#2169,#2007,#1074,.T.);
#2714=EDGE_CURVE('',#2008,#2169,#1075,.T.);
#2715=EDGE_CURVE('',#2159,#2168,#1076,.T.);
#2716=EDGE_CURVE('',#2160,#2168,#1077,.T.);
#2717=EDGE_CURVE('',#2170,#2006,#109,.T.);
#2718=EDGE_CURVE('',#2169,#2170,#1078,.T.);
#2719=EDGE_CURVE('',#2171,#2127,#110,.F.);
#2720=EDGE_CURVE('',#2172,#2171,#111,.T.);
#2721=EDGE_CURVE('',#2133,#2172,#112,.T.);
#2722=EDGE_CURVE('',#2173,#2165,#113,.T.);
#2723=EDGE_CURVE('',#2174,#2173,#114,.T.);
#2724=EDGE_CURVE('',#2174,#2175,#115,.T.);
#2725=EDGE_CURVE('',#2149,#2175,#116,.T.);
#2726=EDGE_CURVE('',#2174,#2176,#1079,.T.);
#2727=EDGE_CURVE('',#2176,#2151,#1080,.T.);
#2728=EDGE_CURVE('',#2175,#2150,#117,.T.);
#2729=EDGE_CURVE('',#2177,#2163,#1081,.T.);
#2730=EDGE_CURVE('',#2178,#2177,#1082,.T.);
#2731=EDGE_CURVE('',#2178,#2164,#118,.T.);
#2732=EDGE_CURVE('',#2179,#2170,#119,.T.);
#2733=EDGE_CURVE('',#2180,#2179,#120,.T.);
#2734=EDGE_CURVE('',#2181,#2180,#121,.T.);
#2735=EDGE_CURVE('',#2021,#2181,#1083,.T.);
#2736=EDGE_CURVE('',#1849,#1947,#1084,.T.);
#2737=EDGE_CURVE('',#1850,#1949,#1085,.T.);
#2738=EDGE_CURVE('',#1848,#1945,#1086,.T.);
#2739=EDGE_CURVE('',#2097,#1888,#1087,.T.);
#2740=EDGE_CURVE('',#2176,#2182,#1088,.T.);
#2741=EDGE_CURVE('',#2182,#2152,#1089,.T.);
#2742=EDGE_CURVE('',#1842,#1933,#1090,.T.);
#2743=EDGE_CURVE('',#1843,#1935,#1091,.T.);
#2744=EDGE_CURVE('',#2104,#2173,#1092,.T.);
#2745=EDGE_CURVE('',#2183,#2178,#122,.T.);
#2746=EDGE_CURVE('',#2184,#2183,#123,.T.);
#2747=EDGE_CURVE('',#2185,#2184,#124,.T.);
#2748=EDGE_CURVE('',#2186,#2185,#1093,.T.);
#2749=EDGE_CURVE('',#2187,#2186,#1094,.T.);
#2750=EDGE_CURVE('',#2188,#2187,#1095,.T.);
#2751=EDGE_CURVE('',#2189,#2188,#1096,.T.);
#2752=EDGE_CURVE('',#2105,#2189,#1097,.T.);
#2753=EDGE_CURVE('',#1847,#1943,#1098,.T.);
#2754=EDGE_CURVE('',#1846,#1941,#1099,.T.);
#2755=EDGE_CURVE('',#2162,#2190,#125,.T.);
#2756=EDGE_CURVE('',#2036,#2161,#1100,.T.);
#2757=EDGE_CURVE('',#2036,#2190,#1101,.T.);
#2758=EDGE_CURVE('',#2190,#2191,#126,.T.);
#2759=EDGE_CURVE('',#2191,#2181,#127,.T.);
#2760=EDGE_CURVE('',#2179,#2005,#1102,.T.);
#2761=EDGE_CURVE('',#2180,#2039,#1103,.T.);
#2762=EDGE_CURVE('',#2185,#2191,#1104,.T.);
#2763=EDGE_CURVE('',#2186,#2037,#1105,.T.);
#2764=EDGE_CURVE('',#2192,#2013,#1106,.T.);
#2765=EDGE_CURVE('',#2193,#2192,#1107,.T.);
#2766=EDGE_CURVE('',#2114,#2193,#1108,.T.);
#2767=EDGE_CURVE('',#2143,#2114,#1109,.T.);
#2768=EDGE_CURVE('',#2143,#2013,#1110,.T.);
#2769=EDGE_CURVE('',#2016,#2141,#128,.F.);
#2770=EDGE_CURVE('',#2140,#2017,#1111,.T.);
#2771=EDGE_CURVE('',#2139,#2052,#1112,.T.);
#2772=EDGE_CURVE('',#2138,#2194,#129,.T.);
#2773=EDGE_CURVE('',#2195,#2194,#1113,.T.);
#2774=EDGE_CURVE('',#2195,#2196,#1114,.T.);
#2775=EDGE_CURVE('',#2196,#2054,#1115,.T.);
#2776=EDGE_CURVE('',#2142,#2015,#1116,.T.);
#2777=EDGE_CURVE('',#2055,#2197,#1117,.T.);
#2778=EDGE_CURVE('',#2194,#2197,#130,.T.);
#2779=EDGE_CURVE('',#2198,#2126,#1118,.T.);
#2780=EDGE_CURVE('',#2198,#2171,#1119,.T.);
#2781=EDGE_CURVE('',#2137,#2055,#1120,.T.);
#2782=EDGE_CURVE('',#2054,#2130,#1121,.T.);
#2783=EDGE_CURVE('',#2199,#2135,#1122,.T.);
#2784=EDGE_CURVE('',#2199,#2195,#1123,.T.);
#2785=EDGE_CURVE('',#2197,#2136,#131,.T.);
#2786=EDGE_CURVE('',#2200,#2201,#1124,.T.);
#2787=EDGE_CURVE('',#2201,#2131,#1125,.T.);
#2788=EDGE_CURVE('',#2200,#2130,#1126,.T.);
#2789=EDGE_CURVE('',#2134,#2202,#1127,.T.);
#2790=EDGE_CURVE('',#2202,#2199,#1128,.T.);
#2791=EDGE_CURVE('',#2071,#2203,#1129,.T.);
#2792=EDGE_CURVE('',#2071,#2204,#1130,.T.);
#2793=EDGE_CURVE('',#2204,#2203,#1131,.T.);
#2794=EDGE_CURVE('',#2205,#2204,#1132,.T.);
#2795=EDGE_CURVE('',#2203,#2205,#1133,.T.);
#2796=EDGE_CURVE('',#2156,#2203,#1134,.T.);
#2797=EDGE_CURVE('',#2156,#2206,#1135,.T.);
#2798=EDGE_CURVE('',#2205,#2207,#1136,.T.);
#2799=EDGE_CURVE('',#2157,#2207,#1137,.T.);
#2800=EDGE_CURVE('',#2207,#2158,#1138,.T.);
#2801=EDGE_CURVE('',#2131,#2208,#1139,.T.);
#2802=EDGE_CURVE('',#2208,#1959,#1140,.T.);
#2803=EDGE_CURVE('',#2201,#2189,#1141,.T.);
#2804=EDGE_CURVE('',#2189,#2208,#1142,.T.);
#2805=EDGE_CURVE('',#2196,#2200,#1143,.T.);
#2806=EDGE_CURVE('',#2209,#2125,#1144,.T.);
#2807=EDGE_CURVE('',#2209,#2198,#1145,.T.);
#2808=EDGE_CURVE('',#1878,#2209,#1146,.T.);
#2809=EDGE_CURVE('',#1879,#2125,#1147,.T.);
#2810=EDGE_CURVE('',#2182,#1885,#1148,.T.);
#2811=EDGE_CURVE('',#2152,#1884,#1149,.T.);
#2812=EDGE_CURVE('',#2032,#2037,#1150,.T.);
#2813=EDGE_CURVE('',#2187,#2032,#1151,.T.);
#2814=EDGE_CURVE('',#2188,#2031,#1152,.T.);
#2815=EDGE_CURVE('',#2208,#2031,#1153,.T.);
#2816=EDGE_CURVE('',#2106,#2172,#1154,.T.);
#2817=EDGE_CURVE('',#1883,#2153,#1155,.T.);
#2818=EDGE_CURVE('',#2124,#1880,#1156,.T.);
#2819=EDGE_CURVE('',#2124,#2210,#1157,.T.);
#2820=EDGE_CURVE('',#2210,#1881,#174,.T.);
#2821=EDGE_CURVE('',#2116,#2211,#1158,.T.);
#2822=EDGE_CURVE('',#2211,#2210,#175,.T.);
#2823=EDGE_CURVE('',#2212,#2080,#1159,.T.);
#2824=EDGE_CURVE('',#2212,#2213,#1160,.T.);
#2825=EDGE_CURVE('',#2213,#2214,#176,.T.);
#2826=EDGE_CURVE('',#2081,#2214,#1161,.T.);
#2827=EDGE_CURVE('',#2215,#2216,#1162,.T.);
#2828=EDGE_CURVE('',#2042,#2215,#1163,.T.);
#2829=EDGE_CURVE('',#2070,#2217,#1164,.T.);
#2830=EDGE_CURVE('',#2217,#2216,#177,.T.);
#2831=EDGE_CURVE('',#2154,#2218,#1165,.T.);
#2832=EDGE_CURVE('',#2218,#2217,#178,.T.);
#2833=EDGE_CURVE('',#2153,#2219,#1166,.T.);
#2834=EDGE_CURVE('',#2219,#2218,#179,.T.);
#2835=EDGE_CURVE('',#1882,#2219,#180,.T.);
#2836=EDGE_CURVE('',#2220,#2221,#1167,.T.);
#2837=EDGE_CURVE('',#2222,#2221,#1168,.T.);
#2838=EDGE_CURVE('',#2223,#2222,#1169,.T.);
#2839=EDGE_CURVE('',#2223,#2220,#1170,.T.);
#2840=EDGE_CURVE('',#2224,#2225,#1171,.T.);
#2841=EDGE_CURVE('',#2226,#2225,#1172,.T.);
#2842=EDGE_CURVE('',#2227,#2226,#1173,.T.);
#2843=EDGE_CURVE('',#2227,#2224,#1174,.T.);
#2844=EDGE_CURVE('',#2226,#2078,#1175,.T.);
#2845=EDGE_CURVE('',#2225,#2079,#1176,.T.);
#2846=EDGE_CURVE('',#2220,#2228,#1177,.T.);
#2847=EDGE_CURVE('',#2228,#2229,#1178,.T.);
#2848=EDGE_CURVE('',#2221,#2229,#1179,.T.);
#2849=EDGE_CURVE('',#2230,#2231,#1180,.T.);
#2850=EDGE_CURVE('',#2231,#2232,#1181,.T.);
#2851=EDGE_CURVE('',#2232,#2223,#1182,.T.);
#2852=EDGE_CURVE('',#2233,#2222,#1183,.T.);
#2853=EDGE_CURVE('',#2230,#2233,#1184,.T.);
#2854=EDGE_CURVE('',#2234,#2235,#1185,.T.);
#2855=EDGE_CURVE('',#2236,#2235,#1186,.T.);
#2856=EDGE_CURVE('',#2237,#2236,#1187,.T.);
#2857=EDGE_CURVE('',#2238,#2237,#1188,.T.);
#2858=EDGE_CURVE('',#2234,#2238,#1189,.T.);
#2859=EDGE_CURVE('',#2084,#2060,#1190,.T.);
#2860=EDGE_CURVE('',#2214,#2211,#181,.T.);
#2861=EDGE_CURVE('',#2239,#2213,#182,.T.);
#2862=EDGE_CURVE('',#2240,#2239,#183,.T.);
#2863=EDGE_CURVE('',#2241,#2240,#184,.T.);
#2864=EDGE_CURVE('',#2242,#2241,#185,.T.);
#2865=EDGE_CURVE('',#2243,#2242,#186,.T.);
#2866=EDGE_CURVE('',#2244,#2243,#187,.T.);
#2867=EDGE_CURVE('',#2245,#2244,#188,.T.);
#2868=EDGE_CURVE('',#2246,#2245,#189,.T.);
#2869=EDGE_CURVE('',#2247,#2246,#190,.T.);
#2870=EDGE_CURVE('',#2216,#2247,#191,.T.);
#2871=EDGE_CURVE('',#1857,#1835,#85,.T.);
#2872=EDGE_CURVE('',#1858,#1928,#86,.T.);
#2873=EDGE_CURVE('',#1859,#1929,#1191,.T.);
#2874=EDGE_CURVE('',#1860,#1925,#1192,.T.);
#2875=EDGE_CURVE('',#1861,#1924,#1193,.T.);
#2876=EDGE_CURVE('',#1862,#1926,#1194,.T.);
#2877=EDGE_CURVE('',#1863,#1927,#1195,.T.);
#2878=EDGE_CURVE('',#1851,#1951,#87,.T.);
#2879=EDGE_CURVE('',#1852,#1931,#88,.T.);
#2880=EDGE_CURVE('',#1844,#1937,#89,.T.);
#2881=EDGE_CURVE('',#1845,#1939,#90,.T.);
#2882=EDGE_CURVE('',#2248,#2249,#1196,.F.);
#2883=EDGE_CURVE('',#1918,#2248,#1197,.T.);
#2884=EDGE_CURVE('',#1917,#2249,#1198,.F.);
#2885=EDGE_CURVE('',#2250,#2248,#1199,.T.);
#2886=EDGE_CURVE('',#1919,#2250,#1200,.T.);
#2887=EDGE_CURVE('',#1920,#2251,#1201,.T.);
#2888=EDGE_CURVE('',#2251,#2250,#1202,.T.);
#2889=EDGE_CURVE('',#2249,#2252,#1203,.T.);
#2890=EDGE_CURVE('',#2252,#1916,#1204,.T.);
#2891=EDGE_CURVE('',#1895,#2253,#1205,.F.);
#2892=EDGE_CURVE('',#2254,#2253,#1206,.F.);
#2893=EDGE_CURVE('',#1896,#2254,#1207,.T.);
#2894=EDGE_CURVE('',#2166,#2254,#1208,.T.);
#2895=EDGE_CURVE('',#2253,#2167,#1209,.T.);
#2896=EDGE_CURVE('',#2251,#2252,#1210,.T.);
#2897=EDGE_CURVE('',#1903,#2075,#1211,.T.);
#2898=EDGE_CURVE('',#1902,#2076,#1212,.T.);
#2899=EDGE_CURVE('',#2236,#2255,#1213,.T.);
#2900=EDGE_CURVE('',#2234,#2255,#1214,.T.);
#2901=EDGE_CURVE('',#2255,#2235,#1215,.T.);
#2902=EDGE_CURVE('',#2231,#2083,#1216,.T.);
#2903=EDGE_CURVE('',#1911,#2230,#1217,.T.);
#2904=EDGE_CURVE('',#2232,#2115,#1218,.T.);
#2905=EDGE_CURVE('',#2027,#2246,#1219,.T.);
#2906=EDGE_CURVE('',#2034,#2247,#1220,.T.);
#2907=EDGE_CURVE('',#2028,#2245,#1221,.T.);
#2908=EDGE_CURVE('',#2030,#2244,#1222,.T.);
#2909=EDGE_CURVE('',#2040,#2243,#1223,.T.);
#2910=EDGE_CURVE('',#2044,#2242,#1224,.T.);
#2911=EDGE_CURVE('',#2045,#2241,#1225,.T.);
#2912=EDGE_CURVE('',#2049,#2240,#1226,.T.);
#2913=EDGE_CURVE('',#2051,#2239,#1227,.T.);
#2914=EDGE_CURVE('',#2256,#2257,#132,.T.);
#2915=EDGE_CURVE('',#2257,#2057,#133,.T.);
#2916=EDGE_CURVE('',#2212,#2256,#134,.T.);
#2917=EDGE_CURVE('',#2258,#2259,#135,.T.);
#2918=EDGE_CURVE('',#2259,#2215,#136,.T.);
#2919=EDGE_CURVE('',#2258,#2043,#137,.T.);
#2920=EDGE_CURVE('',#2080,#2260,#1228,.T.);
#2921=EDGE_CURVE('',#2057,#2080,#1229,.T.);
#2922=EDGE_CURVE('',#2257,#2260,#1230,.T.);
#2923=EDGE_CURVE('',#2261,#2042,#1231,.T.);
#2924=EDGE_CURVE('',#2258,#2261,#1232,.T.);
#2925=EDGE_CURVE('',#2259,#2261,#1233,.T.);
#2926=EDGE_CURVE('',#2260,#2256,#1234,.T.);
#2927=EDGE_CURVE('',#2064,#2061,#1235,.T.);
#2928=EDGE_CURVE('',#2107,#2262,#1236,.T.);
#2929=EDGE_CURVE('',#2262,#1875,#192,.T.);
#2930=EDGE_CURVE('',#2103,#1886,#138,.T.);
#2931=EDGE_CURVE('',#2100,#2263,#1237,.T.);
#2932=EDGE_CURVE('',#2264,#2099,#1238,.T.);
#2933=EDGE_CURVE('',#2263,#2264,#1239,.T.);
#2934=EDGE_CURVE('',#2265,#2264,#1240,.T.);
#2935=EDGE_CURVE('',#2266,#2265,#1241,.T.);
#2936=EDGE_CURVE('',#2266,#2263,#1242,.T.);
#2937=EDGE_CURVE('',#2096,#2266,#1243,.T.);
#2938=EDGE_CURVE('',#2265,#2098,#1244,.T.);
#2939=EDGE_CURVE('',#1899,#2224,#1245,.T.);
#2940=EDGE_CURVE('',#1900,#2227,#1246,.T.);
#2941=EDGE_CURVE('',#1901,#2077,#1247,.T.);
#2942=EDGE_CURVE('',#2113,#2267,#1248,.T.);
#2943=EDGE_CURVE('',#2086,#2268,#1249,.T.);
#2944=EDGE_CURVE('',#2262,#2268,#1250,.T.);
#2945=EDGE_CURVE('',#1887,#2267,#193,.T.);
#2946=EDGE_CURVE('',#2267,#2101,#1251,.T.);
#2947=EDGE_CURVE('',#2233,#1912,#1252,.T.);
#2948=EDGE_CURVE('',#2229,#1913,#1253,.T.);
#2949=EDGE_CURVE('',#2228,#1914,#1254,.T.);
#2950=EDGE_CURVE('',#1915,#2192,#1255,.T.);
#2951=EDGE_CURVE('',#1921,#2012,#1256,.T.);
#2952=EDGE_CURVE('',#2268,#2108,#1257,.T.);
#2953=ORIENTED_EDGE('',*,*,#2269,.T.);
#2954=ORIENTED_EDGE('',*,*,#2270,.F.);
#2955=ORIENTED_EDGE('',*,*,#2271,.F.);
#2956=ORIENTED_EDGE('',*,*,#2269,.F.);
#2957=ORIENTED_EDGE('',*,*,#2272,.T.);
#2958=ORIENTED_EDGE('',*,*,#2273,.F.);
#2959=ORIENTED_EDGE('',*,*,#2274,.T.);
#2960=ORIENTED_EDGE('',*,*,#2275,.F.);
#2961=ORIENTED_EDGE('',*,*,#2276,.T.);
#2962=ORIENTED_EDGE('',*,*,#2277,.T.);
#2963=ORIENTED_EDGE('',*,*,#2278,.T.);
#2964=ORIENTED_EDGE('',*,*,#2279,.F.);
#2965=ORIENTED_EDGE('',*,*,#2280,.T.);
#2966=ORIENTED_EDGE('',*,*,#2281,.T.);
#2967=ORIENTED_EDGE('',*,*,#2282,.T.);
#2968=ORIENTED_EDGE('',*,*,#2283,.T.);
#2969=ORIENTED_EDGE('',*,*,#2284,.T.);
#2970=ORIENTED_EDGE('',*,*,#2285,.T.);
#2971=ORIENTED_EDGE('',*,*,#2286,.T.);
#2972=ORIENTED_EDGE('',*,*,#2287,.T.);
#2973=ORIENTED_EDGE('',*,*,#2288,.T.);
#2974=ORIENTED_EDGE('',*,*,#2289,.T.);
#2975=ORIENTED_EDGE('',*,*,#2290,.T.);
#2976=ORIENTED_EDGE('',*,*,#2291,.T.);
#2977=ORIENTED_EDGE('',*,*,#2292,.F.);
#2978=ORIENTED_EDGE('',*,*,#2293,.F.);
#2979=ORIENTED_EDGE('',*,*,#2294,.F.);
#2980=ORIENTED_EDGE('',*,*,#2295,.F.);
#2981=ORIENTED_EDGE('',*,*,#2271,.T.);
#2982=ORIENTED_EDGE('',*,*,#2296,.T.);
#2983=ORIENTED_EDGE('',*,*,#2297,.T.);
#2984=ORIENTED_EDGE('',*,*,#2298,.T.);
#2985=ORIENTED_EDGE('',*,*,#2299,.T.);
#2986=ORIENTED_EDGE('',*,*,#2300,.T.);
#2987=ORIENTED_EDGE('',*,*,#2301,.T.);
#2988=ORIENTED_EDGE('',*,*,#2302,.T.);
#2989=ORIENTED_EDGE('',*,*,#2303,.T.);
#2990=ORIENTED_EDGE('',*,*,#2304,.T.);
#2991=ORIENTED_EDGE('',*,*,#2305,.F.);
#2992=ORIENTED_EDGE('',*,*,#2306,.F.);
#2993=ORIENTED_EDGE('',*,*,#2307,.F.);
#2994=ORIENTED_EDGE('',*,*,#2308,.F.);
#2995=ORIENTED_EDGE('',*,*,#2309,.F.);
#2996=ORIENTED_EDGE('',*,*,#2310,.F.);
#2997=ORIENTED_EDGE('',*,*,#2311,.F.);
#2998=ORIENTED_EDGE('',*,*,#2312,.F.);
#2999=ORIENTED_EDGE('',*,*,#2313,.F.);
#3000=ORIENTED_EDGE('',*,*,#2272,.F.);
#3001=ORIENTED_EDGE('',*,*,#2275,.T.);
#3002=ORIENTED_EDGE('',*,*,#2314,.T.);
#3003=ORIENTED_EDGE('',*,*,#2315,.T.);
#3004=ORIENTED_EDGE('',*,*,#2316,.T.);
#3005=ORIENTED_EDGE('',*,*,#2317,.T.);
#3006=ORIENTED_EDGE('',*,*,#2318,.T.);
#3007=ORIENTED_EDGE('',*,*,#2319,.T.);
#3008=ORIENTED_EDGE('',*,*,#2320,.T.);
#3009=ORIENTED_EDGE('',*,*,#2321,.T.);
#3010=ORIENTED_EDGE('',*,*,#2322,.T.);
#3011=ORIENTED_EDGE('',*,*,#2323,.F.);
#3012=ORIENTED_EDGE('',*,*,#2324,.F.);
#3013=ORIENTED_EDGE('',*,*,#2325,.F.);
#3014=ORIENTED_EDGE('',*,*,#2326,.T.);
#3015=ORIENTED_EDGE('',*,*,#2327,.T.);
#3016=ORIENTED_EDGE('',*,*,#2328,.T.);
#3017=ORIENTED_EDGE('',*,*,#2329,.T.);
#3018=ORIENTED_EDGE('',*,*,#2292,.T.);
#3019=ORIENTED_EDGE('',*,*,#2330,.T.);
#3020=ORIENTED_EDGE('',*,*,#2331,.T.);
#3021=ORIENTED_EDGE('',*,*,#2332,.T.);
#3022=ORIENTED_EDGE('',*,*,#2333,.F.);
#3023=ORIENTED_EDGE('',*,*,#2334,.F.);
#3024=ORIENTED_EDGE('',*,*,#2279,.T.);
#3025=ORIENTED_EDGE('',*,*,#2335,.T.);
#3026=ORIENTED_EDGE('',*,*,#2336,.T.);
#3027=ORIENTED_EDGE('',*,*,#2337,.T.);
#3028=ORIENTED_EDGE('',*,*,#2338,.T.);
#3029=ORIENTED_EDGE('',*,*,#2339,.T.);
#3030=ORIENTED_EDGE('',*,*,#2340,.T.);
#3031=ORIENTED_EDGE('',*,*,#2341,.T.);
#3032=ORIENTED_EDGE('',*,*,#2342,.T.);
#3033=ORIENTED_EDGE('',*,*,#2343,.T.);
#3034=ORIENTED_EDGE('',*,*,#2344,.T.);
#3035=ORIENTED_EDGE('',*,*,#2345,.T.);
#3036=ORIENTED_EDGE('',*,*,#2346,.T.);
#3037=ORIENTED_EDGE('',*,*,#2347,.T.);
#3038=ORIENTED_EDGE('',*,*,#2348,.T.);
#3039=ORIENTED_EDGE('',*,*,#2349,.T.);
#3040=ORIENTED_EDGE('',*,*,#2350,.T.);
#3041=ORIENTED_EDGE('',*,*,#2351,.T.);
#3042=ORIENTED_EDGE('',*,*,#2352,.T.);
#3043=ORIENTED_EDGE('',*,*,#2353,.T.);
#3044=ORIENTED_EDGE('',*,*,#2354,.T.);
#3045=ORIENTED_EDGE('',*,*,#2355,.T.);
#3046=ORIENTED_EDGE('',*,*,#2356,.T.);
#3047=ORIENTED_EDGE('',*,*,#2357,.T.);
#3048=ORIENTED_EDGE('',*,*,#2358,.T.);
#3049=ORIENTED_EDGE('',*,*,#2359,.T.);
#3050=ORIENTED_EDGE('',*,*,#2360,.T.);
#3051=ORIENTED_EDGE('',*,*,#2361,.T.);
#3052=ORIENTED_EDGE('',*,*,#2362,.T.);
#3053=ORIENTED_EDGE('',*,*,#2363,.T.);
#3054=ORIENTED_EDGE('',*,*,#2364,.T.);
#3055=ORIENTED_EDGE('',*,*,#2365,.T.);
#3056=ORIENTED_EDGE('',*,*,#2366,.T.);
#3057=ORIENTED_EDGE('',*,*,#2305,.T.);
#3058=ORIENTED_EDGE('',*,*,#2365,.F.);
#3059=ORIENTED_EDGE('',*,*,#2304,.F.);
#3060=ORIENTED_EDGE('',*,*,#2367,.T.);
#3061=ORIENTED_EDGE('',*,*,#2368,.F.);
#3062=ORIENTED_EDGE('',*,*,#2310,.T.);
#3063=ORIENTED_EDGE('',*,*,#2369,.F.);
#3064=ORIENTED_EDGE('',*,*,#2370,.T.);
#3065=ORIENTED_EDGE('',*,*,#2371,.T.);
#3066=ORIENTED_EDGE('',*,*,#2309,.T.);
#3067=ORIENTED_EDGE('',*,*,#2372,.F.);
#3068=ORIENTED_EDGE('',*,*,#2373,.T.);
#3069=ORIENTED_EDGE('',*,*,#2369,.T.);
#3070=ORIENTED_EDGE('',*,*,#2308,.T.);
#3071=ORIENTED_EDGE('',*,*,#2374,.F.);
#3072=ORIENTED_EDGE('',*,*,#2375,.T.);
#3073=ORIENTED_EDGE('',*,*,#2372,.T.);
#3074=ORIENTED_EDGE('',*,*,#2307,.T.);
#3075=ORIENTED_EDGE('',*,*,#2376,.F.);
#3076=ORIENTED_EDGE('',*,*,#2377,.T.);
#3077=ORIENTED_EDGE('',*,*,#2374,.T.);
#3078=ORIENTED_EDGE('',*,*,#2306,.T.);
#3079=ORIENTED_EDGE('',*,*,#2366,.F.);
#3080=ORIENTED_EDGE('',*,*,#2368,.T.);
#3081=ORIENTED_EDGE('',*,*,#2376,.T.);
#3082=ORIENTED_EDGE('',*,*,#2313,.T.);
#3083=ORIENTED_EDGE('',*,*,#2378,.F.);
#3084=ORIENTED_EDGE('',*,*,#2379,.T.);
#3085=ORIENTED_EDGE('',*,*,#2273,.T.);
#3086=ORIENTED_EDGE('',*,*,#2312,.T.);
#3087=ORIENTED_EDGE('',*,*,#2380,.F.);
#3088=ORIENTED_EDGE('',*,*,#2381,.T.);
#3089=ORIENTED_EDGE('',*,*,#2378,.T.);
#3090=ORIENTED_EDGE('',*,*,#2311,.T.);
#3091=ORIENTED_EDGE('',*,*,#2371,.F.);
#3092=ORIENTED_EDGE('',*,*,#2382,.T.);
#3093=ORIENTED_EDGE('',*,*,#2380,.T.);
#3094=ORIENTED_EDGE('',*,*,#2383,.T.);
#3095=ORIENTED_EDGE('',*,*,#2331,.F.);
#3096=ORIENTED_EDGE('',*,*,#2384,.T.);
#3097=ORIENTED_EDGE('',*,*,#2385,.T.);
#3098=ORIENTED_EDGE('',*,*,#2386,.T.);
#3099=ORIENTED_EDGE('',*,*,#2387,.F.);
#3100=ORIENTED_EDGE('',*,*,#2388,.T.);
#3101=ORIENTED_EDGE('',*,*,#2333,.T.);
#3102=ORIENTED_EDGE('',*,*,#2389,.T.);
#3103=ORIENTED_EDGE('',*,*,#2390,.F.);
#3104=ORIENTED_EDGE('',*,*,#2391,.T.);
#3105=ORIENTED_EDGE('',*,*,#2387,.T.);
#3106=ORIENTED_EDGE('',*,*,#2392,.T.);
#3107=ORIENTED_EDGE('',*,*,#2393,.F.);
#3108=ORIENTED_EDGE('',*,*,#2394,.T.);
#3109=ORIENTED_EDGE('',*,*,#2390,.T.);
#3110=ORIENTED_EDGE('',*,*,#2395,.T.);
#3111=ORIENTED_EDGE('',*,*,#2396,.F.);
#3112=ORIENTED_EDGE('',*,*,#2397,.T.);
#3113=ORIENTED_EDGE('',*,*,#2393,.T.);
#3114=ORIENTED_EDGE('',*,*,#2398,.T.);
#3115=ORIENTED_EDGE('',*,*,#2399,.F.);
#3116=ORIENTED_EDGE('',*,*,#2400,.T.);
#3117=ORIENTED_EDGE('',*,*,#2396,.T.);
#3118=ORIENTED_EDGE('',*,*,#2401,.T.);
#3119=ORIENTED_EDGE('',*,*,#2402,.F.);
#3120=ORIENTED_EDGE('',*,*,#2403,.T.);
#3121=ORIENTED_EDGE('',*,*,#2399,.T.);
#3122=ORIENTED_EDGE('',*,*,#2404,.T.);
#3123=ORIENTED_EDGE('',*,*,#2405,.F.);
#3124=ORIENTED_EDGE('',*,*,#2406,.T.);
#3125=ORIENTED_EDGE('',*,*,#2402,.T.);
#3126=ORIENTED_EDGE('',*,*,#2407,.T.);
#3127=ORIENTED_EDGE('',*,*,#2408,.F.);
#3128=ORIENTED_EDGE('',*,*,#2409,.T.);
#3129=ORIENTED_EDGE('',*,*,#2405,.T.);
#3130=ORIENTED_EDGE('',*,*,#2410,.T.);
#3131=ORIENTED_EDGE('',*,*,#2411,.F.);
#3132=ORIENTED_EDGE('',*,*,#2412,.T.);
#3133=ORIENTED_EDGE('',*,*,#2408,.T.);
#3134=ORIENTED_EDGE('',*,*,#2413,.T.);
#3135=ORIENTED_EDGE('',*,*,#2414,.F.);
#3136=ORIENTED_EDGE('',*,*,#2415,.T.);
#3137=ORIENTED_EDGE('',*,*,#2411,.T.);
#3138=ORIENTED_EDGE('',*,*,#2416,.T.);
#3139=ORIENTED_EDGE('',*,*,#2385,.F.);
#3140=ORIENTED_EDGE('',*,*,#2417,.T.);
#3141=ORIENTED_EDGE('',*,*,#2414,.T.);
#3142=ORIENTED_EDGE('',*,*,#2398,.F.);
#3143=ORIENTED_EDGE('',*,*,#2395,.F.);
#3144=ORIENTED_EDGE('',*,*,#2392,.F.);
#3145=ORIENTED_EDGE('',*,*,#2389,.F.);
#3146=ORIENTED_EDGE('',*,*,#2386,.F.);
#3147=ORIENTED_EDGE('',*,*,#2332,.F.);
#3148=ORIENTED_EDGE('',*,*,#2383,.F.);
#3149=ORIENTED_EDGE('',*,*,#2416,.F.);
#3150=ORIENTED_EDGE('',*,*,#2413,.F.);
#3151=ORIENTED_EDGE('',*,*,#2410,.F.);
#3152=ORIENTED_EDGE('',*,*,#2407,.F.);
#3153=ORIENTED_EDGE('',*,*,#2404,.F.);
#3154=ORIENTED_EDGE('',*,*,#2401,.F.);
#3155=ORIENTED_EDGE('',*,*,#2418,.F.);
#3156=ORIENTED_EDGE('',*,*,#2419,.T.);
#3157=ORIENTED_EDGE('',*,*,#2420,.F.);
#3158=ORIENTED_EDGE('',*,*,#2419,.F.);
#3159=ORIENTED_EDGE('',*,*,#2421,.F.);
#3160=ORIENTED_EDGE('',*,*,#2422,.F.);
#3161=ORIENTED_EDGE('',*,*,#2423,.F.);
#3162=ORIENTED_EDGE('',*,*,#2424,.F.);
#3163=ORIENTED_EDGE('',*,*,#2425,.F.);
#3164=ORIENTED_EDGE('',*,*,#2426,.F.);
#3165=ORIENTED_EDGE('',*,*,#2427,.F.);
#3166=ORIENTED_EDGE('',*,*,#2428,.F.);
#3167=ORIENTED_EDGE('',*,*,#2429,.F.);
#3168=ORIENTED_EDGE('',*,*,#2430,.F.);
#3169=ORIENTED_EDGE('',*,*,#2431,.F.);
#3170=ORIENTED_EDGE('',*,*,#2432,.F.);
#3171=ORIENTED_EDGE('',*,*,#2433,.F.);
#3172=ORIENTED_EDGE('',*,*,#2434,.F.);
#3173=ORIENTED_EDGE('',*,*,#2435,.F.);
#3174=ORIENTED_EDGE('',*,*,#2436,.F.);
#3175=ORIENTED_EDGE('',*,*,#2437,.F.);
#3176=ORIENTED_EDGE('',*,*,#2438,.F.);
#3177=ORIENTED_EDGE('',*,*,#2439,.F.);
#3178=ORIENTED_EDGE('',*,*,#2440,.F.);
#3179=ORIENTED_EDGE('',*,*,#2441,.F.);
#3180=ORIENTED_EDGE('',*,*,#2442,.F.);
#3181=ORIENTED_EDGE('',*,*,#2443,.F.);
#3182=ORIENTED_EDGE('',*,*,#2444,.F.);
#3183=ORIENTED_EDGE('',*,*,#2445,.F.);
#3184=ORIENTED_EDGE('',*,*,#2446,.F.);
#3185=ORIENTED_EDGE('',*,*,#2447,.F.);
#3186=ORIENTED_EDGE('',*,*,#2448,.F.);
#3187=ORIENTED_EDGE('',*,*,#2449,.F.);
#3188=ORIENTED_EDGE('',*,*,#2351,.F.);
#3189=ORIENTED_EDGE('',*,*,#2450,.F.);
#3190=ORIENTED_EDGE('',*,*,#2451,.F.);
#3191=ORIENTED_EDGE('',*,*,#2452,.F.);
#3192=ORIENTED_EDGE('',*,*,#2453,.F.);
#3193=ORIENTED_EDGE('',*,*,#2454,.F.);
#3194=ORIENTED_EDGE('',*,*,#2450,.T.);
#3195=ORIENTED_EDGE('',*,*,#2350,.F.);
#3196=ORIENTED_EDGE('',*,*,#2455,.F.);
#3197=ORIENTED_EDGE('',*,*,#2456,.F.);
#3198=ORIENTED_EDGE('',*,*,#2457,.F.);
#3199=ORIENTED_EDGE('',*,*,#2458,.F.);
#3200=ORIENTED_EDGE('',*,*,#2459,.F.);
#3201=ORIENTED_EDGE('',*,*,#2429,.T.);
#3202=ORIENTED_EDGE('',*,*,#2460,.F.);
#3203=ORIENTED_EDGE('',*,*,#2461,.F.);
#3204=ORIENTED_EDGE('',*,*,#2462,.F.);
#3205=ORIENTED_EDGE('',*,*,#2437,.T.);
#3206=ORIENTED_EDGE('',*,*,#2463,.F.);
#3207=ORIENTED_EDGE('',*,*,#2464,.F.);
#3208=ORIENTED_EDGE('',*,*,#2465,.F.);
#3209=ORIENTED_EDGE('',*,*,#2466,.F.);
#3210=ORIENTED_EDGE('',*,*,#2467,.F.);
#3211=ORIENTED_EDGE('',*,*,#2468,.F.);
#3212=ORIENTED_EDGE('',*,*,#2469,.F.);
#3213=ORIENTED_EDGE('',*,*,#2470,.F.);
#3214=ORIENTED_EDGE('',*,*,#2471,.F.);
#3215=ORIENTED_EDGE('',*,*,#2472,.F.);
#3216=ORIENTED_EDGE('',*,*,#2473,.F.);
#3217=ORIENTED_EDGE('',*,*,#2474,.F.);
#3218=ORIENTED_EDGE('',*,*,#2422,.T.);
#3219=ORIENTED_EDGE('',*,*,#2469,.T.);
#3220=ORIENTED_EDGE('',*,*,#2475,.T.);
#3221=ORIENTED_EDGE('',*,*,#2476,.F.);
#3222=ORIENTED_EDGE('',*,*,#2433,.T.);
#3223=ORIENTED_EDGE('',*,*,#2477,.F.);
#3224=ORIENTED_EDGE('',*,*,#2478,.F.);
#3225=ORIENTED_EDGE('',*,*,#2479,.F.);
#3226=ORIENTED_EDGE('',*,*,#2480,.F.);
#3227=ORIENTED_EDGE('',*,*,#2481,.F.);
#3228=ORIENTED_EDGE('',*,*,#2482,.F.);
#3229=ORIENTED_EDGE('',*,*,#2483,.F.);
#3230=ORIENTED_EDGE('',*,*,#2484,.F.);
#3231=ORIENTED_EDGE('',*,*,#2485,.T.);
#3232=ORIENTED_EDGE('',*,*,#2277,.F.);
#3233=ORIENTED_EDGE('',*,*,#2486,.T.);
#3234=ORIENTED_EDGE('',*,*,#2487,.F.);
#3235=ORIENTED_EDGE('',*,*,#2488,.F.);
#3236=ORIENTED_EDGE('',*,*,#2489,.F.);
#3237=ORIENTED_EDGE('',*,*,#2490,.F.);
#3238=ORIENTED_EDGE('',*,*,#2491,.F.);
#3239=ORIENTED_EDGE('',*,*,#2492,.F.);
#3240=ORIENTED_EDGE('',*,*,#2493,.F.);
#3241=ORIENTED_EDGE('',*,*,#2430,.T.);
#3242=ORIENTED_EDGE('',*,*,#2459,.T.);
#3243=ORIENTED_EDGE('',*,*,#2494,.F.);
#3244=ORIENTED_EDGE('',*,*,#2495,.F.);
#3245=ORIENTED_EDGE('',*,*,#2496,.T.);
#3246=ORIENTED_EDGE('',*,*,#2497,.F.);
#3247=ORIENTED_EDGE('',*,*,#2467,.T.);
#3248=ORIENTED_EDGE('',*,*,#2498,.F.);
#3249=ORIENTED_EDGE('',*,*,#2499,.F.);
#3250=ORIENTED_EDGE('',*,*,#2494,.T.);
#3251=ORIENTED_EDGE('',*,*,#2466,.T.);
#3252=ORIENTED_EDGE('',*,*,#2500,.F.);
#3253=ORIENTED_EDGE('',*,*,#2501,.F.);
#3254=ORIENTED_EDGE('',*,*,#2498,.T.);
#3255=ORIENTED_EDGE('',*,*,#2465,.T.);
#3256=ORIENTED_EDGE('',*,*,#2502,.T.);
#3257=ORIENTED_EDGE('',*,*,#2503,.T.);
#3258=ORIENTED_EDGE('',*,*,#2504,.F.);
#3259=ORIENTED_EDGE('',*,*,#2500,.T.);
#3260=ORIENTED_EDGE('',*,*,#2464,.T.);
#3261=ORIENTED_EDGE('',*,*,#2505,.F.);
#3262=ORIENTED_EDGE('',*,*,#2506,.F.);
#3263=ORIENTED_EDGE('',*,*,#2502,.F.);
#3264=ORIENTED_EDGE('',*,*,#2463,.T.);
#3265=ORIENTED_EDGE('',*,*,#2436,.T.);
#3266=ORIENTED_EDGE('',*,*,#2507,.T.);
#3267=ORIENTED_EDGE('',*,*,#2508,.T.);
#3268=ORIENTED_EDGE('',*,*,#2509,.F.);
#3269=ORIENTED_EDGE('',*,*,#2510,.T.);
#3270=ORIENTED_EDGE('',*,*,#2505,.T.);
#3271=ORIENTED_EDGE('',*,*,#2462,.T.);
#3272=ORIENTED_EDGE('',*,*,#2511,.T.);
#3273=ORIENTED_EDGE('',*,*,#2509,.T.);
#3274=ORIENTED_EDGE('',*,*,#2512,.T.);
#3275=ORIENTED_EDGE('',*,*,#2513,.F.);
#3276=ORIENTED_EDGE('',*,*,#2438,.T.);
#3277=ORIENTED_EDGE('',*,*,#2427,.T.);
#3278=ORIENTED_EDGE('',*,*,#2514,.F.);
#3279=ORIENTED_EDGE('',*,*,#2515,.T.);
#3280=ORIENTED_EDGE('',*,*,#2516,.T.);
#3281=ORIENTED_EDGE('',*,*,#2517,.T.);
#3282=ORIENTED_EDGE('',*,*,#2453,.T.);
#3283=ORIENTED_EDGE('',*,*,#2518,.F.);
#3284=ORIENTED_EDGE('',*,*,#2519,.F.);
#3285=ORIENTED_EDGE('',*,*,#2520,.F.);
#3286=ORIENTED_EDGE('',*,*,#2507,.F.);
#3287=ORIENTED_EDGE('',*,*,#2431,.T.);
#3288=ORIENTED_EDGE('',*,*,#2497,.T.);
#3289=ORIENTED_EDGE('',*,*,#2521,.T.);
#3290=ORIENTED_EDGE('',*,*,#2522,.F.);
#3291=ORIENTED_EDGE('',*,*,#2523,.T.);
#3292=ORIENTED_EDGE('',*,*,#2524,.T.);
#3293=ORIENTED_EDGE('',*,*,#2525,.F.);
#3294=ORIENTED_EDGE('',*,*,#2439,.T.);
#3295=ORIENTED_EDGE('',*,*,#2513,.T.);
#3296=ORIENTED_EDGE('',*,*,#2526,.T.);
#3297=ORIENTED_EDGE('',*,*,#2527,.F.);
#3298=ORIENTED_EDGE('',*,*,#2451,.T.);
#3299=ORIENTED_EDGE('',*,*,#2454,.T.);
#3300=ORIENTED_EDGE('',*,*,#2528,.T.);
#3301=ORIENTED_EDGE('',*,*,#2529,.F.);
#3302=ORIENTED_EDGE('',*,*,#2530,.F.);
#3303=ORIENTED_EDGE('',*,*,#2531,.T.);
#3304=ORIENTED_EDGE('',*,*,#2440,.T.);
#3305=ORIENTED_EDGE('',*,*,#2527,.T.);
#3306=ORIENTED_EDGE('',*,*,#2532,.T.);
#3307=ORIENTED_EDGE('',*,*,#2533,.F.);
#3308=ORIENTED_EDGE('',*,*,#2441,.T.);
#3309=ORIENTED_EDGE('',*,*,#2533,.T.);
#3310=ORIENTED_EDGE('',*,*,#2534,.T.);
#3311=ORIENTED_EDGE('',*,*,#2535,.F.);
#3312=ORIENTED_EDGE('',*,*,#2452,.T.);
#3313=ORIENTED_EDGE('',*,*,#2531,.F.);
#3314=ORIENTED_EDGE('',*,*,#2536,.T.);
#3315=ORIENTED_EDGE('',*,*,#2518,.T.);
#3316=ORIENTED_EDGE('',*,*,#2458,.T.);
#3317=ORIENTED_EDGE('',*,*,#2537,.T.);
#3318=ORIENTED_EDGE('',*,*,#2538,.T.);
#3319=ORIENTED_EDGE('',*,*,#2528,.F.);
#3320=ORIENTED_EDGE('',*,*,#2432,.T.);
#3321=ORIENTED_EDGE('',*,*,#2525,.T.);
#3322=ORIENTED_EDGE('',*,*,#2539,.T.);
#3323=ORIENTED_EDGE('',*,*,#2477,.T.);
#3324=ORIENTED_EDGE('',*,*,#2457,.T.);
#3325=ORIENTED_EDGE('',*,*,#2540,.F.);
#3326=ORIENTED_EDGE('',*,*,#2541,.T.);
#3327=ORIENTED_EDGE('',*,*,#2542,.F.);
#3328=ORIENTED_EDGE('',*,*,#2537,.F.);
#3329=ORIENTED_EDGE('',*,*,#2443,.T.);
#3330=ORIENTED_EDGE('',*,*,#2543,.F.);
#3331=ORIENTED_EDGE('',*,*,#2544,.F.);
#3332=ORIENTED_EDGE('',*,*,#2545,.F.);
#3333=ORIENTED_EDGE('',*,*,#2546,.F.);
#3334=ORIENTED_EDGE('',*,*,#2435,.T.);
#3335=ORIENTED_EDGE('',*,*,#2547,.F.);
#3336=ORIENTED_EDGE('',*,*,#2548,.T.);
#3337=ORIENTED_EDGE('',*,*,#2549,.T.);
#3338=ORIENTED_EDGE('',*,*,#2550,.F.);
#3339=ORIENTED_EDGE('',*,*,#2551,.T.);
#3340=ORIENTED_EDGE('',*,*,#2552,.T.);
#3341=ORIENTED_EDGE('',*,*,#2444,.T.);
#3342=ORIENTED_EDGE('',*,*,#2546,.T.);
#3343=ORIENTED_EDGE('',*,*,#2553,.T.);
#3344=ORIENTED_EDGE('',*,*,#2554,.T.);
#3345=ORIENTED_EDGE('',*,*,#2434,.T.);
#3346=ORIENTED_EDGE('',*,*,#2493,.T.);
#3347=ORIENTED_EDGE('',*,*,#2555,.T.);
#3348=ORIENTED_EDGE('',*,*,#2547,.T.);
#3349=ORIENTED_EDGE('',*,*,#2455,.T.);
#3350=ORIENTED_EDGE('',*,*,#2349,.F.);
#3351=ORIENTED_EDGE('',*,*,#2556,.T.);
#3352=ORIENTED_EDGE('',*,*,#2557,.T.);
#3353=ORIENTED_EDGE('',*,*,#2449,.T.);
#3354=ORIENTED_EDGE('',*,*,#2558,.T.);
#3355=ORIENTED_EDGE('',*,*,#2559,.T.);
#3356=ORIENTED_EDGE('',*,*,#2352,.F.);
#3357=ORIENTED_EDGE('',*,*,#2448,.T.);
#3358=ORIENTED_EDGE('',*,*,#2560,.F.);
#3359=ORIENTED_EDGE('',*,*,#2561,.T.);
#3360=ORIENTED_EDGE('',*,*,#2558,.F.);
#3361=ORIENTED_EDGE('',*,*,#2562,.T.);
#3362=ORIENTED_EDGE('',*,*,#2540,.T.);
#3363=ORIENTED_EDGE('',*,*,#2456,.T.);
#3364=ORIENTED_EDGE('',*,*,#2557,.F.);
#3365=ORIENTED_EDGE('',*,*,#2563,.F.);
#3366=ORIENTED_EDGE('',*,*,#2564,.T.);
#3367=ORIENTED_EDGE('',*,*,#2565,.T.);
#3368=ORIENTED_EDGE('',*,*,#2566,.T.);
#3369=ORIENTED_EDGE('',*,*,#2567,.T.);
#3370=ORIENTED_EDGE('',*,*,#2568,.T.);
#3371=ORIENTED_EDGE('',*,*,#2569,.F.);
#3372=ORIENTED_EDGE('',*,*,#2570,.T.);
#3373=ORIENTED_EDGE('',*,*,#2571,.T.);
#3374=ORIENTED_EDGE('',*,*,#2572,.T.);
#3375=ORIENTED_EDGE('',*,*,#2529,.T.);
#3376=ORIENTED_EDGE('',*,*,#2538,.F.);
#3377=ORIENTED_EDGE('',*,*,#2542,.T.);
#3378=ORIENTED_EDGE('',*,*,#2573,.T.);
#3379=ORIENTED_EDGE('',*,*,#2570,.F.);
#3380=ORIENTED_EDGE('',*,*,#2574,.T.);
#3381=ORIENTED_EDGE('',*,*,#2575,.F.);
#3382=ORIENTED_EDGE('',*,*,#2576,.T.);
#3383=ORIENTED_EDGE('',*,*,#2577,.T.);
#3384=ORIENTED_EDGE('',*,*,#2578,.F.);
#3385=ORIENTED_EDGE('',*,*,#2579,.F.);
#3386=ORIENTED_EDGE('',*,*,#2580,.F.);
#3387=ORIENTED_EDGE('',*,*,#2581,.F.);
#3388=ORIENTED_EDGE('',*,*,#2582,.T.);
#3389=ORIENTED_EDGE('',*,*,#2583,.T.);
#3390=ORIENTED_EDGE('',*,*,#2568,.F.);
#3391=ORIENTED_EDGE('',*,*,#2584,.F.);
#3392=ORIENTED_EDGE('',*,*,#2576,.F.);
#3393=ORIENTED_EDGE('',*,*,#2585,.F.);
#3394=ORIENTED_EDGE('',*,*,#2446,.T.);
#3395=ORIENTED_EDGE('',*,*,#2586,.T.);
#3396=ORIENTED_EDGE('',*,*,#2587,.T.);
#3397=ORIENTED_EDGE('',*,*,#2588,.F.);
#3398=ORIENTED_EDGE('',*,*,#2589,.T.);
#3399=ORIENTED_EDGE('',*,*,#2590,.T.);
#3400=ORIENTED_EDGE('',*,*,#2591,.F.);
#3401=ORIENTED_EDGE('',*,*,#2564,.F.);
#3402=ORIENTED_EDGE('',*,*,#2592,.F.);
#3403=ORIENTED_EDGE('',*,*,#2347,.F.);
#3404=ORIENTED_EDGE('',*,*,#2593,.F.);
#3405=ORIENTED_EDGE('',*,*,#2577,.F.);
#3406=ORIENTED_EDGE('',*,*,#2584,.T.);
#3407=ORIENTED_EDGE('',*,*,#2567,.F.);
#3408=ORIENTED_EDGE('',*,*,#2594,.T.);
#3409=ORIENTED_EDGE('',*,*,#2595,.F.);
#3410=ORIENTED_EDGE('',*,*,#2596,.T.);
#3411=ORIENTED_EDGE('',*,*,#2597,.F.);
#3412=ORIENTED_EDGE('',*,*,#2598,.T.);
#3413=ORIENTED_EDGE('',*,*,#2599,.F.);
#3414=ORIENTED_EDGE('',*,*,#2600,.F.);
#3415=ORIENTED_EDGE('',*,*,#2601,.T.);
#3416=ORIENTED_EDGE('',*,*,#2596,.F.);
#3417=ORIENTED_EDGE('',*,*,#2602,.F.);
#3418=ORIENTED_EDGE('',*,*,#2603,.F.);
#3419=ORIENTED_EDGE('',*,*,#2604,.T.);
#3420=ORIENTED_EDGE('',*,*,#2600,.T.);
#3421=ORIENTED_EDGE('',*,*,#2605,.F.);
#3422=ORIENTED_EDGE('',*,*,#2606,.T.);
#3423=ORIENTED_EDGE('',*,*,#2607,.F.);
#3424=ORIENTED_EDGE('',*,*,#2603,.T.);
#3425=ORIENTED_EDGE('',*,*,#2608,.F.);
#3426=ORIENTED_EDGE('',*,*,#2609,.T.);
#3427=ORIENTED_EDGE('',*,*,#2294,.T.);
#3428=ORIENTED_EDGE('',*,*,#2610,.F.);
#3429=ORIENTED_EDGE('',*,*,#2611,.F.);
#3430=ORIENTED_EDGE('',*,*,#2612,.T.);
#3431=ORIENTED_EDGE('',*,*,#2613,.T.);
#3432=ORIENTED_EDGE('',*,*,#2614,.F.);
#3433=ORIENTED_EDGE('',*,*,#2314,.F.);
#3434=ORIENTED_EDGE('',*,*,#2295,.T.);
#3435=ORIENTED_EDGE('',*,*,#2609,.F.);
#3436=ORIENTED_EDGE('',*,*,#2615,.F.);
#3437=ORIENTED_EDGE('',*,*,#2616,.F.);
#3438=ORIENTED_EDGE('',*,*,#2617,.T.);
#3439=ORIENTED_EDGE('',*,*,#2618,.T.);
#3440=ORIENTED_EDGE('',*,*,#2619,.T.);
#3441=ORIENTED_EDGE('',*,*,#2620,.T.);
#3442=ORIENTED_EDGE('',*,*,#2621,.T.);
#3443=ORIENTED_EDGE('',*,*,#2317,.F.);
#3444=ORIENTED_EDGE('',*,*,#2622,.T.);
#3445=ORIENTED_EDGE('',*,*,#2623,.F.);
#3446=ORIENTED_EDGE('',*,*,#2624,.T.);
#3447=ORIENTED_EDGE('',*,*,#2597,.T.);
#3448=ORIENTED_EDGE('',*,*,#2601,.F.);
#3449=ORIENTED_EDGE('',*,*,#2604,.F.);
#3450=ORIENTED_EDGE('',*,*,#2607,.T.);
#3451=ORIENTED_EDGE('',*,*,#2625,.F.);
#3452=ORIENTED_EDGE('',*,*,#2626,.F.);
#3453=ORIENTED_EDGE('',*,*,#2627,.T.);
#3454=ORIENTED_EDGE('',*,*,#2418,.T.);
#3455=ORIENTED_EDGE('',*,*,#2628,.F.);
#3456=ORIENTED_EDGE('',*,*,#2629,.F.);
#3457=ORIENTED_EDGE('',*,*,#2625,.T.);
#3458=ORIENTED_EDGE('',*,*,#2606,.F.);
#3459=ORIENTED_EDGE('',*,*,#2630,.F.);
#3460=ORIENTED_EDGE('',*,*,#2631,.T.);
#3461=ORIENTED_EDGE('',*,*,#2626,.T.);
#3462=ORIENTED_EDGE('',*,*,#2629,.T.);
#3463=ORIENTED_EDGE('',*,*,#2632,.F.);
#3464=ORIENTED_EDGE('',*,*,#2627,.F.);
#3465=ORIENTED_EDGE('',*,*,#2631,.F.);
#3466=ORIENTED_EDGE('',*,*,#2633,.F.);
#3467=ORIENTED_EDGE('',*,*,#2634,.T.);
#3468=ORIENTED_EDGE('',*,*,#2635,.T.);
#3469=ORIENTED_EDGE('',*,*,#2588,.T.);
#3470=ORIENTED_EDGE('',*,*,#2636,.T.);
#3471=ORIENTED_EDGE('',*,*,#2637,.F.);
#3472=ORIENTED_EDGE('',*,*,#2638,.T.);
#3473=ORIENTED_EDGE('',*,*,#2639,.T.);
#3474=ORIENTED_EDGE('',*,*,#2640,.T.);
#3475=ORIENTED_EDGE('',*,*,#2641,.T.);
#3476=ORIENTED_EDGE('',*,*,#2473,.T.);
#3477=ORIENTED_EDGE('',*,*,#2642,.F.);
#3478=ORIENTED_EDGE('',*,*,#2643,.T.);
#3479=ORIENTED_EDGE('',*,*,#2638,.F.);
#3480=ORIENTED_EDGE('',*,*,#2644,.T.);
#3481=ORIENTED_EDGE('',*,*,#2645,.F.);
#3482=ORIENTED_EDGE('',*,*,#2646,.T.);
#3483=ORIENTED_EDGE('',*,*,#2643,.F.);
#3484=ORIENTED_EDGE('',*,*,#2647,.F.);
#3485=ORIENTED_EDGE('',*,*,#2639,.F.);
#3486=ORIENTED_EDGE('',*,*,#2644,.F.);
#3487=ORIENTED_EDGE('',*,*,#2637,.T.);
#3488=ORIENTED_EDGE('',*,*,#2648,.T.);
#3489=ORIENTED_EDGE('',*,*,#2649,.F.);
#3490=ORIENTED_EDGE('',*,*,#2650,.T.);
#3491=ORIENTED_EDGE('',*,*,#2651,.T.);
#3492=ORIENTED_EDGE('',*,*,#2652,.F.);
#3493=ORIENTED_EDGE('',*,*,#2653,.T.);
#3494=ORIENTED_EDGE('',*,*,#2442,.T.);
#3495=ORIENTED_EDGE('',*,*,#2535,.T.);
#3496=ORIENTED_EDGE('',*,*,#2654,.T.);
#3497=ORIENTED_EDGE('',*,*,#2543,.T.);
#3498=ORIENTED_EDGE('',*,*,#2424,.T.);
#3499=ORIENTED_EDGE('',*,*,#2655,.T.);
#3500=ORIENTED_EDGE('',*,*,#2656,.T.);
#3501=ORIENTED_EDGE('',*,*,#2657,.T.);
#3502=ORIENTED_EDGE('',*,*,#2658,.T.);
#3503=ORIENTED_EDGE('',*,*,#2653,.F.);
#3504=ORIENTED_EDGE('',*,*,#2659,.T.);
#3505=ORIENTED_EDGE('',*,*,#2660,.T.);
#3506=ORIENTED_EDGE('',*,*,#2645,.T.);
#3507=ORIENTED_EDGE('',*,*,#2474,.T.);
#3508=ORIENTED_EDGE('',*,*,#2646,.F.);
#3509=ORIENTED_EDGE('',*,*,#2660,.F.);
#3510=ORIENTED_EDGE('',*,*,#2661,.F.);
#3511=ORIENTED_EDGE('',*,*,#2662,.F.);
#3512=ORIENTED_EDGE('',*,*,#2663,.F.);
#3513=ORIENTED_EDGE('',*,*,#2664,.T.);
#3514=ORIENTED_EDGE('',*,*,#2665,.F.);
#3515=ORIENTED_EDGE('',*,*,#2666,.F.);
#3516=ORIENTED_EDGE('',*,*,#2655,.F.);
#3517=ORIENTED_EDGE('',*,*,#2423,.T.);
#3518=ORIENTED_EDGE('',*,*,#2472,.T.);
#3519=ORIENTED_EDGE('',*,*,#2667,.T.);
#3520=ORIENTED_EDGE('',*,*,#2647,.T.);
#3521=ORIENTED_EDGE('',*,*,#2642,.T.);
#3522=ORIENTED_EDGE('',*,*,#2421,.T.);
#3523=ORIENTED_EDGE('',*,*,#2552,.F.);
#3524=ORIENTED_EDGE('',*,*,#2668,.T.);
#3525=ORIENTED_EDGE('',*,*,#2669,.F.);
#3526=ORIENTED_EDGE('',*,*,#2670,.F.);
#3527=ORIENTED_EDGE('',*,*,#2671,.F.);
#3528=ORIENTED_EDGE('',*,*,#2672,.F.);
#3529=ORIENTED_EDGE('',*,*,#2673,.T.);
#3530=ORIENTED_EDGE('',*,*,#2674,.T.);
#3531=ORIENTED_EDGE('',*,*,#2675,.T.);
#3532=ORIENTED_EDGE('',*,*,#2640,.F.);
#3533=ORIENTED_EDGE('',*,*,#2667,.F.);
#3534=ORIENTED_EDGE('',*,*,#2471,.T.);
#3535=ORIENTED_EDGE('',*,*,#2461,.T.);
#3536=ORIENTED_EDGE('',*,*,#2676,.T.);
#3537=ORIENTED_EDGE('',*,*,#2677,.F.);
#3538=ORIENTED_EDGE('',*,*,#2678,.T.);
#3539=ORIENTED_EDGE('',*,*,#2679,.T.);
#3540=ORIENTED_EDGE('',*,*,#2680,.F.);
#3541=ORIENTED_EDGE('',*,*,#2503,.F.);
#3542=ORIENTED_EDGE('',*,*,#2506,.T.);
#3543=ORIENTED_EDGE('',*,*,#2510,.F.);
#3544=ORIENTED_EDGE('',*,*,#2511,.F.);
#3545=ORIENTED_EDGE('',*,*,#2678,.F.);
#3546=ORIENTED_EDGE('',*,*,#2681,.F.);
#3547=ORIENTED_EDGE('',*,*,#2682,.T.);
#3548=ORIENTED_EDGE('',*,*,#2683,.F.);
#3549=ORIENTED_EDGE('',*,*,#2684,.T.);
#3550=ORIENTED_EDGE('',*,*,#2685,.T.);
#3551=ORIENTED_EDGE('',*,*,#2686,.T.);
#3552=ORIENTED_EDGE('',*,*,#2687,.T.);
#3553=ORIENTED_EDGE('',*,*,#2688,.F.);
#3554=ORIENTED_EDGE('',*,*,#2681,.T.);
#3555=ORIENTED_EDGE('',*,*,#2677,.T.);
#3556=ORIENTED_EDGE('',*,*,#2689,.F.);
#3557=ORIENTED_EDGE('',*,*,#2690,.F.);
#3558=ORIENTED_EDGE('',*,*,#2688,.T.);
#3559=ORIENTED_EDGE('',*,*,#2691,.T.);
#3560=ORIENTED_EDGE('',*,*,#2571,.F.);
#3561=ORIENTED_EDGE('',*,*,#2692,.T.);
#3562=ORIENTED_EDGE('',*,*,#2693,.T.);
#3563=ORIENTED_EDGE('',*,*,#2694,.T.);
#3564=ORIENTED_EDGE('',*,*,#2695,.T.);
#3565=ORIENTED_EDGE('',*,*,#2696,.T.);
#3566=ORIENTED_EDGE('',*,*,#2697,.T.);
#3567=ORIENTED_EDGE('',*,*,#2495,.T.);
#3568=ORIENTED_EDGE('',*,*,#2499,.T.);
#3569=ORIENTED_EDGE('',*,*,#2501,.T.);
#3570=ORIENTED_EDGE('',*,*,#2698,.F.);
#3571=ORIENTED_EDGE('',*,*,#2679,.F.);
#3572=ORIENTED_EDGE('',*,*,#2680,.T.);
#3573=ORIENTED_EDGE('',*,*,#2698,.T.);
#3574=ORIENTED_EDGE('',*,*,#2504,.T.);
#3575=ORIENTED_EDGE('',*,*,#2468,.T.);
#3576=ORIENTED_EDGE('',*,*,#2699,.F.);
#3577=ORIENTED_EDGE('',*,*,#2475,.F.);
#3578=ORIENTED_EDGE('',*,*,#2470,.T.);
#3579=ORIENTED_EDGE('',*,*,#2476,.T.);
#3580=ORIENTED_EDGE('',*,*,#2699,.T.);
#3581=ORIENTED_EDGE('',*,*,#2428,.T.);
#3582=ORIENTED_EDGE('',*,*,#2517,.F.);
#3583=ORIENTED_EDGE('',*,*,#2700,.T.);
#3584=ORIENTED_EDGE('',*,*,#2701,.T.);
#3585=ORIENTED_EDGE('',*,*,#2702,.F.);
#3586=ORIENTED_EDGE('',*,*,#2703,.T.);
#3587=ORIENTED_EDGE('',*,*,#2704,.F.);
#3588=ORIENTED_EDGE('',*,*,#2705,.F.);
#3589=ORIENTED_EDGE('',*,*,#2689,.T.);
#3590=ORIENTED_EDGE('',*,*,#2676,.F.);
#3591=ORIENTED_EDGE('',*,*,#2460,.T.);
#3592=ORIENTED_EDGE('',*,*,#2706,.F.);
#3593=ORIENTED_EDGE('',*,*,#2484,.T.);
#3594=ORIENTED_EDGE('',*,*,#2707,.T.);
#3595=ORIENTED_EDGE('',*,*,#2340,.F.);
#3596=ORIENTED_EDGE('',*,*,#2708,.T.);
#3597=ORIENTED_EDGE('',*,*,#2709,.T.);
#3598=ORIENTED_EDGE('',*,*,#2710,.T.);
#3599=ORIENTED_EDGE('',*,*,#2336,.F.);
#3600=ORIENTED_EDGE('',*,*,#2335,.F.);
#3601=ORIENTED_EDGE('',*,*,#2278,.F.);
#3602=ORIENTED_EDGE('',*,*,#2485,.F.);
#3603=ORIENTED_EDGE('',*,*,#2706,.T.);
#3604=ORIENTED_EDGE('',*,*,#2711,.F.);
#3605=ORIENTED_EDGE('',*,*,#2712,.T.);
#3606=ORIENTED_EDGE('',*,*,#2482,.T.);
#3607=ORIENTED_EDGE('',*,*,#2481,.T.);
#3608=ORIENTED_EDGE('',*,*,#2713,.F.);
#3609=ORIENTED_EDGE('',*,*,#2714,.F.);
#3610=ORIENTED_EDGE('',*,*,#2715,.T.);
#3611=ORIENTED_EDGE('',*,*,#2716,.F.);
#3612=ORIENTED_EDGE('',*,*,#2696,.F.);
#3613=ORIENTED_EDGE('',*,*,#2480,.T.);
#3614=ORIENTED_EDGE('',*,*,#2717,.F.);
#3615=ORIENTED_EDGE('',*,*,#2718,.F.);
#3616=ORIENTED_EDGE('',*,*,#2713,.T.);
#3617=ORIENTED_EDGE('',*,*,#2661,.T.);
#3618=ORIENTED_EDGE('',*,*,#2659,.F.);
#3619=ORIENTED_EDGE('',*,*,#2652,.T.);
#3620=ORIENTED_EDGE('',*,*,#2719,.F.);
#3621=ORIENTED_EDGE('',*,*,#2720,.F.);
#3622=ORIENTED_EDGE('',*,*,#2721,.F.);
#3623=ORIENTED_EDGE('',*,*,#2690,.T.);
#3624=ORIENTED_EDGE('',*,*,#2705,.T.);
#3625=ORIENTED_EDGE('',*,*,#2722,.F.);
#3626=ORIENTED_EDGE('',*,*,#2723,.F.);
#3627=ORIENTED_EDGE('',*,*,#2724,.T.);
#3628=ORIENTED_EDGE('',*,*,#2725,.F.);
#3629=ORIENTED_EDGE('',*,*,#2682,.F.);
#3630=ORIENTED_EDGE('',*,*,#2724,.F.);
#3631=ORIENTED_EDGE('',*,*,#2726,.T.);
#3632=ORIENTED_EDGE('',*,*,#2727,.T.);
#3633=ORIENTED_EDGE('',*,*,#2684,.F.);
#3634=ORIENTED_EDGE('',*,*,#2728,.F.);
#3635=ORIENTED_EDGE('',*,*,#2683,.T.);
#3636=ORIENTED_EDGE('',*,*,#2725,.T.);
#3637=ORIENTED_EDGE('',*,*,#2728,.T.);
#3638=ORIENTED_EDGE('',*,*,#2703,.F.);
#3639=ORIENTED_EDGE('',*,*,#2729,.F.);
#3640=ORIENTED_EDGE('',*,*,#2730,.F.);
#3641=ORIENTED_EDGE('',*,*,#2731,.T.);
#3642=ORIENTED_EDGE('',*,*,#2716,.T.);
#3643=ORIENTED_EDGE('',*,*,#2711,.T.);
#3644=ORIENTED_EDGE('',*,*,#2714,.T.);
#3645=ORIENTED_EDGE('',*,*,#2718,.T.);
#3646=ORIENTED_EDGE('',*,*,#2732,.F.);
#3647=ORIENTED_EDGE('',*,*,#2733,.F.);
#3648=ORIENTED_EDGE('',*,*,#2734,.F.);
#3649=ORIENTED_EDGE('',*,*,#2735,.F.);
#3650=ORIENTED_EDGE('',*,*,#2496,.F.);
#3651=ORIENTED_EDGE('',*,*,#2697,.F.);
#3652=ORIENTED_EDGE('',*,*,#2736,.T.);
#3653=ORIENTED_EDGE('',*,*,#2412,.F.);
#3654=ORIENTED_EDGE('',*,*,#2737,.F.);
#3655=ORIENTED_EDGE('',*,*,#2288,.F.);
#3656=ORIENTED_EDGE('',*,*,#2738,.T.);
#3657=ORIENTED_EDGE('',*,*,#2409,.F.);
#3658=ORIENTED_EDGE('',*,*,#2736,.F.);
#3659=ORIENTED_EDGE('',*,*,#2287,.F.);
#3660=ORIENTED_EDGE('',*,*,#2329,.F.);
#3661=ORIENTED_EDGE('',*,*,#2739,.F.);
#3662=ORIENTED_EDGE('',*,*,#2610,.T.);
#3663=ORIENTED_EDGE('',*,*,#2293,.T.);
#3664=ORIENTED_EDGE('',*,*,#2727,.F.);
#3665=ORIENTED_EDGE('',*,*,#2740,.T.);
#3666=ORIENTED_EDGE('',*,*,#2741,.T.);
#3667=ORIENTED_EDGE('',*,*,#2685,.F.);
#3668=ORIENTED_EDGE('',*,*,#2281,.F.);
#3669=ORIENTED_EDGE('',*,*,#2742,.T.);
#3670=ORIENTED_EDGE('',*,*,#2391,.F.);
#3671=ORIENTED_EDGE('',*,*,#2743,.F.);
#3672=ORIENTED_EDGE('',*,*,#2744,.T.);
#3673=ORIENTED_EDGE('',*,*,#2722,.T.);
#3674=ORIENTED_EDGE('',*,*,#2704,.T.);
#3675=ORIENTED_EDGE('',*,*,#2731,.F.);
#3676=ORIENTED_EDGE('',*,*,#2745,.F.);
#3677=ORIENTED_EDGE('',*,*,#2746,.F.);
#3678=ORIENTED_EDGE('',*,*,#2747,.F.);
#3679=ORIENTED_EDGE('',*,*,#2748,.F.);
#3680=ORIENTED_EDGE('',*,*,#2749,.F.);
#3681=ORIENTED_EDGE('',*,*,#2750,.F.);
#3682=ORIENTED_EDGE('',*,*,#2751,.F.);
#3683=ORIENTED_EDGE('',*,*,#2752,.F.);
#3684=ORIENTED_EDGE('',*,*,#2619,.F.);
#3685=ORIENTED_EDGE('',*,*,#2403,.F.);
#3686=ORIENTED_EDGE('',*,*,#2753,.F.);
#3687=ORIENTED_EDGE('',*,*,#2285,.F.);
#3688=ORIENTED_EDGE('',*,*,#2754,.T.);
#3689=ORIENTED_EDGE('',*,*,#2755,.F.);
#3690=ORIENTED_EDGE('',*,*,#2701,.F.);
#3691=ORIENTED_EDGE('',*,*,#2756,.F.);
#3692=ORIENTED_EDGE('',*,*,#2757,.T.);
#3693=ORIENTED_EDGE('',*,*,#2758,.F.);
#3694=ORIENTED_EDGE('',*,*,#2757,.F.);
#3695=ORIENTED_EDGE('',*,*,#2521,.F.);
#3696=ORIENTED_EDGE('',*,*,#2735,.T.);
#3697=ORIENTED_EDGE('',*,*,#2759,.F.);
#3698=ORIENTED_EDGE('',*,*,#2717,.T.);
#3699=ORIENTED_EDGE('',*,*,#2479,.T.);
#3700=ORIENTED_EDGE('',*,*,#2760,.F.);
#3701=ORIENTED_EDGE('',*,*,#2732,.T.);
#3702=ORIENTED_EDGE('',*,*,#2478,.T.);
#3703=ORIENTED_EDGE('',*,*,#2539,.F.);
#3704=ORIENTED_EDGE('',*,*,#2761,.F.);
#3705=ORIENTED_EDGE('',*,*,#2733,.T.);
#3706=ORIENTED_EDGE('',*,*,#2760,.T.);
#3707=ORIENTED_EDGE('',*,*,#2762,.F.);
#3708=ORIENTED_EDGE('',*,*,#2747,.T.);
#3709=ORIENTED_EDGE('',*,*,#2746,.T.);
#3710=ORIENTED_EDGE('',*,*,#2745,.T.);
#3711=ORIENTED_EDGE('',*,*,#2730,.T.);
#3712=ORIENTED_EDGE('',*,*,#2729,.T.);
#3713=ORIENTED_EDGE('',*,*,#2702,.T.);
#3714=ORIENTED_EDGE('',*,*,#2755,.T.);
#3715=ORIENTED_EDGE('',*,*,#2758,.T.);
#3716=ORIENTED_EDGE('',*,*,#2762,.T.);
#3717=ORIENTED_EDGE('',*,*,#2759,.T.);
#3718=ORIENTED_EDGE('',*,*,#2734,.T.);
#3719=ORIENTED_EDGE('',*,*,#2761,.T.);
#3720=ORIENTED_EDGE('',*,*,#2524,.F.);
#3721=ORIENTED_EDGE('',*,*,#2523,.F.);
#3722=ORIENTED_EDGE('',*,*,#2763,.F.);
#3723=ORIENTED_EDGE('',*,*,#2748,.T.);
#3724=ORIENTED_EDGE('',*,*,#2764,.F.);
#3725=ORIENTED_EDGE('',*,*,#2765,.F.);
#3726=ORIENTED_EDGE('',*,*,#2766,.F.);
#3727=ORIENTED_EDGE('',*,*,#2767,.F.);
#3728=ORIENTED_EDGE('',*,*,#2768,.T.);
#3729=ORIENTED_EDGE('',*,*,#2769,.T.);
#3730=ORIENTED_EDGE('',*,*,#2671,.T.);
#3731=ORIENTED_EDGE('',*,*,#2770,.T.);
#3732=ORIENTED_EDGE('',*,*,#2491,.T.);
#3733=ORIENTED_EDGE('',*,*,#2549,.F.);
#3734=ORIENTED_EDGE('',*,*,#2548,.F.);
#3735=ORIENTED_EDGE('',*,*,#2771,.F.);
#3736=ORIENTED_EDGE('',*,*,#2669,.T.);
#3737=ORIENTED_EDGE('',*,*,#2772,.T.);
#3738=ORIENTED_EDGE('',*,*,#2773,.F.);
#3739=ORIENTED_EDGE('',*,*,#2774,.T.);
#3740=ORIENTED_EDGE('',*,*,#2775,.T.);
#3741=ORIENTED_EDGE('',*,*,#2492,.T.);
#3742=ORIENTED_EDGE('',*,*,#2770,.F.);
#3743=ORIENTED_EDGE('',*,*,#2670,.T.);
#3744=ORIENTED_EDGE('',*,*,#2771,.T.);
#3745=ORIENTED_EDGE('',*,*,#2555,.F.);
#3746=ORIENTED_EDGE('',*,*,#2672,.T.);
#3747=ORIENTED_EDGE('',*,*,#2769,.F.);
#3748=ORIENTED_EDGE('',*,*,#2490,.T.);
#3749=ORIENTED_EDGE('',*,*,#2776,.F.);
#3750=ORIENTED_EDGE('',*,*,#2772,.F.);
#3751=ORIENTED_EDGE('',*,*,#2668,.F.);
#3752=ORIENTED_EDGE('',*,*,#2551,.F.);
#3753=ORIENTED_EDGE('',*,*,#2777,.T.);
#3754=ORIENTED_EDGE('',*,*,#2778,.F.);
#3755=ORIENTED_EDGE('',*,*,#2674,.F.);
#3756=ORIENTED_EDGE('',*,*,#2488,.T.);
#3757=ORIENTED_EDGE('',*,*,#2768,.F.);
#3758=ORIENTED_EDGE('',*,*,#2767,.T.);
#3759=ORIENTED_EDGE('',*,*,#2641,.F.);
#3760=ORIENTED_EDGE('',*,*,#2675,.F.);
#3761=ORIENTED_EDGE('',*,*,#2489,.T.);
#3762=ORIENTED_EDGE('',*,*,#2673,.F.);
#3763=ORIENTED_EDGE('',*,*,#2776,.T.);
#3764=ORIENTED_EDGE('',*,*,#2779,.F.);
#3765=ORIENTED_EDGE('',*,*,#2780,.T.);
#3766=ORIENTED_EDGE('',*,*,#2719,.T.);
#3767=ORIENTED_EDGE('',*,*,#2651,.F.);
#3768=ORIENTED_EDGE('',*,*,#2781,.T.);
#3769=ORIENTED_EDGE('',*,*,#2550,.T.);
#3770=ORIENTED_EDGE('',*,*,#2782,.T.);
#3771=ORIENTED_EDGE('',*,*,#2656,.F.);
#3772=ORIENTED_EDGE('',*,*,#2666,.T.);
#3773=ORIENTED_EDGE('',*,*,#2664,.F.);
#3774=ORIENTED_EDGE('',*,*,#2783,.F.);
#3775=ORIENTED_EDGE('',*,*,#2784,.T.);
#3776=ORIENTED_EDGE('',*,*,#2773,.T.);
#3777=ORIENTED_EDGE('',*,*,#2778,.T.);
#3778=ORIENTED_EDGE('',*,*,#2785,.T.);
#3779=ORIENTED_EDGE('',*,*,#2786,.T.);
#3780=ORIENTED_EDGE('',*,*,#2787,.T.);
#3781=ORIENTED_EDGE('',*,*,#2657,.F.);
#3782=ORIENTED_EDGE('',*,*,#2788,.F.);
#3783=ORIENTED_EDGE('',*,*,#2663,.T.);
#3784=ORIENTED_EDGE('',*,*,#2789,.T.);
#3785=ORIENTED_EDGE('',*,*,#2790,.T.);
#3786=ORIENTED_EDGE('',*,*,#2783,.T.);
#3787=ORIENTED_EDGE('',*,*,#2785,.F.);
#3788=ORIENTED_EDGE('',*,*,#2777,.F.);
#3789=ORIENTED_EDGE('',*,*,#2781,.F.);
#3790=ORIENTED_EDGE('',*,*,#2665,.T.);
#3791=ORIENTED_EDGE('',*,*,#2791,.F.);
#3792=ORIENTED_EDGE('',*,*,#2792,.T.);
#3793=ORIENTED_EDGE('',*,*,#2793,.T.);
#3794=ORIENTED_EDGE('',*,*,#2793,.F.);
#3795=ORIENTED_EDGE('',*,*,#2794,.F.);
#3796=ORIENTED_EDGE('',*,*,#2795,.F.);
#3797=ORIENTED_EDGE('',*,*,#2796,.F.);
#3798=ORIENTED_EDGE('',*,*,#2692,.F.);
#3799=ORIENTED_EDGE('',*,*,#2575,.T.);
#3800=ORIENTED_EDGE('',*,*,#2791,.T.);
#3801=ORIENTED_EDGE('',*,*,#2797,.F.);
#3802=ORIENTED_EDGE('',*,*,#2796,.T.);
#3803=ORIENTED_EDGE('',*,*,#2795,.T.);
#3804=ORIENTED_EDGE('',*,*,#2798,.T.);
#3805=ORIENTED_EDGE('',*,*,#2799,.F.);
#3806=ORIENTED_EDGE('',*,*,#2693,.F.);
#3807=ORIENTED_EDGE('',*,*,#2797,.T.);
#3808=ORIENTED_EDGE('',*,*,#2694,.F.);
#3809=ORIENTED_EDGE('',*,*,#2799,.T.);
#3810=ORIENTED_EDGE('',*,*,#2800,.T.);
#3811=ORIENTED_EDGE('',*,*,#2425,.T.);
#3812=ORIENTED_EDGE('',*,*,#2658,.F.);
#3813=ORIENTED_EDGE('',*,*,#2801,.T.);
#3814=ORIENTED_EDGE('',*,*,#2802,.T.);
#3815=ORIENTED_EDGE('',*,*,#2803,.T.);
#3816=ORIENTED_EDGE('',*,*,#2804,.T.);
#3817=ORIENTED_EDGE('',*,*,#2801,.F.);
#3818=ORIENTED_EDGE('',*,*,#2787,.F.);
#3819=ORIENTED_EDGE('',*,*,#2805,.T.);
#3820=ORIENTED_EDGE('',*,*,#2788,.T.);
#3821=ORIENTED_EDGE('',*,*,#2782,.F.);
#3822=ORIENTED_EDGE('',*,*,#2775,.F.);
#3823=ORIENTED_EDGE('',*,*,#2806,.F.);
#3824=ORIENTED_EDGE('',*,*,#2807,.T.);
#3825=ORIENTED_EDGE('',*,*,#2779,.T.);
#3826=ORIENTED_EDGE('',*,*,#2650,.F.);
#3827=ORIENTED_EDGE('',*,*,#2808,.T.);
#3828=ORIENTED_EDGE('',*,*,#2806,.T.);
#3829=ORIENTED_EDGE('',*,*,#2809,.F.);
#3830=ORIENTED_EDGE('',*,*,#2319,.F.);
#3831=ORIENTED_EDGE('',*,*,#2741,.F.);
#3832=ORIENTED_EDGE('',*,*,#2810,.T.);
#3833=ORIENTED_EDGE('',*,*,#2325,.T.);
#3834=ORIENTED_EDGE('',*,*,#2811,.F.);
#3835=ORIENTED_EDGE('',*,*,#2763,.T.);
#3836=ORIENTED_EDGE('',*,*,#2812,.F.);
#3837=ORIENTED_EDGE('',*,*,#2813,.F.);
#3838=ORIENTED_EDGE('',*,*,#2749,.T.);
#3839=ORIENTED_EDGE('',*,*,#2813,.T.);
#3840=ORIENTED_EDGE('',*,*,#2515,.F.);
#3841=ORIENTED_EDGE('',*,*,#2814,.F.);
#3842=ORIENTED_EDGE('',*,*,#2750,.T.);
#3843=ORIENTED_EDGE('',*,*,#2751,.T.);
#3844=ORIENTED_EDGE('',*,*,#2814,.T.);
#3845=ORIENTED_EDGE('',*,*,#2815,.F.);
#3846=ORIENTED_EDGE('',*,*,#2804,.F.);
#3847=ORIENTED_EDGE('',*,*,#2662,.T.);
#3848=ORIENTED_EDGE('',*,*,#2721,.T.);
#3849=ORIENTED_EDGE('',*,*,#2816,.F.);
#3850=ORIENTED_EDGE('',*,*,#2620,.F.);
#3851=ORIENTED_EDGE('',*,*,#2752,.T.);
#3852=ORIENTED_EDGE('',*,*,#2803,.F.);
#3853=ORIENTED_EDGE('',*,*,#2786,.F.);
#3854=ORIENTED_EDGE('',*,*,#2805,.F.);
#3855=ORIENTED_EDGE('',*,*,#2774,.F.);
#3856=ORIENTED_EDGE('',*,*,#2784,.F.);
#3857=ORIENTED_EDGE('',*,*,#2790,.F.);
#3858=ORIENTED_EDGE('',*,*,#2789,.F.);
#3859=ORIENTED_EDGE('',*,*,#2426,.T.);
#3860=ORIENTED_EDGE('',*,*,#2802,.F.);
#3861=ORIENTED_EDGE('',*,*,#2815,.T.);
#3862=ORIENTED_EDGE('',*,*,#2514,.T.);
#3863=ORIENTED_EDGE('',*,*,#2522,.T.);
#3864=ORIENTED_EDGE('',*,*,#2756,.T.);
#3865=ORIENTED_EDGE('',*,*,#2700,.F.);
#3866=ORIENTED_EDGE('',*,*,#2516,.F.);
#3867=ORIENTED_EDGE('',*,*,#2812,.T.);
#3868=ORIENTED_EDGE('',*,*,#2686,.F.);
#3869=ORIENTED_EDGE('',*,*,#2811,.T.);
#3870=ORIENTED_EDGE('',*,*,#2324,.T.);
#3871=ORIENTED_EDGE('',*,*,#2817,.T.);
#3872=ORIENTED_EDGE('',*,*,#2809,.T.);
#3873=ORIENTED_EDGE('',*,*,#2649,.T.);
#3874=ORIENTED_EDGE('',*,*,#2818,.T.);
#3875=ORIENTED_EDGE('',*,*,#2320,.F.);
#3876=ORIENTED_EDGE('',*,*,#2818,.F.);
#3877=ORIENTED_EDGE('',*,*,#2819,.T.);
#3878=ORIENTED_EDGE('',*,*,#2820,.T.);
#3879=ORIENTED_EDGE('',*,*,#2321,.F.);
#3880=ORIENTED_EDGE('',*,*,#2821,.T.);
#3881=ORIENTED_EDGE('',*,*,#2822,.T.);
#3882=ORIENTED_EDGE('',*,*,#2819,.F.);
#3883=ORIENTED_EDGE('',*,*,#2648,.F.);
#3884=ORIENTED_EDGE('',*,*,#2823,.F.);
#3885=ORIENTED_EDGE('',*,*,#2824,.T.);
#3886=ORIENTED_EDGE('',*,*,#2825,.T.);
#3887=ORIENTED_EDGE('',*,*,#2826,.F.);
#3888=ORIENTED_EDGE('',*,*,#2587,.F.);
#3889=ORIENTED_EDGE('',*,*,#2827,.F.);
#3890=ORIENTED_EDGE('',*,*,#2828,.F.);
#3891=ORIENTED_EDGE('',*,*,#2572,.F.);
#3892=ORIENTED_EDGE('',*,*,#2829,.T.);
#3893=ORIENTED_EDGE('',*,*,#2830,.T.);
#3894=ORIENTED_EDGE('',*,*,#2831,.T.);
#3895=ORIENTED_EDGE('',*,*,#2832,.T.);
#3896=ORIENTED_EDGE('',*,*,#2829,.F.);
#3897=ORIENTED_EDGE('',*,*,#2691,.F.);
#3898=ORIENTED_EDGE('',*,*,#2833,.T.);
#3899=ORIENTED_EDGE('',*,*,#2834,.T.);
#3900=ORIENTED_EDGE('',*,*,#2831,.F.);
#3901=ORIENTED_EDGE('',*,*,#2687,.F.);
#3902=ORIENTED_EDGE('',*,*,#2833,.F.);
#3903=ORIENTED_EDGE('',*,*,#2817,.F.);
#3904=ORIENTED_EDGE('',*,*,#2323,.T.);
#3905=ORIENTED_EDGE('',*,*,#2835,.T.);
#3906=ORIENTED_EDGE('',*,*,#2836,.T.);
#3907=ORIENTED_EDGE('',*,*,#2837,.F.);
#3908=ORIENTED_EDGE('',*,*,#2838,.F.);
#3909=ORIENTED_EDGE('',*,*,#2839,.T.);
#3910=ORIENTED_EDGE('',*,*,#2840,.T.);
#3911=ORIENTED_EDGE('',*,*,#2841,.F.);
#3912=ORIENTED_EDGE('',*,*,#2842,.F.);
#3913=ORIENTED_EDGE('',*,*,#2843,.T.);
#3914=ORIENTED_EDGE('',*,*,#2582,.F.);
#3915=ORIENTED_EDGE('',*,*,#2844,.F.);
#3916=ORIENTED_EDGE('',*,*,#2841,.T.);
#3917=ORIENTED_EDGE('',*,*,#2845,.T.);
#3918=ORIENTED_EDGE('',*,*,#2846,.T.);
#3919=ORIENTED_EDGE('',*,*,#2847,.T.);
#3920=ORIENTED_EDGE('',*,*,#2848,.F.);
#3921=ORIENTED_EDGE('',*,*,#2836,.F.);
#3922=ORIENTED_EDGE('',*,*,#2849,.T.);
#3923=ORIENTED_EDGE('',*,*,#2850,.T.);
#3924=ORIENTED_EDGE('',*,*,#2851,.T.);
#3925=ORIENTED_EDGE('',*,*,#2838,.T.);
#3926=ORIENTED_EDGE('',*,*,#2852,.F.);
#3927=ORIENTED_EDGE('',*,*,#2853,.F.);
#3928=ORIENTED_EDGE('',*,*,#2854,.T.);
#3929=ORIENTED_EDGE('',*,*,#2855,.F.);
#3930=ORIENTED_EDGE('',*,*,#2856,.F.);
#3931=ORIENTED_EDGE('',*,*,#2857,.F.);
#3932=ORIENTED_EDGE('',*,*,#2858,.F.);
#3933=ORIENTED_EDGE('',*,*,#2447,.T.);
#3934=ORIENTED_EDGE('',*,*,#2591,.T.);
#3935=ORIENTED_EDGE('',*,*,#2859,.T.);
#3936=ORIENTED_EDGE('',*,*,#2560,.T.);
#3937=ORIENTED_EDGE('',*,*,#2318,.F.);
#3938=ORIENTED_EDGE('',*,*,#2621,.F.);
#3939=ORIENTED_EDGE('',*,*,#2816,.T.);
#3940=ORIENTED_EDGE('',*,*,#2720,.T.);
#3941=ORIENTED_EDGE('',*,*,#2780,.F.);
#3942=ORIENTED_EDGE('',*,*,#2807,.F.);
#3943=ORIENTED_EDGE('',*,*,#2808,.F.);
#3944=ORIENTED_EDGE('',*,*,#2322,.F.);
#3945=ORIENTED_EDGE('',*,*,#2820,.F.);
#3946=ORIENTED_EDGE('',*,*,#2822,.F.);
#3947=ORIENTED_EDGE('',*,*,#2860,.F.);
#3948=ORIENTED_EDGE('',*,*,#2825,.F.);
#3949=ORIENTED_EDGE('',*,*,#2861,.F.);
#3950=ORIENTED_EDGE('',*,*,#2862,.F.);
#3951=ORIENTED_EDGE('',*,*,#2863,.F.);
#3952=ORIENTED_EDGE('',*,*,#2864,.F.);
#3953=ORIENTED_EDGE('',*,*,#2865,.F.);
#3954=ORIENTED_EDGE('',*,*,#2866,.F.);
#3955=ORIENTED_EDGE('',*,*,#2867,.F.);
#3956=ORIENTED_EDGE('',*,*,#2868,.F.);
#3957=ORIENTED_EDGE('',*,*,#2869,.F.);
#3958=ORIENTED_EDGE('',*,*,#2870,.F.);
#3959=ORIENTED_EDGE('',*,*,#2830,.F.);
#3960=ORIENTED_EDGE('',*,*,#2832,.F.);
#3961=ORIENTED_EDGE('',*,*,#2834,.F.);
#3962=ORIENTED_EDGE('',*,*,#2835,.F.);
#3963=ORIENTED_EDGE('',*,*,#2274,.F.);
#3964=ORIENTED_EDGE('',*,*,#2871,.F.);
#3965=ORIENTED_EDGE('',*,*,#2296,.F.);
#3966=ORIENTED_EDGE('',*,*,#2270,.T.);
#3967=ORIENTED_EDGE('',*,*,#2379,.F.);
#3968=ORIENTED_EDGE('',*,*,#2872,.F.);
#3969=ORIENTED_EDGE('',*,*,#2297,.F.);
#3970=ORIENTED_EDGE('',*,*,#2871,.T.);
#3971=ORIENTED_EDGE('',*,*,#2381,.F.);
#3972=ORIENTED_EDGE('',*,*,#2873,.F.);
#3973=ORIENTED_EDGE('',*,*,#2298,.F.);
#3974=ORIENTED_EDGE('',*,*,#2872,.T.);
#3975=ORIENTED_EDGE('',*,*,#2382,.F.);
#3976=ORIENTED_EDGE('',*,*,#2874,.F.);
#3977=ORIENTED_EDGE('',*,*,#2299,.F.);
#3978=ORIENTED_EDGE('',*,*,#2873,.T.);
#3979=ORIENTED_EDGE('',*,*,#2370,.F.);
#3980=ORIENTED_EDGE('',*,*,#2875,.F.);
#3981=ORIENTED_EDGE('',*,*,#2300,.F.);
#3982=ORIENTED_EDGE('',*,*,#2874,.T.);
#3983=ORIENTED_EDGE('',*,*,#2373,.F.);
#3984=ORIENTED_EDGE('',*,*,#2876,.F.);
#3985=ORIENTED_EDGE('',*,*,#2301,.F.);
#3986=ORIENTED_EDGE('',*,*,#2875,.T.);
#3987=ORIENTED_EDGE('',*,*,#2375,.F.);
#3988=ORIENTED_EDGE('',*,*,#2877,.F.);
#3989=ORIENTED_EDGE('',*,*,#2302,.F.);
#3990=ORIENTED_EDGE('',*,*,#2876,.T.);
#3991=ORIENTED_EDGE('',*,*,#2377,.F.);
#3992=ORIENTED_EDGE('',*,*,#2367,.F.);
#3993=ORIENTED_EDGE('',*,*,#2303,.F.);
#3994=ORIENTED_EDGE('',*,*,#2877,.T.);
#3995=ORIENTED_EDGE('',*,*,#2415,.F.);
#3996=ORIENTED_EDGE('',*,*,#2878,.F.);
#3997=ORIENTED_EDGE('',*,*,#2289,.F.);
#3998=ORIENTED_EDGE('',*,*,#2737,.T.);
#3999=ORIENTED_EDGE('',*,*,#2879,.F.);
#4000=ORIENTED_EDGE('',*,*,#2290,.F.);
#4001=ORIENTED_EDGE('',*,*,#2878,.T.);
#4002=ORIENTED_EDGE('',*,*,#2417,.F.);
#4003=ORIENTED_EDGE('',*,*,#2394,.F.);
#4004=ORIENTED_EDGE('',*,*,#2880,.F.);
#4005=ORIENTED_EDGE('',*,*,#2282,.F.);
#4006=ORIENTED_EDGE('',*,*,#2743,.T.);
#4007=ORIENTED_EDGE('',*,*,#2283,.F.);
#4008=ORIENTED_EDGE('',*,*,#2880,.T.);
#4009=ORIENTED_EDGE('',*,*,#2397,.F.);
#4010=ORIENTED_EDGE('',*,*,#2881,.F.);
#4011=ORIENTED_EDGE('',*,*,#2400,.F.);
#4012=ORIENTED_EDGE('',*,*,#2754,.F.);
#4013=ORIENTED_EDGE('',*,*,#2284,.F.);
#4014=ORIENTED_EDGE('',*,*,#2881,.T.);
#4015=ORIENTED_EDGE('',*,*,#2753,.T.);
#4016=ORIENTED_EDGE('',*,*,#2406,.F.);
#4017=ORIENTED_EDGE('',*,*,#2738,.F.);
#4018=ORIENTED_EDGE('',*,*,#2286,.F.);
#4019=ORIENTED_EDGE('',*,*,#2330,.F.);
#4020=ORIENTED_EDGE('',*,*,#2291,.F.);
#4021=ORIENTED_EDGE('',*,*,#2879,.T.);
#4022=ORIENTED_EDGE('',*,*,#2384,.F.);
#4023=ORIENTED_EDGE('',*,*,#2742,.F.);
#4024=ORIENTED_EDGE('',*,*,#2280,.F.);
#4025=ORIENTED_EDGE('',*,*,#2334,.T.);
#4026=ORIENTED_EDGE('',*,*,#2388,.F.);
#4027=ORIENTED_EDGE('',*,*,#2882,.F.);
#4028=ORIENTED_EDGE('',*,*,#2883,.F.);
#4029=ORIENTED_EDGE('',*,*,#2360,.F.);
#4030=ORIENTED_EDGE('',*,*,#2884,.T.);
#4031=ORIENTED_EDGE('',*,*,#2883,.T.);
#4032=ORIENTED_EDGE('',*,*,#2885,.F.);
#4033=ORIENTED_EDGE('',*,*,#2886,.F.);
#4034=ORIENTED_EDGE('',*,*,#2361,.F.);
#4035=ORIENTED_EDGE('',*,*,#2887,.F.);
#4036=ORIENTED_EDGE('',*,*,#2362,.F.);
#4037=ORIENTED_EDGE('',*,*,#2886,.T.);
#4038=ORIENTED_EDGE('',*,*,#2888,.F.);
#4039=ORIENTED_EDGE('',*,*,#2889,.F.);
#4040=ORIENTED_EDGE('',*,*,#2884,.F.);
#4041=ORIENTED_EDGE('',*,*,#2359,.F.);
#4042=ORIENTED_EDGE('',*,*,#2890,.F.);
#4043=ORIENTED_EDGE('',*,*,#2891,.T.);
#4044=ORIENTED_EDGE('',*,*,#2892,.F.);
#4045=ORIENTED_EDGE('',*,*,#2893,.F.);
#4046=ORIENTED_EDGE('',*,*,#2338,.F.);
#4047=ORIENTED_EDGE('',*,*,#2894,.F.);
#4048=ORIENTED_EDGE('',*,*,#2708,.F.);
#4049=ORIENTED_EDGE('',*,*,#2339,.F.);
#4050=ORIENTED_EDGE('',*,*,#2893,.T.);
#4051=ORIENTED_EDGE('',*,*,#2895,.F.);
#4052=ORIENTED_EDGE('',*,*,#2891,.F.);
#4053=ORIENTED_EDGE('',*,*,#2337,.F.);
#4054=ORIENTED_EDGE('',*,*,#2710,.F.);
#4055=ORIENTED_EDGE('',*,*,#2895,.T.);
#4056=ORIENTED_EDGE('',*,*,#2709,.F.);
#4057=ORIENTED_EDGE('',*,*,#2894,.T.);
#4058=ORIENTED_EDGE('',*,*,#2892,.T.);
#4059=ORIENTED_EDGE('',*,*,#2885,.T.);
#4060=ORIENTED_EDGE('',*,*,#2882,.T.);
#4061=ORIENTED_EDGE('',*,*,#2889,.T.);
#4062=ORIENTED_EDGE('',*,*,#2896,.F.);
#4063=ORIENTED_EDGE('',*,*,#2888,.T.);
#4064=ORIENTED_EDGE('',*,*,#2897,.T.);
#4065=ORIENTED_EDGE('',*,*,#2578,.T.);
#4066=ORIENTED_EDGE('',*,*,#2593,.T.);
#4067=ORIENTED_EDGE('',*,*,#2346,.F.);
#4068=ORIENTED_EDGE('',*,*,#2897,.F.);
#4069=ORIENTED_EDGE('',*,*,#2345,.F.);
#4070=ORIENTED_EDGE('',*,*,#2898,.T.);
#4071=ORIENTED_EDGE('',*,*,#2579,.T.);
#4072=ORIENTED_EDGE('',*,*,#2899,.T.);
#4073=ORIENTED_EDGE('',*,*,#2900,.F.);
#4074=ORIENTED_EDGE('',*,*,#2858,.T.);
#4075=ORIENTED_EDGE('',*,*,#2857,.T.);
#4076=ORIENTED_EDGE('',*,*,#2856,.T.);
#4077=ORIENTED_EDGE('',*,*,#2854,.F.);
#4078=ORIENTED_EDGE('',*,*,#2900,.T.);
#4079=ORIENTED_EDGE('',*,*,#2901,.T.);
#4080=ORIENTED_EDGE('',*,*,#2353,.F.);
#4081=ORIENTED_EDGE('',*,*,#2559,.F.);
#4082=ORIENTED_EDGE('',*,*,#2561,.F.);
#4083=ORIENTED_EDGE('',*,*,#2859,.F.);
#4084=ORIENTED_EDGE('',*,*,#2590,.F.);
#4085=ORIENTED_EDGE('',*,*,#2902,.F.);
#4086=ORIENTED_EDGE('',*,*,#2849,.F.);
#4087=ORIENTED_EDGE('',*,*,#2903,.F.);
#4088=ORIENTED_EDGE('',*,*,#2855,.T.);
#4089=ORIENTED_EDGE('',*,*,#2901,.F.);
#4090=ORIENTED_EDGE('',*,*,#2899,.F.);
#4091=ORIENTED_EDGE('',*,*,#2904,.F.);
#4092=ORIENTED_EDGE('',*,*,#2850,.F.);
#4093=ORIENTED_EDGE('',*,*,#2902,.T.);
#4094=ORIENTED_EDGE('',*,*,#2589,.F.);
#4095=ORIENTED_EDGE('',*,*,#2635,.F.);
#4096=ORIENTED_EDGE('',*,*,#2905,.F.);
#4097=ORIENTED_EDGE('',*,*,#2520,.T.);
#4098=ORIENTED_EDGE('',*,*,#2519,.T.);
#4099=ORIENTED_EDGE('',*,*,#2906,.T.);
#4100=ORIENTED_EDGE('',*,*,#2869,.T.);
#4101=ORIENTED_EDGE('',*,*,#2907,.F.);
#4102=ORIENTED_EDGE('',*,*,#2508,.F.);
#4103=ORIENTED_EDGE('',*,*,#2905,.T.);
#4104=ORIENTED_EDGE('',*,*,#2868,.T.);
#4105=ORIENTED_EDGE('',*,*,#2908,.F.);
#4106=ORIENTED_EDGE('',*,*,#2512,.F.);
#4107=ORIENTED_EDGE('',*,*,#2907,.T.);
#4108=ORIENTED_EDGE('',*,*,#2867,.T.);
#4109=ORIENTED_EDGE('',*,*,#2909,.F.);
#4110=ORIENTED_EDGE('',*,*,#2526,.F.);
#4111=ORIENTED_EDGE('',*,*,#2908,.T.);
#4112=ORIENTED_EDGE('',*,*,#2866,.T.);
#4113=ORIENTED_EDGE('',*,*,#2910,.F.);
#4114=ORIENTED_EDGE('',*,*,#2532,.F.);
#4115=ORIENTED_EDGE('',*,*,#2909,.T.);
#4116=ORIENTED_EDGE('',*,*,#2865,.T.);
#4117=ORIENTED_EDGE('',*,*,#2911,.F.);
#4118=ORIENTED_EDGE('',*,*,#2534,.F.);
#4119=ORIENTED_EDGE('',*,*,#2910,.T.);
#4120=ORIENTED_EDGE('',*,*,#2864,.T.);
#4121=ORIENTED_EDGE('',*,*,#2912,.F.);
#4122=ORIENTED_EDGE('',*,*,#2654,.F.);
#4123=ORIENTED_EDGE('',*,*,#2911,.T.);
#4124=ORIENTED_EDGE('',*,*,#2863,.T.);
#4125=ORIENTED_EDGE('',*,*,#2913,.F.);
#4126=ORIENTED_EDGE('',*,*,#2545,.T.);
#4127=ORIENTED_EDGE('',*,*,#2544,.T.);
#4128=ORIENTED_EDGE('',*,*,#2912,.T.);
#4129=ORIENTED_EDGE('',*,*,#2862,.T.);
#4130=ORIENTED_EDGE('',*,*,#2914,.T.);
#4131=ORIENTED_EDGE('',*,*,#2915,.T.);
#4132=ORIENTED_EDGE('',*,*,#2553,.F.);
#4133=ORIENTED_EDGE('',*,*,#2913,.T.);
#4134=ORIENTED_EDGE('',*,*,#2861,.T.);
#4135=ORIENTED_EDGE('',*,*,#2824,.F.);
#4136=ORIENTED_EDGE('',*,*,#2916,.T.);
#4137=ORIENTED_EDGE('',*,*,#2826,.T.);
#4138=ORIENTED_EDGE('',*,*,#2860,.T.);
#4139=ORIENTED_EDGE('',*,*,#2821,.F.);
#4140=ORIENTED_EDGE('',*,*,#2636,.F.);
#4141=ORIENTED_EDGE('',*,*,#2917,.T.);
#4142=ORIENTED_EDGE('',*,*,#2918,.T.);
#4143=ORIENTED_EDGE('',*,*,#2827,.T.);
#4144=ORIENTED_EDGE('',*,*,#2870,.T.);
#4145=ORIENTED_EDGE('',*,*,#2906,.F.);
#4146=ORIENTED_EDGE('',*,*,#2536,.F.);
#4147=ORIENTED_EDGE('',*,*,#2919,.F.);
#4148=ORIENTED_EDGE('',*,*,#2920,.F.);
#4149=ORIENTED_EDGE('',*,*,#2921,.F.);
#4150=ORIENTED_EDGE('',*,*,#2915,.F.);
#4151=ORIENTED_EDGE('',*,*,#2922,.T.);
#4152=ORIENTED_EDGE('',*,*,#2923,.F.);
#4153=ORIENTED_EDGE('',*,*,#2924,.F.);
#4154=ORIENTED_EDGE('',*,*,#2919,.T.);
#4155=ORIENTED_EDGE('',*,*,#2530,.T.);
#4156=ORIENTED_EDGE('',*,*,#2445,.T.);
#4157=ORIENTED_EDGE('',*,*,#2554,.F.);
#4158=ORIENTED_EDGE('',*,*,#2921,.T.);
#4159=ORIENTED_EDGE('',*,*,#2586,.F.);
#4160=ORIENTED_EDGE('',*,*,#2828,.T.);
#4161=ORIENTED_EDGE('',*,*,#2918,.F.);
#4162=ORIENTED_EDGE('',*,*,#2925,.T.);
#4163=ORIENTED_EDGE('',*,*,#2923,.T.);
#4164=ORIENTED_EDGE('',*,*,#2916,.F.);
#4165=ORIENTED_EDGE('',*,*,#2823,.T.);
#4166=ORIENTED_EDGE('',*,*,#2920,.T.);
#4167=ORIENTED_EDGE('',*,*,#2926,.T.);
#4168=ORIENTED_EDGE('',*,*,#2914,.F.);
#4169=ORIENTED_EDGE('',*,*,#2926,.F.);
#4170=ORIENTED_EDGE('',*,*,#2922,.F.);
#4171=ORIENTED_EDGE('',*,*,#2917,.F.);
#4172=ORIENTED_EDGE('',*,*,#2924,.T.);
#4173=ORIENTED_EDGE('',*,*,#2925,.F.);
#4174=ORIENTED_EDGE('',*,*,#2927,.T.);
#4175=ORIENTED_EDGE('',*,*,#2565,.F.);
#4176=ORIENTED_EDGE('',*,*,#2594,.F.);
#4177=ORIENTED_EDGE('',*,*,#2566,.F.);
#4178=ORIENTED_EDGE('',*,*,#2573,.F.);
#4179=ORIENTED_EDGE('',*,*,#2541,.F.);
#4180=ORIENTED_EDGE('',*,*,#2562,.F.);
#4181=ORIENTED_EDGE('',*,*,#2927,.F.);
#4182=ORIENTED_EDGE('',*,*,#2928,.F.);
#4183=ORIENTED_EDGE('',*,*,#2622,.F.);
#4184=ORIENTED_EDGE('',*,*,#2316,.F.);
#4185=ORIENTED_EDGE('',*,*,#2929,.F.);
#4186=ORIENTED_EDGE('',*,*,#2326,.F.);
#4187=ORIENTED_EDGE('',*,*,#2810,.F.);
#4188=ORIENTED_EDGE('',*,*,#2740,.F.);
#4189=ORIENTED_EDGE('',*,*,#2726,.F.);
#4190=ORIENTED_EDGE('',*,*,#2723,.T.);
#4191=ORIENTED_EDGE('',*,*,#2744,.F.);
#4192=ORIENTED_EDGE('',*,*,#2618,.F.);
#4193=ORIENTED_EDGE('',*,*,#2930,.T.);
#4194=ORIENTED_EDGE('',*,*,#2931,.F.);
#4195=ORIENTED_EDGE('',*,*,#2613,.F.);
#4196=ORIENTED_EDGE('',*,*,#2932,.F.);
#4197=ORIENTED_EDGE('',*,*,#2933,.F.);
#4198=ORIENTED_EDGE('',*,*,#2933,.T.);
#4199=ORIENTED_EDGE('',*,*,#2934,.F.);
#4200=ORIENTED_EDGE('',*,*,#2935,.F.);
#4201=ORIENTED_EDGE('',*,*,#2936,.T.);
#4202=ORIENTED_EDGE('',*,*,#2931,.T.);
#4203=ORIENTED_EDGE('',*,*,#2936,.F.);
#4204=ORIENTED_EDGE('',*,*,#2937,.F.);
#4205=ORIENTED_EDGE('',*,*,#2614,.T.);
#4206=ORIENTED_EDGE('',*,*,#2932,.T.);
#4207=ORIENTED_EDGE('',*,*,#2612,.F.);
#4208=ORIENTED_EDGE('',*,*,#2938,.F.);
#4209=ORIENTED_EDGE('',*,*,#2934,.T.);
#4210=ORIENTED_EDGE('',*,*,#2569,.T.);
#4211=ORIENTED_EDGE('',*,*,#2585,.T.);
#4212=ORIENTED_EDGE('',*,*,#2583,.F.);
#4213=ORIENTED_EDGE('',*,*,#2845,.F.);
#4214=ORIENTED_EDGE('',*,*,#2840,.F.);
#4215=ORIENTED_EDGE('',*,*,#2939,.F.);
#4216=ORIENTED_EDGE('',*,*,#2341,.F.);
#4217=ORIENTED_EDGE('',*,*,#2707,.F.);
#4218=ORIENTED_EDGE('',*,*,#2483,.T.);
#4219=ORIENTED_EDGE('',*,*,#2712,.F.);
#4220=ORIENTED_EDGE('',*,*,#2715,.F.);
#4221=ORIENTED_EDGE('',*,*,#2695,.F.);
#4222=ORIENTED_EDGE('',*,*,#2800,.F.);
#4223=ORIENTED_EDGE('',*,*,#2798,.F.);
#4224=ORIENTED_EDGE('',*,*,#2794,.T.);
#4225=ORIENTED_EDGE('',*,*,#2792,.F.);
#4226=ORIENTED_EDGE('',*,*,#2574,.F.);
#4227=ORIENTED_EDGE('',*,*,#2342,.F.);
#4228=ORIENTED_EDGE('',*,*,#2939,.T.);
#4229=ORIENTED_EDGE('',*,*,#2843,.F.);
#4230=ORIENTED_EDGE('',*,*,#2940,.F.);
#4231=ORIENTED_EDGE('',*,*,#2343,.F.);
#4232=ORIENTED_EDGE('',*,*,#2940,.T.);
#4233=ORIENTED_EDGE('',*,*,#2842,.T.);
#4234=ORIENTED_EDGE('',*,*,#2844,.T.);
#4235=ORIENTED_EDGE('',*,*,#2581,.T.);
#4236=ORIENTED_EDGE('',*,*,#2941,.F.);
#4237=ORIENTED_EDGE('',*,*,#2344,.F.);
#4238=ORIENTED_EDGE('',*,*,#2941,.T.);
#4239=ORIENTED_EDGE('',*,*,#2580,.T.);
#4240=ORIENTED_EDGE('',*,*,#2898,.F.);
#4241=ORIENTED_EDGE('',*,*,#2942,.F.);
#4242=ORIENTED_EDGE('',*,*,#2633,.T.);
#4243=ORIENTED_EDGE('',*,*,#2630,.T.);
#4244=ORIENTED_EDGE('',*,*,#2628,.T.);
#4245=ORIENTED_EDGE('',*,*,#2605,.T.);
#4246=ORIENTED_EDGE('',*,*,#2602,.T.);
#4247=ORIENTED_EDGE('',*,*,#2599,.T.);
#4248=ORIENTED_EDGE('',*,*,#2595,.T.);
#4249=ORIENTED_EDGE('',*,*,#2943,.T.);
#4250=ORIENTED_EDGE('',*,*,#2944,.F.);
#4251=ORIENTED_EDGE('',*,*,#2929,.T.);
#4252=ORIENTED_EDGE('',*,*,#2315,.F.);
#4253=ORIENTED_EDGE('',*,*,#2615,.T.);
#4254=ORIENTED_EDGE('',*,*,#2608,.T.);
#4255=ORIENTED_EDGE('',*,*,#2937,.T.);
#4256=ORIENTED_EDGE('',*,*,#2935,.T.);
#4257=ORIENTED_EDGE('',*,*,#2938,.T.);
#4258=ORIENTED_EDGE('',*,*,#2611,.T.);
#4259=ORIENTED_EDGE('',*,*,#2739,.T.);
#4260=ORIENTED_EDGE('',*,*,#2328,.F.);
#4261=ORIENTED_EDGE('',*,*,#2945,.T.);
#4262=ORIENTED_EDGE('',*,*,#2420,.T.);
#4263=ORIENTED_EDGE('',*,*,#2946,.F.);
#4264=ORIENTED_EDGE('',*,*,#2945,.F.);
#4265=ORIENTED_EDGE('',*,*,#2327,.F.);
#4266=ORIENTED_EDGE('',*,*,#2930,.F.);
#4267=ORIENTED_EDGE('',*,*,#2617,.F.);
#4268=ORIENTED_EDGE('',*,*,#2348,.F.);
#4269=ORIENTED_EDGE('',*,*,#2592,.T.);
#4270=ORIENTED_EDGE('',*,*,#2563,.T.);
#4271=ORIENTED_EDGE('',*,*,#2556,.F.);
#4272=ORIENTED_EDGE('',*,*,#2354,.F.);
#4273=ORIENTED_EDGE('',*,*,#2903,.T.);
#4274=ORIENTED_EDGE('',*,*,#2853,.T.);
#4275=ORIENTED_EDGE('',*,*,#2947,.T.);
#4276=ORIENTED_EDGE('',*,*,#2355,.F.);
#4277=ORIENTED_EDGE('',*,*,#2947,.F.);
#4278=ORIENTED_EDGE('',*,*,#2852,.T.);
#4279=ORIENTED_EDGE('',*,*,#2837,.T.);
#4280=ORIENTED_EDGE('',*,*,#2848,.T.);
#4281=ORIENTED_EDGE('',*,*,#2948,.T.);
#4282=ORIENTED_EDGE('',*,*,#2356,.F.);
#4283=ORIENTED_EDGE('',*,*,#2948,.F.);
#4284=ORIENTED_EDGE('',*,*,#2847,.F.);
#4285=ORIENTED_EDGE('',*,*,#2949,.T.);
#4286=ORIENTED_EDGE('',*,*,#2357,.F.);
#4287=ORIENTED_EDGE('',*,*,#2949,.F.);
#4288=ORIENTED_EDGE('',*,*,#2846,.F.);
#4289=ORIENTED_EDGE('',*,*,#2839,.F.);
#4290=ORIENTED_EDGE('',*,*,#2851,.F.);
#4291=ORIENTED_EDGE('',*,*,#2904,.T.);
#4292=ORIENTED_EDGE('',*,*,#2634,.F.);
#4293=ORIENTED_EDGE('',*,*,#2766,.T.);
#4294=ORIENTED_EDGE('',*,*,#2765,.T.);
#4295=ORIENTED_EDGE('',*,*,#2950,.F.);
#4296=ORIENTED_EDGE('',*,*,#2363,.F.);
#4297=ORIENTED_EDGE('',*,*,#2887,.T.);
#4298=ORIENTED_EDGE('',*,*,#2896,.T.);
#4299=ORIENTED_EDGE('',*,*,#2890,.T.);
#4300=ORIENTED_EDGE('',*,*,#2358,.F.);
#4301=ORIENTED_EDGE('',*,*,#2950,.T.);
#4302=ORIENTED_EDGE('',*,*,#2764,.T.);
#4303=ORIENTED_EDGE('',*,*,#2487,.T.);
#4304=ORIENTED_EDGE('',*,*,#2951,.F.);
#4305=ORIENTED_EDGE('',*,*,#2364,.F.);
#4306=ORIENTED_EDGE('',*,*,#2951,.T.);
#4307=ORIENTED_EDGE('',*,*,#2486,.F.);
#4308=ORIENTED_EDGE('',*,*,#2276,.F.);
#4309=ORIENTED_EDGE('',*,*,#2952,.F.);
#4310=ORIENTED_EDGE('',*,*,#2943,.F.);
#4311=ORIENTED_EDGE('',*,*,#2598,.F.);
#4312=ORIENTED_EDGE('',*,*,#2624,.F.);
#4313=ORIENTED_EDGE('',*,*,#2942,.T.);
#4314=ORIENTED_EDGE('',*,*,#2946,.T.);
#4315=ORIENTED_EDGE('',*,*,#2616,.T.);
#4316=ORIENTED_EDGE('',*,*,#2632,.T.);
#4317=ORIENTED_EDGE('',*,*,#2944,.T.);
#4318=ORIENTED_EDGE('',*,*,#2952,.T.);
#4319=ORIENTED_EDGE('',*,*,#2623,.T.);
#4320=ORIENTED_EDGE('',*,*,#2928,.T.);
#4321=PLANE('',#4758);
#4322=PLANE('',#4759);
#4323=PLANE('',#4760);
#4324=PLANE('',#4767);
#4325=PLANE('',#4769);
#4326=PLANE('',#4772);
#4327=PLANE('',#4773);
#4328=PLANE('',#4774);
#4329=PLANE('',#4775);
#4330=PLANE('',#4779);
#4331=PLANE('',#4780);
#4332=PLANE('',#4781);
#4333=PLANE('',#4782);
#4334=PLANE('',#4783);
#4335=PLANE('',#4784);
#4336=PLANE('',#4788);
#4337=PLANE('',#4789);
#4338=PLANE('',#4790);
#4339=PLANE('',#4791);
#4340=PLANE('',#4792);
#4341=PLANE('',#4793);
#4342=PLANE('',#4797);
#4343=PLANE('',#4801);
#4344=PLANE('',#4804);
#4345=PLANE('',#4807);
#4346=PLANE('',#4809);
#4347=PLANE('',#4810);
#4348=PLANE('',#4811);
#4349=PLANE('',#4812);
#4350=PLANE('',#4813);
#4351=PLANE('',#4815);
#4352=PLANE('',#4816);
#4353=PLANE('',#4817);
#4354=PLANE('',#4818);
#4355=PLANE('',#4819);
#4356=PLANE('',#4820);
#4357=PLANE('',#4821);
#4358=PLANE('',#4829);
#4359=PLANE('',#4830);
#4360=PLANE('',#4831);
#4361=PLANE('',#4832);
#4362=PLANE('',#4833);
#4363=PLANE('',#4834);
#4364=PLANE('',#4835);
#4365=PLANE('',#4836);
#4366=PLANE('',#4845);
#4367=PLANE('',#4846);
#4368=PLANE('',#4849);
#4369=PLANE('',#4850);
#4370=PLANE('',#4851);
#4371=PLANE('',#4852);
#4372=PLANE('',#4853);
#4373=PLANE('',#4854);
#4374=PLANE('',#4855);
#4375=PLANE('',#4856);
#4376=PLANE('',#4857);
#4377=PLANE('',#4858);
#4378=PLANE('',#4859);
#4379=PLANE('',#4860);
#4380=PLANE('',#4861);
#4381=PLANE('',#4862);
#4382=PLANE('',#4863);
#4383=PLANE('',#4864);
#4384=PLANE('',#4867);
#4385=PLANE('',#4868);
#4386=PLANE('',#4869);
#4387=PLANE('',#4870);
#4388=PLANE('',#4871);
#4389=PLANE('',#4872);
#4390=PLANE('',#4873);
#4391=PLANE('',#4874);
#4392=PLANE('',#4875);
#4393=PLANE('',#4876);
#4394=PLANE('',#4877);
#4395=PLANE('',#4878);
#4396=PLANE('',#4879);
#4397=PLANE('',#4880);
#4398=PLANE('',#4881);
#4399=PLANE('',#4882);
#4400=PLANE('',#4883);
#4401=PLANE('',#4884);
#4402=PLANE('',#4885);
#4403=PLANE('',#4886);
#4404=PLANE('',#4887);
#4405=PLANE('',#4888);
#4406=PLANE('',#4889);
#4407=PLANE('',#4890);
#4408=PLANE('',#4891);
#4409=PLANE('',#4892);
#4410=PLANE('',#4893);
#4411=PLANE('',#4894);
#4412=PLANE('',#4895);
#4413=PLANE('',#4896);
#4414=PLANE('',#4897);
#4415=PLANE('',#4898);
#4416=PLANE('',#4899);
#4417=PLANE('',#4900);
#4418=PLANE('',#4901);
#4419=PLANE('',#4902);
#4420=PLANE('',#4903);
#4421=PLANE('',#4904);
#4422=PLANE('',#4905);
#4423=PLANE('',#4906);
#4424=PLANE('',#4907);
#4425=PLANE('',#4908);
#4426=PLANE('',#4909);
#4427=PLANE('',#4910);
#4428=PLANE('',#4911);
#4429=PLANE('',#4912);
#4430=PLANE('',#4913);
#4431=PLANE('',#4914);
#4432=PLANE('',#4915);
#4433=PLANE('',#4916);
#4434=PLANE('',#4917);
#4435=PLANE('',#4918);
#4436=PLANE('',#4919);
#4437=PLANE('',#4927);
#4438=PLANE('',#4928);
#4439=PLANE('',#4929);
#4440=PLANE('',#4930);
#4441=PLANE('',#4931);
#4442=PLANE('',#4932);
#4443=PLANE('',#4933);
#4444=PLANE('',#4934);
#4445=PLANE('',#4946);
#4446=PLANE('',#4948);
#4447=PLANE('',#4949);
#4448=PLANE('',#4950);
#4449=PLANE('',#4951);
#4450=PLANE('',#4952);
#4451=PLANE('',#4953);
#4452=PLANE('',#4954);
#4453=PLANE('',#4956);
#4454=PLANE('',#4958);
#4455=PLANE('',#4959);
#4456=PLANE('',#4960);
#4457=PLANE('',#4961);
#4458=PLANE('',#4962);
#4459=PLANE('',#4963);
#4460=PLANE('',#4964);
#4461=PLANE('',#4965);
#4462=PLANE('',#4966);
#4463=PLANE('',#4967);
#4464=PLANE('',#4968);
#4465=PLANE('',#4969);
#4466=PLANE('',#4970);
#4467=PLANE('',#4971);
#4468=PLANE('',#4972);
#4469=PLANE('',#4973);
#4470=PLANE('',#4974);
#4471=PLANE('',#4975);
#4472=PLANE('',#4976);
#4473=PLANE('',#4977);
#4474=PLANE('',#4978);
#4475=PLANE('',#4979);
#4476=PLANE('',#4980);
#4477=PLANE('',#4981);
#4478=PLANE('',#4982);
#4479=PLANE('',#4983);
#4480=PLANE('',#4984);
#4481=PLANE('',#4985);
#4482=PLANE('',#4988);
#4483=PLANE('',#4989);
#4484=PLANE('',#4990);
#4485=PLANE('',#4991);
#4486=PLANE('',#4992);
#4487=PLANE('',#4993);
#4488=PLANE('',#4994);
#4489=PLANE('',#4995);
#4490=PLANE('',#4996);
#4491=PLANE('',#4999);
#4492=PLANE('',#5000);
#4493=PLANE('',#5001);
#4494=PLANE('',#5002);
#4495=PLANE('',#5003);
#4496=PLANE('',#5004);
#4497=PLANE('',#5005);
#4498=PLANE('',#5006);
#4499=PLANE('',#5007);
#4500=PLANE('',#5008);
#4501=ADVANCED_FACE('',(#194),#4321,.F.);
#4502=ADVANCED_FACE('',(#195),#4322,.T.);
#4503=ADVANCED_FACE('',(#196,#139),#4323,.F.);
#4504=ADVANCED_FACE('',(#197),#4324,.T.);
#4505=ADVANCED_FACE('',(#198),#4325,.T.);
#4506=ADVANCED_FACE('',(#199),#75,.F.);
#4507=ADVANCED_FACE('',(#200),#4326,.T.);
#4508=ADVANCED_FACE('',(#201),#4327,.T.);
#4509=ADVANCED_FACE('',(#202),#4328,.T.);
#4510=ADVANCED_FACE('',(#203),#4329,.T.);
#4511=ADVANCED_FACE('',(#204),#67,.T.);
#4512=ADVANCED_FACE('',(#205),#68,.T.);
#4513=ADVANCED_FACE('',(#206),#4330,.T.);
#4514=ADVANCED_FACE('',(#207),#4331,.T.);
#4515=ADVANCED_FACE('',(#208),#4332,.T.);
#4516=ADVANCED_FACE('',(#209),#4333,.T.);
#4517=ADVANCED_FACE('',(#210),#4334,.T.);
#4518=ADVANCED_FACE('',(#211),#4335,.T.);
#4519=ADVANCED_FACE('',(#212),#69,.T.);
#4520=ADVANCED_FACE('',(#213),#4336,.T.);
#4521=ADVANCED_FACE('',(#214),#4337,.T.);
#4522=ADVANCED_FACE('',(#215),#4338,.T.);
#4523=ADVANCED_FACE('',(#216),#4339,.T.);
#4524=ADVANCED_FACE('',(#217),#4340,.T.);
#4525=ADVANCED_FACE('',(#218),#4341,.T.);
#4526=ADVANCED_FACE('',(#219),#70,.T.);
#4527=ADVANCED_FACE('',(#220),#4342,.T.);
#4528=ADVANCED_FACE('',(#221),#71,.F.);
#4529=ADVANCED_FACE('',(#222),#4343,.F.);
#4530=ADVANCED_FACE('',(#223),#4344,.F.);
#4531=ADVANCED_FACE('',(#224),#4345,.F.);
#4532=ADVANCED_FACE('',(#225,#140),#4346,.F.);
#4533=ADVANCED_FACE('',(#226),#4347,.F.);
#4534=ADVANCED_FACE('',(#227),#4348,.T.);
#4535=ADVANCED_FACE('',(#228),#4349,.F.);
#4536=ADVANCED_FACE('',(#229),#4350,.T.);
#4537=ADVANCED_FACE('',(#230),#4351,.T.);
#4538=ADVANCED_FACE('',(#231),#4352,.T.);
#4539=ADVANCED_FACE('',(#232),#4353,.T.);
#4540=ADVANCED_FACE('',(#233),#4354,.T.);
#4541=ADVANCED_FACE('',(#234),#4355,.F.);
#4542=ADVANCED_FACE('',(#235),#4356,.F.);
#4543=ADVANCED_FACE('',(#236),#4357,.F.);
#4544=ADVANCED_FACE('',(#237),#76,.F.);
#4545=ADVANCED_FACE('',(#238),#77,.F.);
#4546=ADVANCED_FACE('',(#239),#4358,.F.);
#4547=ADVANCED_FACE('',(#240),#4359,.T.);
#4548=ADVANCED_FACE('',(#241),#4360,.F.);
#4549=ADVANCED_FACE('',(#242),#4361,.F.);
#4550=ADVANCED_FACE('',(#243),#4362,.F.);
#4551=ADVANCED_FACE('',(#244),#4363,.F.);
#4552=ADVANCED_FACE('',(#245),#4364,.F.);
#4553=ADVANCED_FACE('',(#246),#4365,.T.);
#4554=ADVANCED_FACE('',(#247),#78,.F.);
#4555=ADVANCED_FACE('',(#248),#79,.F.);
#4556=ADVANCED_FACE('',(#249),#4366,.F.);
#4557=ADVANCED_FACE('',(#250),#4367,.F.);
#4558=ADVANCED_FACE('',(#251),#72,.T.);
#4559=ADVANCED_FACE('',(#252),#4368,.F.);
#4560=ADVANCED_FACE('',(#253),#4369,.T.);
#4561=ADVANCED_FACE('',(#254),#4370,.T.);
#4562=ADVANCED_FACE('',(#255),#4371,.F.);
#4563=ADVANCED_FACE('',(#256),#4372,.F.);
#4564=ADVANCED_FACE('',(#257),#4373,.T.);
#4565=ADVANCED_FACE('',(#258),#4374,.F.);
#4566=ADVANCED_FACE('',(#259),#4375,.F.);
#4567=ADVANCED_FACE('',(#260),#4376,.T.);
#4568=ADVANCED_FACE('',(#261),#4377,.F.);
#4569=ADVANCED_FACE('',(#262),#4378,.F.);
#4570=ADVANCED_FACE('',(#263),#4379,.F.);
#4571=ADVANCED_FACE('',(#264),#4380,.F.);
#4572=ADVANCED_FACE('',(#265),#4381,.F.);
#4573=ADVANCED_FACE('',(#266),#4382,.F.);
#4574=ADVANCED_FACE('',(#267,#141),#4383,.T.);
#4575=ADVANCED_FACE('',(#268),#4384,.T.);
#4576=ADVANCED_FACE('',(#269),#4385,.T.);
#4577=ADVANCED_FACE('',(#270),#4386,.T.);
#4578=ADVANCED_FACE('',(#271),#4387,.F.);
#4579=ADVANCED_FACE('',(#272),#4388,.T.);
#4580=ADVANCED_FACE('',(#273),#4389,.T.);
#4581=ADVANCED_FACE('',(#274),#4390,.F.);
#4582=ADVANCED_FACE('',(#275),#4391,.F.);
#4583=ADVANCED_FACE('',(#276),#4392,.F.);
#4584=ADVANCED_FACE('',(#277),#4393,.T.);
#4585=ADVANCED_FACE('',(#278),#4394,.T.);
#4586=ADVANCED_FACE('',(#279),#4395,.T.);
#4587=ADVANCED_FACE('',(#280),#4396,.T.);
#4588=ADVANCED_FACE('',(#281),#4397,.T.);
#4589=ADVANCED_FACE('',(#282),#4398,.F.);
#4590=ADVANCED_FACE('',(#283),#4399,.T.);
#4591=ADVANCED_FACE('',(#284),#4400,.F.);
#4592=ADVANCED_FACE('',(#285),#4401,.T.);
#4593=ADVANCED_FACE('',(#286),#4402,.T.);
#4594=ADVANCED_FACE('',(#287),#4403,.F.);
#4595=ADVANCED_FACE('',(#288),#4404,.T.);
#4596=ADVANCED_FACE('',(#289),#4405,.T.);
#4597=ADVANCED_FACE('',(#290),#4406,.F.);
#4598=ADVANCED_FACE('',(#291),#4407,.F.);
#4599=ADVANCED_FACE('',(#292),#4408,.T.);
#4600=ADVANCED_FACE('',(#293),#4409,.T.);
#4601=ADVANCED_FACE('',(#294),#4410,.T.);
#4602=ADVANCED_FACE('',(#295),#4411,.T.);
#4603=ADVANCED_FACE('',(#296),#4412,.T.);
#4604=ADVANCED_FACE('',(#297),#17,.T.);
#4605=ADVANCED_FACE('',(#298),#18,.F.);
#4606=ADVANCED_FACE('',(#299),#19,.T.);
#4607=ADVANCED_FACE('',(#300),#4413,.T.);
#4608=ADVANCED_FACE('',(#301),#4414,.F.);
#4609=ADVANCED_FACE('',(#302),#4415,.F.);
#4610=ADVANCED_FACE('',(#303),#4416,.F.);
#4611=ADVANCED_FACE('',(#304),#20,.T.);
#4612=ADVANCED_FACE('',(#305),#4417,.F.);
#4613=ADVANCED_FACE('',(#306),#21,.F.);
#4614=ADVANCED_FACE('',(#307),#4418,.F.);
#4615=ADVANCED_FACE('',(#308),#4419,.T.);
#4616=ADVANCED_FACE('',(#309),#15,.F.);
#4617=ADVANCED_FACE('',(#310),#22,.T.);
#4618=ADVANCED_FACE('',(#311),#23,.T.);
#4619=ADVANCED_FACE('',(#312),#24,.T.);
#4620=ADVANCED_FACE('',(#313),#25,.T.);
#4621=ADVANCED_FACE('',(#314),#4420,.F.);
#4622=ADVANCED_FACE('',(#315),#26,.T.);
#4623=ADVANCED_FACE('',(#316),#27,.T.);
#4624=ADVANCED_FACE('',(#317),#28,.T.);
#4625=ADVANCED_FACE('',(#318),#4421,.T.);
#4626=ADVANCED_FACE('',(#319),#16,.F.);
#4627=ADVANCED_FACE('',(#320),#4422,.F.);
#4628=ADVANCED_FACE('',(#321),#4423,.T.);
#4629=ADVANCED_FACE('',(#322),#4424,.T.);
#4630=ADVANCED_FACE('',(#323),#29,.T.);
#4631=ADVANCED_FACE('',(#324),#4425,.F.);
#4632=ADVANCED_FACE('',(#325),#30,.T.);
#4633=ADVANCED_FACE('',(#326),#31,.T.);
#4634=ADVANCED_FACE('',(#327),#32,.T.);
#4635=ADVANCED_FACE('',(#328),#4426,.T.);
#4636=ADVANCED_FACE('',(#329),#4427,.F.);
#4637=ADVANCED_FACE('',(#330),#4428,.T.);
#4638=ADVANCED_FACE('',(#331),#4429,.T.);
#4639=ADVANCED_FACE('',(#332),#4430,.T.);
#4640=ADVANCED_FACE('',(#333),#4431,.T.);
#4641=ADVANCED_FACE('',(#334),#4432,.F.);
#4642=ADVANCED_FACE('',(#335),#33,.T.);
#4643=ADVANCED_FACE('',(#336),#34,.T.);
#4644=ADVANCED_FACE('',(#337),#35,.T.);
#4645=ADVANCED_FACE('',(#338),#36,.T.);
#4646=ADVANCED_FACE('',(#339),#37,.T.);
#4647=ADVANCED_FACE('',(#340),#38,.T.);
#4648=ADVANCED_FACE('',(#341),#39,.T.);
#4649=ADVANCED_FACE('',(#342),#40,.T.);
#4650=ADVANCED_FACE('',(#343),#41,.F.);
#4651=ADVANCED_FACE('',(#344),#4433,.F.);
#4652=ADVANCED_FACE('',(#345),#4434,.F.);
#4653=ADVANCED_FACE('',(#346),#4435,.F.);
#4654=ADVANCED_FACE('',(#347),#4436,.F.);
#4655=ADVANCED_FACE('',(#348),#42,.F.);
#4656=ADVANCED_FACE('',(#349),#43,.F.);
#4657=ADVANCED_FACE('',(#350),#44,.F.);
#4658=ADVANCED_FACE('',(#351),#45,.F.);
#4659=ADVANCED_FACE('',(#352),#46,.F.);
#4660=ADVANCED_FACE('',(#353),#47,.F.);
#4661=ADVANCED_FACE('',(#354),#48,.F.);
#4662=ADVANCED_FACE('',(#355),#4437,.T.);
#4663=ADVANCED_FACE('',(#356),#4438,.T.);
#4664=ADVANCED_FACE('',(#357),#4439,.T.);
#4665=ADVANCED_FACE('',(#358),#4440,.F.);
#4666=ADVANCED_FACE('',(#359),#4441,.T.);
#4667=ADVANCED_FACE('',(#360),#4442,.T.);
#4668=ADVANCED_FACE('',(#361),#4443,.T.);
#4669=ADVANCED_FACE('',(#362),#49,.F.);
#4670=ADVANCED_FACE('',(#363),#4444,.F.);
#4671=ADVANCED_FACE('',(#364),#4445,.F.);
#4672=ADVANCED_FACE('',(#365),#80,.F.);
#4673=ADVANCED_FACE('',(#366),#4446,.F.);
#4674=ADVANCED_FACE('',(#367),#4447,.F.);
#4675=ADVANCED_FACE('',(#368),#4448,.F.);
#4676=ADVANCED_FACE('',(#369),#4449,.F.);
#4677=ADVANCED_FACE('',(#370),#4450,.F.);
#4678=ADVANCED_FACE('',(#371),#4451,.F.);
#4679=ADVANCED_FACE('',(#372),#4452,.F.);
#4680=ADVANCED_FACE('',(#373),#81,.F.);
#4681=ADVANCED_FACE('',(#374),#4453,.F.);
#4682=ADVANCED_FACE('',(#375),#82,.F.);
#4683=ADVANCED_FACE('',(#376),#4454,.F.);
#4684=ADVANCED_FACE('',(#377),#4455,.F.);
#4685=ADVANCED_FACE('',(#378),#4456,.F.);
#4686=ADVANCED_FACE('',(#379),#4457,.F.);
#4687=ADVANCED_FACE('',(#380),#4458,.F.);
#4688=ADVANCED_FACE('',(#381),#4459,.F.);
#4689=ADVANCED_FACE('',(#382),#4460,.F.);
#4690=ADVANCED_FACE('',(#383),#4461,.F.);
#4691=ADVANCED_FACE('',(#384),#4462,.F.);
#4692=ADVANCED_FACE('',(#385),#4463,.F.);
#4693=ADVANCED_FACE('',(#386),#4464,.F.);
#4694=ADVANCED_FACE('',(#387),#4465,.T.);
#4695=ADVANCED_FACE('',(#388),#4466,.T.);
#4696=ADVANCED_FACE('',(#389),#4467,.F.);
#4697=ADVANCED_FACE('',(#390),#4468,.F.);
#4698=ADVANCED_FACE('',(#391),#4469,.T.);
#4699=ADVANCED_FACE('',(#392),#4470,.T.);
#4700=ADVANCED_FACE('',(#393,#142),#4471,.T.);
#4701=ADVANCED_FACE('',(#394),#4472,.F.);
#4702=ADVANCED_FACE('',(#395),#50,.F.);
#4703=ADVANCED_FACE('',(#396),#51,.F.);
#4704=ADVANCED_FACE('',(#397),#52,.F.);
#4705=ADVANCED_FACE('',(#398),#53,.F.);
#4706=ADVANCED_FACE('',(#399),#54,.F.);
#4707=ADVANCED_FACE('',(#400),#55,.F.);
#4708=ADVANCED_FACE('',(#401),#56,.F.);
#4709=ADVANCED_FACE('',(#402),#57,.F.);
#4710=ADVANCED_FACE('',(#403),#58,.F.);
#4711=ADVANCED_FACE('',(#404),#59,.F.);
#4712=ADVANCED_FACE('',(#405),#60,.F.);
#4713=ADVANCED_FACE('',(#406),#4473,.T.);
#4714=ADVANCED_FACE('',(#407),#4474,.T.);
#4715=ADVANCED_FACE('',(#408),#4475,.T.);
#4716=ADVANCED_FACE('',(#409),#4476,.F.);
#4717=ADVANCED_FACE('',(#410),#4477,.F.);
#4718=ADVANCED_FACE('',(#411),#4478,.T.);
#4719=ADVANCED_FACE('',(#412),#4479,.T.);
#4720=ADVANCED_FACE('',(#413),#4480,.F.);
#4721=ADVANCED_FACE('',(#414),#4481,.F.);
#4722=ADVANCED_FACE('',(#415),#73,.F.);
#4723=ADVANCED_FACE('',(#416),#61,.F.);
#4724=ADVANCED_FACE('',(#417),#4482,.T.);
#4725=ADVANCED_FACE('',(#418),#4483,.T.);
#4726=ADVANCED_FACE('',(#419),#4484,.T.);
#4727=ADVANCED_FACE('',(#420),#4485,.T.);
#4728=ADVANCED_FACE('',(#421),#4486,.F.);
#4729=ADVANCED_FACE('',(#422),#4487,.T.);
#4730=ADVANCED_FACE('',(#423),#4488,.F.);
#4731=ADVANCED_FACE('',(#424),#4489,.F.);
#4732=ADVANCED_FACE('',(#425,#143),#4490,.T.);
#4733=ADVANCED_FACE('',(#426),#74,.F.);
#4734=ADVANCED_FACE('',(#427),#4491,.F.);
#4735=ADVANCED_FACE('',(#428),#4492,.F.);
#4736=ADVANCED_FACE('',(#429),#4493,.F.);
#4737=ADVANCED_FACE('',(#430),#4494,.T.);
#4738=ADVANCED_FACE('',(#431),#4495,.F.);
#4739=ADVANCED_FACE('',(#432),#4496,.T.);
#4740=ADVANCED_FACE('',(#433),#4497,.F.);
#4741=ADVANCED_FACE('',(#434),#4498,.F.);
#4742=ADVANCED_FACE('',(#435),#4499,.T.);
#4743=ADVANCED_FACE('',(#436),#4500,.T.);
#4744=CLOSED_SHELL('',(#4501,#4502,#4503,#4504,#4505,#4506,#4507,#4508,
#4509,#4510,#4511,#4512,#4513,#4514,#4515,#4516,#4517,#4518,#4519,#4520,
#4521,#4522,#4523,#4524,#4525,#4526,#4527,#4528,#4529,#4530,#4531,#4532,
#4533,#4534,#4535,#4536,#4537,#4538,#4539,#4540,#4541,#4542,#4543,#4544,
#4545,#4546,#4547,#4548,#4549,#4550,#4551,#4552,#4553,#4554,#4555,#4556,
#4557,#4558,#4559,#4560,#4561,#4562,#4563,#4564,#4565,#4566,#4567,#4568,
#4569,#4570,#4571,#4572,#4573,#4574,#4575,#4576,#4577,#4578,#4579,#4580,
#4581,#4582,#4583,#4584,#4585,#4586,#4587,#4588,#4589,#4590,#4591,#4592,
#4593,#4594,#4595,#4596,#4597,#4598,#4599,#4600,#4601,#4602,#4603,#4604,
#4605,#4606,#4607,#4608,#4609,#4610,#4611,#4612,#4613,#4614,#4615,#4616,
#4617,#4618,#4619,#4620,#4621,#4622,#4623,#4624,#4625,#4626,#4627,#4628,
#4629,#4630,#4631,#4632,#4633,#4634,#4635,#4636,#4637,#4638,#4639,#4640,
#4641,#4642,#4643,#4644,#4645,#4646,#4647,#4648,#4649,#4650,#4651,#4652,
#4653,#4654,#4655,#4656,#4657,#4658,#4659,#4660,#4661,#4662,#4663,#4664,
#4665,#4666,#4667,#4668,#4669,#4670,#4671,#4672,#4673,#4674,#4675,#4676,
#4677,#4678,#4679,#4680,#4681,#4682,#4683,#4684,#4685,#4686,#4687,#4688,
#4689,#4690,#4691,#4692,#4693,#4694,#4695,#4696,#4697,#4698,#4699,#4700,
#4701,#4702,#4703,#4704,#4705,#4706,#4707,#4708,#4709,#4710,#4711,#4712,
#4713,#4714,#4715,#4716,#4717,#4718,#4719,#4720,#4721,#4722,#4723,#4724,
#4725,#4726,#4727,#4728,#4729,#4730,#4731,#4732,#4733,#4734,#4735,#4736,
#4737,#4738,#4739,#4740,#4741,#4742,#4743));
#4745=DERIVED_UNIT_ELEMENT(#4747,1.);
#4746=DERIVED_UNIT_ELEMENT(#8569,-3.);
#4747=(
MASS_UNIT()
NAMED_UNIT(*)
SI_UNIT(.KILO.,.GRAM.)
);
#4748=DERIVED_UNIT((#4745,#4746));
#4749=MEASURE_REPRESENTATION_ITEM('density measure',
POSITIVE_RATIO_MEASURE(7850.),#4748);
#4750=PROPERTY_DEFINITION_REPRESENTATION(#4755,#4752);
#4751=PROPERTY_DEFINITION_REPRESENTATION(#4756,#4753);
#4752=REPRESENTATION('material name',(#4754),#8566);
#4753=REPRESENTATION('density',(#4749),#8566);
#4754=DESCRIPTIVE_REPRESENTATION_ITEM('Steel','Steel');
#4755=PROPERTY_DEFINITION('material property','material name',#8576);
#4756=PROPERTY_DEFINITION('material property','density of part',#8576);
#4757=AXIS2_PLACEMENT_3D('',#6086,#5009,#5010);
#4758=AXIS2_PLACEMENT_3D('',#6087,#5011,#5012);
#4759=AXIS2_PLACEMENT_3D('',#6094,#5016,#5017);
#4760=AXIS2_PLACEMENT_3D('',#6100,#5021,#5022);
#4761=AXIS2_PLACEMENT_3D('',#6119,#5031,#5032);
#4762=AXIS2_PLACEMENT_3D('',#6133,#5039,#5040);
#4763=AXIS2_PLACEMENT_3D('',#6146,#5047,#5048);
#4764=AXIS2_PLACEMENT_3D('',#6160,#5055,#5056);
#4765=AXIS2_PLACEMENT_3D('',#6164,#5058,#5059);
#4766=AXIS2_PLACEMENT_3D('',#6177,#5066,#5067);
#4767=AXIS2_PLACEMENT_3D('',#6178,#5068,#5069);
#4768=AXIS2_PLACEMENT_3D('',#6266,#5103,#5104);
#4769=AXIS2_PLACEMENT_3D('',#6296,#5120,#5121);
#4770=AXIS2_PLACEMENT_3D('',#6302,#5123,#5124);
#4771=AXIS2_PLACEMENT_3D('',#6307,#5125,#5126);
#4772=AXIS2_PLACEMENT_3D('',#6308,#5127,#5128);
#4773=AXIS2_PLACEMENT_3D('',#6314,#5132,#5133);
#4774=AXIS2_PLACEMENT_3D('',#6318,#5136,#5137);
#4775=AXIS2_PLACEMENT_3D('',#6322,#5140,#5141);
#4776=AXIS2_PLACEMENT_3D('',#6325,#5144,#5145);
#4777=AXIS2_PLACEMENT_3D('',#6326,#5146,#5147);
#4778=AXIS2_PLACEMENT_3D('',#6329,#5149,#5150);
#4779=AXIS2_PLACEMENT_3D('',#6330,#5151,#5152);
#4780=AXIS2_PLACEMENT_3D('',#6334,#5155,#5156);
#4781=AXIS2_PLACEMENT_3D('',#6336,#5158,#5159);
#4782=AXIS2_PLACEMENT_3D('',#6342,#5163,#5164);
#4783=AXIS2_PLACEMENT_3D('',#6348,#5168,#5169);
#4784=AXIS2_PLACEMENT_3D('',#6354,#5173,#5174);
#4785=AXIS2_PLACEMENT_3D('',#6360,#5178,#5179);
#4786=AXIS2_PLACEMENT_3D('',#6362,#5180,#5181);
#4787=AXIS2_PLACEMENT_3D('',#6365,#5183,#5184);
#4788=AXIS2_PLACEMENT_3D('',#6366,#5185,#5186);
#4789=AXIS2_PLACEMENT_3D('',#6372,#5190,#5191);
#4790=AXIS2_PLACEMENT_3D('',#6378,#5195,#5196);
#4791=AXIS2_PLACEMENT_3D('',#6384,#5200,#5201);
#4792=AXIS2_PLACEMENT_3D('',#6390,#5205,#5206);
#4793=AXIS2_PLACEMENT_3D('',#6396,#5210,#5211);
#4794=AXIS2_PLACEMENT_3D('',#6402,#5215,#5216);
#4795=AXIS2_PLACEMENT_3D('',#6403,#5217,#5218);
#4796=AXIS2_PLACEMENT_3D('',#6404,#5219,#5220);
#4797=AXIS2_PLACEMENT_3D('',#6405,#5221,#5222);
#4798=AXIS2_PLACEMENT_3D('',#6406,#5223,#5224);
#4799=AXIS2_PLACEMENT_3D('',#6408,#5225,#5226);
#4800=AXIS2_PLACEMENT_3D('',#6411,#5228,#5229);
#4801=AXIS2_PLACEMENT_3D('',#6412,#5230,#5231);
#4802=AXIS2_PLACEMENT_3D('',#6435,#5242,#5243);
#4803=AXIS2_PLACEMENT_3D('',#6442,#5247,#5248);
#4804=AXIS2_PLACEMENT_3D('',#6443,#5249,#5250);
#4805=AXIS2_PLACEMENT_3D('',#6460,#5258,#5259);
#4806=AXIS2_PLACEMENT_3D('',#6478,#5269,#5270);
#4807=AXIS2_PLACEMENT_3D('',#6479,#5271,#5272);
#4808=AXIS2_PLACEMENT_3D('',#6483,#5274,#5275);
#4809=AXIS2_PLACEMENT_3D('',#6489,#5279,#5280);
#4810=AXIS2_PLACEMENT_3D('',#6512,#5293,#5294);
#4811=AXIS2_PLACEMENT_3D('',#6520,#5299,#5300);
#4812=AXIS2_PLACEMENT_3D('',#6524,#5303,#5304);
#4813=AXIS2_PLACEMENT_3D('',#6569,#5318,#5319);
#4814=AXIS2_PLACEMENT_3D('',#6576,#5323,#5324);
#4815=AXIS2_PLACEMENT_3D('',#6577,#5325,#5326);
#4816=AXIS2_PLACEMENT_3D('',#6581,#5329,#5330);
#4817=AXIS2_PLACEMENT_3D('',#6585,#5333,#5334);
#4818=AXIS2_PLACEMENT_3D('',#6591,#5338,#5339);
#4819=AXIS2_PLACEMENT_3D('',#6595,#5342,#5343);
#4820=AXIS2_PLACEMENT_3D('',#6603,#5348,#5349);
#4821=AXIS2_PLACEMENT_3D('',#6608,#5353,#5354);
#4822=AXIS2_PLACEMENT_3D('',#6616,#5359,#5360);
#4823=AXIS2_PLACEMENT_3D('',#6620,#5362,#5363);
#4824=AXIS2_PLACEMENT_3D('',#6621,#5364,#5365);
#4825=AXIS2_PLACEMENT_3D('',#6622,#5366,#5367);
#4826=AXIS2_PLACEMENT_3D('',#6624,#5368,#5369);
#4827=AXIS2_PLACEMENT_3D('',#6628,#5371,#5372);
#4828=AXIS2_PLACEMENT_3D('',#6630,#5373,#5374);
#4829=AXIS2_PLACEMENT_3D('',#6632,#5376,#5377);
#4830=AXIS2_PLACEMENT_3D('',#6636,#5380,#5381);
#4831=AXIS2_PLACEMENT_3D('',#6644,#5386,#5387);
#4832=AXIS2_PLACEMENT_3D('',#6648,#5390,#5391);
#4833=AXIS2_PLACEMENT_3D('',#6652,#5394,#5395);
#4834=AXIS2_PLACEMENT_3D('',#6654,#5397,#5398);
#4835=AXIS2_PLACEMENT_3D('',#6658,#5401,#5402);
#4836=AXIS2_PLACEMENT_3D('',#6660,#5404,#5405);
#4837=AXIS2_PLACEMENT_3D('',#6666,#5409,#5410);
#4838=AXIS2_PLACEMENT_3D('',#6670,#5412,#5413);
#4839=AXIS2_PLACEMENT_3D('',#6672,#5414,#5415);
#4840=AXIS2_PLACEMENT_3D('',#6674,#5417,#5418);
#4841=AXIS2_PLACEMENT_3D('',#6678,#5420,#5421);
#4842=AXIS2_PLACEMENT_3D('',#6680,#5422,#5423);
#4843=AXIS2_PLACEMENT_3D('',#6684,#5425,#5426);
#4844=AXIS2_PLACEMENT_3D('',#6685,#5427,#5428);
#4845=AXIS2_PLACEMENT_3D('',#6686,#5429,#5430);
#4846=AXIS2_PLACEMENT_3D('',#6690,#5433,#5434);
#4847=AXIS2_PLACEMENT_3D('',#6692,#5436,#5437);
#4848=AXIS2_PLACEMENT_3D('',#6695,#5439,#5440);
#4849=AXIS2_PLACEMENT_3D('',#6696,#5441,#5442);
#4850=AXIS2_PLACEMENT_3D('',#6700,#5445,#5446);
#4851=AXIS2_PLACEMENT_3D('',#6704,#5449,#5450);
#4852=AXIS2_PLACEMENT_3D('',#6712,#5455,#5456);
#4853=AXIS2_PLACEMENT_3D('',#6728,#5465,#5466);
#4854=AXIS2_PLACEMENT_3D('',#6732,#5469,#5470);
#4855=AXIS2_PLACEMENT_3D('',#6749,#5479,#5480);
#4856=AXIS2_PLACEMENT_3D('',#6752,#5483,#5484);
#4857=AXIS2_PLACEMENT_3D('',#6764,#5491,#5492);
#4858=AXIS2_PLACEMENT_3D('',#6768,#5496,#5497);
#4859=AXIS2_PLACEMENT_3D('',#6777,#5502,#5503);
#4860=AXIS2_PLACEMENT_3D('',#6783,#5507,#5508);
#4861=AXIS2_PLACEMENT_3D('',#6789,#5512,#5513);
#4862=AXIS2_PLACEMENT_3D('',#6795,#5517,#5518);
#4863=AXIS2_PLACEMENT_3D('',#6809,#5526,#5527);
#4864=AXIS2_PLACEMENT_3D('',#6811,#5529,#5530);
#4865=AXIS2_PLACEMENT_3D('',#6816,#5532,#5533);
#4866=AXIS2_PLACEMENT_3D('',#6825,#5538,#5539);
#4867=AXIS2_PLACEMENT_3D('',#6834,#5545,#5546);
#4868=AXIS2_PLACEMENT_3D('',#6838,#5549,#5550);
#4869=AXIS2_PLACEMENT_3D('',#6842,#5553,#5554);
#4870=AXIS2_PLACEMENT_3D('',#6846,#5557,#5558);
#4871=AXIS2_PLACEMENT_3D('',#6862,#5567,#5568);
#4872=AXIS2_PLACEMENT_3D('',#6871,#5574,#5575);
#4873=AXIS2_PLACEMENT_3D('',#6873,#5577,#5578);
#4874=AXIS2_PLACEMENT_3D('',#6890,#5584,#5585);
#4875=AXIS2_PLACEMENT_3D('',#6892,#5587,#5588);
#4876=AXIS2_PLACEMENT_3D('',#6900,#5593,#5594);
#4877=AXIS2_PLACEMENT_3D('',#6904,#5597,#5598);
#4878=AXIS2_PLACEMENT_3D('',#6928,#5602,#5603);
#4879=AXIS2_PLACEMENT_3D('',#6930,#5605,#5606);
#4880=AXIS2_PLACEMENT_3D('',#6958,#5612,#5613);
#4881=AXIS2_PLACEMENT_3D('',#6968,#5619,#5620);
#4882=AXIS2_PLACEMENT_3D('',#6990,#5627,#5628);
#4883=AXIS2_PLACEMENT_3D('',#6994,#5631,#5632);
#4884=AXIS2_PLACEMENT_3D('',#7008,#5641,#5642);
#4885=AXIS2_PLACEMENT_3D('',#7009,#5643,#5644);
#4886=AXIS2_PLACEMENT_3D('',#7011,#5646,#5647);
#4887=AXIS2_PLACEMENT_3D('',#7012,#5648,#5649);
#4888=AXIS2_PLACEMENT_3D('',#7033,#5653,#5654);
#4889=AXIS2_PLACEMENT_3D('',#7041,#5660,#5661);
#4890=AXIS2_PLACEMENT_3D('',#7042,#5662,#5663);
#4891=AXIS2_PLACEMENT_3D('',#7046,#5666,#5667);
#4892=AXIS2_PLACEMENT_3D('',#7050,#5670,#5671);
#4893=AXIS2_PLACEMENT_3D('',#7053,#5674,#5675);
#4894=AXIS2_PLACEMENT_3D('',#7060,#5677,#5678);
#4895=AXIS2_PLACEMENT_3D('',#7093,#5679,#5680);
#4896=AXIS2_PLACEMENT_3D('',#7245,#5685,#5686);
#4897=AXIS2_PLACEMENT_3D('',#7269,#5688,#5689);
#4898=AXIS2_PLACEMENT_3D('',#7272,#5692,#5693);
#4899=AXIS2_PLACEMENT_3D('',#7274,#5695,#5696);
#4900=AXIS2_PLACEMENT_3D('',#7295,#5700,#5701);
#4901=AXIS2_PLACEMENT_3D('',#7339,#5710,#5711);
#4902=AXIS2_PLACEMENT_3D('',#7342,#5714,#5715);
#4903=AXIS2_PLACEMENT_3D('',#7451,#5722,#5723);
#4904=AXIS2_PLACEMENT_3D('',#7543,#5734,#5735);
#4905=AXIS2_PLACEMENT_3D('',#7563,#5738,#5739);
#4906=AXIS2_PLACEMENT_3D('',#7564,#5740,#5741);
#4907=AXIS2_PLACEMENT_3D('',#7565,#5742,#5743);
#4908=AXIS2_PLACEMENT_3D('',#7585,#5746,#5747);
#4909=AXIS2_PLACEMENT_3D('',#7651,#5757,#5758);
#4910=AXIS2_PLACEMENT_3D('',#7652,#5759,#5760);
#4911=AXIS2_PLACEMENT_3D('',#7658,#5764,#5765);
#4912=AXIS2_PLACEMENT_3D('',#7662,#5768,#5769);
#4913=AXIS2_PLACEMENT_3D('',#7664,#5771,#5772);
#4914=AXIS2_PLACEMENT_3D('',#7670,#5776,#5777);
#4915=AXIS2_PLACEMENT_3D('',#7672,#5779,#5780);
#4916=AXIS2_PLACEMENT_3D('',#7835,#5797,#5798);
#4917=AXIS2_PLACEMENT_3D('',#7836,#5799,#5800);
#4918=AXIS2_PLACEMENT_3D('',#7837,#5801,#5802);
#4919=AXIS2_PLACEMENT_3D('',#7839,#5804,#5805);
#4920=AXIS2_PLACEMENT_3D('',#7859,#5808,#5809);
#4921=AXIS2_PLACEMENT_3D('',#7878,#5811,#5812);
#4922=AXIS2_PLACEMENT_3D('',#7900,#5815,#5816);
#4923=AXIS2_PLACEMENT_3D('',#7924,#5821,#5822);
#4924=AXIS2_PLACEMENT_3D('',#7943,#5824,#5825);
#4925=AXIS2_PLACEMENT_3D('',#7962,#5827,#5828);
#4926=AXIS2_PLACEMENT_3D('',#7979,#5829,#5830);
#4927=AXIS2_PLACEMENT_3D('',#7980,#5831,#5832);
#4928=AXIS2_PLACEMENT_3D('',#7989,#5837,#5838);
#4929=AXIS2_PLACEMENT_3D('',#7998,#5843,#5844);
#4930=AXIS2_PLACEMENT_3D('',#8001,#5847,#5848);
#4931=AXIS2_PLACEMENT_3D('',#8007,#5852,#5853);
#4932=AXIS2_PLACEMENT_3D('',#8017,#5859,#5860);
#4933=AXIS2_PLACEMENT_3D('',#8028,#5866,#5867);
#4934=AXIS2_PLACEMENT_3D('',#8046,#5869,#5870);
#4935=AXIS2_PLACEMENT_3D('',#8047,#5871,#5872);
#4936=AXIS2_PLACEMENT_3D('',#8049,#5873,#5874);
#4937=AXIS2_PLACEMENT_3D('',#8051,#5875,#5876);
#4938=AXIS2_PLACEMENT_3D('',#8053,#5877,#5878);
#4939=AXIS2_PLACEMENT_3D('',#8055,#5879,#5880);
#4940=AXIS2_PLACEMENT_3D('',#8057,#5881,#5882);
#4941=AXIS2_PLACEMENT_3D('',#8059,#5883,#5884);
#4942=AXIS2_PLACEMENT_3D('',#8061,#5885,#5886);
#4943=AXIS2_PLACEMENT_3D('',#8063,#5887,#5888);
#4944=AXIS2_PLACEMENT_3D('',#8065,#5889,#5890);
#4945=AXIS2_PLACEMENT_3D('',#8066,#5891,#5892);
#4946=AXIS2_PLACEMENT_3D('',#8067,#5893,#5894);
#4947=AXIS2_PLACEMENT_3D('',#8071,#5895,#5896);
#4948=AXIS2_PLACEMENT_3D('',#8075,#5897,#5898);
#4949=AXIS2_PLACEMENT_3D('',#8077,#5900,#5901);
#4950=AXIS2_PLACEMENT_3D('',#8079,#5903,#5904);
#4951=AXIS2_PLACEMENT_3D('',#8081,#5906,#5907);
#4952=AXIS2_PLACEMENT_3D('',#8083,#5909,#5910);
#4953=AXIS2_PLACEMENT_3D('',#8085,#5912,#5913);
#4954=AXIS2_PLACEMENT_3D('',#8086,#5914,#5915);
#4955=AXIS2_PLACEMENT_3D('',#8090,#5916,#5917);
#4956=AXIS2_PLACEMENT_3D('',#8094,#5918,#5919);
#4957=AXIS2_PLACEMENT_3D('',#8098,#5920,#5921);
#4958=AXIS2_PLACEMENT_3D('',#8102,#5922,#5923);
#4959=AXIS2_PLACEMENT_3D('',#8103,#5924,#5925);
#4960=AXIS2_PLACEMENT_3D('',#8104,#5926,#5927);
#4961=AXIS2_PLACEMENT_3D('',#8105,#5928,#5929);
#4962=AXIS2_PLACEMENT_3D('',#8106,#5930,#5931);
#4963=AXIS2_PLACEMENT_3D('',#8112,#5935,#5936);
#4964=AXIS2_PLACEMENT_3D('',#8116,#5939,#5940);
#4965=AXIS2_PLACEMENT_3D('',#8120,#5943,#5944);
#4966=AXIS2_PLACEMENT_3D('',#8124,#5947,#5948);
#4967=AXIS2_PLACEMENT_3D('',#8130,#5952,#5953);
#4968=AXIS2_PLACEMENT_3D('',#8132,#5955,#5956);
#4969=AXIS2_PLACEMENT_3D('',#8134,#5958,#5959);
#4970=AXIS2_PLACEMENT_3D('',#8135,#5960,#5961);
#4971=AXIS2_PLACEMENT_3D('',#8137,#5963,#5964);
#4972=AXIS2_PLACEMENT_3D('',#8139,#5966,#5967);
#4973=AXIS2_PLACEMENT_3D('',#8141,#5969,#5970);
#4974=AXIS2_PLACEMENT_3D('',#8145,#5973,#5974);
#4975=AXIS2_PLACEMENT_3D('',#8147,#5976,#5977);
#4976=AXIS2_PLACEMENT_3D('',#8150,#5980,#5981);
#4977=AXIS2_PLACEMENT_3D('',#8473,#5992,#5993);
#4978=AXIS2_PLACEMENT_3D('',#8478,#5997,#5998);
#4979=AXIS2_PLACEMENT_3D('',#8482,#6001,#6002);
#4980=AXIS2_PLACEMENT_3D('',#8483,#6003,#6004);
#4981=AXIS2_PLACEMENT_3D('',#8485,#6006,#6007);
#4982=AXIS2_PLACEMENT_3D('',#8487,#6009,#6010);
#4983=AXIS2_PLACEMENT_3D('',#8488,#6011,#6012);
#4984=AXIS2_PLACEMENT_3D('',#8489,#6013,#6014);
#4985=AXIS2_PLACEMENT_3D('',#8491,#6016,#6017);
#4986=AXIS2_PLACEMENT_3D('',#8492,#6018,#6019);
#4987=AXIS2_PLACEMENT_3D('',#8495,#6021,#6022);
#4988=AXIS2_PLACEMENT_3D('',#8516,#6023,#6024);
#4989=AXIS2_PLACEMENT_3D('',#8522,#6028,#6029);
#4990=AXIS2_PLACEMENT_3D('',#8528,#6033,#6034);
#4991=AXIS2_PLACEMENT_3D('',#8530,#6036,#6037);
#4992=AXIS2_PLACEMENT_3D('',#8532,#6039,#6040);
#4993=AXIS2_PLACEMENT_3D('',#8534,#6042,#6043);
#4994=AXIS2_PLACEMENT_3D('',#8536,#6045,#6046);
#4995=AXIS2_PLACEMENT_3D('',#8538,#6048,#6049);
#4996=AXIS2_PLACEMENT_3D('',#8539,#6050,#6051);
#4997=AXIS2_PLACEMENT_3D('',#8545,#6055,#6056);
#4998=AXIS2_PLACEMENT_3D('',#8546,#6057,#6058);
#4999=AXIS2_PLACEMENT_3D('',#8548,#6060,#6061);
#5000=AXIS2_PLACEMENT_3D('',#8549,#6062,#6063);
#5001=AXIS2_PLACEMENT_3D('',#8551,#6065,#6066);
#5002=AXIS2_PLACEMENT_3D('',#8553,#6068,#6069);
#5003=AXIS2_PLACEMENT_3D('',#8555,#6071,#6072);
#5004=AXIS2_PLACEMENT_3D('',#8557,#6074,#6075);
#5005=AXIS2_PLACEMENT_3D('',#8559,#6077,#6078);
#5006=AXIS2_PLACEMENT_3D('',#8560,#6079,#6080);
#5007=AXIS2_PLACEMENT_3D('',#8562,#6082,#6083);
#5008=AXIS2_PLACEMENT_3D('',#8563,#6084,#6085);
#5009=DIRECTION('axis',(0.,0.,1.));
#5010=DIRECTION('refdir',(1.,0.,0.));
#5011=DIRECTION('center_axis',(0.,0.996194698091746,-0.0871557427476586));
#5012=DIRECTION('ref_axis',(1.,0.,0.));
#5013=DIRECTION('',(0.,-0.0871557427476586,-0.996194698091746));
#5014=DIRECTION('',(-0.086826593864248,-0.086826593864248,-0.992432509138967));
#5015=DIRECTION('',(1.,0.,0.));
#5016=DIRECTION('center_axis',(1.,0.,0.));
#5017=DIRECTION('ref_axis',(0.,1.,0.));
#5018=DIRECTION('',(0.,-1.,0.));
#5019=DIRECTION('',(0.,0.,1.));
#5020=DIRECTION('',(0.,1.,0.));
#5021=DIRECTION('center_axis',(0.,0.,-1.));
#5022=DIRECTION('ref_axis',(-1.,0.,0.));
#5023=DIRECTION('',(1.,0.,0.));
#5024=DIRECTION('',(0.,-1.,0.));
#5025=DIRECTION('',(-1.,0.,0.));
#5026=DIRECTION('',(0.,1.,0.));
#5027=DIRECTION('',(1.,0.,0.));
#5028=DIRECTION('',(0.,-1.,0.));
#5029=DIRECTION('',(1.,0.,0.));
#5030=DIRECTION('',(0.,-1.,0.));
#5031=DIRECTION('center_axis',(0.,0.,-1.));
#5032=DIRECTION('ref_axis',(0.333333330021963,-0.94280904275281,0.));
#5033=DIRECTION('',(0.,-1.,0.));
#5034=DIRECTION('',(-1.,0.,0.));
#5035=DIRECTION('',(0.,1.,0.));
#5036=DIRECTION('',(-1.,0.,0.));
#5037=DIRECTION('',(0.,1.,0.));
#5038=DIRECTION('',(1.,0.,0.));
#5039=DIRECTION('center_axis',(0.,0.,-1.));
#5040=DIRECTION('ref_axis',(-0.333333323399224,0.942809045094301,0.));
#5041=DIRECTION('',(0.,1.,0.));
#5042=DIRECTION('',(1.,0.,0.));
#5043=DIRECTION('',(-0.5,0.866025403784439,0.));
#5044=DIRECTION('',(-1.,2.29607484941321E-16,0.));
#5045=DIRECTION('',(-0.5,-0.866025403784439,0.));
#5046=DIRECTION('',(0.,-1.,0.));
#5047=DIRECTION('center_axis',(0.,0.,-1.));
#5048=DIRECTION('ref_axis',(0.333333330021963,-0.94280904275281,0.));
#5049=DIRECTION('',(0.,-1.,0.));
#5050=DIRECTION('',(-1.,0.,0.));
#5051=DIRECTION('',(0.,1.,0.));
#5052=DIRECTION('',(-1.,0.,0.));
#5053=DIRECTION('',(0.,1.,0.));
#5054=DIRECTION('',(1.,0.,0.));
#5055=DIRECTION('center_axis',(0.,0.,-1.));
#5056=DIRECTION('ref_axis',(-0.333333323399224,0.942809045094301,0.));
#5057=DIRECTION('',(0.,1.,0.));
#5058=DIRECTION('center_axis',(0.,0.,-1.));
#5059=DIRECTION('ref_axis',(-0.333333323399224,0.942809045094302,0.));
#5060=DIRECTION('',(1.,0.,0.));
#5061=DIRECTION('',(0.,1.,0.));
#5062=DIRECTION('',(-1.,0.,0.));
#5063=DIRECTION('',(0.,1.,0.));
#5064=DIRECTION('',(-1.,0.,0.));
#5065=DIRECTION('',(0.,-1.,0.));
#5066=DIRECTION('center_axis',(0.,0.,-1.));
#5067=DIRECTION('ref_axis',(0.333333330021963,-0.94280904275281,0.));
#5068=DIRECTION('center_axis',(0.,1.,0.));
#5069=DIRECTION('ref_axis',(0.,0.,1.));
#5070=DIRECTION('',(0.,0.,1.));
#5071=DIRECTION('',(1.,0.,0.));
#5072=DIRECTION('',(0.,0.,-1.));
#5073=DIRECTION('',(-1.,0.,0.));
#5074=DIRECTION('',(-0.793642679091061,-6.18111175928457E-8,-0.608384169686522));
#5075=DIRECTION('',(-0.0389334771190217,0.,-0.999241804749693));
#5076=DIRECTION('',(-0.543027035253142,2.58748119639085E-7,-0.839715213024104));
#5077=DIRECTION('',(-1.,0.,0.));
#5078=DIRECTION('',(0.543027034795248,2.53368336484666E-7,-0.839715213320216));
#5079=DIRECTION('',(0.0389334775949995,-6.52906454719501E-10,-0.999241804731147));
#5080=DIRECTION('',(0.79364267843583,-4.26579126734823E-8,-0.608384170541279));
#5081=DIRECTION('',(0.,0.,1.));
#5082=DIRECTION('',(1.,0.,0.));
#5083=DIRECTION('',(0.,0.,-1.));
#5084=DIRECTION('',(0.0871557427476582,0.,-0.996194698091746));
#5085=DIRECTION('',(0.,0.,1.));
#5086=DIRECTION('',(1.,0.,0.));
#5087=DIRECTION('',(0.,0.,1.));
#5088=DIRECTION('',(-0.0871557427476582,0.,-0.996194698091746));
#5089=DIRECTION('',(0.,0.,-1.));
#5090=DIRECTION('',(1.,0.,0.));
#5091=DIRECTION('',(1.77635681293048E-15,0.,-1.));
#5092=DIRECTION('',(1.,0.,0.));
#5093=DIRECTION('',(-1.77635681293047E-15,0.,1.));
#5094=DIRECTION('',(1.,0.,0.));
#5095=DIRECTION('',(-5.06649779200406E-17,0.,-1.));
#5096=DIRECTION('',(-0.999999999999981,0.,-1.95654225960226E-7));
#5097=DIRECTION('',(0.,0.,-1.));
#5098=DIRECTION('',(0.474126638780095,0.,-0.880456660148068));
#5099=DIRECTION('',(0.351690162371573,0.,0.936116461606704));
#5100=DIRECTION('',(0.367449995195135,0.,-0.930043279117212));
#5101=DIRECTION('',(0.349995080121039,0.,0.936751537971018));
#5102=DIRECTION('',(0.,0.,1.));
#5103=DIRECTION('center_axis',(0.,1.,0.));
#5104=DIRECTION('ref_axis',(-0.0202328063944795,0.,0.999795295820801));
#5105=DIRECTION('',(0.,0.,-1.));
#5106=DIRECTION('',(1.,0.,0.));
#5107=DIRECTION('',(0.,0.,-1.));
#5108=DIRECTION('',(0.351690162371574,0.,-0.936116461606704));
#5109=DIRECTION('',(0.474126638780095,0.,0.880456660148067));
#5110=DIRECTION('',(0.,0.,1.));
#5111=DIRECTION('',(-0.999999999999981,0.,-1.95654225960226E-7));
#5112=DIRECTION('',(-1.01838812294359E-16,0.,1.));
#5113=DIRECTION('',(1.,0.,0.));
#5114=DIRECTION('',(0.,0.,-1.));
#5115=DIRECTION('',(1.,0.,0.));
#5116=DIRECTION('',(0.,0.,1.));
#5117=DIRECTION('',(-0.0041084019822241,0.,0.999991560480964));
#5118=DIRECTION('',(1.,0.,0.));
#5119=DIRECTION('',(0.,0.,1.));
#5120=DIRECTION('center_axis',(-1.,0.,0.));
#5121=DIRECTION('ref_axis',(0.,-1.,0.));
#5122=DIRECTION('',(0.,0.,1.));
#5123=DIRECTION('center_axis',(0.,0.,1.));
#5124=DIRECTION('ref_axis',(-0.333333323399224,0.942809045094301,0.));
#5125=DIRECTION('center_axis',(0.,0.,1.));
#5126=DIRECTION('ref_axis',(-0.333333323399224,0.942809045094302,0.));
#5127=DIRECTION('center_axis',(-1.,0.,0.));
#5128=DIRECTION('ref_axis',(0.,-1.,0.));
#5129=DIRECTION('',(0.,0.,1.));
#5130=DIRECTION('',(0.,-1.,0.));
#5131=DIRECTION('',(0.,0.,1.));
#5132=DIRECTION('center_axis',(0.,-1.,0.));
#5133=DIRECTION('ref_axis',(1.,0.,0.));
#5134=DIRECTION('',(0.,0.,1.));
#5135=DIRECTION('',(1.,0.,0.));
#5136=DIRECTION('center_axis',(-1.,0.,0.));
#5137=DIRECTION('ref_axis',(0.,-1.,0.));
#5138=DIRECTION('',(0.,0.,1.));
#5139=DIRECTION('',(0.,-1.,0.));
#5140=DIRECTION('center_axis',(0.,1.,0.));
#5141=DIRECTION('ref_axis',(-1.,0.,0.));
#5142=DIRECTION('',(0.,0.,1.));
#5143=DIRECTION('',(-1.,0.,0.));
#5144=DIRECTION('center_axis',(0.,0.,1.));
#5145=DIRECTION('ref_axis',(-0.333333323399224,0.942809045094302,0.));
#5146=DIRECTION('center_axis',(0.,0.,1.));
#5147=DIRECTION('ref_axis',(0.333333330021963,-0.94280904275281,0.));
#5148=DIRECTION('',(0.,0.,1.));
#5149=DIRECTION('center_axis',(0.,0.,1.));
#5150=DIRECTION('ref_axis',(0.333333330021963,-0.94280904275281,0.));
#5151=DIRECTION('center_axis',(1.,0.,0.));
#5152=DIRECTION('ref_axis',(0.,1.,0.));
#5153=DIRECTION('',(0.,0.,1.));
#5154=DIRECTION('',(0.,1.,0.));
#5155=DIRECTION('center_axis',(0.,-1.,0.));
#5156=DIRECTION('ref_axis',(1.,0.,0.));
#5157=DIRECTION('',(1.,0.,0.));
#5158=DIRECTION('center_axis',(-1.,0.,0.));
#5159=DIRECTION('ref_axis',(0.,-1.,0.));
#5160=DIRECTION('',(0.,1.,0.));
#5161=DIRECTION('',(0.,-1.,0.));
#5162=DIRECTION('',(0.,0.,1.));
#5163=DIRECTION('center_axis',(1.,0.,0.));
#5164=DIRECTION('ref_axis',(0.,1.,0.));
#5165=DIRECTION('',(0.,-1.,0.));
#5166=DIRECTION('',(0.,0.,1.));
#5167=DIRECTION('',(0.,1.,0.));
#5168=DIRECTION('center_axis',(0.,1.,0.));
#5169=DIRECTION('ref_axis',(-1.,0.,0.));
#5170=DIRECTION('',(1.,0.,0.));
#5171=DIRECTION('',(0.,0.,1.));
#5172=DIRECTION('',(-1.,0.,0.));
#5173=DIRECTION('center_axis',(1.,0.,0.));
#5174=DIRECTION('ref_axis',(0.,1.,0.));
#5175=DIRECTION('',(0.,-1.,0.));
#5176=DIRECTION('',(0.,0.,1.));
#5177=DIRECTION('',(0.,1.,0.));
#5178=DIRECTION('center_axis',(0.,0.,1.));
#5179=DIRECTION('ref_axis',(0.333333330021963,-0.94280904275281,0.));
#5180=DIRECTION('center_axis',(0.,0.,-1.));
#5181=DIRECTION('ref_axis',(0.333333330021963,-0.94280904275281,0.));
#5182=DIRECTION('',(0.,0.,1.));
#5183=DIRECTION('center_axis',(0.,0.,1.));
#5184=DIRECTION('ref_axis',(0.333333330021963,-0.94280904275281,0.));
#5185=DIRECTION('center_axis',(1.,0.,0.));
#5186=DIRECTION('ref_axis',(0.,1.,0.));
#5187=DIRECTION('',(0.,-1.,0.));
#5188=DIRECTION('',(0.,0.,1.));
#5189=DIRECTION('',(0.,1.,0.));
#5190=DIRECTION('center_axis',(0.,-1.,0.));
#5191=DIRECTION('ref_axis',(1.,0.,0.));
#5192=DIRECTION('',(-1.,0.,0.));
#5193=DIRECTION('',(0.,0.,1.));
#5194=DIRECTION('',(1.,0.,0.));
#5195=DIRECTION('center_axis',(-1.,0.,0.));
#5196=DIRECTION('ref_axis',(0.,-1.,0.));
#5197=DIRECTION('',(0.,1.,0.));
#5198=DIRECTION('',(0.,0.,1.));
#5199=DIRECTION('',(0.,-1.,0.));
#5200=DIRECTION('center_axis',(0.,-1.,0.));
#5201=DIRECTION('ref_axis',(1.,0.,0.));
#5202=DIRECTION('',(-1.,0.,0.));
#5203=DIRECTION('',(0.,0.,1.));
#5204=DIRECTION('',(1.,0.,0.));
#5205=DIRECTION('center_axis',(-1.,0.,0.));
#5206=DIRECTION('ref_axis',(0.,-1.,0.));
#5207=DIRECTION('',(0.,1.,0.));
#5208=DIRECTION('',(0.,0.,1.));
#5209=DIRECTION('',(0.,-1.,0.));
#5210=DIRECTION('center_axis',(0.,1.,0.));
#5211=DIRECTION('ref_axis',(-1.,0.,0.));
#5212=DIRECTION('',(1.,0.,0.));
#5213=DIRECTION('',(0.,0.,1.));
#5214=DIRECTION('',(-1.,0.,0.));
#5215=DIRECTION('center_axis',(0.,0.,1.));
#5216=DIRECTION('ref_axis',(-0.333333323399224,0.942809045094302,0.));
#5217=DIRECTION('center_axis',(0.,0.,-1.));
#5218=DIRECTION('ref_axis',(-0.333333323399224,0.942809045094302,0.));
#5219=DIRECTION('center_axis',(0.,0.,1.));
#5220=DIRECTION('ref_axis',(-0.333333323399224,0.942809045094302,0.));
#5221=DIRECTION('center_axis',(0.,0.,1.));
#5222=DIRECTION('ref_axis',(1.,0.,0.));
#5223=DIRECTION('center_axis',(0.,0.,1.));
#5224=DIRECTION('ref_axis',(1.,0.,0.));
#5225=DIRECTION('center_axis',(0.,0.,1.));
#5226=DIRECTION('ref_axis',(1.,0.,0.));
#5227=DIRECTION('',(0.,0.,1.));
#5228=DIRECTION('center_axis',(0.,0.,-1.));
#5229=DIRECTION('ref_axis',(1.,0.,0.));
#5230=DIRECTION('center_axis',(0.,0.,1.));
#5231=DIRECTION('ref_axis',(-1.,0.,0.));
#5232=DIRECTION('',(-0.438308066955717,-0.898824809649546,0.));
#5233=DIRECTION('',(-0.482155536793066,0.876085634136179,0.));
#5234=DIRECTION('',(0.898826101494213,-0.438305417799866,0.));
#5235=DIRECTION('',(0.894427198996717,0.447213579506356,0.));
#5236=DIRECTION('',(0.707106739039698,0.707106823333394,0.));
#5237=DIRECTION('',(0.707106823333394,-0.707106739039698,0.));
#5238=DIRECTION('',(0.894427190999916,-0.447213595499958,0.));
#5239=DIRECTION('',(0.89882610004553,0.438305420770657,0.));
#5240=DIRECTION('',(-0.499137368080229,-0.866522872050093,0.));
#5241=DIRECTION('',(-0.43830806992745,0.898824808200393,0.));
#5242=DIRECTION('center_axis',(0.,0.,-1.));
#5243=DIRECTION('ref_axis',(-0.601754068460293,0.798681439055326,0.));
#5244=DIRECTION('',(-0.132163693001115,-0.991227904294621,0.));
#5245=DIRECTION('',(-1.,0.,0.));
#5246=DIRECTION('',(-0.132163664943721,0.991227908035606,0.));
#5247=DIRECTION('center_axis',(0.,0.,-1.));
#5248=DIRECTION('ref_axis',(0.60175406740791,0.798681439848226,0.));
#5249=DIRECTION('center_axis',(0.,0.,-1.));
#5250=DIRECTION('ref_axis',(-1.,0.,0.));
#5251=DIRECTION('',(0.894427200596078,0.447213576307634,0.));
#5252=DIRECTION('',(0.499137368080229,0.866522872050093,0.));
#5253=DIRECTION('',(-0.894427190999916,0.447213595499958,0.));
#5254=DIRECTION('',(-0.707106823333394,0.707106739039698,0.));
#5255=DIRECTION('',(-0.707106739039698,-0.707106823333394,0.));
#5256=DIRECTION('',(-0.894427198996717,-0.447213579506356,0.));
#5257=DIRECTION('',(0.894427194998315,-0.44721358750316,0.));
#5258=DIRECTION('center_axis',(0.,0.,1.));
#5259=DIRECTION('ref_axis',(0.60175406740791,0.798681439848227,0.));
#5260=DIRECTION('',(0.132163664943721,-0.991227908035606,0.));
#5261=DIRECTION('',(0.,-1.,0.));
#5262=DIRECTION('',(-1.,0.,0.));
#5263=DIRECTION('',(0.,-1.,0.));
#5264=DIRECTION('',(1.,0.,0.));
#5265=DIRECTION('',(0.,-1.,0.));
#5266=DIRECTION('',(0.499137368080229,0.866522872050093,0.));
#5267=DIRECTION('',(0.,1.,0.));
#5268=DIRECTION('',(0.132163693001115,0.991227904294621,0.));
#5269=DIRECTION('center_axis',(0.,0.,1.));
#5270=DIRECTION('ref_axis',(-0.601754068460292,0.798681439055326,0.));
#5271=DIRECTION('center_axis',(-0.866522872050093,0.499137368080229,0.));
#5272=DIRECTION('ref_axis',(0.499137368080229,0.866522872050093,0.));
#5273=DIRECTION('',(-0.00365399001288923,-0.00634347601060036,0.999973203975531));
#5274=DIRECTION('center_axis',(-0.866522872050093,0.499137368080229,0.));
#5275=DIRECTION('ref_axis',(-0.499137368080229,-0.866522872050093,3.75208301063288E-17));
#5276=DIRECTION('',(0.,0.,-1.));
#5277=DIRECTION('',(0.499137368080229,0.866522872050093,0.));
#5278=DIRECTION('',(-0.00475444287903335,-0.00825390716464228,0.999954633115637));
#5279=DIRECTION('center_axis',(-0.866522872050093,0.499137368080229,0.));
#5280=DIRECTION('ref_axis',(0.499137368080229,0.866522872050093,0.));
#5281=DIRECTION('',(0.00148122773042564,0.00257147188170925,-0.999995596738692));
#5282=DIRECTION('',(0.00106840775751775,0.00185479953569831,0.999997709109149));
#5283=DIRECTION('',(-0.499137034705426,-0.866522293297809,0.00115576960485769));
#5284=DIRECTION('',(-0.0227381299838212,-0.0394743230193538,0.998961838744105));
#5285=DIRECTION('',(0.0221502882571117,0.038453805755142,-0.999014849515798));
#5286=DIRECTION('',(-0.0512892671355883,-0.0890402640752211,-0.994706611242787));
#5287=DIRECTION('',(-0.0527734304666671,-0.0916168322796499,-0.994394952259826));
#5288=DIRECTION('',(-0.499137303978514,-0.866522760766895,0.00050680368817794));
#5289=DIRECTION('',(-0.499137034705426,-0.866522293297809,0.00115576960485979));
#5290=DIRECTION('',(0.498584261044414,0.865562655628973,0.0470640395558555));
#5291=DIRECTION('',(-0.0441717766339547,-0.0766840096537459,-0.996076511525307));
#5292=DIRECTION('',(-0.0227381299838212,-0.0394743230193538,0.998961838744105));
#5293=DIRECTION('center_axis',(0.876085634136179,0.482155536793066,0.));
#5294=DIRECTION('ref_axis',(0.482155536793066,-0.876085634136179,0.));
#5295=DIRECTION('',(0.00145021481762053,-0.00263506746511562,0.999995476637988));
#5296=DIRECTION('',(-0.0514353090478239,0.0934589191775537,0.994293638423438));
#5297=DIRECTION('',(-0.482155361328921,0.876085315314544,-0.000853130701284652));
#5298=DIRECTION('',(0.00100332654973072,-0.00182306311862132,-0.999997834886006));
#5299=DIRECTION('center_axis',(0.44553632591849,0.890894327490259,-0.0883440973281892));
#5300=DIRECTION('ref_axis',(0.894414887155283,-0.447237804519342,0.000596526379014378));
#5301=DIRECTION('',(-0.889450585271525,0.451710045951921,0.0695391310432854));
#5302=DIRECTION('',(-0.894414887155283,0.447237804519342,-0.000596526379014378));
#5303=DIRECTION('center_axis',(0.,-1.,-2.48689957516035E-14));
#5304=DIRECTION('ref_axis',(1.,0.,0.));
#5305=DIRECTION('',(0.0036540635328203,2.54609447168058E-14,-0.999993323887564));
#5306=DIRECTION('',(4.55442916332309E-10,-2.48689957516035E-14,1.));
#5307=DIRECTION('',(1.,-4.02999707196347E-29,1.6204904742499E-15));
#5308=DIRECTION('',(1.,-4.02999707196342E-29,1.62049047424988E-15));
#5309=DIRECTION('',(-8.60893294113068E-16,2.48689957516035E-14,-1.));
#5310=DIRECTION('',(1.,0.,0.));
#5311=DIRECTION('',(0.,-2.54611146980703E-14,1.));
#5312=DIRECTION('',(0.,2.54611146980703E-14,-1.));
#5313=DIRECTION('',(1.,0.,0.));
#5314=DIRECTION('',(1.,-4.62614609726735E-23,1.86020623569774E-9));
#5315=DIRECTION('',(1.,-4.62614609726735E-23,1.86020623569774E-9));
#5316=DIRECTION('',(-0.00105093000284652,2.48689820182704E-14,-0.999999447772912));
#5317=DIRECTION('',(0.00365406457878588,-2.54609447167085E-14,0.999993323883742));
#5318=DIRECTION('center_axis',(0.898822091926274,0.438306745348005,0.0024584645037679));
#5319=DIRECTION('ref_axis',(-0.00273519679764013,-1.97079085636487E-14,
0.999996259342243));
#5320=DIRECTION('',(0.438305105792478,-0.898825454124681,0.00119885520624171));
#5321=DIRECTION('',(0.00273519679763996,2.00542707440299E-14,-0.999996259342243));
#5322=DIRECTION('',(0.438305105792478,-0.898825454124681,0.00119885520624171));
#5323=DIRECTION('center_axis',(-0.898822091926274,-0.438306745348005,-0.0024584645037679));
#5324=DIRECTION('ref_axis',(0.0004332402127574,-0.00649731788260964,0.99997879835687));
#5325=DIRECTION('center_axis',(-4.55443357181597E-10,-0.00133380105555092,
-0.999999110486977));
#5326=DIRECTION('ref_axis',(0.898826253642074,0.438304715913832,-0.000584612222123448));
#5327=DIRECTION('',(0.438305105792478,-0.898825454124681,0.00119885520624171));
#5328=DIRECTION('',(-0.898826253642074,-0.438304715913832,0.000584612222123448));
#5329=DIRECTION('center_axis',(0.000704103830935908,-0.000990450384823467,
-0.999999261622643));
#5330=DIRECTION('ref_axis',(0.898825977858918,0.438305626276455,0.000198746984889646));
#5331=DIRECTION('',(0.438305105792478,-0.898825454124681,0.00119885520624171));
#5332=DIRECTION('',(-0.898825977858918,-0.438305626276455,-0.000198746984889646));
#5333=DIRECTION('center_axis',(0.895405948344206,0.436520585720294,-0.0877380528176063));
#5334=DIRECTION('ref_axis',(0.438305105792478,-0.898825454124681,0.00119885520624171));
#5335=DIRECTION('',(-0.115730350527333,0.0378918406840911,-0.99255765292319));
#5336=DIRECTION('',(-0.438305105792478,0.898825454124681,-0.00119885520624171));
#5337=DIRECTION('',(-0.0399854831222281,-0.117422165745818,-0.992276773955253));
#5338=DIRECTION('center_axis',(0.887757757739602,0.452158403555598,-0.0862492995172));
#5339=DIRECTION('ref_axis',(0.115730350527333,-0.0378918406840911,0.99255765292319));
#5340=DIRECTION('',(0.0882019329640385,0.0168059992842469,0.995960831262688));
#5341=DIRECTION('',(0.45394099273355,-0.891030954951383,0.00118845887864799));
#5342=DIRECTION('center_axis',(0.447079281295601,-0.894158610557603,-0.0245050076903813));
#5343=DIRECTION('ref_axis',(0.,0.0273953749262884,-0.999624676282378));
#5344=DIRECTION('',(0.016724352182329,0.0357464858798244,-0.999220938927585));
#5345=DIRECTION('',(-0.894427200596078,-0.447213576307633,0.));
#5346=DIRECTION('',(0.0234661201712946,0.03911019999714,-0.998959325228155));
#5347=DIRECTION('',(0.894420502245457,0.447226574944022,-0.000596512215691491));
#5348=DIRECTION('center_axis',(0.446750925016797,0.893501850033594,0.0454758725389886));
#5349=DIRECTION('ref_axis',(0.,-0.0508304328483569,0.998707298009006));
#5350=DIRECTION('',(-0.894414887155283,0.447237804519342,-0.000596526379014378));
#5351=DIRECTION('',(0.894427190999916,-0.447213595499958,0.));
#5352=DIRECTION('',(0.0078213223920781,0.0469279333145,-0.998867656894981));
#5353=DIRECTION('center_axis',(0.446750925016797,0.893501850033594,0.0454758725389886));
#5354=DIRECTION('ref_axis',(0.,-0.0508304328483569,0.998707298009006));
#5355=DIRECTION('',(0.0078213223920781,0.0469279333145,-0.998867656894981));
#5356=DIRECTION('',(-0.894427190999916,0.447213595499958,0.));
#5357=DIRECTION('',(0.0234661201712946,0.03911019999714,-0.998959325228155));
#5358=DIRECTION('',(0.0527940260280416,0.0244130443365723,-0.998306963855292));
#5359=DIRECTION('center_axis',(-0.0251203192935514,-0.0189497980775126,
0.999504814751491));
#5360=DIRECTION('ref_axis',(-0.602226012133135,0.798325641771715,8.16100577010908E-15));
#5361=DIRECTION('',(-0.00651239194995466,-0.0214441679357047,0.999748836664807));
#5362=DIRECTION('center_axis',(0.,0.,1.));
#5363=DIRECTION('ref_axis',(0.447213576307633,-0.894427200596078,0.));
#5364=DIRECTION('center_axis',(0.,0.,1.));
#5365=DIRECTION('ref_axis',(0.447213576307633,-0.894427200596078,0.));
#5366=DIRECTION('center_axis',(-0.0251203192935514,-0.0189497980775126,
0.999504814751491));
#5367=DIRECTION('ref_axis',(-0.602226012133135,0.798325641771715,8.16100577010908E-15));
#5368=DIRECTION('center_axis',(-4.55442396903733E-10,-0.00133380105555046,
-0.999999110486977));
#5369=DIRECTION('ref_axis',(-0.43848744874451,-0.898736513291406,0.00119873697608753));
#5370=DIRECTION('',(0.016724352182329,0.0357464858798244,-0.999220938927585));
#5371=DIRECTION('center_axis',(0.,0.,1.));
#5372=DIRECTION('ref_axis',(0.447213576307633,-0.894427200596078,0.));
#5373=DIRECTION('center_axis',(0.,0.,1.));
#5374=DIRECTION('ref_axis',(0.447213576307633,-0.894427200596078,0.));
#5375=DIRECTION('',(-0.00651239194995466,-0.0214441679357047,0.999748836664807));
#5376=DIRECTION('center_axis',(0.706576249753913,0.70657633398437,0.0387283815425415));
#5377=DIRECTION('ref_axis',(0.0547291772543101,0.,-0.998501235430916));
#5378=DIRECTION('',(0.707106823333394,-0.707106739039699,0.));
#5379=DIRECTION('',(-4.09588896284026E-10,0.0547291711579881,-0.998501235765064));
#5380=DIRECTION('center_axis',(-0.999993323887564,0.,-0.0036540635328169));
#5381=DIRECTION('ref_axis',(-0.0036540635328169,0.,0.999993323887564));
#5382=DIRECTION('',(-0.0036540635328169,0.,0.999993323887564));
#5383=DIRECTION('',(-0.00365395152075696,-0.00782989637817451,0.999962669983731));
#5384=DIRECTION('',(0.,1.,0.));
#5385=DIRECTION('',(-0.0036540635328169,0.,0.999993323887564));
#5386=DIRECTION('center_axis',(-0.706576334094843,0.706576249864386,0.0387283775114945));
#5387=DIRECTION('ref_axis',(0.0547291650616669,0.,0.998501236099211));
#5388=DIRECTION('',(0.707106739039699,0.707106823333394,0.));
#5389=DIRECTION('',(-0.00782132134687195,0.0469279333148837,-0.998867656903147));
#5390=DIRECTION('center_axis',(-0.446750909044156,0.89350185803095,0.04547587232214));
#5391=DIRECTION('ref_axis',(0.,-0.0508304321528155,0.998707298044406));
#5392=DIRECTION('',(0.894427198996717,0.447213579506357,0.));
#5393=DIRECTION('',(-0.0234661198254639,0.0391101999974576,-0.998959325236266));
#5394=DIRECTION('center_axis',(0.991221402334872,-0.132162826073329,0.00362201016016656));
#5395=DIRECTION('ref_axis',(0.0036540635328169,0.,-0.999993323887564));
#5396=DIRECTION('',(-0.132163693001114,-0.991227904294621,0.));
#5397=DIRECTION('center_axis',(0.991221402334872,-0.132162826073329,0.00362201016016656));
#5398=DIRECTION('ref_axis',(0.0036540635328169,0.,-0.999993323887564));
#5399=DIRECTION('',(0.132163693001115,0.991227904294621,0.));
#5400=DIRECTION('',(0.00469791700559772,0.0078298622429665,-0.999958310547527));
#5401=DIRECTION('center_axis',(0.991221402334872,-0.132162826073329,0.00362201016016656));
#5402=DIRECTION('ref_axis',(0.0036540635328169,0.,-0.999993323887564));
#5403=DIRECTION('',(0.132163693001115,0.991227904294621,0.));
#5404=DIRECTION('center_axis',(0.,0.,1.));
#5405=DIRECTION('ref_axis',(1.,0.,0.));
#5406=DIRECTION('',(1.,0.,0.));
#5407=DIRECTION('',(0.,-1.,0.));
#5408=DIRECTION('',(-1.,0.,0.));
#5409=DIRECTION('center_axis',(0.0251203197609862,-0.0189497983785905,0.999504814734035));
#5410=DIRECTION('ref_axis',(0.602226011089527,0.798325642558973,-9.26120961950184E-16));
#5411=DIRECTION('',(0.0167243524398176,-0.0357464860757349,0.999220938916267));
#5412=DIRECTION('center_axis',(0.,0.,1.));
#5413=DIRECTION('ref_axis',(-0.991227908035606,-0.132163664943719,0.));
#5414=DIRECTION('center_axis',(0.,0.,1.));
#5415=DIRECTION('ref_axis',(-0.991227908035606,-0.132163664943719,0.));
#5416=DIRECTION('',(-0.00651239234783728,0.0214441677102066,-0.999748836667052));
#5417=DIRECTION('center_axis',(0.0251203197609862,-0.0189497983785905,0.999504814734035));
#5418=DIRECTION('ref_axis',(0.602226011089527,0.798325642558973,-9.26120961950184E-16));
#5419=DIRECTION('',(-0.00651239234783728,0.0214441677102066,-0.999748836667052));
#5420=DIRECTION('center_axis',(0.,0.,1.));
#5421=DIRECTION('ref_axis',(-0.991227908035606,-0.132163664943719,0.));
#5422=DIRECTION('center_axis',(0.,0.,1.));
#5423=DIRECTION('ref_axis',(-0.991227908035606,-0.132163664943719,0.));
#5424=DIRECTION('',(0.0167243524398176,-0.0357464860757349,0.999220938916267));
#5425=DIRECTION('center_axis',(-0.00105092964838265,-0.000821323081897056,
-0.999999110487239));
#5426=DIRECTION('ref_axis',(-0.00173476595294827,-0.999998156507656,0.000823145416966153));
#5427=DIRECTION('center_axis',(0.89882209337637,-0.438306742376741,-0.00245846407531983));
#5428=DIRECTION('ref_axis',(-0.000433240650224997,-0.00649731784770291,
0.999978798356908));
#5429=DIRECTION('center_axis',(-0.991221406072061,-0.132162798015616,0.00362201121062682));
#5430=DIRECTION('ref_axis',(0.00365406457878249,0.,0.999993323883742));
#5431=DIRECTION('',(-0.132163664943721,0.991227908035606,0.));
#5432=DIRECTION('',(0.00365406457878249,0.,0.999993323883742));
#5433=DIRECTION('center_axis',(-0.991221406072061,-0.132162798015616,0.00362201121062682));
#5434=DIRECTION('ref_axis',(0.00365406457878249,0.,0.999993323883742));
#5435=DIRECTION('',(0.132163664943721,-0.991227908035606,0.));
#5436=DIRECTION('center_axis',(0.,1.,0.));
#5437=DIRECTION('ref_axis',(-0.0202328063944795,0.,0.999795295820801));
#5438=DIRECTION('',(0.,-1.,0.));
#5439=DIRECTION('center_axis',(0.,-1.,0.));
#5440=DIRECTION('ref_axis',(-0.0202328063944795,0.,0.999795295820801));
#5441=DIRECTION('center_axis',(-1.,0.,0.));
#5442=DIRECTION('ref_axis',(0.,0.,1.));
#5443=DIRECTION('',(0.,0.,-1.));
#5444=DIRECTION('',(0.,1.,0.));
#5445=DIRECTION('center_axis',(0.,1.,0.));
#5446=DIRECTION('ref_axis',(1.,0.,0.));
#5447=DIRECTION('',(0.,0.,1.));
#5448=DIRECTION('',(-0.351690162371572,0.,0.936116461606705));
#5449=DIRECTION('center_axis',(0.,1.,0.));
#5450=DIRECTION('ref_axis',(1.,0.,0.));
#5451=DIRECTION('',(0.,0.,1.));
#5452=DIRECTION('',(0.,0.,1.));
#5453=DIRECTION('',(-0.349995080121039,0.,-0.936751537971018));
#5454=DIRECTION('',(0.,0.,1.));
#5455=DIRECTION('center_axis',(0.,0.999969345482231,0.00782994864858729));
#5456=DIRECTION('ref_axis',(0.,-0.00782994864858729,0.999969345482231));
#5457=DIRECTION('',(0.,0.00782994864858729,-0.999969345482231));
#5458=DIRECTION('',(-0.349985665394634,0.00733474398092583,-0.936726339732694));
#5459=DIRECTION('',(0.3674402519922,0.00728222125685714,-0.930018618345609));
#5460=DIRECTION('',(5.06634248095746E-17,-0.00782994864858729,0.999969345482231));
#5461=DIRECTION('',(0.474115371753993,0.00689397794220774,-0.880435737197614));
#5462=DIRECTION('',(0.0187885597769867,0.00782856650159659,-0.999792830324381));
#5463=DIRECTION('',(1.,0.,0.));
#5464=DIRECTION('',(0.,0.00782994864858729,-0.999969345482231));
#5465=DIRECTION('center_axis',(-0.880456660148067,0.,-0.474126638780095));
#5466=DIRECTION('ref_axis',(0.474126638780095,0.,-0.880456660148067));
#5467=DIRECTION('',(0.,-1.,0.));
#5468=DIRECTION('',(-0.462023225413568,-0.224508229752847,0.857980532385023));
#5469=DIRECTION('center_axis',(0.,1.,0.));
#5470=DIRECTION('ref_axis',(1.,0.,0.));
#5471=DIRECTION('',(0.367449995195135,0.,-0.930043279117211));
#5472=DIRECTION('',(-0.349995080121039,0.,-0.936751537971018));
#5473=DIRECTION('',(0.367449995195135,0.,-0.930043279117212));
#5474=DIRECTION('',(0.351690162371573,0.,0.936116461606704));
#5475=DIRECTION('',(0.474126638780095,0.,-0.880456660148068));
#5476=DIRECTION('',(0.,0.,-1.));
#5477=DIRECTION('',(1.,0.,0.));
#5478=DIRECTION('',(-5.06649779200406E-17,0.,-1.));
#5479=DIRECTION('center_axis',(-0.930043279117211,0.,-0.367449995195135));
#5480=DIRECTION('ref_axis',(0.367449995195135,0.,-0.930043279117211));
#5481=DIRECTION('',(0.,1.,0.));
#5482=DIRECTION('',(0.,1.,0.));
#5483=DIRECTION('center_axis',(0.,0.999969345482231,0.00782994864858729));
#5484=DIRECTION('ref_axis',(0.,-0.00782994864858729,0.999969345482231));
#5485=DIRECTION('',(-0.00365395256669049,0.00782989637814459,-0.999962669979909));
#5486=DIRECTION('',(1.,0.,0.));
#5487=DIRECTION('',(-0.0187885594307991,0.00782856650164752,-0.999792830330886));
#5488=DIRECTION('',(-0.474115371753993,0.00689397794220775,-0.880435737197614));
#5489=DIRECTION('',(-0.351680714870641,-0.00732977161418109,0.936091314582161));
#5490=DIRECTION('',(0.,0.0078299486485873,-0.999969345482231));
#5491=DIRECTION('center_axis',(-0.936751537971018,0.,0.349995080121039));
#5492=DIRECTION('ref_axis',(0.349995080121039,0.,0.936751537971018));
#5493=DIRECTION('',(0.,-1.,0.));
#5494=DIRECTION('',(0.,1.,0.));
#5495=DIRECTION('',(0.,1.,0.));
#5496=DIRECTION('center_axis',(0.500000000002743,-0.866025403782855,0.));
#5497=DIRECTION('ref_axis',(0.,0.,1.));
#5498=DIRECTION('',(-0.866025403782855,-0.500000000002743,0.));
#5499=DIRECTION('',(0.,0.,-1.));
#5500=DIRECTION('',(0.866025403782855,0.500000000002743,0.));
#5501=DIRECTION('',(0.,0.,1.));
#5502=DIRECTION('center_axis',(-0.866025403784439,0.5,0.));
#5503=DIRECTION('ref_axis',(0.,0.,1.));
#5504=DIRECTION('',(0.5,0.866025403784439,0.));
#5505=DIRECTION('',(0.,0.,1.));
#5506=DIRECTION('',(0.5,0.866025403784439,0.));
#5507=DIRECTION('center_axis',(2.67542640644562E-16,1.,0.));
#5508=DIRECTION('ref_axis',(0.,0.,1.));
#5509=DIRECTION('',(1.,-2.67542640644562E-16,0.));
#5510=DIRECTION('',(0.,0.,1.));
#5511=DIRECTION('',(1.,-2.67542640644562E-16,0.));
#5512=DIRECTION('center_axis',(0.499999999998687,-0.866025403785197,0.));
#5513=DIRECTION('ref_axis',(0.,0.,-1.));
#5514=DIRECTION('',(-0.866025403785197,-0.499999999998687,0.));
#5515=DIRECTION('',(0.,0.,-1.));
#5516=DIRECTION('',(0.866025403785197,0.499999999998687,0.));
#5517=DIRECTION('center_axis',(-2.29607484941321E-16,-1.,0.));
#5518=DIRECTION('ref_axis',(-1.,2.29607484941321E-16,0.));
#5519=DIRECTION('',(-1.,2.29607484941321E-16,0.));
#5520=DIRECTION('',(0.,0.,-1.));
#5521=DIRECTION('',(0.,0.,-1.));
#5522=DIRECTION('',(-1.,2.29607484941321E-16,0.));
#5523=DIRECTION('',(0.,0.,1.));
#5524=DIRECTION('',(1.,0.,0.));
#5525=DIRECTION('',(0.,0.,1.));
#5526=DIRECTION('center_axis',(0.866025403784439,-0.5,0.));
#5527=DIRECTION('ref_axis',(-0.5,-0.866025403784439,0.));
#5528=DIRECTION('',(-0.5,-0.866025403784439,0.));
#5529=DIRECTION('center_axis',(0.,0.,-1.));
#5530=DIRECTION('ref_axis',(0.5,-0.866025403784439,0.));
#5531=DIRECTION('',(-1.,0.,0.));
#5532=DIRECTION('center_axis',(0.,0.,1.));
#5533=DIRECTION('ref_axis',(-1.,0.,0.));
#5534=DIRECTION('',(0.5,-0.866025403784439,0.));
#5535=DIRECTION('',(1.,-2.21030193837191E-16,0.));
#5536=DIRECTION('',(1.,-2.21030193837191E-16,0.));
#5537=DIRECTION('',(0.5,0.866025403784439,0.));
#5538=DIRECTION('center_axis',(0.,0.,1.));
#5539=DIRECTION('ref_axis',(-1.,0.,0.));
#5540=DIRECTION('',(-1.,0.,0.));
#5541=DIRECTION('',(0.499999999999999,-0.866025403784439,0.));
#5542=DIRECTION('',(0.5,-0.866025403784439,0.));
#5543=DIRECTION('',(-0.873731191802186,-0.486409091683052,0.));
#5544=DIRECTION('',(0.5,0.866025403784439,0.));
#5545=DIRECTION('center_axis',(-0.866025403784438,-0.5,0.));
#5546=DIRECTION('ref_axis',(0.,0.,1.));
#5547=DIRECTION('',(0.5,-0.866025403784438,0.));
#5548=DIRECTION('',(0.,0.,1.));
#5549=DIRECTION('center_axis',(-0.486409091683052,0.873731191802186,0.));
#5550=DIRECTION('ref_axis',(0.,0.,-1.));
#5551=DIRECTION('',(-0.873731191802186,-0.486409091683052,0.));
#5552=DIRECTION('',(0.,0.,-1.));
#5553=DIRECTION('center_axis',(-0.866025403784439,0.5,0.));
#5554=DIRECTION('ref_axis',(0.,0.,1.));
#5555=DIRECTION('',(0.,0.,1.));
#5556=DIRECTION('',(-0.5,-0.866025403784439,0.));
#5557=DIRECTION('center_axis',(0.438305102821803,0.898825455573599,-0.00119885498724943));
#5558=DIRECTION('ref_axis',(0.,0.00133380058766581,0.999999110487601));
#5559=DIRECTION('',(1.01838721707472E-16,-0.00133380058766585,-0.999999110487601));
#5560=DIRECTION('',(-0.462059573027213,0.224175219177158,-0.858048030171262));
#5561=DIRECTION('',(0.898826101494213,-0.438305417799866,0.));
#5562=DIRECTION('',(-0.0447907266151652,0.0205096601797997,-0.998785835226248));
#5563=DIRECTION('',(-0.898826188176795,0.438305194980858,-0.000198746984889698));
#5564=DIRECTION('',(-0.0774017435285175,0.0390731249148842,0.996234039273971));
#5565=DIRECTION('',(0.00273519631655413,-2.25600788050784E-14,0.999996259343559));
#5566=DIRECTION('',(-0.898826232415907,0.438305001485344,-0.000359991609254916));
#5567=DIRECTION('center_axis',(-0.000346825519702535,-0.00116467407601326,
-0.999999261622905));
#5568=DIRECTION('ref_axis',(0.898826188176795,-0.438305194980858,0.000198746984889698));
#5569=DIRECTION('',(-0.438305102821802,-0.8988254555736,0.0011988549872545));
#5570=DIRECTION('',(0.43146506027383,0.902128849428194,-0.00120033006421187));
#5571=DIRECTION('',(0.275936526829887,-0.96117531443903,0.00102375489782551));
#5572=DIRECTION('',(0.438305102821803,0.898825455573599,-0.00119885498724888));
#5573=DIRECTION('',(-0.898826188176795,0.438305194980859,-0.000198746984889698));
#5574=DIRECTION('center_axis',(-0.898778562257455,0.429747364922482,-0.0866850527403938));
#5575=DIRECTION('ref_axis',(-0.0396412763232882,0.117254360354716,0.992310427330716));
#5576=DIRECTION('',(0.0396412763232882,-0.117254360354716,-0.992310427330716));
#5577=DIRECTION('center_axis',(-0.960513460777394,-0.275706671560664,0.0374128710790027));
#5578=DIRECTION('ref_axis',(0.0389213935630607,0.,0.999242275488337));
#5579=DIRECTION('',(-0.275899830835451,0.961186393653681,0.));
#5580=DIRECTION('',(-0.0422112485200788,0.0114883629754222,-0.999042655753257));
#5581=DIRECTION('',(0.275899830835449,-0.961186393653682,0.));
#5582=DIRECTION('',(0.0247217969936011,0.0493647492443901,0.998474814046627));
#5583=DIRECTION('',(-0.0602207593551864,0.0747267938346775,-0.99538402962167));
#5584=DIRECTION('center_axis',(-0.447079292491349,-0.89415860496869,-0.0245050073634357));
#5585=DIRECTION('ref_axis',(0.,0.0273953747321593,-0.999624676287698));
#5586=DIRECTION('',(-0.894427194998315,0.447213587503159,0.));
#5587=DIRECTION('center_axis',(-0.446750909044156,0.89350185803095,0.04547587232214));
#5588=DIRECTION('ref_axis',(0.,-0.0508304321528155,0.998707298044406));
#5589=DIRECTION('',(0.0527940264856946,-0.0244130445891742,0.998306963824912));
#5590=DIRECTION('',(0.023466119825464,-0.0391101999974576,0.998959325236266));
#5591=DIRECTION('',(-0.894427198996717,-0.447213579506356,0.));
#5592=DIRECTION('',(-0.00782132134687195,0.0469279333148837,-0.998867656903147));
#5593=DIRECTION('center_axis',(0.895375655331964,-0.436738819420154,-0.0869576877012457));
#5594=DIRECTION('ref_axis',(-0.438305102821803,-0.898825455573599,0.00119885498724888));
#5595=DIRECTION('',(-0.438305102821803,-0.898825455573599,0.00119885498724888));
#5596=DIRECTION('',(-0.0786833697754858,0.0370405726791852,-0.996211284465485));
#5597=DIRECTION('center_axis',(-0.438305102821803,-0.898825455573599,0.00119885498724837));
#5598=DIRECTION('ref_axis',(-0.00105092964838257,-0.000821323081896529,
-0.999999110487239));
#5599=DIRECTION('',(-0.00105092964838257,-0.000821323081896529,-0.999999110487239));
#5600=DIRECTION('',(0.00105092964838257,0.000821323081896529,0.999999110487239));
#5601=DIRECTION('',(-0.838221768688313,0.409232943197032,0.360433994927408));
#5602=DIRECTION('center_axis',(-0.895436111003511,0.436535803351845,-0.0873536690864624));
#5603=DIRECTION('ref_axis',(0.438305102821802,0.8988254555736,-0.0011988549872545));
#5604=DIRECTION('',(0.438305102821802,0.8988254555736,-0.0011988549872545));
#5605=DIRECTION('center_axis',(-0.898822093376369,0.438306742376742,0.00245846407531989));
#5606=DIRECTION('ref_axis',(-0.00273519631655413,2.25603921151631E-14,-0.999996259343559));
#5607=DIRECTION('',(0.00218458457158421,-0.0011291265136799,0.999996976327212));
#5608=DIRECTION('',(0.00105092373444066,-0.00345387017023193,0.999993483148841));
#5609=DIRECTION('',(0.438306316239399,0.898825360216565,-0.000738225040922108));
#5610=DIRECTION('',(0.438306316239399,0.898825360216565,-0.000738225040922108));
#5611=DIRECTION('',(0.438306316239399,0.898825360216565,-0.000738225040922108));
#5612=DIRECTION('center_axis',(-4.5544108317596E-10,-0.00133380105554981,
-0.999999110486977));
#5613=DIRECTION('ref_axis',(0.438305105792477,-0.898825454124681,0.00119885520624171));
#5614=DIRECTION('',(-0.898826253642074,-0.438304715913831,0.000584612222120917));
#5615=DIRECTION('',(0.438305105792478,-0.898825454124681,0.00119885520624171));
#5616=DIRECTION('',(0.275945658403324,0.961172383107446,-0.00128201400519919));
#5617=DIRECTION('',(0.898826253642074,0.438304715913832,-0.000584612222120918));
#5618=DIRECTION('',(-0.431465062747149,0.902128844340371,-0.00120326127863278));
#5619=DIRECTION('center_axis',(0.960513483603116,-0.275706591728898,0.0374128733705644));
#5620=DIRECTION('ref_axis',(0.0389213950198789,0.,-0.999242275431592));
#5621=DIRECTION('',(0.0600643098056658,0.0741748850814578,-0.995434761855704));
#5622=DIRECTION('',(-0.0242387545256649,0.051037797305879,0.998402537068696));
#5623=DIRECTION('',(0.27589975097144,0.961186416577917,0.));
#5624=DIRECTION('',(0.042211248898172,0.011488362812066,-0.999042655739161));
#5625=DIRECTION('',(-0.27589975097144,-0.961186416577917,0.));
#5626=DIRECTION('',(0.0447907261465758,0.0205096598890108,-0.998785835253234));
#5627=DIRECTION('center_axis',(-0.895405948423594,-0.436753082563642,-0.0865732776253735));
#5628=DIRECTION('ref_axis',(-0.438305105792478,0.898825454124681,-0.00119885520624171));
#5629=DIRECTION('',(0.0783378692835623,0.0368720475254228,-0.996244764276026));
#5630=DIRECTION('',(0.438305105792478,-0.898825454124681,0.00119885520624171));
#5631=DIRECTION('center_axis',(-0.438305105792477,0.898825454124681,-0.00119885520624183));
#5632=DIRECTION('ref_axis',(0.,0.00133380083345811,0.999999110487273));
#5633=DIRECTION('',(0.89882610004553,0.438305420770657,0.));
#5634=DIRECTION('',(-0.462735232441225,-0.224505301728839,0.857597501251729));
#5635=DIRECTION('',(0.,0.00133380083345811,0.999999110487273));
#5636=DIRECTION('',(0.898819003076093,0.438306537628846,0.00343202288897984));
#5637=DIRECTION('',(5.06649328528979E-17,0.00133380083345814,0.999999110487273));
#5638=DIRECTION('',(-0.898826253642074,-0.438304715914378,0.000584611812757928));
#5639=DIRECTION('',(-4.55442591951703E-10,-0.00133380105555069,-0.999999110486977));
#5640=DIRECTION('',(0.0777472752508548,0.0392415765621299,0.996200511874987));
#5641=DIRECTION('center_axis',(0.898748628371685,0.429732258835871,-0.0870694476601025));
#5642=DIRECTION('ref_axis',(-0.0399854831222281,-0.117422165745818,-0.992276773955253));
#5643=DIRECTION('center_axis',(0.038978399441282,-0.076625088321109,0.996297786917535));
#5644=DIRECTION('ref_axis',(-0.894420502245457,-0.447226574944022,0.000596512215691491));
#5645=DIRECTION('',(0.893693249206617,-0.443331693528045,-0.069060740193515));
#5646=DIRECTION('center_axis',(0.446750925016797,0.893501850033594,0.0454758725389886));
#5647=DIRECTION('ref_axis',(0.,-0.0508304328483569,0.998707298009006));
#5648=DIRECTION('center_axis',(0.438305105792477,-0.898825454124682,0.00119885520624238));
#5649=DIRECTION('ref_axis',(4.5544235049988E-10,0.00133380105555118,0.999999110486977));
#5650=DIRECTION('',(0.838221943337019,0.409233031205951,0.360433488841284));
#5651=DIRECTION('',(4.5544235049988E-10,0.00133380105555118,0.999999110486977));
#5652=DIRECTION('',(4.55442350174619E-10,0.00133380105555118,0.999999110486976));
#5653=DIRECTION('center_axis',(0.,-0.00133380251671942,0.999999110485028));
#5654=DIRECTION('ref_axis',(-1.,0.,0.));
#5655=DIRECTION('',(0.,0.999999110485028,0.00133380251671942));
#5656=DIRECTION('',(6.75770750592838E-20,0.999999110485028,0.00133380251671942));
#5657=DIRECTION('',(0.642787274158413,-0.766044043252128,-0.00102175238167165));
#5658=DIRECTION('',(-1.,0.,0.));
#5659=DIRECTION('',(0.642787274158393,0.766044043252145,0.00102175238167167));
#5660=DIRECTION('center_axis',(-1.,0.,0.));
#5661=DIRECTION('ref_axis',(0.,-1.,-2.55351295663786E-14));
#5662=DIRECTION('center_axis',(1.6204890328025E-15,-0.00133380105555093,
-0.999999110486977));
#5663=DIRECTION('ref_axis',(1.,6.07469959047082E-13,8.10245680934104E-16));
#5664=DIRECTION('',(0.438305105792478,-0.898825454124415,0.00119885540586543));
#5665=DIRECTION('',(6.07458213457109E-13,-0.999999110486977,0.00133380105555093));
#5666=DIRECTION('center_axis',(1.62048903280252E-15,-0.00133380105555097,
-0.999999110486977));
#5667=DIRECTION('ref_axis',(-1.,-6.07469959047082E-13,-8.10245680934104E-16));
#5668=DIRECTION('',(-6.07450597759193E-13,0.999999110486977,-0.00133380105555097));
#5669=DIRECTION('',(0.438305105792478,-0.898825454124415,0.00119885540586543));
#5670=DIRECTION('center_axis',(1.62048903280252E-15,-0.00133380105555097,
-0.999999110486977));
#5671=DIRECTION('ref_axis',(-1.,-6.07469959047082E-13,-8.10245680934104E-16));
#5672=DIRECTION('',(6.07458213457109E-13,-0.999999110486977,0.00133380105555097));
#5673=DIRECTION('',(0.438305105792478,-0.898825454124415,0.00119885540586543));
#5674=DIRECTION('center_axis',(1.,-1.96448055268198E-17,-4.55442916332309E-10));
#5675=DIRECTION('ref_axis',(-4.55442511236106E-10,-0.00133380105555051,
-0.999999110486977));
#5676=DIRECTION('',(4.5544267775807E-10,0.00133380105555051,0.999999110486977));
#5677=DIRECTION('center_axis',(0.89882564070416,-0.438305972856071,-0.000584612222122652));
#5678=DIRECTION('ref_axis',(0.001050929648383,0.000821323081897486,0.999999110487239));
#5679=DIRECTION('center_axis',(-0.898826253642074,-0.438304715913832,0.000584612222121811));
#5680=DIRECTION('ref_axis',(-4.55441835277271E-10,-0.00133380105555031,
-0.999999110486976));
#5681=DIRECTION('',(-0.658504607868518,0.752576694706878,0.));
#5682=DIRECTION('',(0.154723942627847,-0.001393041597887,-0.987956760699982));
#5683=DIRECTION('',(0.49280814158577,0.751715324885038,-0.438251304527163));
#5684=DIRECTION('',(0.49280814158577,0.751715324885038,-0.438251304527163));
#5685=DIRECTION('center_axis',(0.898826253642073,0.438304715913832,-0.000584612222122656));
#5686=DIRECTION('ref_axis',(-0.438305105792478,0.898825454124681,-0.00119885520624171));
#5687=DIRECTION('',(4.5544235049988E-10,0.00133380105555118,0.999999110486977));
#5688=DIRECTION('center_axis',(-0.996194698091746,0.,-0.0871557427476582));
#5689=DIRECTION('ref_axis',(0.,1.,0.));
#5690=DIRECTION('',(0.0868265938642476,0.086826593864248,-0.992432509138967));
#5691=DIRECTION('',(0.0868265938642476,-0.086826593864248,-0.992432509138967));
#5692=DIRECTION('center_axis',(0.,-0.996194698091746,-0.0871557427476586));
#5693=DIRECTION('ref_axis',(-1.,0.,0.));
#5694=DIRECTION('',(0.0868265938642476,0.086826593864248,-0.992432509138967));
#5695=DIRECTION('center_axis',(-0.866025403784439,-0.5,0.));
#5696=DIRECTION('ref_axis',(-0.5,0.866025403784439,0.));
#5697=DIRECTION('',(-0.5,0.866025403784439,0.));
#5698=DIRECTION('',(-0.658504607868518,0.752576694706878,0.));
#5699=DIRECTION('',(0.555546081010102,-0.00656238670333567,-0.83145985288231));
#5700=DIRECTION('center_axis',(0.,0.996194698091746,-0.0871557427476586));
#5701=DIRECTION('ref_axis',(1.,0.,0.));
#5702=DIRECTION('',(-0.0868265938642476,-0.086826593864248,-0.992432509138967));
#5703=DIRECTION('',(-0.0868265938642475,-0.086826593864248,-0.992432509138967));
#5704=DIRECTION('',(0.289773984285922,0.886530329325808,-0.360686863105016));
#5705=DIRECTION('',(-0.658504607868518,0.752576694706878,0.));
#5706=DIRECTION('',(-0.658504607868518,0.752576694706878,0.));
#5707=DIRECTION('',(-0.658504607868518,0.752576694706878,0.));
#5708=DIRECTION('',(-0.658504607868518,0.752576694706878,0.));
#5709=DIRECTION('',(0.00173872149595797,0.332559937960688,-0.943080518572588));
#5710=DIRECTION('center_axis',(0.,-0.996194698091746,-0.0871557427476586));
#5711=DIRECTION('ref_axis',(-1.,0.,0.));
#5712=DIRECTION('',(0.0868265938642476,0.086826593864248,-0.992432509138967));
#5713=DIRECTION('',(-0.0868265938642476,0.086826593864248,-0.992432509138967));
#5714=DIRECTION('center_axis',(0.447226972758782,-0.894419706647044,0.00119297880631568));
#5715=DIRECTION('ref_axis',(0.894420502245457,0.447226574944022,-0.000596512215692953));
#5716=DIRECTION('',(-0.894420502245457,-0.447226574944022,0.000596512215692953));
#5717=DIRECTION('',(4.5544235049988E-10,0.00133380105555118,0.999999110486977));
#5718=DIRECTION('',(0.49280814158577,0.751715324885038,-0.438251304527163));
#5719=DIRECTION('',(0.466135730084954,0.695217392845714,-0.547165658482854));
#5720=DIRECTION('',(0.466135730084954,0.695217392845714,-0.547165658482854));
#5721=DIRECTION('',(0.0849761098808148,0.650696603200379,-0.754568082636028));
#5722=DIRECTION('center_axis',(0.999999999999628,8.63152777709339E-7,-7.08927045318377E-10));
#5723=DIRECTION('ref_axis',(-1.01838777945605E-16,0.00082132262833901,0.999999662714513));
#5724=DIRECTION('',(8.63151064354582E-7,-0.999999110485544,-0.00133380185011066));
#5725=DIRECTION('',(-1.01838777945605E-16,0.00082132262833901,0.999999662714513));
#5726=DIRECTION('',(8.36425209803622E-20,0.999999662714513,-0.000821322628337405));
#5727=DIRECTION('',(-8.63153068838258E-7,0.999999662714141,-0.000821322628338704));
#5728=DIRECTION('',(8.63153068838258E-7,-0.999999662714141,0.000821322628339747));
#5729=DIRECTION('',(-0.494910728487939,0.750166377441417,-0.438535947196987));
#5730=DIRECTION('',(-0.467810275355474,0.693886772672475,-0.547425513638169));
#5731=DIRECTION('',(-0.467810275355474,0.693886772672475,-0.547425513638169));
#5732=DIRECTION('',(-0.658504607868518,-0.752576694706878,0.));
#5733=DIRECTION('',(-0.0855937247685357,0.65027860339962,-0.75485856439527));
#5734=DIRECTION('center_axis',(-0.999999447772912,-2.251103347985E-16,0.00105093000284652));
#5735=DIRECTION('ref_axis',(0.00105092964838269,0.000821323081896776,0.999999110487239));
#5736=DIRECTION('',(-8.63153069019518E-7,0.999999662714141,-0.000821322628338704));
#5737=DIRECTION('',(0.00105092964838257,0.000821323081896529,0.999999110487239));
#5738=DIRECTION('center_axis',(1.86020560827717E-9,-0.000821322628338447,
-0.999999662714513));
#5739=DIRECTION('ref_axis',(0.999999999999628,8.63154305521217E-7,1.15127783371345E-9));
#5740=DIRECTION('center_axis',(1.86020560827627E-9,-0.000821322628337405,
-0.999999662714513));
#5741=DIRECTION('ref_axis',(-0.999999999999628,-8.63154305521217E-7,-1.15127783371345E-9));
#5742=DIRECTION('center_axis',(1.86020560827627E-9,-0.000821322628337405,
-0.999999662714513));
#5743=DIRECTION('ref_axis',(-0.999999999999628,-8.63154305521217E-7,-1.15127783371345E-9));
#5744=DIRECTION('',(-0.168677897085082,-0.0177747905287411,-0.985510945579304));
#5745=DIRECTION('',(-0.658504607868518,-0.752576694706878,0.));
#5746=DIRECTION('center_axis',(-0.447079292491349,-0.89415860496869,-0.0245050073634357));
#5747=DIRECTION('ref_axis',(0.,0.0273953747321593,-0.999624676287698));
#5748=DIRECTION('',(-0.894433326220522,0.447200958151519,0.000572690541265884));
#5749=DIRECTION('',(0.894427194998315,-0.447213587503159,0.));
#5750=DIRECTION('',(-0.494910728487939,0.750166377441417,-0.438535947196987));
#5751=DIRECTION('',(-0.658504607868518,-0.752576694706878,0.));
#5752=DIRECTION('',(-0.658504607868518,-0.752576694706878,0.));
#5753=DIRECTION('',(0.0425885458694114,0.710259265964554,-0.702650689085424));
#5754=DIRECTION('',(0.236734508907318,0.614203037792707,-0.752802364939578));
#5755=DIRECTION('',(-0.658504607868518,-0.752576694706878,0.));
#5756=DIRECTION('',(-0.658504607868518,-0.752576694706878,0.));
#5757=DIRECTION('center_axis',(-0.4472000899966,-0.894433132468134,0.00120459548174893));
#5758=DIRECTION('ref_axis',(0.894433326220522,-0.447200958151519,-0.000572690541265884));
#5759=DIRECTION('center_axis',(0.880456660148067,0.,0.474126638780095));
#5760=DIRECTION('ref_axis',(0.474126638780095,0.,-0.880456660148067));
#5761=DIRECTION('',(-0.462023225413568,-0.224508229752847,0.857980532385022));
#5762=DIRECTION('',(-3.96692014620446E-19,-1.,7.36659992779104E-19));
#5763=DIRECTION('',(-0.474115371753993,-0.00689397794220239,0.880435737197614));
#5764=DIRECTION('center_axis',(0.,-0.999969345482231,-0.00782994864858122));
#5765=DIRECTION('ref_axis',(-1.,0.,0.));
#5766=DIRECTION('',(0.,0.00782994864858122,-0.999969345482231));
#5767=DIRECTION('',(1.,0.,0.));
#5768=DIRECTION('center_axis',(0.103254493321324,-0.974465796388808,-0.199386361813649));
#5769=DIRECTION('ref_axis',(0.462735232441225,0.224505301728839,-0.857597501251729));
#5770=DIRECTION('',(1.,0.,0.));
#5771=DIRECTION('center_axis',(0.,-0.999999110487273,0.00133380083345811));
#5772=DIRECTION('ref_axis',(0.,-0.00133380083345811,-0.999999110487273));
#5773=DIRECTION('',(0.880454416970772,0.000632396062014528,0.474130382607864));
#5774=DIRECTION('',(5.06649328528979E-17,0.00133380083345811,0.999999110487273));
#5775=DIRECTION('',(1.,0.,0.));
#5776=DIRECTION('center_axis',(0.,-0.00782994864858557,0.999969345482231));
#5777=DIRECTION('ref_axis',(0.,-0.999969345482231,-0.00782994864858557));
#5778=DIRECTION('',(3.96704175395639E-19,0.999969345482231,0.00782994864858557));
#5779=DIRECTION('center_axis',(-0.706576334094843,0.706576249864386,0.0387283775114945));
#5780=DIRECTION('ref_axis',(0.0547291650616669,0.,0.998501236099211));
#5781=DIRECTION('',(-0.707106739039698,-0.707106823333394,0.));
#5782=DIRECTION('',(-4.09588896284026E-10,0.0547291711579881,-0.998501235765064));
#5783=DIRECTION('',(-0.658504607868518,-0.752576694706878,0.));
#5784=DIRECTION('',(2.11213737685445E-8,0.705494199077736,-0.708715694102835));
#5785=DIRECTION('',(-0.658504607868518,-0.752576694706878,0.));
#5786=DIRECTION('',(-0.552955521745517,-0.00228091761193133,-0.833207650220514));
#5787=DIRECTION('',(-0.658504607868518,-0.752576694706878,0.));
#5788=DIRECTION('',(-0.658504607868518,-0.752576694706878,0.));
#5789=DIRECTION('',(0.274964181395918,-0.96145447055452,0.));
#5790=DIRECTION('',(-0.658504607868518,0.752576694706878,0.));
#5791=DIRECTION('',(0.27496416298909,0.961454475818647,0.));
#5792=DIRECTION('',(0.894427200596078,0.447213576307634,0.));
#5793=DIRECTION('',(-0.236734501806193,0.614203034745228,-0.75280236965908));
#5794=DIRECTION('',(-0.0425885446948199,0.710259252826308,-0.70265070243713));
#5795=DIRECTION('',(-0.707106823333394,0.707106739039698,0.));
#5796=DIRECTION('',(-0.288554987605016,0.886871402333405,-0.360825629427082));
#5797=DIRECTION('center_axis',(0.706576249753913,0.70657633398437,0.0387283815425415));
#5798=DIRECTION('ref_axis',(0.0547291772543101,0.,-0.998501235430916));
#5799=DIRECTION('center_axis',(0.447079281295601,-0.894158610557603,-0.0245050076903813));
#5800=DIRECTION('ref_axis',(0.,0.0273953749262884,-0.999624676282378));
#5801=DIRECTION('center_axis',(0.960780561651425,-0.274771431820244,0.0374349116230493));
#5802=DIRECTION('ref_axis',(0.0389334777814396,0.,-0.999241804723883));
#5803=DIRECTION('',(-0.27496416298909,-0.961454475818647,0.));
#5804=DIRECTION('center_axis',(-0.960780556421303,-0.27477145022284,0.0374349107813798));
#5805=DIRECTION('ref_axis',(0.0389334771190217,0.,0.999241804749693));
#5806=DIRECTION('',(-0.274964181395916,0.961454470554521,0.));
#5807=DIRECTION('',(-0.569681252215634,0.15592790294997,-0.806938510641085));
#5808=DIRECTION('center_axis',(0.,0.,1.));
#5809=DIRECTION('ref_axis',(1.,0.,0.));
#5810=DIRECTION('',(-0.580565545966555,0.265841062587811,-0.769592214278925));
#5811=DIRECTION('center_axis',(0.,0.,1.));
#5812=DIRECTION('ref_axis',(1.,0.,0.));
#5813=DIRECTION('',(1.,0.,0.));
#5814=DIRECTION('',(-0.0557716051485617,0.105688217235034,-0.99283408926005));
#5815=DIRECTION('center_axis',(0.,0.,1.));
#5816=DIRECTION('ref_axis',(1.,0.,0.));
#5817=DIRECTION('',(-0.28649996575085,0.105367313945013,-0.952268606421935));
#5818=DIRECTION('',(0.0557716208473617,0.105688184629616,-0.992834091849063));
#5819=DIRECTION('',(1.,0.,0.));
#5820=DIRECTION('',(0.286499990597786,0.105367280977318,-0.952268602594308));
#5821=DIRECTION('center_axis',(0.,0.,1.));
#5822=DIRECTION('ref_axis',(1.,0.,0.));
#5823=DIRECTION('',(0.580565548979298,0.265841036227809,-0.769592221111734));
#5824=DIRECTION('center_axis',(0.,0.,1.));
#5825=DIRECTION('ref_axis',(1.,0.,0.));
#5826=DIRECTION('',(0.569681254622538,0.155927886880095,-0.806938512047107));
#5827=DIRECTION('center_axis',(0.,0.,1.));
#5828=DIRECTION('ref_axis',(1.,0.,0.));
#5829=DIRECTION('center_axis',(0.,0.,1.));
#5830=DIRECTION('ref_axis',(1.,0.,0.));
#5831=DIRECTION('center_axis',(0.,0.,-1.));
#5832=DIRECTION('ref_axis',(1.,0.,0.));
#5833=DIRECTION('',(1.,0.,0.));
#5834=DIRECTION('',(0.,1.,0.));
#5835=DIRECTION('',(1.,0.,0.));
#5836=DIRECTION('',(0.,1.,0.));
#5837=DIRECTION('center_axis',(0.,1.,0.));
#5838=DIRECTION('ref_axis',(1.,0.,0.));
#5839=DIRECTION('',(-5.06649779200406E-17,0.,-1.));
#5840=DIRECTION('',(1.,0.,0.));
#5841=DIRECTION('',(1.00457165868002E-16,0.,-1.));
#5842=DIRECTION('',(0.999999999999981,0.,1.95654261889575E-7));
#5843=DIRECTION('center_axis',(0.,0.,-1.));
#5844=DIRECTION('ref_axis',(1.,0.,0.));
#5845=DIRECTION('',(0.,-1.,0.));
#5846=DIRECTION('',(0.,-1.,0.));
#5847=DIRECTION('center_axis',(0.,-1.,0.));
#5848=DIRECTION('ref_axis',(0.,0.,-1.));
#5849=DIRECTION('',(-1.01838812294359E-16,0.,1.));
#5850=DIRECTION('',(0.999999999999981,0.,1.95654225960226E-7));
#5851=DIRECTION('',(0.,0.,1.));
#5852=DIRECTION('center_axis',(0.,1.,0.));
#5853=DIRECTION('ref_axis',(1.,0.,0.));
#5854=DIRECTION('',(-0.351690162371572,0.,0.936116461606705));
#5855=DIRECTION('',(0.474126638780096,0.,0.880456660148067));
#5856=DIRECTION('',(-1.01838812294359E-16,0.,1.));
#5857=DIRECTION('',(0.,-2.51236217486975E-16,1.));
#5858=DIRECTION('',(0.474126638780095,0.,0.880456660148067));
#5859=DIRECTION('center_axis',(0.00257780856913789,-0.999973136863228,-0.00686151986785248));
#5860=DIRECTION('ref_axis',(0.351680714870639,0.0073297716141811,-0.936091314582162));
#5861=DIRECTION('',(0.999996677289536,0.00257786925348072,0.));
#5862=DIRECTION('',(0.351680714870645,0.0073297716141811,-0.93609131458216));
#5863=DIRECTION('',(0.99999667672877,0.00257800775495508,-2.0184915585595E-5));
#5864=DIRECTION('',(0.,-0.00686154266569871,0.999976459339042));
#5865=DIRECTION('',(-0.999996677289536,-0.00257786925348183,1.61860684356676E-13));
#5866=DIRECTION('center_axis',(1.,0.,0.));
#5867=DIRECTION('ref_axis',(0.,0.,-1.));
#5868=DIRECTION('',(0.,1.,0.));
#5869=DIRECTION('center_axis',(0.,0.,1.));
#5870=DIRECTION('ref_axis',(1.,0.,0.));
#5871=DIRECTION('center_axis',(0.,0.,1.));
#5872=DIRECTION('ref_axis',(1.,0.,0.));
#5873=DIRECTION('center_axis',(0.,0.,1.));
#5874=DIRECTION('ref_axis',(1.,0.,0.));
#5875=DIRECTION('center_axis',(0.,0.,1.));
#5876=DIRECTION('ref_axis',(1.,0.,0.));
#5877=DIRECTION('center_axis',(0.,0.,1.));
#5878=DIRECTION('ref_axis',(1.,0.,0.));
#5879=DIRECTION('center_axis',(0.,0.,1.));
#5880=DIRECTION('ref_axis',(1.,0.,0.));
#5881=DIRECTION('center_axis',(0.,0.,1.));
#5882=DIRECTION('ref_axis',(1.,0.,0.));
#5883=DIRECTION('center_axis',(0.,0.,1.));
#5884=DIRECTION('ref_axis',(1.,0.,0.));
#5885=DIRECTION('center_axis',(0.,0.,1.));
#5886=DIRECTION('ref_axis',(1.,0.,0.));
#5887=DIRECTION('center_axis',(0.,0.,1.));
#5888=DIRECTION('ref_axis',(1.,0.,0.));
#5889=DIRECTION('center_axis',(0.,0.,1.));
#5890=DIRECTION('ref_axis',(1.,0.,0.));
#5891=DIRECTION('center_axis',(0.,0.,1.));
#5892=DIRECTION('ref_axis',(1.,0.,0.));
#5893=DIRECTION('center_axis',(0.996194698091746,0.,-0.0871557427476586));
#5894=DIRECTION('ref_axis',(0.,-1.,0.));
#5895=DIRECTION('center_axis',(0.,0.,1.));
#5896=DIRECTION('ref_axis',(0.333333330021963,-0.94280904275281,0.));
#5897=DIRECTION('center_axis',(0.996194698091746,0.,-0.0871557427476586));
#5898=DIRECTION('ref_axis',(0.,-1.,0.));
#5899=DIRECTION('',(-0.086826593864248,0.086826593864248,-0.992432509138967));
#5900=DIRECTION('center_axis',(0.,-0.996194698091746,-0.0871557427476586));
#5901=DIRECTION('ref_axis',(-1.,0.,0.));
#5902=DIRECTION('',(0.086826593864248,0.086826593864248,-0.992432509138967));
#5903=DIRECTION('center_axis',(-0.996194698091746,0.,-0.0871557427476586));
#5904=DIRECTION('ref_axis',(0.,1.,0.));
#5905=DIRECTION('',(0.086826593864248,0.086826593864248,-0.992432509138967));
#5906=DIRECTION('center_axis',(0.,-0.996194698091746,-0.0871557427476586));
#5907=DIRECTION('ref_axis',(-1.,0.,0.));
#5908=DIRECTION('',(0.086826593864248,0.086826593864248,-0.992432509138967));
#5909=DIRECTION('center_axis',(-0.996194698091746,0.,-0.0871557427476586));
#5910=DIRECTION('ref_axis',(0.,1.,0.));
#5911=DIRECTION('',(0.086826593864248,-0.086826593864248,-0.992432509138967));
#5912=DIRECTION('center_axis',(0.,0.996194698091746,-0.0871557427476586));
#5913=DIRECTION('ref_axis',(1.,0.,0.));
#5914=DIRECTION('center_axis',(0.,0.996194698091746,-0.0871557427476586));
#5915=DIRECTION('ref_axis',(1.,0.,0.));
#5916=DIRECTION('center_axis',(0.,0.,1.));
#5917=DIRECTION('ref_axis',(-0.333333323399224,0.942809045094301,0.));
#5918=DIRECTION('center_axis',(0.996194698091746,0.,-0.0871557427476581));
#5919=DIRECTION('ref_axis',(0.,-1.,0.));
#5920=DIRECTION('center_axis',(0.,0.,1.));
#5921=DIRECTION('ref_axis',(0.333333330021963,-0.94280904275281,0.));
#5922=DIRECTION('center_axis',(0.996194698091746,0.,-0.0871557427476582));
#5923=DIRECTION('ref_axis',(0.,-1.,0.));
#5924=DIRECTION('center_axis',(-0.996194698091746,0.,-0.0871557427476582));
#5925=DIRECTION('ref_axis',(0.,1.,0.));
#5926=DIRECTION('center_axis',(-0.996194698091746,0.,-0.0871557427476582));
#5927=DIRECTION('ref_axis',(0.,1.,0.));
#5928=DIRECTION('center_axis',(0.996194698091746,0.,-0.0871557427476582));
#5929=DIRECTION('ref_axis',(0.,-1.,0.));
#5930=DIRECTION('center_axis',(0.,0.642787609686539,-0.766044443118978));
#5931=DIRECTION('ref_axis',(1.,0.,0.));
#5932=DIRECTION('',(1.,0.,0.));
#5933=DIRECTION('',(0.540716203060937,-0.644400477571772,-0.540716203060937));
#5934=DIRECTION('',(0.540716203060937,0.644400477571772,0.540716203060937));
#5935=DIRECTION('center_axis',(0.766044443118978,0.642787609686539,0.));
#5936=DIRECTION('ref_axis',(0.,0.,1.));
#5937=DIRECTION('',(0.,0.,-1.));
#5938=DIRECTION('',(0.642787049333849,-0.766043775316646,0.00132041936664147));
#5939=DIRECTION('center_axis',(0.766037978072316,0.642787609686542,0.00314721850858176));
#5940=DIRECTION('ref_axis',(-0.0041084019822241,0.,0.999991560480964));
#5941=DIRECTION('',(0.642792920921579,-0.766039305028882,-0.00102174555116244));
#5942=DIRECTION('',(0.0041084019822241,0.,-0.999991560480964));
#5943=DIRECTION('center_axis',(-0.766044443118978,0.642787609686539,0.));
#5944=DIRECTION('ref_axis',(0.,0.,-1.));
#5945=DIRECTION('',(0.,0.,1.));
#5946=DIRECTION('',(0.642787274158748,0.766044043252528,0.00102175187101953));
#5947=DIRECTION('center_axis',(0.,0.642787609686539,-0.766044443118978));
#5948=DIRECTION('ref_axis',(1.,0.,0.));
#5949=DIRECTION('',(0.540716203060916,0.644400477571782,0.540716203060945));
#5950=DIRECTION('',(1.,0.,0.));
#5951=DIRECTION('',(0.540716203060937,-0.644400477571772,-0.540716203060936));
#5952=DIRECTION('center_axis',(0.766044443118978,0.642787609686539,1.36076826554193E-15));
#5953=DIRECTION('ref_axis',(-1.77635681293047E-15,0.,1.));
#5954=DIRECTION('',(1.77635681293047E-15,0.,-1.));
#5955=DIRECTION('center_axis',(-0.766044443118995,0.642787609686519,-1.36076826554196E-15));
#5956=DIRECTION('ref_axis',(1.77635681293048E-15,0.,-1.));
#5957=DIRECTION('',(-1.77635681293048E-15,0.,1.));
#5958=DIRECTION('center_axis',(0.,1.,0.));
#5959=DIRECTION('ref_axis',(-1.,0.,0.));
#5960=DIRECTION('center_axis',(0.,1.,0.));
#5961=DIRECTION('ref_axis',(-1.,0.,0.));
#5962=DIRECTION('',(-1.,0.,0.));
#5963=DIRECTION('center_axis',(-0.930043279117212,0.,-0.367449995195135));
#5964=DIRECTION('ref_axis',(-0.367449995195135,0.,0.930043279117212));
#5965=DIRECTION('',(0.,-1.,0.));
#5966=DIRECTION('center_axis',(0.936116461606704,0.,-0.351690162371573));
#5967=DIRECTION('ref_axis',(0.351690162371573,0.,0.936116461606704));
#5968=DIRECTION('',(0.,-1.,0.));
#5969=DIRECTION('center_axis',(0.,0.999976459339042,0.00686154266569871));
#5970=DIRECTION('ref_axis',(0.,-0.00686154266569871,0.999976459339042));
#5971=DIRECTION('',(0.351682907319496,0.00642322174335473,-0.936097150365144));
#5972=DIRECTION('',(1.,0.,0.));
#5973=DIRECTION('center_axis',(0.,0.,1.));
#5974=DIRECTION('ref_axis',(0.,-1.,0.));
#5975=DIRECTION('',(0.,1.,0.));
#5976=DIRECTION('center_axis',(0.936116461606704,0.,0.351690162371574));
#5977=DIRECTION('ref_axis',(0.,-1.,0.));
#5978=DIRECTION('',(0.,-1.,0.));
#5979=DIRECTION('',(-1.82302269718013E-14,-1.,-3.38536657519005E-14));
#5980=DIRECTION('center_axis',(0.880456660148067,0.,-0.474126638780096));
#5981=DIRECTION('ref_axis',(0.474126638780096,0.,0.880456660148067));
#5982=DIRECTION('',(0.,-1.,0.));
#5983=DIRECTION('',(0.234601657464972,0.495935922030805,-0.836067953909336));
#5984=DIRECTION('',(0.0876146534656289,0.323709574328554,-0.942091176047268));
#5985=DIRECTION('',(0.319848897338496,0.517351186646301,-0.793753382699571));
#5986=DIRECTION('',(0.104340343372163,0.615842568781535,-0.780929589157396));
#5987=DIRECTION('',(1.96288709633161E-8,0.679700522591057,-0.733489740616353));
#5988=DIRECTION('',(-0.104340280102606,0.615842576851802,-0.780929591246639));
#5989=DIRECTION('',(-0.319848851756243,0.517351205731554,-0.793753388627929));
#5990=DIRECTION('',(-0.234601619160738,0.495935943071595,-0.836067952176645));
#5991=DIRECTION('',(-0.0876146230400868,0.323709597132196,-0.942091171041346));
#5992=DIRECTION('center_axis',(0.999104502118727,0.,-0.0423106824110731));
#5993=DIRECTION('ref_axis',(-0.0423106824110731,0.,-0.999104502118727));
#5994=DIRECTION('',(-0.0423093877193064,0.00782293737545891,-0.999073929877883));
#5995=DIRECTION('',(0.,1.,0.));
#5996=DIRECTION('',(0.,1.,0.));
#5997=DIRECTION('center_axis',(-0.999104471135229,0.,-0.0423114140344482));
#5998=DIRECTION('ref_axis',(-0.0423114140344482,0.,0.999104471135229));
#5999=DIRECTION('',(-0.0423101193203744,-0.00782293713287455,0.999073898897229));
#6000=DIRECTION('',(0.,1.,0.));
#6001=DIRECTION('center_axis',(0.999993323883742,0.,-0.00365406457878249));
#6002=DIRECTION('ref_axis',(-0.00365406457878249,0.,-0.999993323883742));
#6003=DIRECTION('center_axis',(0.,-0.999969345482231,-0.00782994864858729));
#6004=DIRECTION('ref_axis',(0.,0.00782994864858729,-0.999969345482231));
#6005=DIRECTION('',(-1.,0.,0.));
#6006=DIRECTION('center_axis',(0.,-0.999969345482231,-0.00782994864858729));
#6007=DIRECTION('ref_axis',(0.,0.00782994864858729,-0.999969345482231));
#6008=DIRECTION('',(-1.,0.,0.));
#6009=DIRECTION('center_axis',(0.,0.,-1.));
#6010=DIRECTION('ref_axis',(-1.,0.,0.));
#6011=DIRECTION('center_axis',(0.,0.,-1.));
#6012=DIRECTION('ref_axis',(-1.,0.,0.));
#6013=DIRECTION('center_axis',(1.,0.,0.));
#6014=DIRECTION('ref_axis',(0.,0.,-1.));
#6015=DIRECTION('',(0.,1.,0.));
#6016=DIRECTION('center_axis',(1.,0.,0.));
#6017=DIRECTION('ref_axis',(0.,0.,-1.));
#6018=DIRECTION('center_axis',(0.,0.,-1.));
#6019=DIRECTION('ref_axis',(1.83697019872103E-16,-1.,0.));
#6020=DIRECTION('',(0.,0.,1.));
#6021=DIRECTION('center_axis',(0.,0.,-1.));
#6022=DIRECTION('ref_axis',(-1.,0.,0.));
#6023=DIRECTION('center_axis',(0.,0.,1.));
#6024=DIRECTION('ref_axis',(1.,0.,0.));
#6025=DIRECTION('',(0.,-1.,0.));
#6026=DIRECTION('',(0.,1.,0.));
#6027=DIRECTION('',(-1.,0.,0.));
#6028=DIRECTION('center_axis',(0.,-1.,0.));
#6029=DIRECTION('ref_axis',(1.,0.,0.));
#6030=DIRECTION('',(0.,0.,1.));
#6031=DIRECTION('',(-1.,0.,0.));
#6032=DIRECTION('',(0.,0.,1.));
#6033=DIRECTION('center_axis',(1.,0.,0.));
#6034=DIRECTION('ref_axis',(0.,1.,0.));
#6035=DIRECTION('',(0.,-1.,0.));
#6036=DIRECTION('center_axis',(-1.,0.,0.));
#6037=DIRECTION('ref_axis',(0.,-1.,0.));
#6038=DIRECTION('',(0.,1.,0.));
#6039=DIRECTION('center_axis',(-1.,0.,5.06649779200406E-17));
#6040=DIRECTION('ref_axis',(-5.06649779200406E-17,4.05319823360324E-16,
-1.));
#6041=DIRECTION('',(-6.75770750592838E-20,-0.999999110485028,-0.00133380251671942));
#6042=DIRECTION('center_axis',(1.95654051922863E-7,0.00133380251671925,
-0.999999110485008));
#6043=DIRECTION('ref_axis',(-0.999999999999981,0.,-1.95654225960226E-7));
#6044=DIRECTION('',(0.,-0.999999110485028,-0.00133380251671928));
#6045=DIRECTION('center_axis',(-1.,0.,0.));
#6046=DIRECTION('ref_axis',(0.,-2.12524457732902E-15,1.));
#6047=DIRECTION('',(0.,-1.,0.));
#6048=DIRECTION('center_axis',(-0.880456660148068,0.,-0.474126638780095));
#6049=DIRECTION('ref_axis',(0.474126638780095,0.,-0.880456660148068));
#6050=DIRECTION('center_axis',(0.,0.,1.));
#6051=DIRECTION('ref_axis',(1.,0.,0.));
#6052=DIRECTION('',(1.,0.,0.));
#6053=DIRECTION('',(-0.499999999999999,0.866025403784439,0.));
#6054=DIRECTION('',(1.,0.,0.));
#6055=DIRECTION('center_axis',(0.,0.,-1.));
#6056=DIRECTION('ref_axis',(-1.,0.,0.));
#6057=DIRECTION('center_axis',(0.,0.,-1.));
#6058=DIRECTION('ref_axis',(2.12550497328456E-14,-1.,0.));
#6059=DIRECTION('',(0.,0.,-1.));
#6060=DIRECTION('center_axis',(1.,0.,0.));
#6061=DIRECTION('ref_axis',(0.,0.,-1.));
#6062=DIRECTION('center_axis',(0.880456660148067,0.,-0.474126638780095));
#6063=DIRECTION('ref_axis',(-0.474126638780095,0.,-0.880456660148067));
#6064=DIRECTION('',(0.,1.,0.));
#6065=DIRECTION('center_axis',(1.,0.,0.));
#6066=DIRECTION('ref_axis',(0.,2.51236217486975E-16,-1.));
#6067=DIRECTION('',(0.,0.999999110485028,0.00133380251671928));
#6068=DIRECTION('center_axis',(1.95654051922863E-7,0.00133380251671926,
-0.999999110485009));
#6069=DIRECTION('ref_axis',(-0.999999999999981,0.,-1.95654225960226E-7));
#6070=DIRECTION('',(-1.35832864137918E-19,0.999999110485028,0.00133380251671928));
#6071=DIRECTION('center_axis',(1.,0.,1.01838812294359E-16));
#6072=DIRECTION('ref_axis',(-1.01838812294359E-16,0.,1.));
#6073=DIRECTION('',(8.63151064354582E-7,-0.999999110485544,-0.00133380185011066));
#6074=DIRECTION('center_axis',(0.,-0.00133380185011115,0.999999110485917));
#6075=DIRECTION('ref_axis',(-1.,0.,0.));
#6076=DIRECTION('',(0.,-0.999999110485917,-0.00133380185011115));
#6077=DIRECTION('center_axis',(1.,0.,0.));
#6078=DIRECTION('ref_axis',(0.,1.,0.));
#6079=DIRECTION('center_axis',(-0.866025403784439,-0.499999999999999,0.));
#6080=DIRECTION('ref_axis',(0.,0.,1.));
#6081=DIRECTION('',(0.,0.,-1.));
#6082=DIRECTION('center_axis',(0.,1.,0.));
#6083=DIRECTION('ref_axis',(0.,0.,1.));
#6084=DIRECTION('center_axis',(0.,1.,0.));
#6085=DIRECTION('ref_axis',(0.,0.,1.));
#6086=CARTESIAN_POINT('',(0.,0.,0.));
#6087=CARTESIAN_POINT('Origin',(5.6500000834465,11.8000000715256,14.75));
#6088=CARTESIAN_POINT('',(5.60625575168354,11.8000000715256,14.75));
#6089=CARTESIAN_POINT('',(5.60625575168354,11.7562557397626,14.25));
#6090=CARTESIAN_POINT('',(5.60625575168354,11.7777473994539,14.4956507943445));
#6091=CARTESIAN_POINT('',(5.6500000834465,11.8000000715256,14.75));
#6092=CARTESIAN_POINT('',(5.64959080398511,11.7995907920642,14.7453219143498));
#6093=CARTESIAN_POINT('',(4.07412430238359,11.8000000715256,14.75));
#6094=CARTESIAN_POINT('Origin',(5.60625575168354,11.6560714311465,14.25));
#6095=CARTESIAN_POINT('',(5.60625575168354,11.6560714311465,14.75));
#6096=CARTESIAN_POINT('',(5.60625575168354,11.6639718149053,14.75));
#6097=CARTESIAN_POINT('',(5.60625575168354,11.6560714311465,14.25));
#6098=CARTESIAN_POINT('',(5.60625575168354,11.6560714311465,14.25));
#6099=CARTESIAN_POINT('',(5.60625575168354,11.8000000715256,14.25));
#6100=CARTESIAN_POINT('Origin',(2.49824852132068,12.0150000346303,14.75));
#6101=CARTESIAN_POINT('',(4.5,12.,14.75));
#6102=CARTESIAN_POINT('',(6.35783505085951,12.,14.75));
#6103=CARTESIAN_POINT('',(2.53925286843892,12.,14.75));
#6104=CARTESIAN_POINT('',(4.5,11.,14.75));
#6105=CARTESIAN_POINT('',(4.5,11.5075000173151,14.75));
#6106=CARTESIAN_POINT('',(0.5,11.,14.75));
#6107=CARTESIAN_POINT('',(2.99912426066034,11.,14.75));
#6108=CARTESIAN_POINT('',(0.5,12.,14.75));
#6109=CARTESIAN_POINT('',(0.5,12.5075000173151,14.75));
#6110=CARTESIAN_POINT('',(-0.249999918043614,12.,14.75));
#6111=CARTESIAN_POINT('',(2.53925286843892,12.,14.75));
#6112=CARTESIAN_POINT('',(-0.249999918043614,11.8000000715256,14.75));
#6113=CARTESIAN_POINT('',(-0.249999918043614,11.9075000530779,14.75));
#6114=CARTESIAN_POINT('',(-0.149999916553498,11.8000000715256,14.75));
#6115=CARTESIAN_POINT('',(1.17412430238359,11.8000000715256,14.75));
#6116=CARTESIAN_POINT('',(-0.149999916553498,11.6914214263632,14.75));
#6117=CARTESIAN_POINT('',(-0.149999916553498,11.8532107304967,14.75));
#6118=CARTESIAN_POINT('',(-0.149999916553498,11.4085787107275,14.75));
#6119=CARTESIAN_POINT('Origin',(-0.199999916553498,11.5500000685453,14.75));
#6120=CARTESIAN_POINT('',(-0.149999916553498,11.3000000655651,14.75));
#6121=CARTESIAN_POINT('',(-0.149999916553498,11.6575000500977,14.75));
#6122=CARTESIAN_POINT('',(-0.649999922513962,11.3000000655651,14.75));
#6123=CARTESIAN_POINT('',(0.924124299403359,11.3000000655651,14.75));
#6124=CARTESIAN_POINT('',(-0.649999922513962,11.4000000670552,14.75));
#6125=CARTESIAN_POINT('',(-0.649999922513962,11.7075000508428,14.75));
#6126=CARTESIAN_POINT('',(-0.749999924004078,11.4000000670552,14.75));
#6127=CARTESIAN_POINT('',(0.874124298658301,11.4000000670552,14.75));
#6128=CARTESIAN_POINT('',(-0.749999924004078,11.7000000700355,14.75));
#6129=CARTESIAN_POINT('',(-0.749999924004079,11.8575000523329,14.75));
#6130=CARTESIAN_POINT('',(-0.641421279278108,11.7000000700355,14.75));
#6131=CARTESIAN_POINT('',(0.928413621021287,11.7000000700355,14.75));
#6132=CARTESIAN_POINT('',(-0.549999921023846,11.7914214282897,14.75));
#6133=CARTESIAN_POINT('Origin',(-0.499999922513963,11.6500000715256,14.75));
#6134=CARTESIAN_POINT('',(-0.549999921023846,12.,14.75));
#6135=CARTESIAN_POINT('',(-0.549999921023846,12.0075000173151,14.75));
#6136=CARTESIAN_POINT('',(-1.36133800821815,12.,14.75));
#6137=CARTESIAN_POINT('',(2.53925286843892,12.,14.75));
#6138=CARTESIAN_POINT('',(0.564125119535435,8.6650000346303,14.75));
#6139=CARTESIAN_POINT('',(-1.36999828224981,12.0150000346303,14.75));
#6140=CARTESIAN_POINT('',(4.43237192310593,8.6650000346303,14.75));
#6141=CARTESIAN_POINT('',(0.564125119535435,8.6650000346303,14.75));
#6142=CARTESIAN_POINT('',(4.43237192310593,8.6650000346303,14.75));
#6143=CARTESIAN_POINT('',(5.6500000834465,11.6914214263632,14.75));
#6144=CARTESIAN_POINT('',(5.6500000834465,11.8532107304967,14.75));
#6145=CARTESIAN_POINT('',(5.6500000834465,11.4085787107275,14.75));
#6146=CARTESIAN_POINT('Origin',(5.6000000834465,11.5500000685453,14.75));
#6147=CARTESIAN_POINT('',(5.6500000834465,11.3000000655651,14.75));
#6148=CARTESIAN_POINT('',(5.6500000834465,11.6575000500977,14.75));
#6149=CARTESIAN_POINT('',(5.15000007748604,11.3000000655651,14.75));
#6150=CARTESIAN_POINT('',(3.82412429940336,11.3000000655651,14.75));
#6151=CARTESIAN_POINT('',(5.15000007748604,11.4000000670552,14.75));
#6152=CARTESIAN_POINT('',(5.15000007748604,11.7075000508428,14.75));
#6153=CARTESIAN_POINT('',(5.05000007599592,11.4000000670552,14.75));
#6154=CARTESIAN_POINT('',(3.7741242986583,11.4000000670552,14.75));
#6155=CARTESIAN_POINT('',(5.05000007599592,11.7000000700355,14.75));
#6156=CARTESIAN_POINT('',(5.05000007599592,11.8575000523329,14.75));
#6157=CARTESIAN_POINT('',(5.15857872072189,11.7000000700355,14.75));
#6158=CARTESIAN_POINT('',(3.82841362102129,11.7000000700355,14.75));
#6159=CARTESIAN_POINT('',(5.29374441073912,11.7998695702021,14.75));
#6160=CARTESIAN_POINT('Origin',(5.30000007748604,11.6500000715256,14.75));
#6161=CARTESIAN_POINT('',(5.29374441073912,11.7560714327219,14.75));
#6162=CARTESIAN_POINT('',(5.29374441073912,11.835936099332,14.75));
#6163=CARTESIAN_POINT('',(5.19392871628967,11.6562557382725,14.75));
#6164=CARTESIAN_POINT('Origin',(5.30000007748604,11.6500000715256,14.75));
#6165=CARTESIAN_POINT('',(5.09374440775889,11.6562557382725,14.75));
#6166=CARTESIAN_POINT('',(5.29696439837797,11.6562557382725,14.75));
#6167=CARTESIAN_POINT('',(5.09374440775888,11.4437443988182,14.75));
#6168=CARTESIAN_POINT('',(5.09374440775888,11.6640639684683,14.75));
#6169=CARTESIAN_POINT('',(5.193744409249,11.4437443988182,14.75));
#6170=CARTESIAN_POINT('',(5.24687224411258,11.4437443988182,14.75));
#6171=CARTESIAN_POINT('',(5.193744409249,11.3437443973281,14.75));
#6172=CARTESIAN_POINT('',(5.193744409249,11.5578082987411,14.75));
#6173=CARTESIAN_POINT('',(5.60625575168354,11.3437443973281,14.75));
#6174=CARTESIAN_POINT('',(5.29687224485764,11.3437443973281,14.75));
#6175=CARTESIAN_POINT('',(5.60625575168354,11.4439287059441,14.75));
#6176=CARTESIAN_POINT('',(5.60625575168354,11.5078082979961,14.75));
#6177=CARTESIAN_POINT('Origin',(5.6000000834465,11.5500000685453,14.75));
#6178=CARTESIAN_POINT('Origin',(2.49824852132068,12.,7.52484101280113));
#6179=CARTESIAN_POINT('',(6.35783505085952,12.,15.5));
#6180=CARTESIAN_POINT('',(6.35783505085951,12.,11.7499205064006));
#6181=CARTESIAN_POINT('',(7.54408588465908,12.,15.5));
#6182=CARTESIAN_POINT('',(2.54373221265961,12.,15.5));
#6183=CARTESIAN_POINT('',(7.54408588465908,12.,15.05));
#6184=CARTESIAN_POINT('',(7.54408588465908,12.,15.5));
#6185=CARTESIAN_POINT('',(7.51253558923877,12.,15.05));
#6186=CARTESIAN_POINT('',(0.0277791974640493,12.,15.05));
#6187=CARTESIAN_POINT('',(6.,12.,14.1));
#6188=CARTESIAN_POINT('Ctrl Pts',(7.51253558923877,12.,15.05));
#6189=CARTESIAN_POINT('Ctrl Pts',(7.26860326663487,12.,14.89699756448));
#6190=CARTESIAN_POINT('Ctrl Pts',(7.00223078104161,12.,14.7298738493344));
#6191=CARTESIAN_POINT('Ctrl Pts',(6.75553537093702,12.,14.5749815956338));
#6192=CARTESIAN_POINT('Ctrl Pts',(6.61151563096936,12.,14.48455615119));
#6193=CARTESIAN_POINT('Ctrl Pts',(6.44653915495613,12.0000054962243,14.3809300914921));
#6194=CARTESIAN_POINT('Ctrl Pts',(6.28448253715201,12.0000051829628,14.2790276418516));
#6195=CARTESIAN_POINT('Ctrl Pts',(6.18685480904219,12.0000049942448,14.2176385743639));
#6196=CARTESIAN_POINT('Ctrl Pts',(6.09028588660647,12.,14.1568750422069));
#6197=CARTESIAN_POINT('Ctrl Pts',(6.,12.,14.1));
#6198=CARTESIAN_POINT('',(4.56504000186265,11.9999998882413,13.));
#6199=CARTESIAN_POINT('',(6.,12.,14.1));
#6200=CARTESIAN_POINT('',(4.15203200369847,11.9999998882413,2.4));
#6201=CARTESIAN_POINT('',(4.56504000186265,11.9999998882413,13.));
#6202=CARTESIAN_POINT('',(2.59999999999803,12.0000006277724,0.));
#6203=CARTESIAN_POINT('',(4.15203200369847,11.9999998882413,2.4));
#6204=CARTESIAN_POINT('',(2.40000000000205,12.0000006401006,0.));
#6205=CARTESIAN_POINT('',(2.54012860866203,12.,0.));
#6206=CARTESIAN_POINT('',(0.84796799815762,11.9999999159455,2.4));
#6207=CARTESIAN_POINT('',(0.84796799815762,11.9999999159455,2.4));
#6208=CARTESIAN_POINT('',(0.434959994936586,11.9999999228716,13.));
#6209=CARTESIAN_POINT('',(0.434959994936586,11.9999999228716,13.));
#6210=CARTESIAN_POINT('',(-1.,12.,14.1));
#6211=CARTESIAN_POINT('',(-1.,12.,14.1));
#6212=CARTESIAN_POINT('',(-2.46562448383288,12.,15.0184509315865));
#6213=CARTESIAN_POINT('Ctrl Pts',(-1.00000001351591,12.0000000154467,14.1));
#6214=CARTESIAN_POINT('Ctrl Pts',(-1.10766224741861,12.0000000154467,14.1676639959879));
#6215=CARTESIAN_POINT('Ctrl Pts',(-1.22423598538583,12.0000059067743,14.2408308752911));
#6216=CARTESIAN_POINT('Ctrl Pts',(-1.34090783744557,12.0000050193287,14.3140078439762));
#6217=CARTESIAN_POINT('Ctrl Pts',(-1.48510174489733,12.0000039225411,14.4044467361675));
#6218=CARTESIAN_POINT('Ctrl Pts',(-1.62944795429152,12.,14.4949010391949));
#6219=CARTESIAN_POINT('Ctrl Pts',(-1.75731900298858,12.,14.5750017795997));
#6220=CARTESIAN_POINT('Ctrl Pts',(-1.98768211097519,12.,14.7193054018792));
#6221=CARTESIAN_POINT('Ctrl Pts',(-2.23516203192123,12.0000000711508,14.8742246536644));
#6222=CARTESIAN_POINT('Ctrl Pts',(-2.46562448383288,12.,15.0184509315865));
#6223=CARTESIAN_POINT('',(-2.46562448383288,12.,15.5));
#6224=CARTESIAN_POINT('',(-2.46562448383288,12.,15.5));
#6225=CARTESIAN_POINT('',(-1.36133800821815,12.,15.5));
#6226=CARTESIAN_POINT('',(2.54373221265961,12.,15.5));
#6227=CARTESIAN_POINT('',(-1.36133800821815,12.,11.7499205064006));
#6228=CARTESIAN_POINT('',(-0.506255589260884,12.,14.25));
#6229=CARTESIAN_POINT('',(-0.224763562349552,12.,11.0325314095932));
#6230=CARTESIAN_POINT('',(-0.506255589260884,12.,14.75));
#6231=CARTESIAN_POINT('',(-0.506255589260884,12.,14.25));
#6232=CARTESIAN_POINT('',(-0.293744249806576,12.,14.75));
#6233=CARTESIAN_POINT('',(2.49824852132068,12.,14.75));
#6234=CARTESIAN_POINT('',(-0.293744249806576,12.,14.25));
#6235=CARTESIAN_POINT('',(-0.293744249806576,12.,14.25));
#6236=CARTESIAN_POINT('',(-0.553220823645187,12.,11.2841691896834));
#6237=CARTESIAN_POINT('',(0.5,12.,12.9994438699354));
#6238=CARTESIAN_POINT('',(0.5,12.,11.2749205064006));
#6239=CARTESIAN_POINT('',(0.772054161277475,12.,12.9994438699354));
#6240=CARTESIAN_POINT('',(1.99912426066034,12.,12.9994438699354));
#6241=CARTESIAN_POINT('',(0.772054161277474,12.,8.49376950768609));
#6242=CARTESIAN_POINT('',(0.772054161277476,12.,7.4871423445107));
#6243=CARTESIAN_POINT('',(1.12205416500277,12.,8.49376950768609));
#6244=CARTESIAN_POINT('',(1.81015134316172,12.,8.49376950768609));
#6245=CARTESIAN_POINT('',(1.12205416500277,12.,12.9994438699354));
#6246=CARTESIAN_POINT('',(1.12205416500277,12.,10.2621424413682));
#6247=CARTESIAN_POINT('',(1.52205416500277,12.,12.9994438699354));
#6248=CARTESIAN_POINT('',(1.99912426066034,12.,12.9994438699354));
#6249=CARTESIAN_POINT('',(1.52205416500277,12.,9.79944084914039));
#6250=CARTESIAN_POINT('',(1.52205416500277,12.,8.22095585863853));
#6251=CARTESIAN_POINT('',(1.32205416500277,12.,9.79944081000954));
#6252=CARTESIAN_POINT('',(1.95115585178853,12.,9.79944093309594));
#6253=CARTESIAN_POINT('',(1.32205412120276,12.,3.89028426782286));
#6254=CARTESIAN_POINT('',(1.32205416500277,12.,8.37562946003263));
#6255=CARTESIAN_POINT('',(1.82466697313686,12.,2.95692850004742));
#6256=CARTESIAN_POINT('',(0.51178485268163,12.,5.39496026708394));
#6257=CARTESIAN_POINT('',(1.82498601695257,12.,2.95777771961571));
#6258=CARTESIAN_POINT('',(2.61825408408742,12.,5.06927066301881));
#6259=CARTESIAN_POINT('',(1.82755654823845,12.,2.95127151366265));
#6260=CARTESIAN_POINT('',(1.02536166978216,12.,4.98168644088101));
#6261=CARTESIAN_POINT('',(2.34999998480082,12.,4.3495760056384));
#6262=CARTESIAN_POINT('',(2.83276107487156,12.,5.64167186435715));
#6263=CARTESIAN_POINT('',(2.34999998480082,12.,7.76698364874641));
#6264=CARTESIAN_POINT('',(2.34999998480082,12.,8.10883171106701));
#6265=CARTESIAN_POINT('',(2.49301316987563,12.,7.91682084178339));
#6266=CARTESIAN_POINT('Origin',(2.49999998480082,12.,7.76698364874641));
#6267=CARTESIAN_POINT('',(2.49301316987563,12.,5.15000000000001));
#6268=CARTESIAN_POINT('',(2.49301316987563,12.,9.33742050640057));
#6269=CARTESIAN_POINT('',(2.64999997138977,12.,5.15000000000001));
#6270=CARTESIAN_POINT('',(2.39491438957159,12.,5.15000000000001));
#6271=CARTESIAN_POINT('',(2.64999997138977,12.,4.36617666057804));
#6272=CARTESIAN_POINT('',(2.64999997138977,12.,6.25675587993652));
#6273=CARTESIAN_POINT('',(3.17944126926867,12.,2.95692850004742));
#6274=CARTESIAN_POINT('',(2.17066281006463,12.,5.64205939881116));
#6275=CARTESIAN_POINT('',(3.68205412120276,12.,3.89028426782286));
#6276=CARTESIAN_POINT('',(4.50990313796539,12.,5.4276059890429));
#6277=CARTESIAN_POINT('',(3.68205412120277,12.,9.7994412717535));
#6278=CARTESIAN_POINT('',(3.68205412120277,12.,10.6249207194862));
#6279=CARTESIAN_POINT('',(3.48205412120276,12.,9.79944123262266));
#6280=CARTESIAN_POINT('',(3.08564229952687,12.,9.79944115506301));
#6281=CARTESIAN_POINT('',(3.48205412120276,12.,12.9994438702159));
#6282=CARTESIAN_POINT('',(3.48205412120276,12.,6.19527601793606));
#6283=CARTESIAN_POINT('',(3.88205412120277,12.,12.9994438702159));
#6284=CARTESIAN_POINT('',(3.54012860777858,12.,12.9994438702159));
#6285=CARTESIAN_POINT('',(3.88205412120277,12.,8.4937695079666));
#6286=CARTESIAN_POINT('',(3.88205412120277,12.,7.48714234465095));
#6287=CARTESIAN_POINT('',(4.23205412492806,12.,8.4937695079666));
#6288=CARTESIAN_POINT('',(3.36515132312437,12.,8.4937695079666));
#6289=CARTESIAN_POINT('',(4.23205412492806,12.,12.4995465732482));
#6290=CARTESIAN_POINT('',(4.23205412492806,12.,10.0121937930247));
#6291=CARTESIAN_POINT('',(4.23000032854923,12.,12.9994438702159));
#6292=CARTESIAN_POINT('',(4.24123155316393,12.,10.2657459805849));
#6293=CARTESIAN_POINT('',(4.5,12.,12.9994438702159));
#6294=CARTESIAN_POINT('',(3.54012860777858,12.,12.9994438702159));
#6295=CARTESIAN_POINT('',(4.5,12.,11.2749205064005));
#6296=CARTESIAN_POINT('Origin',(5.29374441073912,12.,14.25));
#6297=CARTESIAN_POINT('',(5.29374441073912,11.7560714327219,14.25));
#6298=CARTESIAN_POINT('Ctrl Pts',(5.29374441073912,11.7998695702021,14.75));
#6299=CARTESIAN_POINT('Ctrl Pts',(5.29374441073912,11.7742322026254,14.4572184919954));
#6300=CARTESIAN_POINT('Ctrl Pts',(5.29374441073912,11.756071432722,14.25));
#6301=CARTESIAN_POINT('',(5.29374441073912,11.7560714327219,14.25));
#6302=CARTESIAN_POINT('Origin',(5.30000007748604,11.6500000715256,14.75));
#6303=CARTESIAN_POINT('',(5.19392871628967,11.6562557382725,14.25));
#6304=CARTESIAN_POINT('Ctrl Pts',(5.15857872072189,11.7000000700355,14.75));
#6305=CARTESIAN_POINT('Ctrl Pts',(5.17625371850578,11.6750038487339,14.4642918831521));
#6306=CARTESIAN_POINT('Ctrl Pts',(5.19392871628967,11.6562557382725,14.25));
#6307=CARTESIAN_POINT('Origin',(5.30000007748604,11.6500000715256,14.25));
#6308=CARTESIAN_POINT('Origin',(5.193744409249,11.4437443988182,14.25));
#6309=CARTESIAN_POINT('',(5.193744409249,11.4437443988182,14.25));
#6310=CARTESIAN_POINT('',(5.193744409249,11.4437443988182,14.25));
#6311=CARTESIAN_POINT('',(5.193744409249,11.3437443973281,14.25));
#6312=CARTESIAN_POINT('',(5.193744409249,11.3000000655651,14.25));
#6313=CARTESIAN_POINT('',(5.193744409249,11.3437443973281,14.25));
#6314=CARTESIAN_POINT('Origin',(5.09374440775888,11.4437443988182,14.25));
#6315=CARTESIAN_POINT('',(5.09374440775888,11.4437443988182,14.25));
#6316=CARTESIAN_POINT('',(5.09374440775888,11.4437443988182,14.25));
#6317=CARTESIAN_POINT('',(5.05000007599592,11.4437443988182,14.25));
#6318=CARTESIAN_POINT('Origin',(5.09374440775888,11.6562557382725,14.25));
#6319=CARTESIAN_POINT('',(5.09374440775889,11.6562557382725,14.25));
#6320=CARTESIAN_POINT('',(5.09374440775889,11.6562557382725,14.25));
#6321=CARTESIAN_POINT('',(5.09374440775888,11.6000000692904,14.25));
#6322=CARTESIAN_POINT('Origin',(5.19392871628967,11.6562557382725,14.25));
#6323=CARTESIAN_POINT('',(5.19392871628967,11.6562557382725,14.25));
#6324=CARTESIAN_POINT('',(5.05000007599592,11.6562557382725,14.25));
#6325=CARTESIAN_POINT('Origin',(5.30000007748604,11.6500000715256,14.25));
#6326=CARTESIAN_POINT('Origin',(5.6000000834465,11.5500000685453,14.25));
#6327=CARTESIAN_POINT('',(5.60625575168354,11.4439287059441,14.25));
#6328=CARTESIAN_POINT('',(5.60625575168354,11.4439287059441,14.25));
#6329=CARTESIAN_POINT('Origin',(5.6000000834465,11.5500000685453,14.25));
#6330=CARTESIAN_POINT('Origin',(5.60625575168354,11.3437443973281,14.25));
#6331=CARTESIAN_POINT('',(5.60625575168354,11.3437443973281,14.25));
#6332=CARTESIAN_POINT('',(5.60625575168354,11.3437443973281,14.25));
#6333=CARTESIAN_POINT('',(5.60625575168354,11.4085787107275,14.25));
#6334=CARTESIAN_POINT('Origin',(5.193744409249,11.3437443973281,14.25));
#6335=CARTESIAN_POINT('',(5.6500000834465,11.3437443973281,14.25));
#6336=CARTESIAN_POINT('Origin',(-0.506255589260884,12.,14.25));
#6337=CARTESIAN_POINT('',(-0.506255589260884,11.7560714327219,14.75));
#6338=CARTESIAN_POINT('',(-0.506255589260884,11.835936099332,14.75));
#6339=CARTESIAN_POINT('',(-0.506255589260884,11.7560714327219,14.25));
#6340=CARTESIAN_POINT('',(-0.506255589260884,11.7914214282897,14.25));
#6341=CARTESIAN_POINT('',(-0.506255589260884,11.7560714327219,14.25));
#6342=CARTESIAN_POINT('Origin',(-0.293744249806576,11.7562557397626,14.25));
#6343=CARTESIAN_POINT('',(-0.293744249806576,11.7562557397626,14.75));
#6344=CARTESIAN_POINT('',(-0.293744249806576,11.7140639692133,14.75));
#6345=CARTESIAN_POINT('',(-0.293744249806576,11.7562557397626,14.25));
#6346=CARTESIAN_POINT('',(-0.293744249806576,11.7562557397626,14.25));
#6347=CARTESIAN_POINT('',(-0.293744249806576,11.8000000715256,14.25));
#6348=CARTESIAN_POINT('Origin',(-0.19374424831646,11.7562557397626,14.25));
#6349=CARTESIAN_POINT('',(-0.19374424831646,11.7562557397626,14.75));
#6350=CARTESIAN_POINT('',(-0.296872083925095,11.7562557397626,14.75));
#6351=CARTESIAN_POINT('',(-0.19374424831646,11.7562557397626,14.25));
#6352=CARTESIAN_POINT('',(-0.19374424831646,11.7562557397626,14.25));
#6353=CARTESIAN_POINT('',(-0.249999918043614,11.7562557397626,14.25));
#6354=CARTESIAN_POINT('Origin',(-0.19374424831646,11.6560714311465,14.25));
#6355=CARTESIAN_POINT('',(-0.19374424831646,11.6560714311465,14.75));
#6356=CARTESIAN_POINT('',(-0.19374424831646,11.6639718149053,14.75));
#6357=CARTESIAN_POINT('',(-0.19374424831646,11.6560714311465,14.25));
#6358=CARTESIAN_POINT('',(-0.19374424831646,11.6560714311465,14.25));
#6359=CARTESIAN_POINT('',(-0.19374424831646,11.8000000715256,14.25));
#6360=CARTESIAN_POINT('Origin',(-0.199999916553498,11.5500000685453,14.25));
#6361=CARTESIAN_POINT('',(-0.19374424831646,11.4439287059441,14.75));
#6362=CARTESIAN_POINT('Origin',(-0.199999916553498,11.5500000685453,14.75));
#6363=CARTESIAN_POINT('',(-0.19374424831646,11.4439287059441,14.25));
#6364=CARTESIAN_POINT('',(-0.19374424831646,11.4439287059441,14.25));
#6365=CARTESIAN_POINT('Origin',(-0.199999916553498,11.5500000685453,14.25));
#6366=CARTESIAN_POINT('Origin',(-0.19374424831646,11.3437443973281,14.25));
#6367=CARTESIAN_POINT('',(-0.19374424831646,11.3437443973281,14.75));
#6368=CARTESIAN_POINT('',(-0.19374424831646,11.5078082979961,14.75));
#6369=CARTESIAN_POINT('',(-0.19374424831646,11.3437443973281,14.25));
#6370=CARTESIAN_POINT('',(-0.19374424831646,11.3437443973281,14.25));
#6371=CARTESIAN_POINT('',(-0.19374424831646,11.4085787107275,14.25));
#6372=CARTESIAN_POINT('Origin',(-0.606255590751,11.3437443973281,14.25));
#6373=CARTESIAN_POINT('',(-0.606255590751,11.3437443973281,14.75));
#6374=CARTESIAN_POINT('',(-0.503127755142365,11.3437443973281,14.75));
#6375=CARTESIAN_POINT('',(-0.606255590751,11.3437443973281,14.25));
#6376=CARTESIAN_POINT('',(-0.606255590751,11.3437443973281,14.25));
#6377=CARTESIAN_POINT('',(-0.149999916553498,11.3437443973281,14.25));
#6378=CARTESIAN_POINT('Origin',(-0.606255590751,11.4437443988182,14.25));
#6379=CARTESIAN_POINT('',(-0.606255590751,11.4437443988182,14.75));
#6380=CARTESIAN_POINT('',(-0.606255590751,11.5578082987411,14.75));
#6381=CARTESIAN_POINT('',(-0.606255590751,11.4437443988182,14.25));
#6382=CARTESIAN_POINT('',(-0.606255590751,11.4437443988182,14.25));
#6383=CARTESIAN_POINT('',(-0.606255590751,11.3000000655651,14.25));
#6384=CARTESIAN_POINT('Origin',(-0.706255592241116,11.4437443988182,14.25));
#6385=CARTESIAN_POINT('',(-0.706255592241116,11.4437443988182,14.75));
#6386=CARTESIAN_POINT('',(-0.553127755887423,11.4437443988182,14.75));
#6387=CARTESIAN_POINT('',(-0.706255592241116,11.4437443988182,14.25));
#6388=CARTESIAN_POINT('',(-0.706255592241116,11.4437443988182,14.25));
#6389=CARTESIAN_POINT('',(-0.749999924004078,11.4437443988182,14.25));
#6390=CARTESIAN_POINT('Origin',(-0.706255592241116,11.6562557382725,14.25));
#6391=CARTESIAN_POINT('',(-0.706255592241116,11.6562557382725,14.75));
#6392=CARTESIAN_POINT('',(-0.706255592241116,11.6640639684683,14.75));
#6393=CARTESIAN_POINT('',(-0.706255592241116,11.6562557382725,14.25));
#6394=CARTESIAN_POINT('',(-0.706255592241116,11.6562557382725,14.25));
#6395=CARTESIAN_POINT('',(-0.706255592241116,11.6000000692904,14.25));
#6396=CARTESIAN_POINT('Origin',(-0.606071283710333,11.6562557382725,14.25));
#6397=CARTESIAN_POINT('',(-0.606071283710333,11.6562557382725,14.75));
#6398=CARTESIAN_POINT('',(-0.503035601622032,11.6562557382725,14.75));
#6399=CARTESIAN_POINT('',(-0.606071283710333,11.6562557382725,14.25));
#6400=CARTESIAN_POINT('',(-0.606071283710333,11.6562557382725,14.25));
#6401=CARTESIAN_POINT('',(-0.749999924004078,11.6562557382725,14.25));
#6402=CARTESIAN_POINT('Origin',(-0.499999922513963,11.6500000715256,14.25));
#6403=CARTESIAN_POINT('Origin',(-0.499999922513963,11.6500000715256,14.75));
#6404=CARTESIAN_POINT('Origin',(-0.499999922513963,11.6500000715256,14.25));
#6405=CARTESIAN_POINT('Origin',(-0.39999991953373,11.671872198664,14.75));
#6406=CARTESIAN_POINT('Origin',(2.49194685636425,6.78842541057329,15.05));
#6407=CARTESIAN_POINT('',(2.24194685636425,6.78842541057329,15.05));
#6408=CARTESIAN_POINT('Origin',(2.49194685636425,6.78842541057329,15.05));
#6409=CARTESIAN_POINT('',(2.24194685636425,6.78842541057329,15.5));
#6410=CARTESIAN_POINT('',(2.24194685636425,6.78842541057329,15.05));
#6411=CARTESIAN_POINT('Origin',(2.49194685636425,6.78842541057329,15.5));
#6412=CARTESIAN_POINT('Origin',(2.29158025782251,-1.26425842668595,11.15));
#6413=CARTESIAN_POINT('',(3.26208776694253,11.1197757810172,11.15));
#6414=CARTESIAN_POINT('',(2.97028343037997,10.5213816444743,11.15));
#6415=CARTESIAN_POINT('',(0.843435357802585,6.15992001939995,11.15));
#6416=CARTESIAN_POINT('',(3.97258856179852,9.82878253938441,11.15));
#6417=CARTESIAN_POINT('',(17.5167556081022,-14.7812224696422,11.15));
#6418=CARTESIAN_POINT('',(3.66461297166129,9.97896439267378,11.15));
#6419=CARTESIAN_POINT('',(5.18462856731664,9.23774084608508,11.15));
#6420=CARTESIAN_POINT('',(2.90051411731769,9.59691498258091,11.15));
#6421=CARTESIAN_POINT('',(0.47311726625304,8.38321661130513,11.15));
#6422=CARTESIAN_POINT('',(2.50000003202368,9.1964008495419,11.15));
#6423=CARTESIAN_POINT('',(-0.19261995986961,6.50378053666328,11.15));
#6424=CARTESIAN_POINT('',(2.09948585123965,9.59691498258091,11.15));
#6425=CARTESIAN_POINT('',(4.88091012173586,6.81549104365629,11.15));
#6426=CARTESIAN_POINT('',(1.33555401025749,9.978880903072,11.15));
#6427=CARTESIAN_POINT('',(3.94514697484329,8.6740844207791,11.15));
#6428=CARTESIAN_POINT('',(1.32616383189409,9.97430185704911,11.15));
#6429=CARTESIAN_POINT('',(-0.355933969599051,9.15404020173725,11.15));
#6430=CARTESIAN_POINT('',(1.84770108136467,10.8797118387352,11.15));
#6431=CARTESIAN_POINT('',(2.63857749399535,12.2527056162703,11.15));
#6432=CARTESIAN_POINT('',(2.0256173956748,10.5148643534676,11.15));
#6433=CARTESIAN_POINT('',(4.11124010688347,6.2379423390251,11.15));
#6434=CARTESIAN_POINT('',(2.16680747705348,10.9028551357948,11.15));
#6435=CARTESIAN_POINT('Origin',(1.21400555110157,11.0298953660857,11.15));
#6436=CARTESIAN_POINT('',(2.17976012291205,11.0000000000001,11.15));
#6437=CARTESIAN_POINT('',(1.41634211909489,5.27436377691052,11.15));
#6438=CARTESIAN_POINT('',(2.82023992386478,11.0000000000001,11.15));
#6439=CARTESIAN_POINT('',(1.89579012891125,11.0000000000001,11.15));
#6440=CARTESIAN_POINT('',(2.8331925653861,10.9028551473344,11.15));
#6441=CARTESIAN_POINT('',(3.62813899286718,4.94075440922307,11.15));
#6442=CARTESIAN_POINT('Origin',(3.78599449493397,11.0298953506556,11.15));
#6443=CARTESIAN_POINT('Origin',(2.29158025782251,-1.26425842668595,5.15000000000001));
#6444=CARTESIAN_POINT('',(1.48911505997645,10.2571918492472,5.15000000000001));
#6445=CARTESIAN_POINT('',(1.7443067788297,10.3847877018291,5.15000000000001));
#6446=CARTESIAN_POINT('',(-0.475314124009268,9.27497730994448,5.15000000000001));
#6447=CARTESIAN_POINT('',(1.46688196368879,10.2185942853665,5.15000000000001));
#6448=CARTESIAN_POINT('',(2.63857749399535,12.2527056162703,5.15000000000001));
#6449=CARTESIAN_POINT('',(2.14646698435427,9.87880177503374,5.15000000000001));
#6450=CARTESIAN_POINT('',(4.06729791844734,8.91838630798721,5.15000000000001));
#6451=CARTESIAN_POINT('',(2.50000002956246,9.52526877196998,5.15000000000001));
#6452=CARTESIAN_POINT('',(5.04534408171929,6.97992502324178,5.15000000000001));
#6453=CARTESIAN_POINT('',(2.85353299048181,9.87880177503374,5.15000000000001));
#6454=CARTESIAN_POINT('',(-0.357053922314261,6.66821447950587,5.15000000000001));
#6455=CARTESIAN_POINT('',(3.56059905982597,10.2323347939017,5.15000000000001));
#6456=CARTESIAN_POINT('',(0.350966327601117,8.62751849953011,5.15000000000001));
#6457=CARTESIAN_POINT('',(3.25569325489705,10.3847876929585,5.15000000000001));
#6458=CARTESIAN_POINT('',(5.48753750554937,9.26886559257517,5.15000000000001));
#6459=CARTESIAN_POINT('',(2.79410839478852,11.031552477646,5.15000000000001));
#6460=CARTESIAN_POINT('Origin',(3.63514470210204,11.1436906043313,5.15000000000001));
#6461=CARTESIAN_POINT('',(2.71489843011312,11.6256274650052,5.15000000000001));
#6462=CARTESIAN_POINT('',(3.606597419994,4.93788220072642,5.15000000000001));
#6463=CARTESIAN_POINT('',(2.71489843011312,11.6464668693734,5.15000000000001));
#6464=CARTESIAN_POINT('',(2.71489843011312,5.18068451915961,5.15000000000001));
#6465=CARTESIAN_POINT('',(2.79999997138977,11.6464668693734,5.15000000000001));
#6466=CARTESIAN_POINT('',(1.89779012984258,11.6464668693734,5.15000000000001));
#6467=CARTESIAN_POINT('',(2.79999997138977,11.8,5.15000000000001));
#6468=CARTESIAN_POINT('',(2.79999997138977,5.46787078665703,5.15000000000001));
#6469=CARTESIAN_POINT('',(2.64999997138977,11.8,5.15000000000001));
#6470=CARTESIAN_POINT('',(2.39681720046264,11.8,5.15000000000001));
#6471=CARTESIAN_POINT('',(2.64999997138977,5.46787078665703,5.15000000000001));
#6472=CARTESIAN_POINT('',(2.28510162841143,11.6390570661242,5.15000000000001));
#6473=CARTESIAN_POINT('',(2.63857749399535,12.2527056162703,5.15000000000001));
#6474=CARTESIAN_POINT('',(2.28510162841143,11.6256274650052,5.15000000000001));
#6475=CARTESIAN_POINT('',(2.28510162841143,5.18068451915961,5.15000000000001));
#6476=CARTESIAN_POINT('',(2.20589164526325,11.0315524674601,5.15000000000001));
#6477=CARTESIAN_POINT('',(1.43788368563918,5.27149156863714,5.15000000000001));
#6478=CARTESIAN_POINT('Origin',(1.36485534112388,11.1436906179515,5.15000000000001));
#6479=CARTESIAN_POINT('Origin',(-12.9335950924571,-14.7812224696422,11.15));
#6480=CARTESIAN_POINT('',(2.27736586519832,11.6256274650052,7.26701616537697));
#6481=CARTESIAN_POINT('',(2.2787561700834,11.6280410911111,6.88653684673253));
#6482=CARTESIAN_POINT('',(2.37780850899938,11.8,7.85398504667465));
#6483=CARTESIAN_POINT('Origin',(2.49999998480082,12.0121293962797,7.76698364874641));
#6484=CARTESIAN_POINT('',(2.37780850899938,11.8,7.99141790726414));
#6485=CARTESIAN_POINT('',(2.37780850899938,11.8,9.43312885173146));
#6486=CARTESIAN_POINT('',(2.27392158223866,11.6196480490102,7.99141790726414));
#6487=CARTESIAN_POINT('',(-5.204325893369,-1.36289522437442,7.99141790726414));
#6488=CARTESIAN_POINT('',(2.25381646432945,11.5847447425706,12.2199271804119));
#6489=CARTESIAN_POINT('Origin',(-12.9335950924571,-14.7812224696422,11.15));
#6490=CARTESIAN_POINT('',(1.8489746462173,10.8819227993733,10.2902002415793));
#6491=CARTESIAN_POINT('',(1.84827443050646,10.8807071962796,10.7629247343933));
#6492=CARTESIAN_POINT('',(1.32310941505615,9.96899926457635,8.29115718543214));
#6493=CARTESIAN_POINT('',(1.32688377712432,9.97555171139486,11.8238472047358));
#6494=CARTESIAN_POINT('',(1.3953875060411,10.0944769847227,8.29098982293477));
#6495=CARTESIAN_POINT('',(-5.54917916457227,-1.96157459824751,8.30707021472845));
#6496=CARTESIAN_POINT('',(1.29445509197575,9.91925418853091,12.7252871910709));
#6497=CARTESIAN_POINT('',(1.41680858583831,10.1316648547868,8.41114227235559));
#6498=CARTESIAN_POINT('',(1.32163899773097,9.96644656000001,12.703449019696));
#6499=CARTESIAN_POINT('',(1.45859493788869,10.2042076698649,9.22154887329886));
#6500=CARTESIAN_POINT('',(1.40800168245277,10.1163757105481,8.24034074775943));
#6501=CARTESIAN_POINT('',(1.51533648080879,10.3027133075509,10.2907138558335));
#6502=CARTESIAN_POINT('',(1.45688581281541,10.2012405588812,9.1893443087933));
#6503=CARTESIAN_POINT('',(1.71449162435574,10.6484547767453,10.2905116418125));
#6504=CARTESIAN_POINT('',(-5.54789406244259,-1.95934360842487,10.2978855724358));
#6505=CARTESIAN_POINT('',(-5.47968407773177,-1.8409282870446,10.3071700122206));
#6506=CARTESIAN_POINT('',(1.3497527322245,10.0152531521634,10.2886432757489));
#6507=CARTESIAN_POINT('',(1.34991704382209,10.0155384038126,10.2886587860009));
#6508=CARTESIAN_POINT('',(-5.70498054338863,-2.23205215988664,9.62270920626192));
#6509=CARTESIAN_POINT('',(1.34986154534804,10.0154420561933,10.291097018948));
#6510=CARTESIAN_POINT('',(1.31283017480171,9.95115408335494,9.45603714131476));
#6511=CARTESIAN_POINT('',(1.29445509197575,9.91925418853091,12.7252871910709));
#6512=CARTESIAN_POINT('Origin',(2.63857749399535,12.2527056162703,11.15));
#6513=CARTESIAN_POINT('',(3.26083669321042,11.1220490054029,10.2873222381647));
#6514=CARTESIAN_POINT('',(3.26310235926611,11.1179322477766,11.8496120311863));
#6515=CARTESIAN_POINT('',(3.36428830441395,10.9340754916972,8.28750380976413));
#6516=CARTESIAN_POINT('',(3.23443688468621,11.1700179515771,10.7976557455772));
#6517=CARTESIAN_POINT('',(3.97545950143056,9.82356598834191,8.28858522242432));
#6518=CARTESIAN_POINT('',(2.87904992871108,11.8157627018294,8.28664522394522));
#6519=CARTESIAN_POINT('',(3.97134417921677,9.8310436058247,12.3902541205112));
#6520=CARTESIAN_POINT('Origin',(1.38097476004584,9.99988439270536,10.2911177697803));
#6521=CARTESIAN_POINT('',(1.31863415593559,10.0310568109143,10.2910761919674));
#6522=CARTESIAN_POINT('',(1.42766046327964,9.97568748616947,10.2825522842887));
#6523=CARTESIAN_POINT('',(0.929590741021155,10.2255917244625,10.2908167210407));
#6524=CARTESIAN_POINT('Origin',(1.5,11.,14.1));
#6525=CARTESIAN_POINT('',(2.1730000602454,11.,13.));
#6526=CARTESIAN_POINT('',(2.17099971862561,11.,13.5474256939735));
#6527=CARTESIAN_POINT('',(1.86748688492261,11.,13.3410559232768));
#6528=CARTESIAN_POINT('Ctrl Pts',(1.86748688492261,11.,13.3410559232768));
#6529=CARTESIAN_POINT('Ctrl Pts',(1.98210057234457,11.,13.2382285677439));
#6530=CARTESIAN_POINT('Ctrl Pts',(2.08284803775154,11.,13.1247038426737));
#6531=CARTESIAN_POINT('Ctrl Pts',(2.1730000602454,11.,13.));
#6532=CARTESIAN_POINT('',(1.7859748397015,11.,13.3520451628593));
#6533=CARTESIAN_POINT('Ctrl Pts',(1.7859748397015,11.,13.3520451628592));
#6534=CARTESIAN_POINT('Ctrl Pts',(1.81309421376575,11.,13.3482772470666));
#6535=CARTESIAN_POINT('Ctrl Pts',(1.84027352084808,11.,13.3446157734224));
#6536=CARTESIAN_POINT('Ctrl Pts',(1.86748688497636,11.,13.3410559232698));
#6537=CARTESIAN_POINT('',(1.78597483954031,11.,12.9981073656585));
#6538=CARTESIAN_POINT('',(1.78597483979957,11.,13.5673598610642));
#6539=CARTESIAN_POINT('',(1.78548117092614,11.,12.9981073656586));
#6540=CARTESIAN_POINT('',(1.46448112965544,11.,12.9981073656585));
#6541=CARTESIAN_POINT('',(1.52205416500319,11.,12.9981073656586));
#6542=CARTESIAN_POINT('',(1.33252079238667,11.,12.9981073656586));
#6543=CARTESIAN_POINT('',(1.52205416500319,11.,12.9981100662322));
#6544=CARTESIAN_POINT('',(1.52205416500319,11.,13.1883257052918));
#6545=CARTESIAN_POINT('',(0.5,11.,12.9981100662322));
#6546=CARTESIAN_POINT('',(1.5,11.,12.9981100662322));
#6547=CARTESIAN_POINT('',(0.5,11.,14.1));
#6548=CARTESIAN_POINT('',(4.5,11.,12.9981100671793));
#6549=CARTESIAN_POINT('',(4.5,11.,14.1));
#6550=CARTESIAN_POINT('',(3.48205472487368,11.,12.9981100671793));
#6551=CARTESIAN_POINT('',(3.,11.,12.9981100671793));
#6552=CARTESIAN_POINT('',(3.20873457966322,11.,12.9981087277951));
#6553=CARTESIAN_POINT('',(3.53063018162297,11.,12.9981087283939));
#6554=CARTESIAN_POINT('',(3.20750731080927,11.,12.9981087277928));
#6555=CARTESIAN_POINT('',(3.53063018162297,11.,12.9981087283939));
#6556=CARTESIAN_POINT('',(3.20787910534294,11.,13.3518852184769));
#6557=CARTESIAN_POINT('',(3.20770647541995,11.,13.1876213500901));
#6558=CARTESIAN_POINT('',(3.13494471431538,11.,13.3419821093222));
#6559=CARTESIAN_POINT('Ctrl Pts',(3.13494471431538,11.,13.3419821093222));
#6560=CARTESIAN_POINT('Ctrl Pts',(3.1592110076464,11.,13.345189137863));
#6561=CARTESIAN_POINT('Ctrl Pts',(3.18353025751949,11.,13.3484886573665));
#6562=CARTESIAN_POINT('Ctrl Pts',(3.20787910534293,11.,13.3518852184769));
#6563=CARTESIAN_POINT('',(2.82699998846651,11.,13.));
#6564=CARTESIAN_POINT('Ctrl Pts',(2.82699998846651,11.,13.));
#6565=CARTESIAN_POINT('Ctrl Pts',(2.91789237312429,11.,13.1251450786384));
#6566=CARTESIAN_POINT('Ctrl Pts',(3.0194557844712,11.,13.2389516353786));
#6567=CARTESIAN_POINT('Ctrl Pts',(3.13494471431538,11.,13.3419821093222));
#6568=CARTESIAN_POINT('',(2.82901432537445,11.,13.5512555721345));
#6569=CARTESIAN_POINT('Origin',(1.50714090002427,11.5829159388476,10.2892652555139));
#6570=CARTESIAN_POINT('',(1.50714090002427,11.5829159388476,10.2892652555139));
#6571=CARTESIAN_POINT('',(1.50714090002427,11.5829159388476,10.2892652555139));
#6572=CARTESIAN_POINT('',(1.50094000277099,11.5829159388476,12.5563321309932));
#6573=CARTESIAN_POINT('',(1.5034285405772,11.5829159388476,11.6465151483214));
#6574=CARTESIAN_POINT('',(2.02878643962857,10.5004694716571,12.5577759002776));
#6575=CARTESIAN_POINT('',(1.50094000277099,11.5829159388476,12.5563321309932));
#6576=CARTESIAN_POINT('Origin',(1.67032468331605,11.197598046453,19.3250849059552));
#6577=CARTESIAN_POINT('Origin',(1.30651641935871,11.4850831756777,10.2893957451641));
#6578=CARTESIAN_POINT('',(1.30651641935871,11.4850831756777,10.2893957451641));
#6579=CARTESIAN_POINT('',(1.30651641935871,11.4850831756777,10.2893957451641));
#6580=CARTESIAN_POINT('',(0.714861061770787,11.1965676451447,10.2897805680951));
#6581=CARTESIAN_POINT('Origin',(1.00941290104935,11.3402029131248,10.289330050102));
#6582=CARTESIAN_POINT('',(1.00941290104935,11.3402029131248,10.289330050102));
#6583=CARTESIAN_POINT('',(1.00941290104935,11.3402029131248,10.289330050102));
#6584=CARTESIAN_POINT('',(0.5672636693243,11.1245922157343,10.2892322827601));
#6585=CARTESIAN_POINT('Origin',(1.58327922687897,10.16338417635,10.2908996933101));
#6586=CARTESIAN_POINT('',(1.35007091636124,10.2397400510888,8.29079607075181));
#6587=CARTESIAN_POINT('',(1.58180724362298,10.1638661255947,10.278275275955));
#6588=CARTESIAN_POINT('',(0.928832140636899,11.10356784794,8.28964389549153));
#6589=CARTESIAN_POINT('',(0.852138684792153,11.2608419233889,8.28943412301202));
#6590=CARTESIAN_POINT('',(1.00714011095466,11.3335285924873,10.232928660224));
#6591=CARTESIAN_POINT('Origin',(1.35007091636124,10.2397400510888,8.29079607075181));
#6592=CARTESIAN_POINT('',(1.40616377504703,10.1296365921793,8.29094292696661));
#6593=CARTESIAN_POINT('',(1.61364107793297,10.1691693244747,10.6337404157095));
#6594=CARTESIAN_POINT('',(1.09295648265983,10.7444244110827,8.29012292173805));
#6595=CARTESIAN_POINT('Origin',(1.61291825451376,10.1039590049667,13.));
#6596=CARTESIAN_POINT('',(1.79033460581936,10.4831671816216,2.4));
#6597=CARTESIAN_POINT('',(1.61291825451376,10.1039590049667,13.));
#6598=CARTESIAN_POINT('',(1.50400000369847,10.3399998882413,2.4));
#6599=CARTESIAN_POINT('',(1.79033460581936,10.4831671816216,2.4));
#6600=CARTESIAN_POINT('',(1.36561778361531,10.1093628564698,8.29096996813922));
#6601=CARTESIAN_POINT('',(1.25500000186265,9.92499988824129,13.));
#6602=CARTESIAN_POINT('',(1.56535988561238,10.2092375529062,8.29083675495422));
#6603=CARTESIAN_POINT('Origin',(1.25500000186265,9.92499988824129,13.));
#6604=CARTESIAN_POINT('',(0.971379324373348,10.3064954685278,8.29070703239883));
#6605=CARTESIAN_POINT('',(2.16800000369847,10.0079998882413,2.4));
#6606=CARTESIAN_POINT('',(1.50400000369847,10.3399998882413,2.4));
#6607=CARTESIAN_POINT('',(2.08500000186265,9.50999988824129,13.));
#6608=CARTESIAN_POINT('Origin',(1.25500000186265,9.92499988824129,13.));
#6609=CARTESIAN_POINT('',(2.08500000186265,9.50999988824129,13.));
#6610=CARTESIAN_POINT('',(2.08500000186265,9.50999988824129,13.));
#6611=CARTESIAN_POINT('',(1.25500000186265,9.92499988824129,13.));
#6612=CARTESIAN_POINT('',(1.25500000186265,9.92499988824129,13.));
#6613=CARTESIAN_POINT('',(1.26881045443396,9.94801730902378,12.4120851559171));
#6614=CARTESIAN_POINT('',(1.25500000186265,9.92499988824129,13.));
#6615=CARTESIAN_POINT('',(1.25001140567085,9.93932424192002,12.7675651733741));
#6616=CARTESIAN_POINT('Origin',(1.16796301833419,10.9951626587215,13.0000185140993));
#6617=CARTESIAN_POINT('',(2.22380522235939,11.0905387444733,2.4));
#6618=CARTESIAN_POINT('',(2.22380522235939,11.0905387444733,2.4));
#6619=CARTESIAN_POINT('',(2.20446115317073,10.9926919520448,2.4));
#6620=CARTESIAN_POINT('Origin',(1.43399482821744,11.1958467750566,2.4));
#6621=CARTESIAN_POINT('Origin',(1.43399482821744,11.1958467750566,2.4));
#6622=CARTESIAN_POINT('Origin',(1.16796301833419,10.9951626587215,13.0000185140993));
#6623=CARTESIAN_POINT('',(1.62031143338282,10.1197611216149,12.5582836901144));
#6624=CARTESIAN_POINT('Origin',(1.17862862592278,11.0031836237516,12.5571053794016));
#6625=CARTESIAN_POINT('',(1.61291825451376,10.1039590049667,13.));
#6626=CARTESIAN_POINT('',(1.61291825451376,10.1039590049667,13.));
#6627=CARTESIAN_POINT('',(2.01862953264645,10.4775237499584,13.));
#6628=CARTESIAN_POINT('Origin',(1.16749353251136,10.9948084967604,13.));
#6629=CARTESIAN_POINT('',(2.1547565251888,10.8631734585313,13.));
#6630=CARTESIAN_POINT('Origin',(1.16749353251136,10.9948084967604,13.));
#6631=CARTESIAN_POINT('',(2.22380522235939,11.0905387444733,2.4));
#6632=CARTESIAN_POINT('Origin',(2.08500000186265,9.50999988824129,13.));
#6633=CARTESIAN_POINT('',(2.5000000284344,9.67599990308285,2.4));
#6634=CARTESIAN_POINT('',(2.16800000369847,10.0079998882413,2.4));
#6635=CARTESIAN_POINT('',(2.50000003278255,9.09499990679324,13.));
#6636=CARTESIAN_POINT('Origin',(2.29515037021321,11.6256274650052,2.4));
#6637=CARTESIAN_POINT('',(2.27537657336535,11.6256274650052,7.8114179072641));
#6638=CARTESIAN_POINT('',(2.26590027203997,11.6256274650052,10.4047603533992));
#6639=CARTESIAN_POINT('',(2.29515037021321,11.6679998882413,2.4));
#6640=CARTESIAN_POINT('',(2.27577807516041,11.6264878260234,7.70154047602052));
#6641=CARTESIAN_POINT('',(2.29515037021321,11.6256274650052,2.4));
#6642=CARTESIAN_POINT('',(2.29515037021321,11.6256274650052,2.4));
#6643=CARTESIAN_POINT('',(2.26590027203997,11.6256274650052,10.4047603533992));
#6644=CARTESIAN_POINT('Origin',(2.50000003278255,9.09499990679324,13.));
#6645=CARTESIAN_POINT('',(2.83199997401536,10.0079998882413,2.4));
#6646=CARTESIAN_POINT('',(2.5000000284344,9.67599990308285,2.4));
#6647=CARTESIAN_POINT('',(2.91499996475876,9.50999988824129,13.));
#6648=CARTESIAN_POINT('Origin',(2.91499996475876,9.50999988824129,13.));
#6649=CARTESIAN_POINT('',(3.49600000369847,10.3399998882413,2.4));
#6650=CARTESIAN_POINT('',(2.83199997401536,10.0079998882413,2.4));
#6651=CARTESIAN_POINT('',(3.74500000186265,9.92499988824129,13.));
#6652=CARTESIAN_POINT('Origin',(2.25100002907217,11.5849998882413,13.));
#6653=CARTESIAN_POINT('',(2.30080002546608,11.6679998882413,2.4));
#6654=CARTESIAN_POINT('Origin',(2.25100002907217,11.5849998882413,13.));
#6655=CARTESIAN_POINT('',(2.27453091304923,11.6242180310429,7.99141790726414));
#6656=CARTESIAN_POINT('',(2.32176427237492,11.9784682998879,7.99141790726414));
#6657=CARTESIAN_POINT('',(2.25100002907217,11.5849998882413,13.));
#6658=CARTESIAN_POINT('Origin',(2.25100002907217,11.5849998882413,13.));
#6659=CARTESIAN_POINT('',(2.25100002907217,11.5849998882413,13.));
#6660=CARTESIAN_POINT('Origin',(3.12103404320091,11.7120698645781,7.99141790726414));
#6661=CARTESIAN_POINT('',(2.19999998480082,11.8,7.99141790726414));
#6662=CARTESIAN_POINT('',(2.62206111475229,11.8,7.99141790726414));
#6663=CARTESIAN_POINT('',(2.19999998480082,11.6242180310429,7.99141790726414));
#6664=CARTESIAN_POINT('',(2.19999998480082,11.956034932289,7.99141790726414));
#6665=CARTESIAN_POINT('',(2.59302706153271,11.6242180310429,7.99141790726414));
#6666=CARTESIAN_POINT('Origin',(3.83203702855893,10.9951626427389,13.0000185141));
#6667=CARTESIAN_POINT('',(3.20966542719822,10.4831671732914,2.4));
#6668=CARTESIAN_POINT('',(3.20966542719822,10.4831671732914,2.4));
#6669=CARTESIAN_POINT('',(2.79553886651454,10.9926920236486,2.4));
#6670=CARTESIAN_POINT('Origin',(3.56600521372074,11.195846762266,2.4));
#6671=CARTESIAN_POINT('',(2.77619481659797,11.0905387540389,2.4));
#6672=CARTESIAN_POINT('Origin',(3.56600521372074,11.195846762266,2.4));
#6673=CARTESIAN_POINT('',(2.84524351798702,10.8631734704883,13.));
#6674=CARTESIAN_POINT('Origin',(3.83203702855893,10.9951626427389,13.0000185141));
#6675=CARTESIAN_POINT('',(2.84524351798702,10.8631734704883,13.));
#6676=CARTESIAN_POINT('',(2.84524351798702,10.8631734704883,13.));
#6677=CARTESIAN_POINT('',(2.98226870519319,10.4760487408045,13.));
#6678=CARTESIAN_POINT('Origin',(3.83250651439048,10.9948084807722,13.));
#6679=CARTESIAN_POINT('',(3.38708178123734,10.1039589945539,13.));
#6680=CARTESIAN_POINT('Origin',(3.83250651439048,10.9948084807722,13.));
#6681=CARTESIAN_POINT('',(3.37963937369043,10.1198663319951,12.5553424574387));
#6682=CARTESIAN_POINT('',(3.20966542719822,10.4831671732914,2.4));
#6683=CARTESIAN_POINT('',(2.96724630006999,10.5072702781279,12.555457669846));
#6684=CARTESIAN_POINT('Origin',(3.82127768278777,11.0032491201693,12.5541527829135));
#6685=CARTESIAN_POINT('Origin',(3.32397226683893,11.2031136606244,18.9172891009078));
#6686=CARTESIAN_POINT('Origin',(2.84524351798702,10.8631734704883,13.));
#6687=CARTESIAN_POINT('',(2.70484968543488,11.6256274650052,2.4));
#6688=CARTESIAN_POINT('',(2.77619481659797,11.0905387540389,2.4));
#6689=CARTESIAN_POINT('',(2.72932659399678,11.6256274650052,9.09849824038181));
#6690=CARTESIAN_POINT('Origin',(2.84524351798702,10.8631734704883,13.));
#6691=CARTESIAN_POINT('',(2.84524351798702,10.8631734704883,13.));
#6692=CARTESIAN_POINT('Origin',(2.49999998480082,12.2,7.76698364874641));
#6693=CARTESIAN_POINT('',(2.34999998480082,11.8,7.76698364874641));
#6694=CARTESIAN_POINT('',(2.34999998480082,12.2,7.76698364874641));
#6695=CARTESIAN_POINT('Origin',(2.49999998480082,11.8,7.76698364874641));
#6696=CARTESIAN_POINT('Origin',(2.64999997138977,12.2,4.06367074707192));
#6697=CARTESIAN_POINT('',(2.64999997138977,11.8,4.36617666057804));
#6698=CARTESIAN_POINT('',(2.64999997138977,11.8,5.88996422526741));
#6699=CARTESIAN_POINT('',(2.64999997138977,12.,4.36617666057804));
#6700=CARTESIAN_POINT('Origin',(2.50205414310277,11.8,7.7162577034629));
#6701=CARTESIAN_POINT('',(2.79999997138977,11.8,3.96691195469569));
#6702=CARTESIAN_POINT('',(2.79999997138977,11.8,4.10000018998981));
#6703=CARTESIAN_POINT('',(2.13938877725007,11.8,5.72530351556757));
#6704=CARTESIAN_POINT('Origin',(2.50205414310277,11.8,7.7162577034629));
#6705=CARTESIAN_POINT('',(2.19999998480082,11.8,3.9488462215228));
#6706=CARTESIAN_POINT('',(2.19999998480082,11.8,5.90812894672635));
#6707=CARTESIAN_POINT('',(2.34999998480082,11.8,4.3495760056384));
#6708=CARTESIAN_POINT('',(2.34999998480082,11.8,4.06385770363993));
#6709=CARTESIAN_POINT('',(2.19999998480082,11.8,3.9481054174031));
#6710=CARTESIAN_POINT('',(2.86437295045106,11.8,5.72628011958466));
#6711=CARTESIAN_POINT('',(2.19999998480082,11.8,5.90812894672635));
#6712=CARTESIAN_POINT('Origin',(1.50400000186265,11.5849998882413,13.));
#6713=CARTESIAN_POINT('',(2.19999998480082,11.6558721300916,3.9488462215228));
#6714=CARTESIAN_POINT('',(2.19999998480082,11.6558779307277,3.9481054174031));
#6715=CARTESIAN_POINT('',(2.19999998480082,11.6198486815038,8.54943122190083));
#6716=CARTESIAN_POINT('',(1.9224749306686,11.6616940981357,3.20531777251981));
#6717=CARTESIAN_POINT('',(3.49291515994159,11.6287819587026,7.40855485675046));
#6718=CARTESIAN_POINT('',(1.52205416500277,11.6537582429984,4.21881252499275));
#6719=CARTESIAN_POINT('',(0.0210929730931458,11.624011008072,8.0178569854777));
#6720=CARTESIAN_POINT('',(1.52205416500277,11.6561360329762,3.91514296156754));
#6721=CARTESIAN_POINT('',(1.52205416500277,11.6046240540842,10.4937812297028));
#6722=CARTESIAN_POINT('',(1.6802473322304,11.6584362752177,3.62137708493624));
#6723=CARTESIAN_POINT('',(-0.378031123606657,11.6285074285301,7.44361533660626));
#6724=CARTESIAN_POINT('',(1.70320000369847,11.6679998882413,2.4));
#6725=CARTESIAN_POINT('',(1.50400000186265,11.5849998882413,13.));
#6726=CARTESIAN_POINT('',(1.70320000369847,11.6679998882413,2.4));
#6727=CARTESIAN_POINT('',(2.19999998480082,11.6198486815038,8.54943122190083));
#6728=CARTESIAN_POINT('Origin',(1.51797875763165,11.8,3.922711023071));
#6729=CARTESIAN_POINT('',(1.52205416500277,11.5815663994632,3.91514296156754));
#6730=CARTESIAN_POINT('',(1.52205416500277,11.8,3.91514296156754));
#6731=CARTESIAN_POINT('',(1.55867394129977,11.5993608320764,3.84713976728007));
#6732=CARTESIAN_POINT('Origin',(2.50205414310277,11.8,7.7162577034629));
#6733=CARTESIAN_POINT('',(1.52205416500277,11.8,4.21881252499275));
#6734=CARTESIAN_POINT('',(1.9224749306686,11.8,3.20531777251981));
#6735=CARTESIAN_POINT('',(1.09702537729295,11.8,5.29459201229666));
#6736=CARTESIAN_POINT('',(1.82755654823845,11.8,2.95127151366265));
#6737=CARTESIAN_POINT('',(2.86437295045107,11.8,5.72628011958466));
#6738=CARTESIAN_POINT('',(1.82498601695257,11.8,2.95777771961571));
#6739=CARTESIAN_POINT('',(1.81521259383267,11.8,2.98251498075461));
#6740=CARTESIAN_POINT('',(1.82466697313686,11.8,2.95692850004742));
#6741=CARTESIAN_POINT('',(1.94148575803628,11.8,3.26787261867676));
#6742=CARTESIAN_POINT('',(1.32205412120276,11.8,3.89028426782286));
#6743=CARTESIAN_POINT('',(1.42779633813707,11.8,3.6939201921865));
#6744=CARTESIAN_POINT('',(1.32205416500277,11.8,7.99207070447593));
#6745=CARTESIAN_POINT('',(1.32205412120276,11.8,4.01386462044538));
#6746=CARTESIAN_POINT('',(1.52205416500277,11.8,7.99207070447593));
#6747=CARTESIAN_POINT('',(1.91205415405277,11.8,7.99207070447593));
#6748=CARTESIAN_POINT('',(1.52205416500277,11.8,4.02931204300121));
#6749=CARTESIAN_POINT('Origin',(1.52205416500277,12.2,4.21881252499275));
#6750=CARTESIAN_POINT('',(1.9224749306686,12.2,3.20531777251981));
#6751=CARTESIAN_POINT('',(1.52205416500277,12.2,4.21881252499275));
#6752=CARTESIAN_POINT('Origin',(1.50400000186265,11.5849998882413,13.));
#6753=CARTESIAN_POINT('',(2.70484968543488,11.6679998882413,2.4));
#6754=CARTESIAN_POINT('',(2.73409498318522,11.6053314089018,10.4034443493819));
#6755=CARTESIAN_POINT('',(3.29680000369847,11.6679998882413,2.4));
#6756=CARTESIAN_POINT('',(2.69920003140271,11.6679998882413,2.4));
#6757=CARTESIAN_POINT('',(3.32010198175764,11.6582907306272,3.63996470734706));
#6758=CARTESIAN_POINT('',(3.49600000186265,11.5849998882413,13.));
#6759=CARTESIAN_POINT('',(3.086091079963,11.66169341717,3.2054047392287));
#6760=CARTESIAN_POINT('',(5.09171983676028,11.6325301349113,6.92987211201785));
#6761=CARTESIAN_POINT('',(2.79999997138977,11.6557306719923,3.96691195469569));
#6762=CARTESIAN_POINT('',(1.2850722159029,11.6241563661228,7.99929318621227));
#6763=CARTESIAN_POINT('',(2.79999997138977,11.6252751065146,7.85641790726413));
#6764=CARTESIAN_POINT('Origin',(2.25632483100371,12.2,4.09885721165204));
#6765=CARTESIAN_POINT('',(2.34999998480082,12.4,4.3495760056384));
#6766=CARTESIAN_POINT('',(1.82755654823845,12.2,2.95127151366265));
#6767=CARTESIAN_POINT('',(2.19999998480082,12.2,3.9481054174031));
#6768=CARTESIAN_POINT('Origin',(9.22175822073099,11.9755396300695,15.05));
#6769=CARTESIAN_POINT('',(9.22175822073099,11.9755396300695,15.5));
#6770=CARTESIAN_POINT('',(9.22158503628831,11.9754396419849,15.5));
#6771=CARTESIAN_POINT('',(6.67250181274727,10.5037257566759,15.5));
#6772=CARTESIAN_POINT('',(9.22175822073099,11.9755396300695,15.05));
#6773=CARTESIAN_POINT('',(9.22175822073099,11.9755396300695,15.55));
#6774=CARTESIAN_POINT('',(9.22158503628831,11.9754396419849,15.05));
#6775=CARTESIAN_POINT('',(4.82538025843543,9.43728963006024,15.05));
#6776=CARTESIAN_POINT('',(9.22158503628831,11.9754396419849,15.3));
#6777=CARTESIAN_POINT('Origin',(7.55796765227505,9.09376983234989,16.05));
#6778=CARTESIAN_POINT('',(5.90187879126012,6.22533978322314,15.5));
#6779=CARTESIAN_POINT('',(7.51924428125244,9.02669898629839,15.5));
#6780=CARTESIAN_POINT('',(5.90187879126012,6.22533978322314,15.05));
#6781=CARTESIAN_POINT('',(5.90187879126012,6.22533978322314,15.55));
#6782=CARTESIAN_POINT('',(8.81370448776249,11.2687698323499,15.05));
#6783=CARTESIAN_POINT('Origin',(2.49824852132068,6.22533978322314,16.05));
#6784=CARTESIAN_POINT('',(-0.73764915509141,6.22533978322314,15.5));
#6785=CARTESIAN_POINT('',(2.50272786554137,6.22533978322314,15.5));
#6786=CARTESIAN_POINT('',(-0.73764915509141,6.22533978322314,15.05));
#6787=CARTESIAN_POINT('',(-0.73764915509141,6.22533978322314,15.55));
#6788=CARTESIAN_POINT('',(5.02496428361381,6.22533978322314,15.05));
#6789=CARTESIAN_POINT('Origin',(-0.73764915509141,6.22533978322314,16.05));
#6790=CARTESIAN_POINT('',(-0.737476194642488,6.22543964198489,15.5));
#6791=CARTESIAN_POINT('',(1.69282698890076,7.62857583921108,15.5));
#6792=CARTESIAN_POINT('',(-0.737476194642488,6.22543964198489,15.05));
#6793=CARTESIAN_POINT('',(-0.737476194642488,6.22543964198489,15.8));
#6794=CARTESIAN_POINT('',(-0.154294565421496,6.56213971260089,15.05));
#6795=CARTESIAN_POINT('Origin',(4.43237192310593,8.6650000346303,15.05));
#6796=CARTESIAN_POINT('',(4.43237192310593,8.6650000346303,15.5));
#6797=CARTESIAN_POINT('',(2.99649704264136,8.6650000346303,15.5));
#6798=CARTESIAN_POINT('',(3.46978956643399,8.6650000346303,15.5));
#6799=CARTESIAN_POINT('',(4.43237192310593,8.6650000346303,15.05));
#6800=CARTESIAN_POINT('',(0.564125119535435,8.6650000346303,15.5));
#6801=CARTESIAN_POINT('',(0.564125119535435,8.6650000346303,15.05));
#6802=CARTESIAN_POINT('',(2.,8.6650000346303,15.5));
#6803=CARTESIAN_POINT('',(3.46978956643399,8.6650000346303,15.5));
#6804=CARTESIAN_POINT('',(2.,8.6650000346303,16.9));
#6805=CARTESIAN_POINT('',(2.,8.6650000346303,15.5));
#6806=CARTESIAN_POINT('',(2.99649704264136,8.6650000346303,16.9));
#6807=CARTESIAN_POINT('',(2.74737278198102,8.6650000346303,16.9));
#6808=CARTESIAN_POINT('',(2.99649704264136,8.6650000346303,15.5));
#6809=CARTESIAN_POINT('Origin',(6.36649532489117,12.0150000346303,15.05));
#6810=CARTESIAN_POINT('',(5.84424110342225,11.1104291885788,15.5));
#6811=CARTESIAN_POINT('Origin',(-2.52469882062906,12.0150000346303,15.05));
#6812=CARTESIAN_POINT('',(-2.9656175880336,12.,15.05));
#6813=CARTESIAN_POINT('',(-4.04370739886077,12.,15.05));
#6814=CARTESIAN_POINT('',(0.0277791974640493,12.,15.05));
#6815=CARTESIAN_POINT('',(-2.4753687534309,11.9295578519023,15.05));
#6816=CARTESIAN_POINT('Origin',(-2.71562103593324,11.9986870118307,15.05));
#6817=CARTESIAN_POINT('',(-0.0132251496541906,7.6650000346303,15.05));
#6818=CARTESIAN_POINT('',(-2.52469882062906,12.0150000346303,15.05));
#6819=CARTESIAN_POINT('',(2.49824852132068,7.6650000346303,15.05));
#6820=CARTESIAN_POINT('',(-0.0132251496541906,7.6650000346303,15.05));
#6821=CARTESIAN_POINT('',(5.00972219229555,7.6650000346303,15.05));
#6822=CARTESIAN_POINT('',(-0.0132251496541906,7.6650000346303,15.05));
#6823=CARTESIAN_POINT('',(5.00972219229555,7.6650000346303,15.05));
#6824=CARTESIAN_POINT('',(8.04399447652041,12.,15.05));
#6825=CARTESIAN_POINT('Origin',(7.79404018058974,11.9952198383076,15.05));
#6826=CARTESIAN_POINT('',(9.20740510697689,12.,15.05));
#6827=CARTESIAN_POINT('',(0.0277791974640493,12.,15.05));
#6828=CARTESIAN_POINT('',(7.00630919873583,15.8124099454055,15.05));
#6829=CARTESIAN_POINT('',(-4.06124378961668,11.9823739890312,15.05));
#6830=CARTESIAN_POINT('',(-3.6912350395267,11.3415000346303,15.05));
#6831=CARTESIAN_POINT('',(-4.05039771270009,11.9884120365117,15.05));
#6832=CARTESIAN_POINT('',(-4.05039771270009,11.9884120365117,15.05));
#6833=CARTESIAN_POINT('',(-1.14598637780423,17.0190000346303,15.05));
#6834=CARTESIAN_POINT('Origin',(-3.68012646196039,11.3222594138856,15.55));
#6835=CARTESIAN_POINT('',(-4.06124378961668,11.9823739890312,15.5));
#6836=CARTESIAN_POINT('',(-3.01684928986687,10.173429652319,15.5));
#6837=CARTESIAN_POINT('',(-4.06124378961668,11.9823739890312,15.8));
#6838=CARTESIAN_POINT('Origin',(-4.05039771270009,11.9884120365117,16.05));
#6839=CARTESIAN_POINT('',(-4.05039771270009,11.9884120365117,15.5));
#6840=CARTESIAN_POINT('',(-1.58079485246015,13.3632482508278,15.5));
#6841=CARTESIAN_POINT('',(-4.05039771270009,11.9884120365117,16.05));
#6842=CARTESIAN_POINT('Origin',(-1.14598637780423,17.0190000346303,15.05));
#6843=CARTESIAN_POINT('',(-4.04370739886078,12.,15.5));
#6844=CARTESIAN_POINT('',(-4.04370739886078,12.,11.7499205064006));
#6845=CARTESIAN_POINT('',(-1.81257816657056,15.8644291885788,15.5));
#6846=CARTESIAN_POINT('Origin',(3.49600000186265,11.5849998882413,13.));
#6847=CARTESIAN_POINT('',(3.48205412120276,11.5917973154244,12.9976226716131));
#6848=CARTESIAN_POINT('',(3.48205412120277,11.5797171905997,3.940711023071));
#6849=CARTESIAN_POINT('',(3.48205412120276,11.5857593841543,8.47076464263857));
#6850=CARTESIAN_POINT('',(5.05897703469801,10.8146490903064,6.86906848743811));
#6851=CARTESIAN_POINT('',(4.40143547548525,11.1293331637512,2.4));
#6852=CARTESIAN_POINT('',(3.29680000369847,11.6679998882413,2.4));
#6853=CARTESIAN_POINT('',(4.66543749852972,11.0084467171896,8.28696591938318));
#6854=CARTESIAN_POINT('',(4.87679434159613,10.9116664826287,13.));
#6855=CARTESIAN_POINT('',(3.64235873004686,11.5073426605869,8.28673969786982));
#6856=CARTESIAN_POINT('',(3.49032225539148,11.5814819964725,8.28670607981181));
#6857=CARTESIAN_POINT('',(3.48697285147005,11.5857829071093,10.2867037090639));
#6858=CARTESIAN_POINT('',(3.46008698536837,11.5993551440738,10.6327503711263));
#6859=CARTESIAN_POINT('',(3.49438778827893,11.5857829071092,12.9976276114073));
#6860=CARTESIAN_POINT('',(3.49378435838457,11.5857829071092,12.7770117698719));
#6861=CARTESIAN_POINT('',(4.01659412808646,11.3311334072501,12.9978367618458));
#6862=CARTESIAN_POINT('Origin',(3.48627920043065,11.5834535589573,8.28670518581807));
#6863=CARTESIAN_POINT('',(3.56685994899708,11.3494860118041,8.28694973447544));
#6864=CARTESIAN_POINT('',(3.12897573289461,10.4515236620781,8.28814743825058));
#6865=CARTESIAN_POINT('',(3.60489389395405,11.4290092969143,8.28684392454598));
#6866=CARTESIAN_POINT('',(4.6916197574622,10.9172455222943,8.28706305844674));
#6867=CARTESIAN_POINT('',(4.56584005009186,11.3553765344174,8.28659640188283));
#6868=CARTESIAN_POINT('',(4.12317068193316,9.75153584656069,8.28861788408032));
#6869=CARTESIAN_POINT('',(4.72251950206752,10.9806111478441,8.28697854126296));
#6870=CARTESIAN_POINT('',(3.13544856379048,10.2331904103397,8.28839948057197));
#6871=CARTESIAN_POINT('Origin',(3.56685994899708,11.3494860118041,8.28694973447544));
#6872=CARTESIAN_POINT('',(3.4894009555444,11.5786008530354,10.2259227954534));
#6873=CARTESIAN_POINT('Origin',(4.87679434159613,10.9116664826287,13.));
#6874=CARTESIAN_POINT('',(4.29147200369847,11.5124265225269,2.4));
#6875=CARTESIAN_POINT('',(4.40143547548525,11.1293331637512,2.4));
#6876=CARTESIAN_POINT('',(4.73934000186265,11.3905331810982,13.));
#6877=CARTESIAN_POINT('',(4.73934000186265,11.3905331810982,13.));
#6878=CARTESIAN_POINT('',(4.87679434159613,10.9116664826287,13.));
#6879=CARTESIAN_POINT('',(4.87679434159613,10.9116664826287,13.));
#6880=CARTESIAN_POINT('',(4.89206991489837,10.9257193602758,13.4957349087854));
#6881=CARTESIAN_POINT('Ctrl Pts',(4.87679434159613,10.9116664826287,13.));
#6882=CARTESIAN_POINT('Ctrl Pts',(4.8785182614329,10.9261559986946,13.1510363757871));
#6883=CARTESIAN_POINT('Ctrl Pts',(4.88240857362805,10.9322183998187,13.2955893467215));
#6884=CARTESIAN_POINT('Ctrl Pts',(4.88990231521392,10.9276410865869,13.4542471481093));
#6885=CARTESIAN_POINT('Ctrl Pts',(4.89095719675454,10.926797599417,13.4751135733971));
#6886=CARTESIAN_POINT('Ctrl Pts',(4.89206991528341,10.9257193601345,13.4957349087572));
#6887=CARTESIAN_POINT('',(4.81262793953286,10.767088772849,10.2871974502479));
#6888=CARTESIAN_POINT('',(4.84630881868986,10.8343431133949,11.6475156165171));
#6889=CARTESIAN_POINT('',(4.8952576560761,10.6645551306488,11.6529773092198));
#6890=CARTESIAN_POINT('Origin',(3.74500000186265,9.92499988824129,13.));
#6891=CARTESIAN_POINT('',(3.49600000369847,10.3399998882413,2.4));
#6892=CARTESIAN_POINT('Origin',(2.91499996475876,9.50999988824129,13.));
#6893=CARTESIAN_POINT('',(3.73105610201243,9.94823972149632,12.4064042590281));
#6894=CARTESIAN_POINT('',(3.77733034397041,9.92684155947971,13.2814255647981));
#6895=CARTESIAN_POINT('',(3.74500000186265,9.92499988824129,13.));
#6896=CARTESIAN_POINT('',(3.74496191462157,9.92506336697688,12.9983786154284));
#6897=CARTESIAN_POINT('',(2.91499996475876,9.50999988824129,13.));
#6898=CARTESIAN_POINT('',(2.91499996475876,9.50999988824129,13.));
#6899=CARTESIAN_POINT('',(2.91499996475876,9.50999988824129,13.));
#6900=CARTESIAN_POINT('Origin',(4.28113853686394,9.67717172326203,10.2886511835423));
#6901=CARTESIAN_POINT('',(4.28113853686394,9.67717172326203,10.2886511835423));
#6902=CARTESIAN_POINT('',(4.8804873569983,10.9062470245454,10.287011840725));
#6903=CARTESIAN_POINT('',(4.40843151670618,9.617247944135,11.900309445179));
#6904=CARTESIAN_POINT('Origin',(3.38581712895273,10.1182163259413,13.6236451744364));
#6905=CARTESIAN_POINT('',(4.28525911139085,9.6803920367957,14.2095329171119));
#6906=CARTESIAN_POINT('',(4.28352005425798,9.67903292796652,12.55475460856));
#6907=CARTESIAN_POINT('',(4.06443705665982,9.78792806475408,14.1));
#6908=CARTESIAN_POINT('Ctrl Pts',(4.06443705665982,9.78792806475408,14.1));
#6909=CARTESIAN_POINT('Ctrl Pts',(4.13703785423109,9.75257658115879,14.1387759129942));
#6910=CARTESIAN_POINT('Ctrl Pts',(4.21079409244002,9.71665873133534,14.1752152013448));
#6911=CARTESIAN_POINT('Ctrl Pts',(4.28525911139085,9.6803920367957,14.2095329171119));
#6912=CARTESIAN_POINT('',(3.87313846358013,9.88107470931634,13.9960889540814));
#6913=CARTESIAN_POINT('Ctrl Pts',(3.87313846358013,9.88107470931634,13.9960889540814));
#6914=CARTESIAN_POINT('Ctrl Pts',(3.91385725115904,9.86124687446953,14.0173506476178));
#6915=CARTESIAN_POINT('Ctrl Pts',(3.95438086007942,9.84151479218163,14.0390436154838));
#6916=CARTESIAN_POINT('Ctrl Pts',(3.99471997982865,9.82187327141136,14.0611840538325));
#6917=CARTESIAN_POINT('Ctrl Pts',(4.01802573509613,9.81052546612958,14.0739755981417));
#6918=CARTESIAN_POINT('Ctrl Pts',(4.04126396671366,9.79921078308695,14.0869132413267));
#6919=CARTESIAN_POINT('Ctrl Pts',(4.06443705665982,9.78792806475408,14.1));
#6920=CARTESIAN_POINT('',(3.38581712895273,10.1182163259413,13.6236451744364));
#6921=CARTESIAN_POINT('Ctrl Pts',(3.87313846358809,9.88107470931247,13.9960889540861));
#6922=CARTESIAN_POINT('Ctrl Pts',(3.6968502997776,9.96690096140979,13.8916713014044));
#6923=CARTESIAN_POINT('Ctrl Pts',(3.53465845455255,10.0458297737963,13.7696484974958));
#6924=CARTESIAN_POINT('Ctrl Pts',(3.38581712895273,10.1182163259413,13.6236451744364));
#6925=CARTESIAN_POINT('',(3.38469441355382,10.1173389008226,12.5553392207821));
#6926=CARTESIAN_POINT('',(3.38469441355382,10.1173389008226,12.5553392207821));
#6927=CARTESIAN_POINT('',(3.31595386525008,10.1508991088131,12.5848975445624));
#6928=CARTESIAN_POINT('Origin',(3.48697285147005,11.5857829071093,10.2867037090639));
#6929=CARTESIAN_POINT('',(2.97239518004263,10.5305464816808,10.2881111852802));
#6930=CARTESIAN_POINT('Origin',(3.49317442750448,11.5857829071092,12.5540191477881));
#6931=CARTESIAN_POINT('',(2.96829922216119,10.5067262917696,13.037393308892));
#6932=CARTESIAN_POINT('',(2.96762373063836,10.5070753530056,12.728199640413));
#6933=CARTESIAN_POINT('',(3.01777540924706,10.6072628940937,13.2018945802766));
#6934=CARTESIAN_POINT('Ctrl Pts',(3.01777540924716,10.6072628940939,13.2018945802768));
#6935=CARTESIAN_POINT('Ctrl Pts',(3.0119407596132,10.5953459210298,13.1933435684531));
#6936=CARTESIAN_POINT('Ctrl Pts',(3.00638874116846,10.5840139792542,13.1838212180039));
#6937=CARTESIAN_POINT('Ctrl Pts',(2.99096570612233,10.5525648234632,13.1520177753939));
#6938=CARTESIAN_POINT('Ctrl Pts',(2.98272052430658,10.5357950811547,13.1273436470381));
#6939=CARTESIAN_POINT('Ctrl Pts',(2.97275186190626,10.5156232162684,13.0791063666757));
#6940=CARTESIAN_POINT('Ctrl Pts',(2.96999024369473,10.5100754489685,13.0585326882521));
#6941=CARTESIAN_POINT('Ctrl Pts',(2.96829922191137,10.5067262937037,13.0373933086056));
#6942=CARTESIAN_POINT('',(3.17797408529414,10.9347777579012,13.3801100481065));
#6943=CARTESIAN_POINT('Ctrl Pts',(3.17797408529414,10.9347777579012,13.3801100481065));
#6944=CARTESIAN_POINT('Ctrl Pts',(3.11705744992131,10.8101455856051,13.3288193686675));
#6945=CARTESIAN_POINT('Ctrl Pts',(3.06424474892145,10.7021741405181,13.269998047995));
#6946=CARTESIAN_POINT('Ctrl Pts',(3.01777540924706,10.6072628940937,13.2018945802766));
#6947=CARTESIAN_POINT('',(3.20788110538573,10.9962547984931,13.3537883344537));
#6948=CARTESIAN_POINT('Ctrl Pts',(3.20788110538572,10.9962547984931,13.3537883344537));
#6949=CARTESIAN_POINT('Ctrl Pts',(3.19806359545992,10.9760725865274,13.3626575945758));
#6950=CARTESIAN_POINT('Ctrl Pts',(3.18809557755272,10.9555822718132,13.3714307024337));
#6951=CARTESIAN_POINT('Ctrl Pts',(3.17797408529414,10.9347777579012,13.3801100481065));
#6952=CARTESIAN_POINT('',(3.20750731298159,10.9974832705432,12.9981107948404));
#6953=CARTESIAN_POINT('',(3.20727304707836,10.9982531875111,12.7751979716896));
#6954=CARTESIAN_POINT('',(3.47535201750617,11.5467466603386,12.9976596727355));
#6955=CARTESIAN_POINT('',(3.48205424108419,11.5604907664548,12.9976483843988));
#6956=CARTESIAN_POINT('',(3.47535201750617,11.5467466603386,12.9976596727355));
#6957=CARTESIAN_POINT('',(3.47535201750617,11.5467466603386,12.9976596727355));
#6958=CARTESIAN_POINT('Origin',(1.00941290013847,11.3375353110137,8.28933182912803));
#6959=CARTESIAN_POINT('',(0.867274654576618,9.74671545345484,8.29145366828537));
#6960=CARTESIAN_POINT('',(1.60882669287238,10.1083267817439,8.29097134994724));
#6961=CARTESIAN_POINT('',(0.303899172161022,10.9020207810288,8.28991271970587));
#6962=CARTESIAN_POINT('',(0.267860861842713,10.9759239827247,8.28981414746616));
#6963=CARTESIAN_POINT('',(0.334436758869318,11.0083891332638,8.28977084534527));
#6964=CARTESIAN_POINT('',(0.450821375751016,11.4137793836939,8.28923013486736));
#6965=CARTESIAN_POINT('',(0.85333335915433,11.2614244958325,8.28943334597504));
#6966=CARTESIAN_POINT('',(0.806117614888105,11.2384001534822,8.289464055916));
#6967=CARTESIAN_POINT('',(0.852764250286898,11.2626144172634,8.28943175885543));
#6968=CARTESIAN_POINT('Origin',(0.26066000013113,11.3905331897558,13.));
#6969=CARTESIAN_POINT('',(0.183207518967651,10.7529757069261,10.2901132954425));
#6970=CARTESIAN_POINT('',(0.103755274532727,10.6548581872295,11.6068607328786));
#6971=CARTESIAN_POINT('',(0.107915632961507,10.911512401239,13.391411669896));
#6972=CARTESIAN_POINT('',(0.122498689589475,10.8808059106274,12.7907306109676));
#6973=CARTESIAN_POINT('',(0.111198123632106,10.9215724975377,13.3812750069837));
#6974=CARTESIAN_POINT('Ctrl Pts',(0.111206088892346,10.9215561818862,13.3812889589057));
#6975=CARTESIAN_POINT('Ctrl Pts',(0.110115093716504,10.9182274112768,13.3846778898704));
#6976=CARTESIAN_POINT('Ctrl Pts',(0.10901758710934,10.9148784119279,13.3880523171145));
#6977=CARTESIAN_POINT('Ctrl Pts',(0.107917288375423,10.9115090100843,13.3914143560918));
#6978=CARTESIAN_POINT('',(0.123205705417037,10.9116664980887,13.));
#6979=CARTESIAN_POINT('Ctrl Pts',(0.111198123632106,10.9215724975377,13.3812750069837));
#6980=CARTESIAN_POINT('Ctrl Pts',(0.116564111078762,10.9242379322641,13.2631532473573));
#6981=CARTESIAN_POINT('Ctrl Pts',(0.120567744024412,10.9209919599545,13.136434669519));
#6982=CARTESIAN_POINT('Ctrl Pts',(0.123205705416832,10.9116664980883,12.9999999999971));
#6983=CARTESIAN_POINT('',(0.26066000013113,11.3905331897558,13.));
#6984=CARTESIAN_POINT('',(0.123205705417036,10.9116664980887,13.));
#6985=CARTESIAN_POINT('',(0.708528002313256,11.5124265294529,2.4));
#6986=CARTESIAN_POINT('',(0.26066000013113,11.3905331897558,13.));
#6987=CARTESIAN_POINT('',(0.598564566541981,11.1293331761192,2.4));
#6988=CARTESIAN_POINT('',(0.598564566541981,11.1293331761192,2.4));
#6989=CARTESIAN_POINT('',(0.123205705417037,10.9116664980887,13.));
#6990=CARTESIAN_POINT('Origin',(0.183207518967651,10.7529757069261,10.2901132954425));
#6991=CARTESIAN_POINT('',(0.710000440141183,9.67268966794112,10.2915541831433));
#6992=CARTESIAN_POINT('',(0.624943523929796,9.63265510119078,11.3732469610555));
#6993=CARTESIAN_POINT('',(0.110586647407279,10.901898197211,10.2899146623241));
#6994=CARTESIAN_POINT('Origin',(0.123205705417037,10.9116664980887,13.));
#6995=CARTESIAN_POINT('',(1.70320000369847,11.6679998882413,2.4));
#6996=CARTESIAN_POINT('',(1.51797875763165,11.5797084136948,3.92211304440361));
#6997=CARTESIAN_POINT('',(-0.463437422412001,10.6183845157839,7.59431573357536));
#6998=CARTESIAN_POINT('',(1.51797875763165,11.5802779907707,4.34914574297597));
#6999=CARTESIAN_POINT('',(1.51797875763165,11.5860470920176,8.67445126870783));
#7000=CARTESIAN_POINT('',(1.52205416500277,11.5822653516166,4.34916130438636));
#7001=CARTESIAN_POINT('',(0.852136893462053,11.2555820941623,4.34660331284215));
#7002=CARTESIAN_POINT('',(1.52205416500277,11.5938002769557,12.9973153535179));
#7003=CARTESIAN_POINT('',(1.52205416500277,11.5904640030286,10.4959891616684));
#7004=CARTESIAN_POINT('',(1.50094000297184,11.5835041415756,12.9973290865263));
#7005=CARTESIAN_POINT('',(0.812072854194361,11.2475841362083,12.9977771373826));
#7006=CARTESIAN_POINT('',(1.50094000287182,11.5832112238351,12.7777180143266));
#7007=CARTESIAN_POINT('',(0.968979258205591,11.3197947395108,9.7712409522145));
#7008=CARTESIAN_POINT('Origin',(1.00941290104935,11.3402029131248,10.289330050102));
#7009=CARTESIAN_POINT('Origin',(1.58327922687897,10.16338417635,10.2908996933101));
#7010=CARTESIAN_POINT('',(1.3101116671467,10.0352845360215,10.2917347729565));
#7011=CARTESIAN_POINT('Origin',(1.25500000186265,9.92499988824129,13.));
#7012=CARTESIAN_POINT('Origin',(1.60882669481589,10.1140185427266,12.5582913495842));
#7013=CARTESIAN_POINT('',(1.60882669481589,10.1140185427266,12.5582913495842));
#7014=CARTESIAN_POINT('',(1.67526396902572,10.1464542565922,12.5868592231921));
#7015=CARTESIAN_POINT('',(1.60882669530408,10.1154482467583,13.6301924055575));
#7016=CARTESIAN_POINT('',(1.60882669481589,10.1140185427266,12.5582913495842));
#7017=CARTESIAN_POINT('',(1.13710600949412,9.88589807932997,13.9905792254451));
#7018=CARTESIAN_POINT('Ctrl Pts',(1.1371060094941,9.88589807932996,13.9905792254451));
#7019=CARTESIAN_POINT('Ctrl Pts',(1.31236876803711,9.97122434733655,13.8861960320158));
#7020=CARTESIAN_POINT('Ctrl Pts',(1.46819444610789,10.04705291382,13.7672954290484));
#7021=CARTESIAN_POINT('Ctrl Pts',(1.6088266953054,10.1154482467589,13.6301924055562));
#7022=CARTESIAN_POINT('',(0.935664089001402,9.78781246971268,14.1));
#7023=CARTESIAN_POINT('Ctrl Pts',(1.13710600949412,9.88589807932997,13.9905792254451));
#7024=CARTESIAN_POINT('Ctrl Pts',(1.06955588859015,9.85300471475488,14.0257540630685));
#7025=CARTESIAN_POINT('Ctrl Pts',(1.00240629860688,9.82030836818077,14.0622051570981));
#7026=CARTESIAN_POINT('Ctrl Pts',(0.935664089001404,9.78781246971268,14.1));
#7027=CARTESIAN_POINT('',(0.710000441926556,9.67791828883399,14.2116412307468));
#7028=CARTESIAN_POINT('Ctrl Pts',(0.710000441926556,9.67791828883399,14.2116412307468));
#7029=CARTESIAN_POINT('Ctrl Pts',(0.786106210590028,9.71498424904997,14.1767046174584));
#7030=CARTESIAN_POINT('Ctrl Pts',(0.861484296210922,9.75169205634608,14.1395668960261));
#7031=CARTESIAN_POINT('Ctrl Pts',(0.935664089001405,9.78781246971268,14.1));
#7032=CARTESIAN_POINT('',(0.710000441173818,9.6757138268128,12.5588759618064));
#7033=CARTESIAN_POINT('Origin',(1.5,12.4169504577913,13.));
#7034=CARTESIAN_POINT('',(0.5,12.7092083009963,13.0003898145935));
#7035=CARTESIAN_POINT('',(1.52205416500277,11.8940592422903,12.9993025657604));
#7036=CARTESIAN_POINT('',(1.33182907279709,11.75,12.9991104190096));
#7037=CARTESIAN_POINT('',(1.09747905454343,12.0292874761783,12.9994829336795));
#7038=CARTESIAN_POINT('',(0.562279253483155,11.75,12.9991104190096));
#7039=CARTESIAN_POINT('',(1.22352708157006,11.75,12.9991104190096));
#7040=CARTESIAN_POINT('',(1.02327039796876,12.2993878525949,12.9998431945618));
#7041=CARTESIAN_POINT('Origin',(0.5,13.,14.1));
#7042=CARTESIAN_POINT('Origin',(1.52205416500277,11.6989870188022,12.9971750552058));
#7043=CARTESIAN_POINT('',(1.52205416500286,11.5402056583382,12.9973868381403));
#7044=CARTESIAN_POINT('',(1.90738063966557,10.750022657963,12.9984407859978));
#7045=CARTESIAN_POINT('',(1.52205416500277,11.6989870188022,12.9971750552058));
#7046=CARTESIAN_POINT('Origin',(1.78597483954031,10.9989876414615,12.9981087159446));
#7047=CARTESIAN_POINT('',(1.78597483954031,10.9989876414615,12.9981087159446));
#7048=CARTESIAN_POINT('',(1.78597483954031,10.9989876414615,12.9981087159446));
#7049=CARTESIAN_POINT('',(1.90738063966557,10.750022657963,12.9984407859978));
#7050=CARTESIAN_POINT('Origin',(1.78597483954031,10.9989876414615,12.9981087159446));
#7051=CARTESIAN_POINT('',(1.52205416500298,11.3489873301318,12.9976418855752));
#7052=CARTESIAN_POINT('',(1.90738063966557,10.750022657963,12.9984407859978));
#7053=CARTESIAN_POINT('Origin',(1.78597483988599,11.,13.7571106928661));
#7054=CARTESIAN_POINT('',(1.78597483970161,10.9994600897173,13.3523203381032));
#7055=CARTESIAN_POINT('Ctrl Pts',(1.78597483970161,10.9994600897173,13.3523203381032));
#7056=CARTESIAN_POINT('Ctrl Pts',(1.78597483970157,10.9996400649235,13.3522286226978));
#7057=CARTESIAN_POINT('Ctrl Pts',(1.78597483970154,10.9998200350197,13.352136897617));
#7058=CARTESIAN_POINT('Ctrl Pts',(1.7859748397015,11.,13.3520451628593));
#7059=CARTESIAN_POINT('',(1.78597483961272,10.9991997193667,13.1571112265739));
#7060=CARTESIAN_POINT('Origin',(4.88048634871732,10.9062462365532,10.2860524234348));
#7061=CARTESIAN_POINT('',(4.68154532278763,10.4931946546144,14.1));
#7062=CARTESIAN_POINT('Ctrl Pts',(4.89206991457257,10.9257193601859,13.4957349087737));
#7063=CARTESIAN_POINT('Ctrl Pts',(4.89091020711439,10.9232504395939,13.548590225991));
#7064=CARTESIAN_POINT('Ctrl Pts',(4.88877139578001,10.9187986092701,13.5961515690218));
#7065=CARTESIAN_POINT('Ctrl Pts',(4.88563017126688,10.9123102009842,13.6392895011857));
#7066=CARTESIAN_POINT('Ctrl Pts',(4.88414987865359,10.9092525580754,13.6596181221002));
#7067=CARTESIAN_POINT('Ctrl Pts',(4.88244731479763,10.9057420881898,13.6789644196617));
#7068=CARTESIAN_POINT('Ctrl Pts',(4.88052218545872,10.9017696470536,13.6974194996956));
#7069=CARTESIAN_POINT('Ctrl Pts',(4.87256926371226,10.8853590543415,13.7736594719239));
#7070=CARTESIAN_POINT('Ctrl Pts',(4.8606361170834,10.8608050513205,13.835834066933));
#7071=CARTESIAN_POINT('Ctrl Pts',(4.84407287560549,10.8267701295306,13.8875664316629));
#7072=CARTESIAN_POINT('Ctrl Pts',(4.83412997615922,10.8063389955964,13.9186213251942));
#7073=CARTESIAN_POINT('Ctrl Pts',(4.82262819795858,10.7827181290252,13.9455492075861));
#7074=CARTESIAN_POINT('Ctrl Pts',(4.80962733782531,10.7560247920983,13.9692209859474));
#7075=CARTESIAN_POINT('Ctrl Pts',(4.80613565247894,10.7488556715602,13.9755785961963));
#7076=CARTESIAN_POINT('Ctrl Pts',(4.80253571834915,10.7414651218045,13.9817013382013));
#7077=CARTESIAN_POINT('Ctrl Pts',(4.79882871885875,10.7338553733981,13.9876060837416));
#7078=CARTESIAN_POINT('Ctrl Pts',(4.76959541176904,10.6738450840479,14.0341707622942));
#7079=CARTESIAN_POINT('Ctrl Pts',(4.73152645136053,10.5957291436088,14.0706488563576));
#7080=CARTESIAN_POINT('Ctrl Pts',(4.68154532278763,10.4931946546144,14.1));
#7081=CARTESIAN_POINT('',(4.32647958709879,9.76494061245259,14.1956344417481));
#7082=CARTESIAN_POINT('Ctrl Pts',(4.32647958709879,9.76494061245259,14.1956344417481));
#7083=CARTESIAN_POINT('Ctrl Pts',(4.4226264765367,9.96213803327977,14.172511627818));
#7084=CARTESIAN_POINT('Ctrl Pts',(4.52109273282268,10.1640959997307,14.1469403841402));
#7085=CARTESIAN_POINT('Ctrl Pts',(4.61790352214418,10.3626607763881,14.1188857979974));
#7086=CARTESIAN_POINT('Ctrl Pts',(4.63921165803039,10.4063650501874,14.1127109600692));
#7087=CARTESIAN_POINT('Ctrl Pts',(4.66043963959075,10.4499050780111,14.1064158181574));
#7088=CARTESIAN_POINT('Ctrl Pts',(4.68154532278763,10.4931946546144,14.1));
#7089=CARTESIAN_POINT('Ctrl Pts',(4.28525911139085,9.68039203679571,14.2095329171119));
#7090=CARTESIAN_POINT('Ctrl Pts',(4.29888452843386,9.70833970515071,14.2048190850063));
#7091=CARTESIAN_POINT('Ctrl Pts',(4.31262441410342,9.73652200262578,14.2001873447182));
#7092=CARTESIAN_POINT('Ctrl Pts',(4.32647958709879,9.76494061245259,14.1956344417481));
#7093=CARTESIAN_POINT('Origin',(0.110586648439913,10.9049223560827,12.5572364409872));
#7094=CARTESIAN_POINT('',(0.670915827871544,9.75805102954888,14.1984374840846));
#7095=CARTESIAN_POINT('Ctrl Pts',(0.670915827871544,9.75805102954888,14.1984374840846));
#7096=CARTESIAN_POINT('Ctrl Pts',(0.683888266566952,9.73145430889644,14.2027144788072));
#7097=CARTESIAN_POINT('Ctrl Pts',(0.696921110734728,9.70473471951155,14.2071136094049));
#7098=CARTESIAN_POINT('Ctrl Pts',(0.71000044192655,9.67791828883397,14.2116412307468));
#7099=CARTESIAN_POINT('',(0.304699865923772,10.5089144389443,14.1));
#7100=CARTESIAN_POINT('Ctrl Pts',(0.304699865923772,10.5089144389443,14.1));
#7101=CARTESIAN_POINT('Ctrl Pts',(0.378862033463336,10.356861090298,14.1225849356637));
#7102=CARTESIAN_POINT('Ctrl Pts',(0.45457968954656,10.2016168276872,14.1436815701424));
#7103=CARTESIAN_POINT('Ctrl Pts',(0.530014598470113,10.0469491036496,14.163305719205));
#7104=CARTESIAN_POINT('Ctrl Pts',(0.577243677057897,9.95011311355157,14.1755922121765));
#7105=CARTESIAN_POINT('Ctrl Pts',(0.624361346234079,9.85350489662557,14.1873015066303));
#7106=CARTESIAN_POINT('Ctrl Pts',(0.670915827871543,9.75805102954888,14.1984374840846));
#7107=CARTESIAN_POINT('',(0.103710852580441,10.9201180250691,13.3786143165662));
#7108=CARTESIAN_POINT('Ctrl Pts',(0.304699865923526,10.5089144389448,14.0999999999998));
#7109=CARTESIAN_POINT('Ctrl Pts',(0.277209970136084,10.5652648101127,14.0828833252953));
#7110=CARTESIAN_POINT('Ctrl Pts',(0.253966032467474,10.6129051063194,14.0635629635307));
#7111=CARTESIAN_POINT('Ctrl Pts',(0.206008755269133,10.7111801536702,14.0108047634529));
#7112=CARTESIAN_POINT('Ctrl Pts',(0.183779553866074,10.7567161171348,13.973921702274));
#7113=CARTESIAN_POINT('Ctrl Pts',(0.150455460721635,10.8249402598825,13.8890683761612));
#7114=CARTESIAN_POINT('Ctrl Pts',(0.13886966649109,10.8486387668161,13.8438269775487));
#7115=CARTESIAN_POINT('Ctrl Pts',(0.119956768992799,10.8872792035931,13.7358526020337));
#7116=CARTESIAN_POINT('Ctrl Pts',(0.112877543600525,10.9017044079609,13.6668178914123));
#7117=CARTESIAN_POINT('Ctrl Pts',(0.105586836409159,10.9164645988744,13.5237867625894));
#7118=CARTESIAN_POINT('Ctrl Pts',(0.103947299220991,10.9197367004109,13.4562521941231));
#7119=CARTESIAN_POINT('Ctrl Pts',(0.103710852580443,10.9201180250691,13.3786143165666));
#7120=CARTESIAN_POINT('Ctrl Pts',(0.107917288375424,10.9115090100843,13.3914143560918));
#7121=CARTESIAN_POINT('Ctrl Pts',(0.10650637607868,10.9143966933288,13.3871725190679));
#7122=CARTESIAN_POINT('Ctrl Pts',(0.105107703015049,10.9172592525456,13.3829118049608));
#7123=CARTESIAN_POINT('Ctrl Pts',(0.103721231090604,10.9200967667002,13.3786328485995));
#7124=CARTESIAN_POINT('Ctrl Pts',(0.304699865923771,10.5089144389443,14.1));
#7125=CARTESIAN_POINT('Ctrl Pts',(0.531845188263688,10.7834321367915,13.7333333333324));
#7126=CARTESIAN_POINT('Ctrl Pts',(0.758990510603604,11.0579498346387,13.3666666666647));
#7127=CARTESIAN_POINT('Ctrl Pts',(0.98613583294352,11.3324675324858,12.9999999999971));
#7128=CARTESIAN_POINT('Ctrl Pts',(0.186778133011943,10.6436821337006,14.1));
#7129=CARTESIAN_POINT('Ctrl Pts',(0.357349574375059,10.8265215961404,13.7333333333324));
#7130=CARTESIAN_POINT('Ctrl Pts',(0.527921015738176,11.0093610585802,13.3666666666647));
#7131=CARTESIAN_POINT('Ctrl Pts',(0.698492457101291,11.19220052102,12.9999999999971));
#7132=CARTESIAN_POINT('Ctrl Pts',(0.0688564001001156,10.778449828457,14.1));
#7133=CARTESIAN_POINT('Ctrl Pts',(0.182853960486431,10.8696110554894,13.7333333333324));
#7134=CARTESIAN_POINT('Ctrl Pts',(0.296851520872746,10.9607722825218,13.3666666666647));
#7135=CARTESIAN_POINT('Ctrl Pts',(0.410849081259061,11.0519335095542,12.9999999999971));
#7136=CARTESIAN_POINT('Ctrl Pts',(-0.0490653328117122,10.9132175232134,
14.1));
#7137=CARTESIAN_POINT('Ctrl Pts',(0.00835834659780261,10.9127005148384,
13.7333333333324));
#7138=CARTESIAN_POINT('Ctrl Pts',(0.0657820260073174,10.9121835064634,13.3666666666647));
#7139=CARTESIAN_POINT('Ctrl Pts',(0.123205705416832,10.9116664980883,12.9999999999971));
#7140=CARTESIAN_POINT('',(-0.049065332811443,10.9132175232131,14.1));
#7141=CARTESIAN_POINT('',(2.5,8.,14.1));
#7142=CARTESIAN_POINT('',(-0.049065332811443,10.9132175232131,14.1));
#7143=CARTESIAN_POINT('Ctrl Pts',(0.103710852580441,10.9201180250691,13.3786143165662));
#7144=CARTESIAN_POINT('Ctrl Pts',(0.106205987637835,10.9206095395834,13.3794950740392));
#7145=CARTESIAN_POINT('Ctrl Pts',(0.10870180928001,10.9210944403028,13.3803819539505));
#7146=CARTESIAN_POINT('Ctrl Pts',(0.111198123632107,10.9215724975377,13.3812750069837));
#7147=CARTESIAN_POINT('Ctrl Pts',(46.0567615007463,27.5677440790816,14.3046397030522));
#7148=CARTESIAN_POINT('Ctrl Pts',(2.37380557374147,6.2661348856693,14.3330518570474));
#7149=CARTESIAN_POINT('Ctrl Pts',(45.8446586559456,28.0026841921581,14.2921482135575));
#7150=CARTESIAN_POINT('Ctrl Pts',(2.16170272894083,6.70107499874586,14.3205603675526));
#7151=CARTESIAN_POINT('Ctrl Pts',(45.6092909083119,28.4853278307225,14.2755082172729));
#7152=CARTESIAN_POINT('Ctrl Pts',(1.92633498130714,7.18371863731019,14.3039203712681));
#7153=CARTESIAN_POINT('Ctrl Pts',(45.3785809309352,28.9584092754782,14.250951091943));
#7154=CARTESIAN_POINT('Ctrl Pts',(1.69562500393039,7.65680008206597,14.2793632459381));
#7155=CARTESIAN_POINT('Ctrl Pts',(45.2632259422468,29.1949499978561,14.238672529278));
#7156=CARTESIAN_POINT('Ctrl Pts',(1.58027001524201,7.89334080444387,14.2670846832732));
#7157=CARTESIAN_POINT('Ctrl Pts',(45.1490302702522,29.4291106155969,14.2243638924766));
#7158=CARTESIAN_POINT('Ctrl Pts',(1.46607434324745,8.1275014221846,14.2527760464718));
#7159=CARTESIAN_POINT('Ctrl Pts',(45.0394402454968,29.6538228452459,14.2073245485175));
#7160=CARTESIAN_POINT('Ctrl Pts',(1.35648431849204,8.35221365183368,14.2357367025126));
#7161=CARTESIAN_POINT('Ctrl Pts',(44.9722039755012,29.7916895185835,14.1968704772319));
#7162=CARTESIAN_POINT('Ctrl Pts',(1.2892480484964,8.49008032517124,14.225282631227));
#7163=CARTESIAN_POINT('Ctrl Pts',(44.9067006093912,29.9260011691701,14.1853837051676));
#7164=CARTESIAN_POINT('Ctrl Pts',(1.2237446823864,8.6243919757578,14.2137958591628));
#7165=CARTESIAN_POINT('Ctrl Pts',(44.8437191354552,30.0551396380366,14.1727217108115));
#7166=CARTESIAN_POINT('Ctrl Pts',(1.1607632084504,8.75353044462433,14.2011338648067));
#7167=CARTESIAN_POINT('Ctrl Pts',(44.8084517825489,30.127452521027,14.1656314508423));
#7168=CARTESIAN_POINT('Ctrl Pts',(1.1254958555441,8.82584332761472,14.1940436048374));
#7169=CARTESIAN_POINT('Ctrl Pts',(44.7743345431845,30.1974065021607,14.1582579910895));
#7170=CARTESIAN_POINT('Ctrl Pts',(1.09137861617967,8.89579730874841,14.1866701450847));
#7171=CARTESIAN_POINT('Ctrl Pts',(44.7403624023554,30.2670621772469,14.1503190719803));
#7172=CARTESIAN_POINT('Ctrl Pts',(1.0574064753506,8.96545298383464,14.1787312259755));
#7173=CARTESIAN_POINT('Ctrl Pts',(44.7361180196936,30.2757647591984,14.1493272060043));
#7174=CARTESIAN_POINT('Ctrl Pts',(1.0531620926888,8.97415556578611,14.1777393599994));
#7175=CARTESIAN_POINT('Ctrl Pts',(44.7318556860172,30.2845041347481,14.1483215948869));
#7176=CARTESIAN_POINT('Ctrl Pts',(1.04889975901241,8.98289494133579,14.176733748882));
#7177=CARTESIAN_POINT('Ctrl Pts',(44.7275763017124,30.2932784570661,14.1473019247329));
#7178=CARTESIAN_POINT('Ctrl Pts',(1.0446203747076,8.99166926365386,14.175714078728));
#7179=CARTESIAN_POINT('Ctrl Pts',(44.570647129221,30.6150413655757,14.1099096313357));
#7180=CARTESIAN_POINT('Ctrl Pts',(0.887691202216175,9.3134321721634,14.1383217853309));
#7181=CARTESIAN_POINT('Ctrl Pts',(44.3910715881056,30.9832222646869,14.0555377324041));
#7182=CARTESIAN_POINT('Ctrl Pts',(0.708115661100784,9.68161307127461,14.0839498863992));
#7183=CARTESIAN_POINT('Ctrl Pts',(44.2314674874236,31.310388967474,13.9569302142696));
#7184=CARTESIAN_POINT('Ctrl Pts',(0.54851156041881,10.0087797740618,13.9853423682647));
#7185=CARTESIAN_POINT('Ctrl Pts',(44.1889311592627,31.397582655942,13.9306501767732));
#7186=CARTESIAN_POINT('Ctrl Pts',(0.50597523225791,10.0959734625298,13.9590623307683));
#7187=CARTESIAN_POINT('Ctrl Pts',(44.1475674388196,31.4823675031848,13.9012298235892));
#7188=CARTESIAN_POINT('Ctrl Pts',(0.46461151181478,10.1807583097725,13.9296419775844));
#7189=CARTESIAN_POINT('Ctrl Pts',(44.1055329787089,31.5685186357701,13.8649175282494));
#7190=CARTESIAN_POINT('Ctrl Pts',(0.422577051704124,10.2669094423579,13.8933296822445));
#7191=CARTESIAN_POINT('Ctrl Pts',(44.0098454229041,31.7646337110014,13.7822559506393));
#7192=CARTESIAN_POINT('Ctrl Pts',(0.326889495899273,10.4630245175891,13.8106681046344));
#7193=CARTESIAN_POINT('Ctrl Pts',(43.9141654050313,31.9606855624621,13.6637826250805));
#7194=CARTESIAN_POINT('Ctrl Pts',(0.231209478026493,10.6590763690499,13.6921947790757));
#7195=CARTESIAN_POINT('Ctrl Pts',(43.8385259376309,32.1155648102139,13.4885648990553));
#7196=CARTESIAN_POINT('Ctrl Pts',(0.155570010626121,10.8139556168017,13.5169770530504));
#7197=CARTESIAN_POINT('Ctrl Pts',(43.8227170639091,32.1479350337757,13.4519438730253));
#7198=CARTESIAN_POINT('Ctrl Pts',(0.139761136904276,10.8463258403634,13.4803560270205));
#7199=CARTESIAN_POINT('Ctrl Pts',(43.8077287029709,32.1786193839788,13.4128805236758));
#7200=CARTESIAN_POINT('Ctrl Pts',(0.124772775966157,10.8770101905665,13.4412926776709));
#7201=CARTESIAN_POINT('Ctrl Pts',(43.7936725133482,32.2073888451405,13.3713457136167));
#7202=CARTESIAN_POINT('Ctrl Pts',(0.110716586343436,10.9057796517282,13.3997578676119));
#7203=CARTESIAN_POINT('Ctrl Pts',(43.7600033383338,32.2763011214347,13.271856248363));
#7204=CARTESIAN_POINT('Ctrl Pts',(0.0770474113289694,10.9746919280224,13.3002684023581));
#7205=CARTESIAN_POINT('Ctrl Pts',(43.7331613787164,32.3311985824477,13.1616260015217));
#7206=CARTESIAN_POINT('Ctrl Pts',(0.0502054517116335,11.0295893890355,13.1900381555168));
#7207=CARTESIAN_POINT('Ctrl Pts',(43.7126463029157,32.3731183733615,13.0489929174822));
#7208=CARTESIAN_POINT('Ctrl Pts',(0.0296903759108673,11.0715091799493,13.0774050714774));
#7209=CARTESIAN_POINT('Ctrl Pts',(43.6823789475082,32.4349656325439,12.8828172904277));
#7210=CARTESIAN_POINT('Ctrl Pts',(-0.000576979496599961,11.1333564391316,
12.9112294444228));
#7211=CARTESIAN_POINT('Ctrl Pts',(43.6647169734366,32.4709529108259,12.7089375819121));
#7212=CARTESIAN_POINT('Ctrl Pts',(-0.0182389535682219,11.1693437174137,
12.7373497359072));
#7213=CARTESIAN_POINT('Ctrl Pts',(43.6534255025467,32.4938834683514,12.5404515797682));
#7214=CARTESIAN_POINT('Ctrl Pts',(-0.0295304244580876,11.1922742749391,
12.5688637337634));
#7215=CARTESIAN_POINT('Ctrl Pts',(43.648294179615,32.5043040855424,12.4638843995575));
#7216=CARTESIAN_POINT('Ctrl Pts',(-0.0346617473897695,11.2026948921301,
12.4922965535527));
#7217=CARTESIAN_POINT('Ctrl Pts',(43.644507599387,32.5119691785255,12.3889093710359));
#7218=CARTESIAN_POINT('Ctrl Pts',(-0.0384483276177789,11.2103599851133,
12.417321525031));
#7219=CARTESIAN_POINT('Ctrl Pts',(43.6415497385244,32.5179332738679,12.3127702115807));
#7220=CARTESIAN_POINT('Ctrl Pts',(-0.0414061884803942,11.2163240804557,
12.3411823655758));
#7221=CARTESIAN_POINT('Ctrl Pts',(1.01406370933773,9.69821290361402,14.1));
#7222=CARTESIAN_POINT('Ctrl Pts',(1.05507780939282,9.76077462884977,14.0635264084817));
#7223=CARTESIAN_POINT('Ctrl Pts',(1.09609190944791,9.82333635408552,14.0270528169634));
#7224=CARTESIAN_POINT('Ctrl Pts',(1.13710600950299,9.88589807932127,13.9905792254451));
#7225=CARTESIAN_POINT('Ctrl Pts',(0.987930502558954,9.7280794256469,14.1));
#7226=CARTESIAN_POINT('Ctrl Pts',(1.02850888779282,9.78965084240565,14.0635264084817));
#7227=CARTESIAN_POINT('Ctrl Pts',(1.06908727302669,9.85122225916441,14.0270528169634));
#7228=CARTESIAN_POINT('Ctrl Pts',(1.10966565826055,9.91279367592316,13.9905792254451));
#7229=CARTESIAN_POINT('Ctrl Pts',(0.961797295780178,9.75794594767979,14.1));
#7230=CARTESIAN_POINT('Ctrl Pts',(1.00193996619282,9.81852705596154,14.0635264084817));
#7231=CARTESIAN_POINT('Ctrl Pts',(1.04208263660547,9.87910816424329,14.0270528169634));
#7232=CARTESIAN_POINT('Ctrl Pts',(1.08222530701811,9.93968927252505,13.9905792254451));
#7233=CARTESIAN_POINT('Ctrl Pts',(0.935664089001402,9.78781246971268,14.1));
#7234=CARTESIAN_POINT('Ctrl Pts',(0.975371044592825,9.84740326951743,14.0635264084817));
#7235=CARTESIAN_POINT('Ctrl Pts',(1.01507800018425,9.90699406932218,14.0270528169634));
#7236=CARTESIAN_POINT('Ctrl Pts',(1.05478495577567,9.96658486912693,13.9905792254451));
#7237=CARTESIAN_POINT('',(1.02913358021614,9.72120005000733,14.0865984548186));
#7238=CARTESIAN_POINT('',(1.01406370932928,9.69821290362368,14.1));
#7239=CARTESIAN_POINT('',(1.01406370932928,9.69821290362368,14.1));
#7240=CARTESIAN_POINT('',(1.01406370932928,9.69821290362368,14.1));
#7241=CARTESIAN_POINT('Ctrl Pts',(1.01406370932928,9.69821290362368,14.1));
#7242=CARTESIAN_POINT('Ctrl Pts',(0.987930502553319,9.72807942565334,14.1));
#7243=CARTESIAN_POINT('Ctrl Pts',(0.96179729577736,9.75794594768301,14.1));
#7244=CARTESIAN_POINT('Ctrl Pts',(0.935664089001402,9.78781246971268,14.1));
#7245=CARTESIAN_POINT('Origin',(2.02878643962857,10.5004694716571,12.5577759002776));
#7246=CARTESIAN_POINT('',(1.82060424303078,10.9284865703156,13.3827483736139));
#7247=CARTESIAN_POINT('Ctrl Pts',(1.82060424303078,10.9284865703156,13.3827483736139));
#7248=CARTESIAN_POINT('Ctrl Pts',(1.80902121373655,10.9522265741224,13.372869685113));
#7249=CARTESIAN_POINT('Ctrl Pts',(1.79747268330759,10.9758954839422,13.3627304068833));
#7250=CARTESIAN_POINT('Ctrl Pts',(1.78597483970161,10.9994600897173,13.3523203381032));
#7251=CARTESIAN_POINT('',(1.97967423167848,10.6020472504942,13.2055174324436));
#7252=CARTESIAN_POINT('Ctrl Pts',(1.97967423167847,10.6020472504942,13.2055174324436));
#7253=CARTESIAN_POINT('Ctrl Pts',(1.95357996322284,10.6556095203044,13.2438024605611));
#7254=CARTESIAN_POINT('Ctrl Pts',(1.92641197507101,10.7113678811712,13.2777591745809));
#7255=CARTESIAN_POINT('Ctrl Pts',(1.89841825434976,10.7688148705194,13.3081985398977));
#7256=CARTESIAN_POINT('Ctrl Pts',(1.8730240919142,10.8209272064775,13.3358112390093));
#7257=CARTESIAN_POINT('Ctrl Pts',(1.84697896234404,10.8743705681736,13.3604963686439));
#7258=CARTESIAN_POINT('Ctrl Pts',(1.82060424303078,10.9284865703156,13.3827483736139));
#7259=CARTESIAN_POINT('',(2.02878643984789,10.5011117570022,13.0393205587465));
#7260=CARTESIAN_POINT('Ctrl Pts',(2.02878643984789,10.5011117570022,13.0393205587465));
#7261=CARTESIAN_POINT('Ctrl Pts',(2.0278569781567,10.5030346848444,13.0519849737466));
#7262=CARTESIAN_POINT('Ctrl Pts',(2.02654198493357,10.5057480078074,13.0644920995929));
#7263=CARTESIAN_POINT('Ctrl Pts',(2.02163852069173,10.5158491141379,13.0987030610985));
#7264=CARTESIAN_POINT('Ctrl Pts',(2.01717954860194,10.5250203289078,13.1191362728019));
#7265=CARTESIAN_POINT('Ctrl Pts',(2.00285283346723,10.5544614677782,13.1652562754813));
#7266=CARTESIAN_POINT('Ctrl Pts',(1.99199822469608,10.5767504677823,13.1874358977954));
#7267=CARTESIAN_POINT('Ctrl Pts',(1.97967423167847,10.6020472504942,13.2055174324436));
#7268=CARTESIAN_POINT('',(2.02878643962857,10.5004694716571,12.5577759002776));
#7269=CARTESIAN_POINT('Origin',(-0.749999924004078,11.7000000700355,14.75));
#7270=CARTESIAN_POINT('',(-0.748869095382535,11.4011308956768,14.7370745697103));
#7271=CARTESIAN_POINT('',(-0.749590644544329,11.6995907905757,14.7453219143686));
#7272=CARTESIAN_POINT('Origin',(-0.749999924004078,11.4000000670552,14.75));
#7273=CARTESIAN_POINT('',(-0.650376865389683,11.3996231241795,14.7543084767846));
#7274=CARTESIAN_POINT('Origin',(0.564125119535435,8.6650000346303,15.05));
#7275=CARTESIAN_POINT('',(0.121557312222079,9.43154996269139,15.5));
#7276=CARTESIAN_POINT('Ctrl Pts',(-0.049065332811443,10.9132175232131,14.1));
#7277=CARTESIAN_POINT('Ctrl Pts',(0.00835834659805016,10.9127005148383,
13.7333333333333));
#7278=CARTESIAN_POINT('Ctrl Pts',(0.0657820260075433,10.9121835064635,13.3666666666667));
#7279=CARTESIAN_POINT('Ctrl Pts',(0.123205705417036,10.9116664980887,13.));
#7280=CARTESIAN_POINT('Ctrl Pts',(-0.190814613959558,11.0752167016681,14.1));
#7281=CARTESIAN_POINT('Ctrl Pts',(-0.070868474754683,11.0739073773268,13.7333333333333));
#7282=CARTESIAN_POINT('Ctrl Pts',(0.0490776644501925,11.0725980529856,13.3666666666667));
#7283=CARTESIAN_POINT('Ctrl Pts',(0.169023803655068,11.0712887286444,13.));
#7284=CARTESIAN_POINT('Ctrl Pts',(-0.332563895107674,11.2372158801231,14.1));
#7285=CARTESIAN_POINT('Ctrl Pts',(-0.150095296107416,11.2351142398154,13.7333333333333));
#7286=CARTESIAN_POINT('Ctrl Pts',(0.0323733028928413,11.2330125995078,13.3666666666667));
#7287=CARTESIAN_POINT('Ctrl Pts',(0.214841901893099,11.2309109592001,13.));
#7288=CARTESIAN_POINT('Ctrl Pts',(-0.47431317625579,11.399215058578,14.1));
#7289=CARTESIAN_POINT('Ctrl Pts',(-0.22932211746015,11.396321102304,13.7333333333333));
#7290=CARTESIAN_POINT('Ctrl Pts',(0.0156689413354905,11.3934271460299,13.3666666666667));
#7291=CARTESIAN_POINT('Ctrl Pts',(0.26066000013113,11.3905331897558,13.));
#7292=CARTESIAN_POINT('',(-0.474313176255789,11.399215058578,14.1));
#7293=CARTESIAN_POINT('',(2.5,8.,14.1));
#7294=CARTESIAN_POINT('',(-0.474313176255789,11.399215058578,14.1));
#7295=CARTESIAN_POINT('Origin',(-0.149999916553498,11.8000000715256,14.75));
#7296=CARTESIAN_POINT('',(-0.249622975167894,11.8003770144013,14.7543084767846));
#7297=CARTESIAN_POINT('',(-0.150409196014893,11.7995907920642,14.7453219143498));
#7298=CARTESIAN_POINT('Ctrl Pts',(-0.0132251496541906,7.6650000346303,15.05));
#7299=CARTESIAN_POINT('Ctrl Pts',(0.241183233563873,8.4433333564202,14.7333333333333));
#7300=CARTESIAN_POINT('Ctrl Pts',(0.495591616781936,9.2216666782101,14.4166666666667));
#7301=CARTESIAN_POINT('Ctrl Pts',(0.75,10.,14.1));
#7302=CARTESIAN_POINT('Ctrl Pts',(0.823932740670767,7.6650000346303,15.05));
#7303=CARTESIAN_POINT('Ctrl Pts',(0.993732938224955,8.22111113419798,14.7333333333333));
#7304=CARTESIAN_POINT('Ctrl Pts',(1.16353313577914,8.77722223376565,14.4166666666667));
#7305=CARTESIAN_POINT('Ctrl Pts',(1.33333333333333,9.33333333333333,14.1));
#7306=CARTESIAN_POINT('Ctrl Pts',(1.66109063099572,7.6650000346303,15.05));
#7307=CARTESIAN_POINT('Ctrl Pts',(1.74628264288604,7.99888891197576,14.7333333333333));
#7308=CARTESIAN_POINT('Ctrl Pts',(1.83147465477635,8.33277778932121,14.4166666666667));
#7309=CARTESIAN_POINT('Ctrl Pts',(1.91666666666667,8.66666666666667,14.1));
#7310=CARTESIAN_POINT('Ctrl Pts',(2.49824852132068,7.6650000346303,15.05));
#7311=CARTESIAN_POINT('Ctrl Pts',(2.49883234754712,7.77666668975353,14.7333333333333));
#7312=CARTESIAN_POINT('Ctrl Pts',(2.49941617377356,7.88833334487677,14.4166666666667));
#7313=CARTESIAN_POINT('Ctrl Pts',(2.5,8.,14.1));
#7314=CARTESIAN_POINT('',(-0.0132251496541906,7.6650000346303,15.05));
#7315=CARTESIAN_POINT('',(1.0592903567696,9.64652530654903,14.1));
#7316=CARTESIAN_POINT('Ctrl Pts',(1.0592903567696,9.64652530654903,14.1));
#7317=CARTESIAN_POINT('Ctrl Pts',(1.04421480762283,9.66375450557391,14.1));
#7318=CARTESIAN_POINT('Ctrl Pts',(1.02913925847605,9.6809837045988,14.1));
#7319=CARTESIAN_POINT('Ctrl Pts',(1.01406370932928,9.69821290362368,14.1));
#7320=CARTESIAN_POINT('',(1.06234149761542,9.64303828843951,14.1));
#7321=CARTESIAN_POINT('Ctrl Pts',(1.06234149761542,9.64303828843951,14.1));
#7322=CARTESIAN_POINT('Ctrl Pts',(1.06132445066682,9.64420062780935,14.1));
#7323=CARTESIAN_POINT('Ctrl Pts',(1.06030740371821,9.64536296717919,14.1));
#7324=CARTESIAN_POINT('Ctrl Pts',(1.0592903567696,9.64652530654903,14.1));
#7325=CARTESIAN_POINT('',(1.21765585897527,9.46553616117113,14.1));
#7326=CARTESIAN_POINT('Ctrl Pts',(1.21765585897526,9.46553616117112,14.1));
#7327=CARTESIAN_POINT('Ctrl Pts',(1.16588440518865,9.52470353692725,14.1));
#7328=CARTESIAN_POINT('Ctrl Pts',(1.11411295140204,9.58387091268338,14.1));
#7329=CARTESIAN_POINT('Ctrl Pts',(1.06234149761542,9.64303828843951,14.1));
#7330=CARTESIAN_POINT('',(1.48904113458264,9.15538156047698,14.1));
#7331=CARTESIAN_POINT('',(2.5,8.,14.1));
#7332=CARTESIAN_POINT('',(1.60091808406096,9.02752218964462,14.1));
#7333=CARTESIAN_POINT('',(2.5,8.,14.1));
#7334=CARTESIAN_POINT('',(2.15167238830133,8.39808869908419,14.1));
#7335=CARTESIAN_POINT('',(2.5,8.,14.1));
#7336=CARTESIAN_POINT('',(2.5,8.,14.1));
#7337=CARTESIAN_POINT('',(2.5,8.,14.1));
#7338=CARTESIAN_POINT('',(2.49824852132068,7.6650000346303,15.05));
#7339=CARTESIAN_POINT('Origin',(-0.649999922513962,11.3000000655651,14.75));
#7340=CARTESIAN_POINT('',(-0.649622979638242,11.3003770084408,14.7456915232154));
#7341=CARTESIAN_POINT('',(-0.151884630926482,11.3018847799381,14.728457616141));
#7342=CARTESIAN_POINT('Origin',(1.60882669481589,10.1140185427266,12.5582913495842));
#7343=CARTESIAN_POINT('',(1.62031143386587,10.1211757751715,13.6189008581181));
#7344=CARTESIAN_POINT('Ctrl Pts',(1.60882669530408,10.1154482467583,13.6301924055575));
#7345=CARTESIAN_POINT('Ctrl Pts',(1.61266580489171,10.1173628731706,13.626442326405));
#7346=CARTESIAN_POINT('Ctrl Pts',(1.61649402697807,10.1192720372918,13.6226785030538));
#7347=CARTESIAN_POINT('Ctrl Pts',(1.62031143386587,10.1211757751715,13.6189008581181));
#7348=CARTESIAN_POINT('',(1.85896581012016,10.2390926655986,12.5581245253248));
#7349=CARTESIAN_POINT('',(1.62031143338282,10.1197611216149,12.5582836901144));
#7350=CARTESIAN_POINT('Ctrl Pts',(1.62031143338282,10.1197611216149,12.5582836901144));
#7351=CARTESIAN_POINT('Ctrl Pts',(1.88063986724943,10.2499300897305,12.5581100703343));
#7352=CARTESIAN_POINT('Ctrl Pts',(2.02878643962858,10.5004694716571,12.5577759002775));
#7353=CARTESIAN_POINT('Ctrl Pts',(1.62031143386588,10.1211757751715,13.6189008581181));
#7354=CARTESIAN_POINT('Ctrl Pts',(1.88063986773248,10.251344743287,13.618727238338));
#7355=CARTESIAN_POINT('Ctrl Pts',(2.02878644011163,10.5018841252137,13.6183930682812));
#7356=CARTESIAN_POINT('',(1.6782909909537,10.1525496957243,13.5592911269355));
#7357=CARTESIAN_POINT('Ctrl Pts',(1.62031143386588,10.1211757751715,13.6189008581181));
#7358=CARTESIAN_POINT('Ctrl Pts',(1.64015591387053,10.131072202091,13.5992630773953));
#7359=CARTESIAN_POINT('Ctrl Pts',(1.65948349915796,10.1415452501231,13.579348685242));
#7360=CARTESIAN_POINT('Ctrl Pts',(1.6782909909537,10.1525496957243,13.5592911269355));
#7361=CARTESIAN_POINT('Ctrl Pts',(1.67829099095371,10.1525496957243,13.5592911269355));
#7362=CARTESIAN_POINT('Ctrl Pts',(1.74221444458107,10.1899519275436,13.491118910661));
#7363=CARTESIAN_POINT('Ctrl Pts',(1.79870330563143,10.2325719944512,13.4186260713366));
#7364=CARTESIAN_POINT('Ctrl Pts',(1.91554483179913,10.340198565293,13.2437740063661));
#7365=CARTESIAN_POINT('Ctrl Pts',(1.96037596826956,10.3982862200875,13.1545837064977));
#7366=CARTESIAN_POINT('Ctrl Pts',(1.99895987791631,10.4535644487292,13.0838475724502));
#7367=CARTESIAN_POINT('Ctrl Pts',(2.00776682803002,10.4669574569459,13.0684818723004));
#7368=CARTESIAN_POINT('Ctrl Pts',(2.02025531660074,10.4869116884943,13.0500025773356));
#7369=CARTESIAN_POINT('Ctrl Pts',(2.02444731692579,10.4937803240551,13.0443633562718));
#7370=CARTESIAN_POINT('Ctrl Pts',(2.02878643984788,10.5011117570022,13.0393205587465));
#7371=CARTESIAN_POINT('Ctrl Pts',(1.82060424303078,10.9284865703156,13.3827483736139));
#7372=CARTESIAN_POINT('Ctrl Pts',(1.83623179033069,10.9523243802145,13.3688508901658));
#7373=CARTESIAN_POINT('Ctrl Pts',(1.85185933763061,10.9761621901133,13.3549534067178));
#7374=CARTESIAN_POINT('Ctrl Pts',(1.86748688493052,11.0000000000121,13.3410559232698));
#7375=CARTESIAN_POINT('Ctrl Pts',(1.79779374715682,10.9353176845219,13.3827483736139));
#7376=CARTESIAN_POINT('Ctrl Pts',(1.81331216394438,10.9589074586271,13.3688508901658));
#7377=CARTESIAN_POINT('Ctrl Pts',(1.82883058073194,10.9824972327322,13.3549534067178));
#7378=CARTESIAN_POINT('Ctrl Pts',(1.8443489975195,11.0060870068374,13.3410559232698));
#7379=CARTESIAN_POINT('Ctrl Pts',(1.77498325128286,10.9421487987282,13.3827483736139));
#7380=CARTESIAN_POINT('Ctrl Pts',(1.79039253755807,10.9654905370397,13.3688508901658));
#7381=CARTESIAN_POINT('Ctrl Pts',(1.80580182383328,10.9888322753512,13.3549534067178));
#7382=CARTESIAN_POINT('Ctrl Pts',(1.82121111010848,11.0121740136628,13.3410559232698));
#7383=CARTESIAN_POINT('Ctrl Pts',(1.7521727554089,10.9489799129344,13.3827483736139));
#7384=CARTESIAN_POINT('Ctrl Pts',(1.76747291117175,10.9720736154523,13.3688508901658));
#7385=CARTESIAN_POINT('Ctrl Pts',(1.78277306693461,10.9951673179702,13.3549534067178));
#7386=CARTESIAN_POINT('Ctrl Pts',(1.79807322269747,11.0182610204881,13.3410559232698));
#7387=CARTESIAN_POINT('',(1.01406370932928,9.69821290362368,14.1));
#7388=CARTESIAN_POINT('Ctrl Pts',(1.82868947436543,10.3768612744707,13.3827483736139));
#7389=CARTESIAN_POINT('Ctrl Pts',(1.93737849130655,10.5389653358242,13.2551655824092));
#7390=CARTESIAN_POINT('Ctrl Pts',(2.04606750824768,10.7010693971778,13.1275827912046));
#7391=CARTESIAN_POINT('Ctrl Pts',(2.1547565251888,10.8631734585313,13.));
#7392=CARTESIAN_POINT('Ctrl Pts',(1.82599439725388,10.5607363730857,13.3827483736139));
#7393=CARTESIAN_POINT('Ctrl Pts',(1.94627549588589,10.7417516715353,13.2551655824092));
#7394=CARTESIAN_POINT('Ctrl Pts',(2.06655659451791,10.922766969985,13.1275827912046));
#7395=CARTESIAN_POINT('Ctrl Pts',(2.18683769314992,11.1037822684346,13.));
#7396=CARTESIAN_POINT('Ctrl Pts',(1.82329932014233,10.7446114717006,13.3827483736139));
#7397=CARTESIAN_POINT('Ctrl Pts',(1.95517250046524,10.9445380072464,13.2551655824092));
#7398=CARTESIAN_POINT('Ctrl Pts',(2.08704568078814,11.1444645427922,13.1275827912046));
#7399=CARTESIAN_POINT('Ctrl Pts',(2.21891886111104,11.344391078338,13.));
#7400=CARTESIAN_POINT('Ctrl Pts',(1.82060424303078,10.9284865703156,13.3827483736139));
#7401=CARTESIAN_POINT('Ctrl Pts',(1.96406950504458,11.1473243429575,13.2551655824092));
#7402=CARTESIAN_POINT('Ctrl Pts',(2.10753476705837,11.3661621155994,13.1275827912046));
#7403=CARTESIAN_POINT('Ctrl Pts',(2.25100002907217,11.5849998882413,13.));
#7404=CARTESIAN_POINT('',(1.21765585897527,9.46553616117113,14.1));
#7405=CARTESIAN_POINT('Ctrl Pts',(1.21765585897527,9.46553616117112,14.1));
#7406=CARTESIAN_POINT('Ctrl Pts',(1.37120090296808,9.69454067268885,13.9197637089785));
#7407=CARTESIAN_POINT('Ctrl Pts',(1.52474594696089,9.92354518420658,13.739527417957));
#7408=CARTESIAN_POINT('Ctrl Pts',(1.6782909909537,10.1525496957243,13.5592911269355));
#7409=CARTESIAN_POINT('Ctrl Pts',(1.14979180908956,9.54309507532621,14.1));
#7410=CARTESIAN_POINT('Ctrl Pts',(1.31971299432816,9.79881550362892,13.9197637089785));
#7411=CARTESIAN_POINT('Ctrl Pts',(1.48963417956676,10.0545359319316,13.739527417957));
#7412=CARTESIAN_POINT('Ctrl Pts',(1.65955536480535,10.3102563602343,13.5592911269355));
#7413=CARTESIAN_POINT('Ctrl Pts',(1.08192775920386,9.6206539894813,14.1));
#7414=CARTESIAN_POINT('Ctrl Pts',(1.26822508568824,9.90309033456898,13.9197637089785));
#7415=CARTESIAN_POINT('Ctrl Pts',(1.45452241217262,10.1855266796567,13.739527417957));
#7416=CARTESIAN_POINT('Ctrl Pts',(1.640819738657,10.4679630247443,13.5592911269355));
#7417=CARTESIAN_POINT('Ctrl Pts',(1.01406370931816,9.69821290363639,14.1));
#7418=CARTESIAN_POINT('Ctrl Pts',(1.21673717704832,10.007365165509,13.9197637089785));
#7419=CARTESIAN_POINT('Ctrl Pts',(1.41941064477849,10.3165174273817,13.739527417957));
#7420=CARTESIAN_POINT('Ctrl Pts',(1.62208411250865,10.6256696892543,13.5592911269355));
#7421=CARTESIAN_POINT('',(1.21765585897527,9.46553616117113,14.1));
#7422=CARTESIAN_POINT('Ctrl Pts',(1.48904113458264,9.15538156047698,14.1));
#7423=CARTESIAN_POINT('Ctrl Pts',(1.53033350789302,9.47157404197356,13.7333333333333));
#7424=CARTESIAN_POINT('Ctrl Pts',(1.57162588120339,9.78776652347015,13.3666666666667));
#7425=CARTESIAN_POINT('Ctrl Pts',(1.61291825451376,10.1039590049667,13.));
#7426=CARTESIAN_POINT('Ctrl Pts',(1.47838618701328,9.16755864341339,14.1));
#7427=CARTESIAN_POINT('Ctrl Pts',(1.53443428317082,9.48551221681289,13.7333333333333));
#7428=CARTESIAN_POINT('Ctrl Pts',(1.59095761098966,9.80304915696966,13.3666666666667));
#7429=CARTESIAN_POINT('Ctrl Pts',(1.6470057071472,10.1210027303692,13.));
#7430=CARTESIAN_POINT('Ctrl Pts',(1.4360254195905,9.21597094903943,14.1));
#7431=CARTESIAN_POINT('Ctrl Pts',(1.55151363716682,9.54127591043518,13.7333333333333));
#7432=CARTESIAN_POINT('Ctrl Pts',(1.66684306836796,9.86661319659296,13.3666666666667));
#7433=CARTESIAN_POINT('Ctrl Pts',(1.78233128594429,10.1919181579887,13.));
#7434=CARTESIAN_POINT('Ctrl Pts',(1.34114060116784,9.32441074152247,14.1));
#7435=CARTESIAN_POINT('Ctrl Pts',(1.56769782797866,9.69640097893233,13.7333333333333));
#7436=CARTESIAN_POINT('Ctrl Pts',(1.79477616062354,10.0681815725751,13.3666666666667));
#7437=CARTESIAN_POINT('Ctrl Pts',(2.02133338743437,10.4401718099849,13.));
#7438=CARTESIAN_POINT('Ctrl Pts',(1.26245765437828,9.41433410928197,14.1));
#7439=CARTESIAN_POINT('Ctrl Pts',(1.5513925441294,9.84464191822825,13.7333333333333));
#7440=CARTESIAN_POINT('Ctrl Pts',(1.84016379225646,10.2749070047809,13.3666666666667));
#7441=CARTESIAN_POINT('Ctrl Pts',(2.12909868200758,10.7052148137271,13.));
#7442=CARTESIAN_POINT('Ctrl Pts',(1.22735072324412,9.45445631629243,14.1));
#7443=CARTESIAN_POINT('Ctrl Pts',(1.53480139098144,9.91250812150923,13.7333333333333));
#7444=CARTESIAN_POINT('Ctrl Pts',(1.84272283345704,10.3707489661855,13.3666666666667));
#7445=CARTESIAN_POINT('Ctrl Pts',(2.15017350119435,10.8288007714023,13.));
#7446=CARTESIAN_POINT('Ctrl Pts',(1.21765585897527,9.46553616117112,14.1));
#7447=CARTESIAN_POINT('Ctrl Pts',(1.53002274771311,9.93141526029119,13.7333333333333));
#7448=CARTESIAN_POINT('Ctrl Pts',(1.84238963645096,10.3972943594113,13.3666666666667));
#7449=CARTESIAN_POINT('Ctrl Pts',(2.1547565251888,10.8631734585313,13.));
#7450=CARTESIAN_POINT('',(1.48904113458264,9.15538156047698,14.1));
#7451=CARTESIAN_POINT('Origin',(3.48205412120276,11.6993785121496,12.997534312712));
#7452=CARTESIAN_POINT('',(3.48205412120276,11.6993797511885,12.9990429020152));
#7453=CARTESIAN_POINT('',(3.48205381151831,12.0581630386112,12.9995214482534));
#7454=CARTESIAN_POINT('',(3.48205412120276,11.6993785121496,12.997534312712));
#7455=CARTESIAN_POINT('',(3.48205412120276,11.6959695818561,8.84699830395413));
#7456=CARTESIAN_POINT('',(3.48205412120276,11.6034089299509,12.9976131347281));
#7457=CARTESIAN_POINT('',(3.48205442330634,11.3493786301996,12.9978217756319));
#7458=CARTESIAN_POINT('',(3.48205412120276,11.6993785121496,12.997534312712));
#7459=CARTESIAN_POINT('Ctrl Pts',(3.23915047256732,10.9530769656071,13.3801100481577));
#7460=CARTESIAN_POINT('Ctrl Pts',(3.22506933915494,10.9742058629355,13.3674007352126));
#7461=CARTESIAN_POINT('Ctrl Pts',(3.21098820574256,10.9953347602638,13.3546914222674));
#7462=CARTESIAN_POINT('Ctrl Pts',(3.19690707233018,11.0164636575921,13.3419821093222));
#7463=CARTESIAN_POINT('Ctrl Pts',(3.2187583434905,10.9469772296745,13.3801100481577));
#7464=CARTESIAN_POINT('Ctrl Pts',(3.20458987998927,10.9683100770252,13.3674007352126));
#7465=CARTESIAN_POINT('Ctrl Pts',(3.19042141648804,10.989642924376,13.3546914222674));
#7466=CARTESIAN_POINT('Ctrl Pts',(3.1762529529868,11.0109757717267,13.3419821093222));
#7467=CARTESIAN_POINT('Ctrl Pts',(3.19836621441367,10.9408774937418,13.3801100481577));
#7468=CARTESIAN_POINT('Ctrl Pts',(3.18411042082359,10.9624142911149,13.3674007352126));
#7469=CARTESIAN_POINT('Ctrl Pts',(3.16985462723351,10.9839510884881,13.3546914222674));
#7470=CARTESIAN_POINT('Ctrl Pts',(3.15559883364343,11.0054878858613,13.3419821093222));
#7471=CARTESIAN_POINT('Ctrl Pts',(3.17797408533685,10.9347777578091,13.3801100481577));
#7472=CARTESIAN_POINT('Ctrl Pts',(3.16363096165791,10.9565185052047,13.3674007352126));
#7473=CARTESIAN_POINT('Ctrl Pts',(3.14928783797898,10.9782592526003,13.3546914222674));
#7474=CARTESIAN_POINT('Ctrl Pts',(3.13494471430005,10.9999999999959,13.3419821093222));
#7475=CARTESIAN_POINT('Ctrl Pts',(3.20788110538573,10.9962547984931,13.3537883344537));
#7476=CARTESIAN_POINT('Ctrl Pts',(3.20788044053408,10.9975035831676,13.353154359333));
#7477=CARTESIAN_POINT('Ctrl Pts',(3.20787977121655,10.9987519870963,13.3525199855942));
#7478=CARTESIAN_POINT('Ctrl Pts',(3.20787910534295,11.,13.3518852184769));
#7479=CARTESIAN_POINT('',(3.99040750791328,9.7033228661866,14.1));
#7480=CARTESIAN_POINT('Ctrl Pts',(3.78526419672948,9.46887336769083,14.1));
#7481=CARTESIAN_POINT('Ctrl Pts',(3.47192397048197,9.93364006862347,13.7333333333333));
#7482=CARTESIAN_POINT('Ctrl Pts',(3.15858374423447,10.3984067695561,13.3666666666667));
#7483=CARTESIAN_POINT('Ctrl Pts',(2.84524351798696,10.8631734704887,13.));
#7484=CARTESIAN_POINT('Ctrl Pts',(3.76572673852151,9.44654484402458,14.1));
#7485=CARTESIAN_POINT('Ctrl Pts',(3.46165471812319,9.89578261636831,13.7333333333333));
#7486=CARTESIAN_POINT('Ctrl Pts',(3.15848158424181,10.3451903250258,13.3666666666667));
#7487=CARTESIAN_POINT('Ctrl Pts',(2.85440956384349,10.7944280973695,13.));
#7488=CARTESIAN_POINT('Ctrl Pts',(3.7242841050672,9.39918183436251,14.1));
#7489=CARTESIAN_POINT('Ctrl Pts',(3.4452501358417,9.81605429821017,13.7333333333333));
#7490=CARTESIAN_POINT('Ctrl Pts',(3.16608539667321,10.2326892782495,13.3666666666667));
#7491=CARTESIAN_POINT('Ctrl Pts',(2.88705142744771,10.6495617420972,13.));
#7492=CARTESIAN_POINT('Ctrl Pts',(3.64490399935253,9.30846171354574,14.1));
#7493=CARTESIAN_POINT('Ctrl Pts',(3.43631736583994,9.67183136131339,13.7333333333333));
#7494=CARTESIAN_POINT('Ctrl Pts',(3.22794209926343,10.0352963939324,13.3666666666667));
#7495=CARTESIAN_POINT('Ctrl Pts',(3.01935546575084,10.3986660417,13.));
#7496=CARTESIAN_POINT('Ctrl Pts',(3.56523087637958,9.21740671586237,14.1));
#7497=CARTESIAN_POINT('Ctrl Pts',(3.44922907374025,9.54230033386344,13.7333333333333));
#7498=CARTESIAN_POINT('Ctrl Pts',(3.333365197647,9.86727279695266,13.3666666666667));
#7499=CARTESIAN_POINT('Ctrl Pts',(3.21736339500767,10.1921664149537,13.));
#7500=CARTESIAN_POINT('Ctrl Pts',(3.52254736268402,9.16862555735317,14.1));
#7501=CARTESIAN_POINT('Ctrl Pts',(3.46624483521679,9.48619477964367,13.7333333333333));
#7502=CARTESIAN_POINT('Ctrl Pts',(3.40929685912118,9.80343349667413,13.3666666666667));
#7503=CARTESIAN_POINT('Ctrl Pts',(3.35299433165395,10.1210027189646,13.));
#7504=CARTESIAN_POINT('Ctrl Pts',(3.51181123611319,9.15635569841507,14.1));
#7505=CARTESIAN_POINT('Ctrl Pts',(3.47023475115457,9.47222346379468,13.7333333333333));
#7506=CARTESIAN_POINT('Ctrl Pts',(3.42865826619595,9.78809122917429,13.3666666666667));
#7507=CARTESIAN_POINT('Ctrl Pts',(3.38708178123734,10.1039589945539,13.));
#7508=CARTESIAN_POINT('',(3.78526419672935,9.46887336769069,14.1));
#7509=CARTESIAN_POINT('',(3.32583972972423,10.1503217613899,13.5623874504742));
#7510=CARTESIAN_POINT('Ctrl Pts',(2.96829922312435,10.5067262912999,13.0373933088894));
#7511=CARTESIAN_POINT('Ctrl Pts',(2.97031831259436,10.5032637262124,13.0395337159347));
#7512=CARTESIAN_POINT('Ctrl Pts',(2.97231376108604,10.4998903642375,13.0418049392456));
#7513=CARTESIAN_POINT('Ctrl Pts',(2.97701801288913,10.4920419698985,13.0475102800074));
#7514=CARTESIAN_POINT('Ctrl Pts',(2.97968825192785,10.487669999087,13.0510286393658));
#7515=CARTESIAN_POINT('Ctrl Pts',(2.99103045114887,10.4694065256323,13.0669663036896));
#7516=CARTESIAN_POINT('Ctrl Pts',(3.00008416550345,10.4555691245051,13.0822466476568));
#7517=CARTESIAN_POINT('Ctrl Pts',(3.03946504193041,10.3989668707954,13.1530093023373));
#7518=CARTESIAN_POINT('Ctrl Pts',(3.08439980022146,10.3407705473274,13.2421453188246));
#7519=CARTESIAN_POINT('Ctrl Pts',(3.20233882752497,10.2319524682969,13.4186307621996));
#7520=CARTESIAN_POINT('Ctrl Pts',(3.26020986916689,10.1883919079018,13.4927729996553));
#7521=CARTESIAN_POINT('Ctrl Pts',(3.32583972972423,10.1503217613899,13.5623874504742));
#7522=CARTESIAN_POINT('',(3.78526419672935,9.46887336769069,14.1));
#7523=CARTESIAN_POINT('',(3.78526419672935,9.46887336769069,14.1));
#7524=CARTESIAN_POINT('',(3.51181123611319,9.15635569841507,14.1));
#7525=CARTESIAN_POINT('',(6.,12.,14.1));
#7526=CARTESIAN_POINT('',(3.51181123611319,9.15635569841507,14.1));
#7527=CARTESIAN_POINT('Ctrl Pts',(3.17797408529428,10.9347777579113,13.3801100481065));
#7528=CARTESIAN_POINT('Ctrl Pts',(3.03498273569326,11.1515184680256,13.2534066987376));
#7529=CARTESIAN_POINT('Ctrl Pts',(2.89199138609223,11.36825917814,13.1267033493688));
#7530=CARTESIAN_POINT('Ctrl Pts',(2.7490000364912,11.5849998882543,13.));
#7531=CARTESIAN_POINT('Ctrl Pts',(3.17534004934878,10.7503073956947,13.3801100481065));
#7532=CARTESIAN_POINT('Ctrl Pts',(3.04392043189579,10.9483352912406,13.2534066987376));
#7533=CARTESIAN_POINT('Ctrl Pts',(2.9125008144428,11.1463631867865,13.1267033493688));
#7534=CARTESIAN_POINT('Ctrl Pts',(2.78108119698981,11.3443910823323,13.));
#7535=CARTESIAN_POINT('Ctrl Pts',(3.17270601340327,10.5658370334782,13.3801100481065));
#7536=CARTESIAN_POINT('Ctrl Pts',(3.05285812809832,10.7451521144556,13.2534066987376));
#7537=CARTESIAN_POINT('Ctrl Pts',(2.93301024279337,10.9244671954329,13.1267033493688));
#7538=CARTESIAN_POINT('Ctrl Pts',(2.81316235748841,11.1037822764103,13.));
#7539=CARTESIAN_POINT('Ctrl Pts',(3.17007197745777,10.3813666712617,13.3801100481065));
#7540=CARTESIAN_POINT('Ctrl Pts',(3.06179582430085,10.5419689376705,13.2534066987376));
#7541=CARTESIAN_POINT('Ctrl Pts',(2.95351967114394,10.7025712040794,13.1267033493688));
#7542=CARTESIAN_POINT('Ctrl Pts',(2.84524351798702,10.8631734704883,13.));
#7543=CARTESIAN_POINT('Origin',(3.20750731134571,10.9993785112729,12.9981092382358));
#7544=CARTESIAN_POINT('',(3.20750731134571,10.9993785112729,12.9981092382358));
#7545=CARTESIAN_POINT('Ctrl Pts',(2.96724626177942,10.5072703440663,12.5554576698321));
#7546=CARTESIAN_POINT('Ctrl Pts',(3.11553105611723,10.2519158534207,12.5555115615305));
#7547=CARTESIAN_POINT('Ctrl Pts',(3.37963937369043,10.1198663319951,12.5553424574387));
#7548=CARTESIAN_POINT('Ctrl Pts',(2.96836373233362,10.5081436702313,13.6187729563698));
#7549=CARTESIAN_POINT('Ctrl Pts',(3.11664852667143,10.2527891795857,13.6188268480682));
#7550=CARTESIAN_POINT('Ctrl Pts',(3.38075684424463,10.1207396581601,13.6186577439764));
#7551=CARTESIAN_POINT('',(3.38075684424463,10.1207396581601,13.6186577439764));
#7552=CARTESIAN_POINT('',(3.37963937369043,10.1198663319951,12.5553424574387));
#7553=CARTESIAN_POINT('Ctrl Pts',(3.32583972972476,10.1503217613896,13.5623874504748));
#7554=CARTESIAN_POINT('Ctrl Pts',(3.32698864370425,10.1496553067734,13.5636061185481));
#7555=CARTESIAN_POINT('Ctrl Pts',(3.32813936125978,10.1489908991627,13.5648241164533));
#7556=CARTESIAN_POINT('Ctrl Pts',(3.3292918784827,10.1483285482087,13.5660414111799));
#7557=CARTESIAN_POINT('Ctrl Pts',(3.34280364338156,10.1405633450577,13.5803126080264));
#7558=CARTESIAN_POINT('Ctrl Pts',(3.35768483671857,10.132434576461,13.5956753199144));
#7559=CARTESIAN_POINT('Ctrl Pts',(3.37390458588552,10.1241896123857,13.6118539018625));
#7560=CARTESIAN_POINT('Ctrl Pts',(3.37616269912874,10.123041748607,13.6141062838061));
#7561=CARTESIAN_POINT('Ctrl Pts',(3.37844679974745,10.1218915628236,13.61637447911));
#7562=CARTESIAN_POINT('Ctrl Pts',(3.38075684424462,10.1207396581601,13.6186577439764));
#7563=CARTESIAN_POINT('Origin',(3.20750670713856,11.6993782751728,12.9975343123959));
#7564=CARTESIAN_POINT('Origin',(4.49920619641028,10.9993796262084,12.9981092397229));
#7565=CARTESIAN_POINT('Origin',(4.49920619641028,10.9993796262084,12.9981092397229));
#7566=CARTESIAN_POINT('Ctrl Pts',(5.06506793480773,10.9315062112088,14.1));
#7567=CARTESIAN_POINT('Ctrl Pts',(5.00231007046833,10.9248929683169,13.7333333333292));
#7568=CARTESIAN_POINT('Ctrl Pts',(4.93955220612893,10.918279725425,13.3666666666583));
#7569=CARTESIAN_POINT('Ctrl Pts',(4.87679434178953,10.9116664825331,12.9999999999875));
#7570=CARTESIAN_POINT('Ctrl Pts',(4.93722706413436,10.7854023590107,14.1));
#7571=CARTESIAN_POINT('Ctrl Pts',(4.81441273381514,10.8775566548433,13.7333333333292));
#7572=CARTESIAN_POINT('Ctrl Pts',(4.69159840349591,10.9697109506758,13.3666666666583));
#7573=CARTESIAN_POINT('Ctrl Pts',(4.56878407317669,11.0618652465084,12.9999999999875));
#7574=CARTESIAN_POINT('Ctrl Pts',(4.80938619346099,10.6392985068126,14.1));
#7575=CARTESIAN_POINT('Ctrl Pts',(4.62651539716194,10.8302203413696,13.7333333333292));
#7576=CARTESIAN_POINT('Ctrl Pts',(4.44364460086289,11.0211421759266,13.3666666666583));
#7577=CARTESIAN_POINT('Ctrl Pts',(4.26077380456384,11.2120640104837,12.9999999999875));
#7578=CARTESIAN_POINT('Ctrl Pts',(4.68154532278763,10.4931946546144,14.1));
#7579=CARTESIAN_POINT('Ctrl Pts',(4.43861806050875,10.7828840278959,13.7333333333292));
#7580=CARTESIAN_POINT('Ctrl Pts',(4.19569079822988,11.0725734011774,13.3666666666583));
#7581=CARTESIAN_POINT('Ctrl Pts',(3.952763535951,11.3622627744589,12.9999999999875));
#7582=CARTESIAN_POINT('',(5.06506793472657,10.9315062111161,14.1));
#7583=CARTESIAN_POINT('',(5.06506793472657,10.9315062111161,14.1));
#7584=CARTESIAN_POINT('',(6.,12.,14.1));
#7585=CARTESIAN_POINT('Origin',(3.74500000186265,9.92499988824129,13.));
#7586=CARTESIAN_POINT('',(3.56110515708648,10.0291366265744,12.5552262679647));
#7587=CARTESIAN_POINT('',(3.74500000186265,9.92499988824129,13.));
#7588=CARTESIAN_POINT('Ctrl Pts',(3.99040750791634,9.7033228661901,14.1));
#7589=CARTESIAN_POINT('Ctrl Pts',(3.78816622436692,10.0098723150431,13.9207958168247));
#7590=CARTESIAN_POINT('Ctrl Pts',(3.5859249408175,10.3164217638961,13.7415916336495));
#7591=CARTESIAN_POINT('Ctrl Pts',(3.38368365726809,10.6229712127491,13.5623874504742));
#7592=CARTESIAN_POINT('Ctrl Pts',(3.92202640418734,9.62517303335696,14.1));
#7593=CARTESIAN_POINT('Ctrl Pts',(3.7361517188205,9.90525582078108,13.9207958168247));
#7594=CARTESIAN_POINT('Ctrl Pts',(3.55027703345365,10.1853386082052,13.7415916336495));
#7595=CARTESIAN_POINT('Ctrl Pts',(3.3644023480868,10.4654213956293,13.5623874504742));
#7596=CARTESIAN_POINT('Ctrl Pts',(3.85364530045835,9.54702320052382,14.1));
#7597=CARTESIAN_POINT('Ctrl Pts',(3.68413721327407,9.80063932651908,13.9207958168247));
#7598=CARTESIAN_POINT('Ctrl Pts',(3.51462912608979,10.0542554525143,13.7415916336495));
#7599=CARTESIAN_POINT('Ctrl Pts',(3.34512103890551,10.3078715785096,13.5623874504742));
#7600=CARTESIAN_POINT('Ctrl Pts',(3.78526419672935,9.46887336769069,14.1));
#7601=CARTESIAN_POINT('Ctrl Pts',(3.63212270772764,9.69602283225708,13.9207958168247));
#7602=CARTESIAN_POINT('Ctrl Pts',(3.47898121872593,9.92317229682347,13.7415916336495));
#7603=CARTESIAN_POINT('Ctrl Pts',(3.32583972972423,10.1503217613899,13.5623874504742));
#7604=CARTESIAN_POINT('',(3.99040750791328,9.7033228661866,14.1));
#7605=CARTESIAN_POINT('',(3.99040750791328,9.7033228661866,14.1));
#7606=CARTESIAN_POINT('',(6.,12.,14.1));
#7607=CARTESIAN_POINT('Ctrl Pts',(3.38075684424463,10.1207396581601,13.6186577439764));
#7608=CARTESIAN_POINT('Ctrl Pts',(3.38244150896408,10.1198995993867,13.6203228788992));
#7609=CARTESIAN_POINT('Ctrl Pts',(3.38412826851889,10.1190584896514,13.6219853535461));
#7610=CARTESIAN_POINT('Ctrl Pts',(3.38581712895273,10.1182163259413,13.6236451744364));
#7611=CARTESIAN_POINT('Ctrl Pts',(3.39908190711948,9.02752217956512,14.1));
#7612=CARTESIAN_POINT('Ctrl Pts',(3.51438793870053,9.32668141579051,13.7333333333333));
#7613=CARTESIAN_POINT('Ctrl Pts',(3.62969397028159,9.6258406520159,13.3666666666667));
#7614=CARTESIAN_POINT('Ctrl Pts',(3.74500000186265,9.92499988824129,13.));
#7615=CARTESIAN_POINT('Ctrl Pts',(3.21549712981777,8.81771100550602,14.1));
#7616=CARTESIAN_POINT('Ctrl Pts',(3.29977586082118,9.14069618864,13.7333333333333));
#7617=CARTESIAN_POINT('Ctrl Pts',(3.3840545918246,9.46368137177398,13.3666666666667));
#7618=CARTESIAN_POINT('Ctrl Pts',(3.46833332282802,9.78666655490796,13.));
#7619=CARTESIAN_POINT('Ctrl Pts',(3.03191235251606,8.60789983144692,14.1));
#7620=CARTESIAN_POINT('Ctrl Pts',(3.08516378294183,8.95471096148949,13.7333333333333));
#7621=CARTESIAN_POINT('Ctrl Pts',(3.13841521336761,9.30152209153206,13.3666666666667));
#7622=CARTESIAN_POINT('Ctrl Pts',(3.19166664379339,9.64833322157463,13.));
#7623=CARTESIAN_POINT('Ctrl Pts',(2.84832757521435,8.39808865738783,14.1));
#7624=CARTESIAN_POINT('Ctrl Pts',(2.87055170506249,8.76872573433898,13.7333333333333));
#7625=CARTESIAN_POINT('Ctrl Pts',(2.89277583491062,9.13936281129014,13.3666666666667));
#7626=CARTESIAN_POINT('Ctrl Pts',(2.91499996475876,9.50999988824129,13.));
#7627=CARTESIAN_POINT('',(3.39908190711948,9.02752217956512,14.1));
#7628=CARTESIAN_POINT('',(2.84832757521435,8.39808865738783,14.1));
#7629=CARTESIAN_POINT('',(6.,12.,14.1));
#7630=CARTESIAN_POINT('',(2.84832757521435,8.39808865738783,14.1));
#7631=CARTESIAN_POINT('',(3.39908190711948,9.02752217956512,14.1));
#7632=CARTESIAN_POINT('Ctrl Pts',(4.06443705665982,9.78792806475408,14.1));
#7633=CARTESIAN_POINT('Ctrl Pts',(4.02648811074935,9.84451461407814,14.0653629846938));
#7634=CARTESIAN_POINT('Ctrl Pts',(3.98853916483887,9.90110116340221,14.0307259693876));
#7635=CARTESIAN_POINT('Ctrl Pts',(3.9505902189284,9.95768771272627,13.9960889540814));
#7636=CARTESIAN_POINT('Ctrl Pts',(4.03976054041097,9.75972633189825,14.1));
#7637=CARTESIAN_POINT('Ctrl Pts',(4.00143134932253,9.81720090290649,14.0653629846938));
#7638=CARTESIAN_POINT('Ctrl Pts',(3.96310215823409,9.87467547391473,14.0307259693876));
#7639=CARTESIAN_POINT('Ctrl Pts',(3.92477296714564,9.93215004492296,13.9960889540814));
#7640=CARTESIAN_POINT('Ctrl Pts',(4.01508402416213,9.73152459904243,14.1));
#7641=CARTESIAN_POINT('Ctrl Pts',(3.97637458789571,9.78988719173483,14.0653629846938));
#7642=CARTESIAN_POINT('Ctrl Pts',(3.9376651516293,9.84824978442724,14.0307259693876));
#7643=CARTESIAN_POINT('Ctrl Pts',(3.89895571536289,9.90661237711965,13.9960889540814));
#7644=CARTESIAN_POINT('Ctrl Pts',(3.99040750791328,9.7033228661866,14.1));
#7645=CARTESIAN_POINT('Ctrl Pts',(3.9513178264689,9.76257348056318,14.0653629846938));
#7646=CARTESIAN_POINT('Ctrl Pts',(3.91222814502451,9.82182409493976,14.0307259693876));
#7647=CARTESIAN_POINT('Ctrl Pts',(3.87313846358013,9.88107470931634,13.9960889540814));
#7648=CARTESIAN_POINT('',(4.01384216139925,9.73010532731342,14.1));
#7649=CARTESIAN_POINT('',(6.,12.,14.1));
#7650=CARTESIAN_POINT('',(6.,12.,14.1));
#7651=CARTESIAN_POINT('Origin',(3.37963937369043,10.1198663319951,12.5553424574387));
#7652=CARTESIAN_POINT('Origin',(1.52001646131721,11.6179198821926,3.91892699231927));
#7653=CARTESIAN_POINT('',(1.51830076794549,11.5797088150875,3.92211304754659));
#7654=CARTESIAN_POINT('',(1.55867394129977,11.5993608320764,3.84713976728007));
#7655=CARTESIAN_POINT('',(1.52205416500277,11.5797629907585,3.91514296156754));
#7656=CARTESIAN_POINT('',(1.52205416500277,11.6369983279096,3.91514296156754));
#7657=CARTESIAN_POINT('',(1.51964287679336,11.5797279288966,3.9196207415315));
#7658=CARTESIAN_POINT('Origin',(1.52205416500277,11.5797084136948,3.92211304440361));
#7659=CARTESIAN_POINT('',(1.52205416500277,11.5797084136948,3.92211304440361));
#7660=CARTESIAN_POINT('',(1.52205416500277,11.5797084136948,3.92211304440361));
#7661=CARTESIAN_POINT('',(1.51797875763165,11.5797084136948,3.92211304440361));
#7662=CARTESIAN_POINT('Origin',(1.51797875763165,11.5797084136948,3.92211304440361));
#7663=CARTESIAN_POINT('',(1.51797875763165,11.5797084136948,3.92211304440361));
#7664=CARTESIAN_POINT('Origin',(1.51797875763165,11.5802779907707,4.34914574297597));
#7665=CARTESIAN_POINT('',(1.51822838201854,11.5797085929903,3.92224746874607));
#7666=CARTESIAN_POINT('',(1.60725743063933,11.579772539083,3.97019018567969));
#7667=CARTESIAN_POINT('',(1.52205416500277,11.5802779907707,4.34914574297597));
#7668=CARTESIAN_POINT('',(1.52205416500277,11.5801358834035,4.24260266898595));
#7669=CARTESIAN_POINT('',(1.51797875763165,11.5802779907707,4.34914574297597));
#7670=CARTESIAN_POINT('Origin',(1.51797875763165,11.6527332669431,4.3497130814592));
#7671=CARTESIAN_POINT('',(1.52205416500277,11.6704556030636,4.34985185069486));
#7672=CARTESIAN_POINT('Origin',(2.50000003278255,9.09499990679324,13.));
#7673=CARTESIAN_POINT('',(2.50000003278255,9.09499990679324,13.));
#7674=CARTESIAN_POINT('',(2.50000003278255,9.09499990679324,13.));
#7675=CARTESIAN_POINT('',(2.50000003278255,9.09499990679324,13.));
#7676=CARTESIAN_POINT('Ctrl Pts',(2.84832757521435,8.39808865738783,14.1));
#7677=CARTESIAN_POINT('Ctrl Pts',(2.87055170506249,8.76872573433898,13.7333333333333));
#7678=CARTESIAN_POINT('Ctrl Pts',(2.89277583491062,9.13936281129014,13.3666666666667));
#7679=CARTESIAN_POINT('Ctrl Pts',(2.91499996475876,9.50999988824129,13.));
#7680=CARTESIAN_POINT('Ctrl Pts',(2.73221838347623,8.26539243825855,14.1));
#7681=CARTESIAN_POINT('Ctrl Pts',(2.74703447368416,8.63415047920302,13.7333333333333));
#7682=CARTESIAN_POINT('Ctrl Pts',(2.76185056389209,9.00290852014748,13.3666666666667));
#7683=CARTESIAN_POINT('Ctrl Pts',(2.77666665410002,9.37166656109194,13.));
#7684=CARTESIAN_POINT('Ctrl Pts',(2.61610919173812,8.13269621912928,14.1));
#7685=CARTESIAN_POINT('Ctrl Pts',(2.62351724230584,8.49957522406705,13.7333333333333));
#7686=CARTESIAN_POINT('Ctrl Pts',(2.63092529287357,8.86645422900482,13.3666666666667));
#7687=CARTESIAN_POINT('Ctrl Pts',(2.63833334344129,9.23333323394259,13.));
#7688=CARTESIAN_POINT('Ctrl Pts',(2.5,8.,14.1));
#7689=CARTESIAN_POINT('Ctrl Pts',(2.50000001092752,8.36499996893108,13.7333333333333));
#7690=CARTESIAN_POINT('Ctrl Pts',(2.50000002185504,8.72999993786216,13.3666666666667));
#7691=CARTESIAN_POINT('Ctrl Pts',(2.50000003278255,9.09499990679324,13.));
#7692=CARTESIAN_POINT('',(6.,12.,14.1));
#7693=CARTESIAN_POINT('',(2.5,8.,14.1));
#7694=CARTESIAN_POINT('Ctrl Pts',(3.51181123611319,9.15635569841507,14.1));
#7695=CARTESIAN_POINT('Ctrl Pts',(3.47023475115457,9.47222346379468,13.7333333333333));
#7696=CARTESIAN_POINT('Ctrl Pts',(3.42865826619595,9.78809122917429,13.3666666666667));
#7697=CARTESIAN_POINT('Ctrl Pts',(3.38708178123734,10.1039589945539,13.));
#7698=CARTESIAN_POINT('Ctrl Pts',(3.47423479311528,9.11341119213175,14.1));
#7699=CARTESIAN_POINT('Ctrl Pts',(3.48495248033656,9.42370944779329,13.7333333333333));
#7700=CARTESIAN_POINT('Ctrl Pts',(3.49567016755783,9.73400770345483,13.3666666666667));
#7701=CARTESIAN_POINT('Ctrl Pts',(3.50638785477911,10.0443059591164,13.));
#7702=CARTESIAN_POINT('Ctrl Pts',(3.43665835011738,9.07046668584844,14.1));
#7703=CARTESIAN_POINT('Ctrl Pts',(3.49967020951855,9.3751954317919,13.7333333333333));
#7704=CARTESIAN_POINT('Ctrl Pts',(3.56268206891971,9.67992417773536,13.3666666666667));
#7705=CARTESIAN_POINT('Ctrl Pts',(3.62569392832088,9.98465292367883,13.));
#7706=CARTESIAN_POINT('Ctrl Pts',(3.39908190711948,9.02752217956512,14.1));
#7707=CARTESIAN_POINT('Ctrl Pts',(3.51438793870053,9.32668141579051,13.7333333333333));
#7708=CARTESIAN_POINT('Ctrl Pts',(3.62969397028159,9.6258406520159,13.3666666666667));
#7709=CARTESIAN_POINT('Ctrl Pts',(3.74500000186265,9.92499988824129,13.));
#7710=CARTESIAN_POINT('',(6.,12.,14.1));
#7711=CARTESIAN_POINT('Ctrl Pts',(5.46935139069122,11.3935444465042,14.1));
#7712=CARTESIAN_POINT('Ctrl Pts',(5.22601426108169,11.3925406913689,13.7333333333333));
#7713=CARTESIAN_POINT('Ctrl Pts',(4.98267713147217,11.3915369362336,13.3666666666667));
#7714=CARTESIAN_POINT('Ctrl Pts',(4.73934000186265,11.3905331810982,13.));
#7715=CARTESIAN_POINT('Ctrl Pts',(5.334590238703,11.2395317013749,14.1));
#7716=CARTESIAN_POINT('Ctrl Pts',(5.15144619750438,11.2366581170083,13.7333333333333));
#7717=CARTESIAN_POINT('Ctrl Pts',(4.96830215630576,11.2337845326417,13.3666666666667));
#7718=CARTESIAN_POINT('Ctrl Pts',(4.78515811510714,11.2309109482751,13.));
#7719=CARTESIAN_POINT('Ctrl Pts',(5.19982908671478,11.0855189562455,14.1));
#7720=CARTESIAN_POINT('Ctrl Pts',(5.07687813392707,11.0807755426476,13.7333333333333));
#7721=CARTESIAN_POINT('Ctrl Pts',(4.95392718113935,11.0760321290498,13.3666666666667));
#7722=CARTESIAN_POINT('Ctrl Pts',(4.83097622835163,11.0712887154519,13.));
#7723=CARTESIAN_POINT('Ctrl Pts',(5.06506793472657,10.9315062111161,14.1));
#7724=CARTESIAN_POINT('Ctrl Pts',(5.00231007034975,10.924892968287,13.7333333333333));
#7725=CARTESIAN_POINT('Ctrl Pts',(4.93955220597294,10.9182797254578,13.3666666666667));
#7726=CARTESIAN_POINT('Ctrl Pts',(4.87679434159613,10.9116664826287,13.));
#7727=CARTESIAN_POINT('',(5.46935139069122,11.3935444465043,14.1));
#7728=CARTESIAN_POINT('',(5.46935139069122,11.3935444465043,14.1));
#7729=CARTESIAN_POINT('',(6.,12.,14.1));
#7730=CARTESIAN_POINT('Ctrl Pts',(6.,12.,14.1));
#7731=CARTESIAN_POINT('Ctrl Pts',(5.52168000062088,11.9999999627471,13.7333333333333));
#7732=CARTESIAN_POINT('Ctrl Pts',(5.04336000124176,11.9999999254942,13.3666666666667));
#7733=CARTESIAN_POINT('Ctrl Pts',(4.56504000186265,11.9999998882413,13.));
#7734=CARTESIAN_POINT('Ctrl Pts',(5.82311713023041,11.7978481488347,14.1));
#7735=CARTESIAN_POINT('Ctrl Pts',(5.42312475410782,11.7975135389544,13.7333333333333));
#7736=CARTESIAN_POINT('Ctrl Pts',(5.02313237798523,11.797178929074,13.3666666666667));
#7737=CARTESIAN_POINT('Ctrl Pts',(4.62314000186265,11.7968443191936,13.));
#7738=CARTESIAN_POINT('Ctrl Pts',(5.64623426046081,11.5956962976695,14.1));
#7739=CARTESIAN_POINT('Ctrl Pts',(5.32456950759476,11.5950271151616,13.7333333333333));
#7740=CARTESIAN_POINT('Ctrl Pts',(5.0029047547287,11.5943579326538,13.3666666666667));
#7741=CARTESIAN_POINT('Ctrl Pts',(4.68124000186265,11.5936887501459,13.));
#7742=CARTESIAN_POINT('Ctrl Pts',(5.46935139069122,11.3935444465042,14.1));
#7743=CARTESIAN_POINT('Ctrl Pts',(5.22601426108169,11.3925406913689,13.7333333333333));
#7744=CARTESIAN_POINT('Ctrl Pts',(4.98267713147217,11.3915369362336,13.3666666666667));
#7745=CARTESIAN_POINT('Ctrl Pts',(4.73934000186265,11.3905331810982,13.));
#7746=CARTESIAN_POINT('',(6.,12.,14.1));
#7747=CARTESIAN_POINT('',(4.73934000186265,11.3905331810982,13.));
#7748=CARTESIAN_POINT('Ctrl Pts',(-0.474313176255789,11.399215058578,14.1));
#7749=CARTESIAN_POINT('Ctrl Pts',(-0.229322117460149,11.396321102304,13.7333333333333));
#7750=CARTESIAN_POINT('Ctrl Pts',(0.0156689413354906,11.3934271460299,13.3666666666667));
#7751=CARTESIAN_POINT('Ctrl Pts',(0.26066000013113,11.3905331897558,13.));
#7752=CARTESIAN_POINT('Ctrl Pts',(-0.649542117503859,11.5994767057187,14.1));
#7753=CARTESIAN_POINT('Ctrl Pts',(-0.326774745536034,11.5975473929662,13.7333333333333));
#7754=CARTESIAN_POINT('Ctrl Pts',(-0.00400737356820963,11.5956180802136,
13.3666666666667));
#7755=CARTESIAN_POINT('Ctrl Pts',(0.318759998399615,11.5936887674611,13.));
#7756=CARTESIAN_POINT('Ctrl Pts',(-0.82477105875193,11.7997383528593,14.1));
#7757=CARTESIAN_POINT('Ctrl Pts',(-0.42422737361192,11.7987736836283,13.7333333333333));
#7758=CARTESIAN_POINT('Ctrl Pts',(-0.0236836884719095,11.7978090143973,
13.3666666666667));
#7759=CARTESIAN_POINT('Ctrl Pts',(0.3768599966681,11.7968443451663,13.));
#7760=CARTESIAN_POINT('Ctrl Pts',(-1.,12.,14.1));
#7761=CARTESIAN_POINT('Ctrl Pts',(-0.521680001687805,11.9999999742905,13.7333333333333));
#7762=CARTESIAN_POINT('Ctrl Pts',(-0.0433600033756096,11.9999999485811,
13.3666666666667));
#7763=CARTESIAN_POINT('Ctrl Pts',(0.434959994936586,11.9999999228716,13.));
#7764=CARTESIAN_POINT('',(2.5,8.,14.1));
#7765=CARTESIAN_POINT('',(0.26066000013113,11.3905331897558,13.));
#7766=CARTESIAN_POINT('Ctrl Pts',(1.60091808406096,9.02752218964462,14.1));
#7767=CARTESIAN_POINT('Ctrl Pts',(1.48561205666152,9.32668142251018,13.7333333333333));
#7768=CARTESIAN_POINT('Ctrl Pts',(1.37030602926208,9.62584065537573,13.3666666666667));
#7769=CARTESIAN_POINT('Ctrl Pts',(1.25500000186265,9.92499988824129,13.));
#7770=CARTESIAN_POINT('Ctrl Pts',(1.56362576756818,9.07014197992207,14.1));
#7771=CARTESIAN_POINT('Ctrl Pts',(1.50051920707202,9.37497896233131,13.7333333333333));
#7772=CARTESIAN_POINT('Ctrl Pts',(1.43741264657585,9.67981594474054,13.3666666666667));
#7773=CARTESIAN_POINT('Ctrl Pts',(1.37430608607968,9.98465292714977,13.));
#7774=CARTESIAN_POINT('Ctrl Pts',(1.52633345107541,9.11276177019953,14.1));
#7775=CARTESIAN_POINT('Ctrl Pts',(1.51542635748252,9.42327650215243,13.7333333333333));
#7776=CARTESIAN_POINT('Ctrl Pts',(1.50451926388962,9.73379123410534,13.3666666666667));
#7777=CARTESIAN_POINT('Ctrl Pts',(1.49361217029672,10.0443059660583,13.));
#7778=CARTESIAN_POINT('Ctrl Pts',(1.48904113458264,9.15538156047698,14.1));
#7779=CARTESIAN_POINT('Ctrl Pts',(1.53033350789302,9.47157404197356,13.7333333333333));
#7780=CARTESIAN_POINT('Ctrl Pts',(1.57162588120339,9.78776652347015,13.3666666666667));
#7781=CARTESIAN_POINT('Ctrl Pts',(1.61291825451376,10.1039590049667,13.));
#7782=CARTESIAN_POINT('',(1.61291825451376,10.1039590049667,13.));
#7783=CARTESIAN_POINT('',(1.60091808406096,9.02752218964462,14.1));
#7784=CARTESIAN_POINT('Ctrl Pts',(2.15167238830133,8.39808869908419,14.1));
#7785=CARTESIAN_POINT('Ctrl Pts',(2.12944825948844,8.76872576213656,13.7333333333333));
#7786=CARTESIAN_POINT('Ctrl Pts',(2.10722413067554,9.13936282518893,13.3666666666667));
#7787=CARTESIAN_POINT('Ctrl Pts',(2.08500000186265,9.50999988824129,13.));
#7788=CARTESIAN_POINT('Ctrl Pts',(1.96808762022121,8.60789986260434,14.1));
#7789=CARTESIAN_POINT('Ctrl Pts',(1.91483619187946,8.9547109822611,13.7333333333333));
#7790=CARTESIAN_POINT('Ctrl Pts',(1.86158476353772,9.30152210191786,13.3666666666667));
#7791=CARTESIAN_POINT('Ctrl Pts',(1.80833333519598,9.64833322157463,13.));
#7792=CARTESIAN_POINT('Ctrl Pts',(1.78450285214108,8.81771102612448,14.1));
#7793=CARTESIAN_POINT('Ctrl Pts',(1.70022412427049,9.14069620238564,13.7333333333333));
#7794=CARTESIAN_POINT('Ctrl Pts',(1.6159453963999,9.4636813786468,13.3666666666667));
#7795=CARTESIAN_POINT('Ctrl Pts',(1.53166666852931,9.78666655490796,13.));
#7796=CARTESIAN_POINT('Ctrl Pts',(1.60091808406096,9.02752218964462,14.1));
#7797=CARTESIAN_POINT('Ctrl Pts',(1.48561205666152,9.32668142251018,13.7333333333333));
#7798=CARTESIAN_POINT('Ctrl Pts',(1.37030602926208,9.62584065537574,13.3666666666667));
#7799=CARTESIAN_POINT('Ctrl Pts',(1.25500000186265,9.92499988824129,13.));
#7800=CARTESIAN_POINT('',(2.15167238830133,8.39808869908419,14.1));
#7801=CARTESIAN_POINT('Ctrl Pts',(2.5,8.,14.1));
#7802=CARTESIAN_POINT('Ctrl Pts',(2.50000001092752,8.36499996893108,13.7333333333333));
#7803=CARTESIAN_POINT('Ctrl Pts',(2.50000002185504,8.72999993786216,13.3666666666667));
#7804=CARTESIAN_POINT('Ctrl Pts',(2.50000003278255,9.09499990679324,13.));
#7805=CARTESIAN_POINT('Ctrl Pts',(2.38389079610044,8.13269623302807,14.1));
#7806=CARTESIAN_POINT('Ctrl Pts',(2.37648276044782,8.49957523333291,13.7333333333333));
#7807=CARTESIAN_POINT('Ctrl Pts',(2.3690747247952,8.86645423363775,13.3666666666667));
#7808=CARTESIAN_POINT('Ctrl Pts',(2.36166668914258,9.23333323394259,13.));
#7809=CARTESIAN_POINT('Ctrl Pts',(2.26778159220089,8.26539246605613,14.1));
#7810=CARTESIAN_POINT('Ctrl Pts',(2.25296550996813,8.63415049773473,13.7333333333333));
#7811=CARTESIAN_POINT('Ctrl Pts',(2.23814942773537,9.00290852941334,13.3666666666667));
#7812=CARTESIAN_POINT('Ctrl Pts',(2.22333334550262,9.37166656109194,13.));
#7813=CARTESIAN_POINT('Ctrl Pts',(2.15167238830133,8.39808869908419,14.1));
#7814=CARTESIAN_POINT('Ctrl Pts',(2.12944825948844,8.76872576213656,13.7333333333333));
#7815=CARTESIAN_POINT('Ctrl Pts',(2.10722413067554,9.13936282518893,13.3666666666667));
#7816=CARTESIAN_POINT('Ctrl Pts',(2.08500000186265,9.50999988824129,13.));
#7817=CARTESIAN_POINT('',(2.08500000186265,9.50999988824129,13.));
#7818=CARTESIAN_POINT('Ctrl Pts',(2.49824852132068,7.6650000346303,15.05));
#7819=CARTESIAN_POINT('Ctrl Pts',(2.49883234754712,7.77666668975353,14.7333333333333));
#7820=CARTESIAN_POINT('Ctrl Pts',(2.49941617377356,7.88833334487677,14.4166666666667));
#7821=CARTESIAN_POINT('Ctrl Pts',(2.5,8.,14.1));
#7822=CARTESIAN_POINT('Ctrl Pts',(3.33540641164564,7.6650000346303,15.05));
#7823=CARTESIAN_POINT('Ctrl Pts',(3.2513820522082,7.99888891197576,14.7333333333333));
#7824=CARTESIAN_POINT('Ctrl Pts',(3.16735769277077,8.33277778932121,14.4166666666667));
#7825=CARTESIAN_POINT('Ctrl Pts',(3.08333333333333,8.66666666666667,14.1));
#7826=CARTESIAN_POINT('Ctrl Pts',(4.1725643019706,7.6650000346303,15.05));
#7827=CARTESIAN_POINT('Ctrl Pts',(4.00393175686929,8.22111113419798,14.7333333333333));
#7828=CARTESIAN_POINT('Ctrl Pts',(3.83529921176798,8.77722223376566,14.4166666666667));
#7829=CARTESIAN_POINT('Ctrl Pts',(3.66666666666667,9.33333333333333,14.1));
#7830=CARTESIAN_POINT('Ctrl Pts',(5.00972219229555,7.6650000346303,15.05));
#7831=CARTESIAN_POINT('Ctrl Pts',(4.75648146153037,8.4433333564202,14.7333333333333));
#7832=CARTESIAN_POINT('Ctrl Pts',(4.50324073076518,9.2216666782101,14.4166666666667));
#7833=CARTESIAN_POINT('Ctrl Pts',(4.25,10.,14.1));
#7834=CARTESIAN_POINT('',(5.00972219229555,7.6650000346303,15.05));
#7835=CARTESIAN_POINT('Origin',(2.08500000186265,9.50999988824129,13.));
#7836=CARTESIAN_POINT('Origin',(1.61291825451376,10.1039590049667,13.));
#7837=CARTESIAN_POINT('Origin',(0.434959994936586,11.9999999228716,13.));
#7838=CARTESIAN_POINT('',(0.708528002313256,11.5124265294529,2.4));
#7839=CARTESIAN_POINT('Origin',(4.73934000186265,11.3905331810982,13.));
#7840=CARTESIAN_POINT('',(4.29147200369847,11.5124265225269,2.4));
#7841=CARTESIAN_POINT('Ctrl Pts',(4.29147200369847,11.5124265225269,2.4));
#7842=CARTESIAN_POINT('Ctrl Pts',(3.72668919092822,11.6670136697692,1.6));
#7843=CARTESIAN_POINT('Ctrl Pts',(3.16190637815797,11.8216008170115,0.8));
#7844=CARTESIAN_POINT('Ctrl Pts',(2.59712356538772,11.9761879642538,0.));
#7845=CARTESIAN_POINT('Ctrl Pts',(4.24499200369847,11.674950977765,2.4));
#7846=CARTESIAN_POINT('Ctrl Pts',(3.6963389948971,11.7779579312745,1.6));
#7847=CARTESIAN_POINT('Ctrl Pts',(3.14768500057065,11.8809650228478,0.800000000000001));
#7848=CARTESIAN_POINT('Ctrl Pts',(2.59903199176928,11.9839719763573,0.));
#7849=CARTESIAN_POINT('Ctrl Pts',(4.19851200369847,11.8374754330031,2.4));
#7850=CARTESIAN_POINT('Ctrl Pts',(3.66567501592053,11.8889789493155,1.6));
#7851=CARTESIAN_POINT('Ctrl Pts',(3.13283703808907,11.9404825662029,0.799999999999999));
#7852=CARTESIAN_POINT('Ctrl Pts',(2.60000005031113,11.9919860825152,0.));
#7853=CARTESIAN_POINT('Ctrl Pts',(4.15203200369847,11.9999998882413,2.4));
#7854=CARTESIAN_POINT('Ctrl Pts',(3.63468800246499,12.0000001347516,1.6));
#7855=CARTESIAN_POINT('Ctrl Pts',(3.11734400123151,12.000000381262,0.8));
#7856=CARTESIAN_POINT('Ctrl Pts',(2.59999999999803,12.0000006277724,0.));
#7857=CARTESIAN_POINT('',(2.59712356538772,11.9761879642538,0.));
#7858=CARTESIAN_POINT('',(4.29147200369847,11.5124265225269,2.4));
#7859=CARTESIAN_POINT('Origin',(2.5,12.,0.));
#7860=CARTESIAN_POINT('Ctrl Pts',(4.40143547548525,11.1293331637512,2.4));
#7861=CARTESIAN_POINT('Ctrl Pts',(3.79793088155116,11.4056780203186,1.6));
#7862=CARTESIAN_POINT('Ctrl Pts',(3.19442628761706,11.6820228768859,0.8));
#7863=CARTESIAN_POINT('Ctrl Pts',(2.59092169368297,11.9583677334532,0.));
#7864=CARTESIAN_POINT('Ctrl Pts',(4.36478098488966,11.2570309500098,2.4));
#7865=CARTESIAN_POINT('Ctrl Pts',(3.77436879822923,11.4927188563139,1.6));
#7866=CARTESIAN_POINT('Ctrl Pts',(3.18395625475979,11.7284068927928,0.800000000000001));
#7867=CARTESIAN_POINT('Ctrl Pts',(2.59354406809935,11.9640947990969,0.));
#7868=CARTESIAN_POINT('Ctrl Pts',(4.32812649429406,11.3847287362683,2.4));
#7869=CARTESIAN_POINT('Ctrl Pts',(3.75062567280969,11.5798425340118,1.6));
#7870=CARTESIAN_POINT('Ctrl Pts',(3.17312449079335,11.7749564512326,0.799999999999999));
#7871=CARTESIAN_POINT('Ctrl Pts',(2.59562366930898,11.9700702489761,0.));
#7872=CARTESIAN_POINT('Ctrl Pts',(4.29147200369847,11.5124265225269,2.4));
#7873=CARTESIAN_POINT('Ctrl Pts',(3.72668919092822,11.6670136697692,1.6));
#7874=CARTESIAN_POINT('Ctrl Pts',(3.16190637815797,11.8216008170115,0.8));
#7875=CARTESIAN_POINT('Ctrl Pts',(2.59712356538772,11.9761879642538,0.));
#7876=CARTESIAN_POINT('',(2.59092169368297,11.9583677334532,0.));
#7877=CARTESIAN_POINT('',(4.40143547548525,11.1293331637512,2.4));
#7878=CARTESIAN_POINT('Origin',(2.5,12.,0.));
#7879=CARTESIAN_POINT('Ctrl Pts',(2.69920003140271,11.6679998882413,2.4));
#7880=CARTESIAN_POINT('Ctrl Pts',(2.65426071616213,11.7531607169262,1.6));
#7881=CARTESIAN_POINT('Ctrl Pts',(2.60932140092155,11.8383215456111,0.8));
#7882=CARTESIAN_POINT('Ctrl Pts',(2.56438208568097,11.9234823742961,0.));
#7883=CARTESIAN_POINT('Ctrl Pts',(2.89840002216796,11.6679998882413,2.4));
#7884=CARTESIAN_POINT('Ctrl Pts',(2.78828997107613,11.7541949630781,1.6));
#7885=CARTESIAN_POINT('Ctrl Pts',(2.67817983025923,11.8403901322488,0.800000000000001));
#7886=CARTESIAN_POINT('Ctrl Pts',(2.56806977916741,11.9265852070856,0.));
#7887=CARTESIAN_POINT('Ctrl Pts',(3.09760001293321,11.6679998882413,2.4));
#7888=CARTESIAN_POINT('Ctrl Pts',(2.9222442888492,11.755318250738,1.6));
#7889=CARTESIAN_POINT('Ctrl Pts',(2.74688847291121,11.8426367054968,0.799999999999999));
#7890=CARTESIAN_POINT('Ctrl Pts',(2.57153274882719,11.9299550679935,0.));
#7891=CARTESIAN_POINT('Ctrl Pts',(3.29680000369847,11.6679998882413,2.4));
#7892=CARTESIAN_POINT('Ctrl Pts',(3.05611164008447,11.756518873943,1.6));
#7893=CARTESIAN_POINT('Ctrl Pts',(2.81542327647047,11.8450378596446,0.8));
#7894=CARTESIAN_POINT('Ctrl Pts',(2.57473491285647,11.9335568453463,0.));
#7895=CARTESIAN_POINT('',(2.69920003140271,11.6679998882413,2.4));
#7896=CARTESIAN_POINT('',(2.69920003140271,11.6679998882413,2.4));
#7897=CARTESIAN_POINT('',(2.56438208568097,11.9234823742961,0.));
#7898=CARTESIAN_POINT('',(2.69920003140271,11.6679998882413,2.4));
#7899=CARTESIAN_POINT('',(2.57473491285647,11.9335568453463,0.));
#7900=CARTESIAN_POINT('Origin',(2.5,12.,0.));
#7901=CARTESIAN_POINT('',(3.29680000369847,11.6679998882413,2.4));
#7902=CARTESIAN_POINT('Ctrl Pts',(1.70320000369847,11.6679998882413,2.4));
#7903=CARTESIAN_POINT('Ctrl Pts',(1.9438883891538,11.7565188466026,1.6));
#7904=CARTESIAN_POINT('Ctrl Pts',(2.18457677460913,11.845037804964,0.8));
#7905=CARTESIAN_POINT('Ctrl Pts',(2.42526516006446,11.9335567633253,0.));
#7906=CARTESIAN_POINT('Ctrl Pts',(1.90240001095434,11.6679998882413,2.4));
#7907=CARTESIAN_POINT('Ctrl Pts',(2.07775575371234,11.7553182234307,1.6));
#7908=CARTESIAN_POINT('Ctrl Pts',(2.25311158832457,11.8426366508827,0.800000000000001));
#7909=CARTESIAN_POINT('Ctrl Pts',(2.42846733108257,11.9299549860721,0.));
#7910=CARTESIAN_POINT('Ctrl Pts',(2.10160001821021,11.6679998882413,2.4));
#7911=CARTESIAN_POINT('Ctrl Pts',(2.21171008488904,11.7541949360463,1.6));
#7912=CARTESIAN_POINT('Ctrl Pts',(2.32182024129316,11.8403900781856,0.799999999999999));
#7913=CARTESIAN_POINT('Ctrl Pts',(2.43193030797199,11.9265851259906,0.));
#7914=CARTESIAN_POINT('Ctrl Pts',(2.30080002546608,11.6679998882413,2.4));
#7915=CARTESIAN_POINT('Ctrl Pts',(2.34573935323916,11.7531606904315,1.6));
#7916=CARTESIAN_POINT('Ctrl Pts',(2.39067868101224,11.8383214926218,0.8));
#7917=CARTESIAN_POINT('Ctrl Pts',(2.43561800878531,11.923482294812,0.));
#7918=CARTESIAN_POINT('',(2.30080002546608,11.6679998882413,2.4));
#7919=CARTESIAN_POINT('',(2.43561800878531,11.923482294812,0.));
#7920=CARTESIAN_POINT('',(2.30080002546608,11.6679998882413,2.4));
#7921=CARTESIAN_POINT('',(1.70320000369847,11.6679998882413,2.4));
#7922=CARTESIAN_POINT('',(2.42526516006446,11.9335567633253,0.));
#7923=CARTESIAN_POINT('',(1.70320000369847,11.6679998882413,2.4));
#7924=CARTESIAN_POINT('Origin',(2.5,12.,0.));
#7925=CARTESIAN_POINT('Ctrl Pts',(0.598564566541981,11.1293331761192,2.4));
#7926=CARTESIAN_POINT('Ctrl Pts',(1.20206915824965,11.4056780028315,1.6));
#7927=CARTESIAN_POINT('Ctrl Pts',(1.80557374995733,11.6820228295438,0.8));
#7928=CARTESIAN_POINT('Ctrl Pts',(2.409078341665,11.9583676562561,0.));
#7929=CARTESIAN_POINT('Ctrl Pts',(0.966776378927477,11.3088887468266,2.4));
#7930=CARTESIAN_POINT('Ctrl Pts',(1.44891846283821,11.5223774977944,1.6));
#7931=CARTESIAN_POINT('Ctrl Pts',(1.9310625244529,11.735867473857,0.800000000000001));
#7932=CARTESIAN_POINT('Ctrl Pts',(2.41320460836364,11.9493562248248,0.));
#7933=CARTESIAN_POINT('Ctrl Pts',(1.33498819131297,11.4884443175339,2.4));
#7934=CARTESIAN_POINT('Ctrl Pts',(1.696218099873,11.6392837348782,1.6));
#7935=CARTESIAN_POINT('Ctrl Pts',(2.05744992648583,11.7901244687496,0.799999999999999));
#7936=CARTESIAN_POINT('Ctrl Pts',(2.41867983504585,11.9409638860939,0.));
#7937=CARTESIAN_POINT('Ctrl Pts',(1.70320000369847,11.6679998882413,2.4));
#7938=CARTESIAN_POINT('Ctrl Pts',(1.9438883891538,11.7565188466026,1.6));
#7939=CARTESIAN_POINT('Ctrl Pts',(2.18457677460913,11.845037804964,0.8));
#7940=CARTESIAN_POINT('Ctrl Pts',(2.42526516006446,11.9335567633253,0.));
#7941=CARTESIAN_POINT('',(2.409078341665,11.9583676562561,0.));
#7942=CARTESIAN_POINT('',(0.598564566541981,11.1293331761192,2.4));
#7943=CARTESIAN_POINT('Origin',(2.5,12.,0.));
#7944=CARTESIAN_POINT('Ctrl Pts',(0.708528002313256,11.5124265294529,2.4));
#7945=CARTESIAN_POINT('Ctrl Pts',(1.27331081648563,11.6670136604942,1.6));
#7946=CARTESIAN_POINT('Ctrl Pts',(1.838093630658,11.8216007915355,0.8));
#7947=CARTESIAN_POINT('Ctrl Pts',(2.40287644483037,11.9761879225767,0.));
#7948=CARTESIAN_POINT('Ctrl Pts',(0.671873523722831,11.3847287450083,2.4));
#7949=CARTESIAN_POINT('Ctrl Pts',(1.24937434459269,11.5798425216285,1.6));
#7950=CARTESIAN_POINT('Ctrl Pts',(1.82687552599765,11.7749564177272,0.800000000000001));
#7951=CARTESIAN_POINT('Ctrl Pts',(2.40437634686751,11.9700701943473,0.));
#7952=CARTESIAN_POINT('Ctrl Pts',(0.635219045132406,11.2570309605638,2.4));
#7953=CARTESIAN_POINT('Ctrl Pts',(1.2256312300037,11.4927188411173,1.6));
#7954=CARTESIAN_POINT('Ctrl Pts',(1.81604377168709,11.7284068518469,0.799999999999999));
#7955=CARTESIAN_POINT('Ctrl Pts',(2.40645595655839,11.9640947324003,0.));
#7956=CARTESIAN_POINT('Ctrl Pts',(0.598564566541981,11.1293331761192,2.4));
#7957=CARTESIAN_POINT('Ctrl Pts',(1.20206915824965,11.4056780028315,1.6));
#7958=CARTESIAN_POINT('Ctrl Pts',(1.80557374995733,11.6820228295438,0.8));
#7959=CARTESIAN_POINT('Ctrl Pts',(2.409078341665,11.9583676562561,0.));
#7960=CARTESIAN_POINT('',(2.40287644483037,11.9761879225767,0.));
#7961=CARTESIAN_POINT('',(0.708528002313256,11.5124265294529,2.4));
#7962=CARTESIAN_POINT('Origin',(2.5,12.,0.));
#7963=CARTESIAN_POINT('Ctrl Pts',(0.84796799815762,11.9999999159455,2.4));
#7964=CARTESIAN_POINT('Ctrl Pts',(1.36531199877243,12.0000001573305,1.6));
#7965=CARTESIAN_POINT('Ctrl Pts',(1.88265599938724,12.0000003987156,0.8));
#7966=CARTESIAN_POINT('Ctrl Pts',(2.40000000000205,12.0000006401006,0.));
#7967=CARTESIAN_POINT('Ctrl Pts',(0.801487999542832,11.8374754537813,2.4));
#7968=CARTESIAN_POINT('Ctrl Pts',(1.33432498590795,11.888978961139,1.6));
#7969=CARTESIAN_POINT('Ctrl Pts',(1.86716296233566,11.9404825690726,0.800000000000001));
#7970=CARTESIAN_POINT('Ctrl Pts',(2.39999994870078,11.9919860764302,0.));
#7971=CARTESIAN_POINT('Ctrl Pts',(0.755008000928044,11.6749509916171,2.4));
#7972=CARTESIAN_POINT('Ctrl Pts',(1.30366100901533,11.7779579323046,1.6));
#7973=CARTESIAN_POINT('Ctrl Pts',(1.85231500263673,11.8809650110573,0.799999999999999));
#7974=CARTESIAN_POINT('Ctrl Pts',(2.40096801072401,11.9839719517449,0.));
#7975=CARTESIAN_POINT('Ctrl Pts',(0.708528002313256,11.5124265294529,2.4));
#7976=CARTESIAN_POINT('Ctrl Pts',(1.27331081648563,11.6670136604942,1.6));
#7977=CARTESIAN_POINT('Ctrl Pts',(1.838093630658,11.8216007915355,0.8));
#7978=CARTESIAN_POINT('Ctrl Pts',(2.40287644483037,11.9761879225767,0.));
#7979=CARTESIAN_POINT('Origin',(2.5,12.,0.));
#7980=CARTESIAN_POINT('Origin',(2.77932218114901,12.2,7.99207070447593));
#7981=CARTESIAN_POINT('',(3.48205412120277,11.9,7.99207070447593));
#7982=CARTESIAN_POINT('',(3.68205412120277,11.9,7.99207070447593));
#7983=CARTESIAN_POINT('',(2.64068816212589,11.9,7.99207070447593));
#7984=CARTESIAN_POINT('',(3.68205412120277,11.8,7.99207070447593));
#7985=CARTESIAN_POINT('',(3.68205412120277,12.2,7.99207070447593));
#7986=CARTESIAN_POINT('',(3.48205412120277,11.8,7.99207070447593));
#7987=CARTESIAN_POINT('',(2.64068816212589,11.8,7.99207070447593));
#7988=CARTESIAN_POINT('',(3.48205412120277,11.8462521442459,7.99207070447593));
#7989=CARTESIAN_POINT('Origin',(2.50205414310277,11.9,8.57272020312161));
#7990=CARTESIAN_POINT('',(1.52205416500277,11.8999999999942,9.79930746877007));
#7991=CARTESIAN_POINT('',(1.52205416500277,11.9,7.99207070447593));
#7992=CARTESIAN_POINT('',(1.52205416500277,11.9,9.24375079653784));
#7993=CARTESIAN_POINT('',(1.32205416500277,11.9,7.99207070447593));
#7994=CARTESIAN_POINT('',(1.91205415405277,11.9,7.99207070447593));
#7995=CARTESIAN_POINT('',(1.32205475196492,11.9,9.79930742963934));
#7996=CARTESIAN_POINT('',(1.32205416500277,11.9,3.88073565913477));
#7997=CARTESIAN_POINT('',(2.00102724503893,11.9,9.7993075624832));
#7998=CARTESIAN_POINT('Origin',(1.32205416500277,12.2,7.99207070447593));
#7999=CARTESIAN_POINT('',(1.32205416500277,12.2,7.99207070447593));
#8000=CARTESIAN_POINT('',(1.52205416500277,11.7957289847119,7.99207070447593));
#8001=CARTESIAN_POINT('Origin',(2.50205414310277,11.9,8.57272020312161));
#8002=CARTESIAN_POINT('',(3.48205412120276,11.9000000000047,9.79930785225235));
#8003=CARTESIAN_POINT('',(3.48205412120276,11.9,11.5722373263956));
#8004=CARTESIAN_POINT('',(3.68205470816492,11.9,9.7993078913833));
#8005=CARTESIAN_POINT('',(3.04654077534669,11.9,9.79930776704232));
#8006=CARTESIAN_POINT('',(3.68205412120277,11.9,10.5507091667177));
#8007=CARTESIAN_POINT('Origin',(2.50205414310277,11.8,7.7162577034629));
#8008=CARTESIAN_POINT('',(3.17944126926867,11.8,2.95692850004743));
#8009=CARTESIAN_POINT('',(3.086091079963,11.8,3.20540473922869));
#8010=CARTESIAN_POINT('',(2.13938877725007,11.8,5.72530351556757));
#8011=CARTESIAN_POINT('',(3.48205412120277,11.8,3.940711023071));
#8012=CARTESIAN_POINT('',(3.96196965283379,11.8,4.83191769987832));
#8013=CARTESIAN_POINT('',(3.48205412120276,11.8,5.82848436326695));
#8014=CARTESIAN_POINT('',(3.68205412120276,11.8,3.89028426782286));
#8015=CARTESIAN_POINT('',(3.68205412120277,11.8,9.2647680118949));
#8016=CARTESIAN_POINT('',(3.05359239369444,11.8,2.72322621123156));
#8017=CARTESIAN_POINT('Origin',(2.79999997138978,11.6579571171753,3.6825707626485));
#8018=CARTESIAN_POINT('',(2.80037424126836,11.6568999464992,3.83677961048615));
#8019=CARTESIAN_POINT('',(2.84888947087181,11.6570250128335,3.83677961048615));
#8020=CARTESIAN_POINT('',(2.80018578374109,11.6568994606787,3.83677961048615));
#8021=CARTESIAN_POINT('',(2.80037456367164,11.6560138593223,3.9659148781807));
#8022=CARTESIAN_POINT('',(2.87336845709003,11.6575352067985,3.77162230893471));
#8023=CARTESIAN_POINT('',(2.79999997138977,11.6560128936627,3.96591487911592));
#8024=CARTESIAN_POINT('',(2.82377845999607,11.656074194949,3.96591440577346));
#8025=CARTESIAN_POINT('',(2.79999997138977,11.6568989816708,3.83677961142056));
#8026=CARTESIAN_POINT('',(2.79999997138977,11.6434954256172,5.79016548658395));
#8027=CARTESIAN_POINT('',(2.82358744105329,11.656959787292,3.83677961048614));
#8028=CARTESIAN_POINT('Origin',(2.79999997138977,12.2,7.76000010818246));
#8029=CARTESIAN_POINT('',(2.79999997138977,12.,3.96691195469569));
#8030=CARTESIAN_POINT('Ctrl Pts',(5.00972219229555,7.6650000346303,15.05));
#8031=CARTESIAN_POINT('Ctrl Pts',(4.75648146153037,8.4433333564202,14.7333333333333));
#8032=CARTESIAN_POINT('Ctrl Pts',(4.50324073076518,9.2216666782101,14.4166666666667));
#8033=CARTESIAN_POINT('Ctrl Pts',(4.25,10.,14.1));
#8034=CARTESIAN_POINT('Ctrl Pts',(5.84688008262051,9.1150000346303,15.05));
#8035=CARTESIAN_POINT('Ctrl Pts',(5.50903116619145,9.63222224530909,14.7333333333333));
#8036=CARTESIAN_POINT('Ctrl Pts',(5.17118224976239,10.1494444559879,14.4166666666667));
#8037=CARTESIAN_POINT('Ctrl Pts',(4.83333333333333,10.6666666666667,14.1));
#8038=CARTESIAN_POINT('Ctrl Pts',(6.68403797294547,10.5650000346303,15.05));
#8039=CARTESIAN_POINT('Ctrl Pts',(6.26158087085253,10.821111134198,14.7333333333333));
#8040=CARTESIAN_POINT('Ctrl Pts',(5.8391237687596,11.0772222337657,14.4166666666667));
#8041=CARTESIAN_POINT('Ctrl Pts',(5.41666666666667,11.3333333333333,14.1));
#8042=CARTESIAN_POINT('Ctrl Pts',(7.52119586327042,12.0150000346303,15.05));
#8043=CARTESIAN_POINT('Ctrl Pts',(7.01413057551362,12.0100000230869,14.7333333333333));
#8044=CARTESIAN_POINT('Ctrl Pts',(6.50706528775681,12.0050000115434,14.4166666666667));
#8045=CARTESIAN_POINT('Ctrl Pts',(6.,12.,14.1));
#8046=CARTESIAN_POINT('Origin',(2.50000000176691,11.9999999974396,0.));
#8047=CARTESIAN_POINT('Origin',(2.5,12.,0.));
#8048=CARTESIAN_POINT('',(2.55299444941505,11.9151967669768,0.));
#8049=CARTESIAN_POINT('Origin',(2.5,12.,0.));
#8050=CARTESIAN_POINT('',(2.5362226950376,11.9067910070636,0.));
#8051=CARTESIAN_POINT('Origin',(2.5,12.,0.));
#8052=CARTESIAN_POINT('',(2.52890209241659,11.904267721985,0.));
#8053=CARTESIAN_POINT('Origin',(2.5,12.,0.));
#8054=CARTESIAN_POINT('',(2.51133512144331,11.9006445018035,0.));
#8055=CARTESIAN_POINT('Origin',(2.5,12.,0.));
#8056=CARTESIAN_POINT('',(2.50000009266064,11.9,0.));
#8057=CARTESIAN_POINT('Origin',(2.5,12.,0.));
#8058=CARTESIAN_POINT('',(2.48866505157223,11.900644482065,0.));
#8059=CARTESIAN_POINT('Origin',(2.5,12.,0.));
#8060=CARTESIAN_POINT('',(2.47109806002629,11.9042676759618,0.));
#8061=CARTESIAN_POINT('Origin',(2.5,12.,0.));
#8062=CARTESIAN_POINT('',(2.46377744653968,11.9067909520443,0.));
#8063=CARTESIAN_POINT('Origin',(2.5,12.,0.));
#8064=CARTESIAN_POINT('',(2.4470056658661,11.9151966949364,0.));
#8065=CARTESIAN_POINT('Origin',(2.5,12.,0.));
#8066=CARTESIAN_POINT('Origin',(2.5,12.,0.));
#8067=CARTESIAN_POINT('Origin',(5.6500000834465,11.6914214263632,14.75));
#8068=CARTESIAN_POINT('Ctrl Pts',(5.6500000834465,11.6914214263632,14.75));
#8069=CARTESIAN_POINT('Ctrl Pts',(5.62500386220703,11.6737464287548,14.4642918838615));
#8070=CARTESIAN_POINT('Ctrl Pts',(5.60625575168354,11.6560714311465,14.25));
#8071=CARTESIAN_POINT('Origin',(5.6000000834465,11.5500000685453,14.75));
#8072=CARTESIAN_POINT('Ctrl Pts',(5.6500000834465,11.4085787107275,14.75));
#8073=CARTESIAN_POINT('Ctrl Pts',(5.62500386220703,11.4262537083358,14.4642918838615));
#8074=CARTESIAN_POINT('Ctrl Pts',(5.60625575168354,11.4439287059441,14.25));
#8075=CARTESIAN_POINT('Origin',(5.6500000834465,11.3000000655651,14.75));
#8076=CARTESIAN_POINT('',(5.64811536907352,11.3018847799381,14.728457616141));
#8077=CARTESIAN_POINT('Origin',(5.15000007748604,11.3000000655651,14.75));
#8078=CARTESIAN_POINT('',(5.15037702036176,11.3003770084408,14.7456915232154));
#8079=CARTESIAN_POINT('Origin',(5.15000007748604,11.4000000670552,14.75));
#8080=CARTESIAN_POINT('',(5.14962313461032,11.3996231241795,14.7543084767846));
#8081=CARTESIAN_POINT('Origin',(5.05000007599592,11.4000000670552,14.75));
#8082=CARTESIAN_POINT('',(5.05113090461747,11.4011308956768,14.7370745697103));
#8083=CARTESIAN_POINT('Origin',(5.05000007599592,11.7000000700355,14.75));
#8084=CARTESIAN_POINT('',(5.05040935545567,11.6995907905757,14.7453219143686));
#8085=CARTESIAN_POINT('Origin',(5.15857872072189,11.7000000700355,14.75));
#8086=CARTESIAN_POINT('Origin',(-0.641421279278108,11.7000000700355,14.75));
#8087=CARTESIAN_POINT('Ctrl Pts',(-0.641421279278108,11.7000000700355,14.75));
#8088=CARTESIAN_POINT('Ctrl Pts',(-0.623746281494222,11.6750038487339,14.4642918831521));
#8089=CARTESIAN_POINT('Ctrl Pts',(-0.606071283710333,11.6562557382725,14.25));
#8090=CARTESIAN_POINT('Origin',(-0.499999922513963,11.6500000715256,14.75));
#8091=CARTESIAN_POINT('Ctrl Pts',(-0.549999921023846,11.7914214282897,14.75));
#8092=CARTESIAN_POINT('Ctrl Pts',(-0.525003699722313,11.7737464305058,14.4642918831521));
#8093=CARTESIAN_POINT('Ctrl Pts',(-0.506255589260884,11.7560714327219,14.25));
#8094=CARTESIAN_POINT('Origin',(-0.149999916553498,11.6914214263632,14.75));
#8095=CARTESIAN_POINT('Ctrl Pts',(-0.149999916553498,11.6914214263632,14.75));
#8096=CARTESIAN_POINT('Ctrl Pts',(-0.174996137792962,11.6737464287548,14.4642918838615));
#8097=CARTESIAN_POINT('Ctrl Pts',(-0.19374424831646,11.6560714311465,14.25));
#8098=CARTESIAN_POINT('Origin',(-0.199999916553498,11.5500000685453,14.75));
#8099=CARTESIAN_POINT('Ctrl Pts',(-0.149999916553498,11.4085787107275,14.75));
#8100=CARTESIAN_POINT('Ctrl Pts',(-0.174996137792963,11.4262537083358,14.4642918838615));
#8101=CARTESIAN_POINT('Ctrl Pts',(-0.19374424831646,11.4439287059441,14.25));
#8102=CARTESIAN_POINT('Origin',(-0.149999916553498,11.3000000655651,14.75));
#8103=CARTESIAN_POINT('Origin',(-0.649999922513962,11.4000000670552,14.75));
#8104=CARTESIAN_POINT('Origin',(-0.549999921023846,12.,14.75));
#8105=CARTESIAN_POINT('Origin',(-0.249999918043614,11.8000000715256,14.75));
#8106=CARTESIAN_POINT('Origin',(4.23205412492806,11.4857699122508,8.06227923099596));
#8107=CARTESIAN_POINT('',(4.44182903272238,11.75,8.28399460017228));
#8108=CARTESIAN_POINT('',(3.67227921340845,11.75,8.28399460017228));
#8109=CARTESIAN_POINT('',(4.14455412399673,11.75,8.28399460017228));
#8110=CARTESIAN_POINT('',(3.79912843526743,12.5159407459794,8.92669519762722));
#8111=CARTESIAN_POINT('',(3.62788584044683,11.6970940382856,8.23960122721067));
#8112=CARTESIAN_POINT('Origin',(4.23205412492806,12.,12.4995465732482));
#8113=CARTESIAN_POINT('',(4.44182903272238,11.75,12.4999774948899));
#8114=CARTESIAN_POINT('',(4.44182903272238,11.75,7.44944367650077));
#8115=CARTESIAN_POINT('',(4.23184197960535,12.0002528249505,12.499546137457));
#8116=CARTESIAN_POINT('Origin',(4.23000032854923,12.,12.9994438702159));
#8117=CARTESIAN_POINT('',(4.43977837671914,11.75,12.9991104194567));
#8118=CARTESIAN_POINT('',(4.18312557777461,12.0558623163667,12.9995183795431));
#8119=CARTESIAN_POINT('',(4.44182726232305,11.75,12.5004084128952));
#8120=CARTESIAN_POINT('Origin',(3.88205412120277,12.,7.44944367650077));
#8121=CARTESIAN_POINT('',(3.67227921340845,11.75,12.9991104194567));
#8122=CARTESIAN_POINT('',(3.67227921340845,11.75,12.4994438627653));
#8123=CARTESIAN_POINT('',(4.1105457152205,12.2723056780482,12.9998070723561));
#8124=CARTESIAN_POINT('Origin',(1.12205416500277,11.4857699122508,8.06227923071545));
#8125=CARTESIAN_POINT('',(0.562279253483164,11.75,8.28399459989177));
#8126=CARTESIAN_POINT('',(0.517885880521545,11.6970940382856,8.23960122693015));
#8127=CARTESIAN_POINT('',(1.33182907279709,11.75,8.28399459989177));
#8128=CARTESIAN_POINT('',(1.03455416407144,11.75,8.28399459989177));
#8129=CARTESIAN_POINT('',(0.616049986127809,12.6030322980419,8.99977368656106));
#8130=CARTESIAN_POINT('Origin',(1.12205416500277,12.,12.9994438699354));
#8131=CARTESIAN_POINT('',(1.33182907279709,11.75,12.4994438624848));
#8132=CARTESIAN_POINT('Origin',(0.772054161277476,12.,7.44944367622027));
#8133=CARTESIAN_POINT('',(0.562279253483156,11.75,12.4994438624848));
#8134=CARTESIAN_POINT('Origin',(0.947054163140121,11.75,10.2244437730778));
#8135=CARTESIAN_POINT('Origin',(4.05705412306541,11.75,10.2244437733583));
#8136=CARTESIAN_POINT('',(4.27852706153271,11.75,12.9991104194567));
#8137=CARTESIAN_POINT('Origin',(1.81521259383267,12.2,2.98251498075461));
#8138=CARTESIAN_POINT('',(1.82498601695257,12.1,2.95777771961571));
#8139=CARTESIAN_POINT('Origin',(1.82466697313686,12.,2.95692850004742));
#8140=CARTESIAN_POINT('',(1.82466697313686,12.,2.95692850004742));
#8141=CARTESIAN_POINT('Origin',(2.79999997138977,11.6568989816708,3.83677961142056));
#8142=CARTESIAN_POINT('',(2.84888947052076,11.6568989816708,3.83677961142056));
#8143=CARTESIAN_POINT('',(2.83373810851342,11.6566222535277,3.87710897205775));
#8144=CARTESIAN_POINT('',(2.79999997138977,11.6568989816708,3.83677961142056));
#8145=CARTESIAN_POINT('Origin',(2.79999997138977,11.8000009648211,3.83677961048615));
#8146=CARTESIAN_POINT('',(2.84888947087181,11.7639334058199,3.83677961048615));
#8147=CARTESIAN_POINT('Origin',(2.74999997138977,11.8,4.10000018998981));
#8148=CARTESIAN_POINT('',(3.086091079963,12.2,3.20540473922869));
#8149=CARTESIAN_POINT('',(3.17944126926867,12.2724716111733,2.95692850004743));
#8150=CARTESIAN_POINT('Origin',(3.086091079963,12.2,3.2054047392287));
#8151=CARTESIAN_POINT('',(3.48205412120277,12.2,3.940711023071));
#8152=CARTESIAN_POINT('Ctrl Pts',(2.22380522235939,11.0905387444733,2.4));
#8153=CARTESIAN_POINT('Ctrl Pts',(2.22513379642788,11.0954474227499,2.38571428571429));
#8154=CARTESIAN_POINT('Ctrl Pts',(2.22779094456487,11.105264779303,2.35714285714286));
#8155=CARTESIAN_POINT('Ctrl Pts',(2.23310524083884,11.1248994924093,2.3));
#8156=CARTESIAN_POINT('Ctrl Pts',(2.24240525931828,11.1592602403452,2.2));
#8157=CARTESIAN_POINT('Ctrl Pts',(2.25303385186622,11.1985296665578,2.08571428571429));
#8158=CARTESIAN_POINT('Ctrl Pts',(2.26366244441416,11.2377990927703,1.97142857142857));
#8159=CARTESIAN_POINT('Ctrl Pts',(2.32743399970179,11.4734156500455,1.28571428571429));
#8160=CARTESIAN_POINT('Ctrl Pts',(2.38854840685244,11.6992148507675,0.628571428571429));
#8161=CARTESIAN_POINT('Ctrl Pts',(2.4470056658661,11.9151966949364,0.));
#8162=CARTESIAN_POINT('Ctrl Pts',(2.21647238396828,11.0355424450668,2.4));
#8163=CARTESIAN_POINT('Ctrl Pts',(2.21785089202047,11.0407715001626,2.38571428571429));
#8164=CARTESIAN_POINT('Ctrl Pts',(2.22060820605896,11.0512312818424,2.35714285714286));
#8165=CARTESIAN_POINT('Ctrl Pts',(2.226122497478,11.0721489564629,2.3));
#8166=CARTESIAN_POINT('Ctrl Pts',(2.23577369178073,11.1087615313907,2.2));
#8167=CARTESIAN_POINT('Ctrl Pts',(2.24680422117904,11.1506078013441,2.08571428571429));
#8168=CARTESIAN_POINT('Ctrl Pts',(2.25783309984971,11.1924448102835,1.97142857142857));
#8169=CARTESIAN_POINT('Ctrl Pts',(2.32400423455915,11.4434548730251,1.28571428571429));
#8170=CARTESIAN_POINT('Ctrl Pts',(2.38748966499602,11.684406903616,0.628571428571429));
#8171=CARTESIAN_POINT('Ctrl Pts',(2.44814401929235,11.9144853278289,0.));
#8172=CARTESIAN_POINT('Ctrl Pts',(2.18261224673181,10.8799793106928,2.4));
#8173=CARTESIAN_POINT('Ctrl Pts',(2.18421170734239,10.8861254457035,2.38571428571429));
#8174=CARTESIAN_POINT('Ctrl Pts',(2.18741089894325,10.8984176897034,2.35714285714286));
#8175=CARTESIAN_POINT('Ctrl Pts',(2.19380897662283,10.9230022071068,2.3));
#8176=CARTESIAN_POINT('Ctrl Pts',(2.20500668734973,10.9660250091246,2.2));
#8177=CARTESIAN_POINT('Ctrl Pts',(2.21780460924152,11.0151938739194,2.08571428571429));
#8178=CARTESIAN_POINT('Ctrl Pts',(2.23060103307319,11.0643628828883,1.97142857142857));
#8179=CARTESIAN_POINT('Ctrl Pts',(2.30737763641814,11.3593771233742,1.28571428571429));
#8180=CARTESIAN_POINT('Ctrl Pts',(2.3810200350999,11.6420928654819,0.628571428571429));
#8181=CARTESIAN_POINT('Ctrl Pts',(2.45139630196579,11.9125228059525,0.));
#8182=CARTESIAN_POINT('Ctrl Pts',(2.05284252222768,10.6799681563086,2.4));
#8183=CARTESIAN_POINT('Ctrl Pts',(2.05524286931257,10.6872903719832,2.38571428571429));
#8184=CARTESIAN_POINT('Ctrl Pts',(2.06004487862094,10.701934183063,2.35714285714286));
#8185=CARTESIAN_POINT('Ctrl Pts',(2.06964741116466,10.7312225061111,2.3));
#8186=CARTESIAN_POINT('Ctrl Pts',(2.08645707093024,10.782474605809,2.2));
#8187=CARTESIAN_POINT('Ctrl Pts',(2.10567072850962,10.8410471993587,2.08571428571429));
#8188=CARTESIAN_POINT('Ctrl Pts',(2.12487709945913,10.8996232295607,1.97142857142857));
#8189=CARTESIAN_POINT('Ctrl Pts',(2.24010589063775,11.251083860451,1.28571428571429));
#8190=CARTESIAN_POINT('Ctrl Pts',(2.35084877181247,11.5877515957844,0.628571428571428));
#8191=CARTESIAN_POINT('Ctrl Pts',(2.45646404354796,11.9099290854669,0.));
#8192=CARTESIAN_POINT('Ctrl Pts',(1.89816717450472,10.5402975636992,2.4));
#8193=CARTESIAN_POINT('Ctrl Pts',(1.90151899573758,10.5484364381976,2.38571428571429));
#8194=CARTESIAN_POINT('Ctrl Pts',(1.90822180871268,10.5647150519571,2.35714285714286));
#8195=CARTESIAN_POINT('Ctrl Pts',(1.9216283719661,10.5972713023162,2.3));
#8196=CARTESIAN_POINT('Ctrl Pts',(1.94508656034715,10.6542481779675,2.2));
#8197=CARTESIAN_POINT('Ctrl Pts',(1.97189426735547,10.7193663286354,2.08571428571429));
#8198=CARTESIAN_POINT('Ctrl Pts',(1.99870657022262,10.7844796880167,1.97142857142857));
#8199=CARTESIAN_POINT('Ctrl Pts',(2.15958633801109,11.1751536406844,1.28571428571428));
#8200=CARTESIAN_POINT('Ctrl Pts',(2.3135639211256,11.5497568290952,0.62857142857143));
#8201=CARTESIAN_POINT('Ctrl Pts',(2.46104405537156,11.9078673070235,0.));
#8202=CARTESIAN_POINT('Ctrl Pts',(1.81760456792611,10.4968021619436,2.4));
#8203=CARTESIAN_POINT('Ctrl Pts',(1.8214453129757,10.5051997882801,2.38571428571429));
#8204=CARTESIAN_POINT('Ctrl Pts',(1.82912767267618,10.5219930667022,2.35714285714286));
#8205=CARTESIAN_POINT('Ctrl Pts',(1.84449140944987,10.5555818543996,2.3));
#8206=CARTESIAN_POINT('Ctrl Pts',(1.87138140556042,10.6143543850154,2.2));
#8207=CARTESIAN_POINT('Ctrl Pts',(1.90211456067047,10.6815190615913,2.08571428571429));
#8208=CARTESIAN_POINT('Ctrl Pts',(1.9328428976853,10.7486946766609,1.97142857142857));
#8209=CARTESIAN_POINT('Ctrl Pts',(2.11720668144339,11.1517625299243,1.28571428571429));
#8210=CARTESIAN_POINT('Ctrl Pts',(2.29409711797633,11.537562584956,0.628571428571427));
#8211=CARTESIAN_POINT('Ctrl Pts',(2.46308990015816,11.9070581437612,0.));
#8212=CARTESIAN_POINT('Ctrl Pts',(1.79033460581936,10.4831671816216,2.4));
#8213=CARTESIAN_POINT('Ctrl Pts',(1.79434319415698,10.4916411326361,2.38571428571429));
#8214=CARTESIAN_POINT('Ctrl Pts',(1.80236037083222,10.5085890346649,2.35714285714286));
#8215=CARTESIAN_POINT('Ctrl Pts',(1.81839472418271,10.5424848387226,2.3));
#8216=CARTESIAN_POINT('Ctrl Pts',(1.84645484254605,10.6018024958235,2.2));
#8217=CARTESIAN_POINT('Ctrl Pts',(1.87852354924702,10.6695941039389,2.08571428571429));
#8218=CARTESIAN_POINT('Ctrl Pts',(1.91059225594799,10.7373857120543,1.97142857142857));
#8219=CARTESIAN_POINT('Ctrl Pts',(2.1030044961538,11.1441353607464,1.28571428571429));
#8220=CARTESIAN_POINT('Ctrl Pts',(2.28739955968436,11.5339371074098,0.628571428571429));
#8221=CARTESIAN_POINT('Ctrl Pts',(2.46377744653968,11.9067909520443,0.));
#8222=CARTESIAN_POINT('',(1.79033460581936,10.4831671816216,2.4));
#8223=CARTESIAN_POINT('',(2.22380522235939,11.0905387444733,2.4));
#8224=CARTESIAN_POINT('Ctrl Pts',(1.79033460581936,10.4831671816216,2.4));
#8225=CARTESIAN_POINT('Ctrl Pts',(2.01481555272613,10.9577084384292,1.6));
#8226=CARTESIAN_POINT('Ctrl Pts',(2.23929649963291,11.4322496952367,0.8));
#8227=CARTESIAN_POINT('Ctrl Pts',(2.46377744653968,11.9067909520443,0.));
#8228=CARTESIAN_POINT('Ctrl Pts',(1.69488973844573,10.4354447504949,2.4));
#8229=CARTESIAN_POINT('Ctrl Pts',(1.95198777740335,10.9255817573026,1.6));
#8230=CARTESIAN_POINT('Ctrl Pts',(2.20908581991739,11.4157187742271,0.800000000000001));
#8231=CARTESIAN_POINT('Ctrl Pts',(2.46618385887501,11.9058557810348,0.));
#8232=CARTESIAN_POINT('Ctrl Pts',(1.5994448710721,10.3877223193681,2.4));
#8233=CARTESIAN_POINT('Ctrl Pts',(1.88917208068477,10.8934861588573,1.6));
#8234=CARTESIAN_POINT('Ctrl Pts',(2.17889929372993,11.3992500085062,0.799999999999999));
#8235=CARTESIAN_POINT('Ctrl Pts',(2.4686265033426,11.9050138479954,0.));
#8236=CARTESIAN_POINT('Ctrl Pts',(1.50400000369847,10.3399998882413,2.4));
#8237=CARTESIAN_POINT('Ctrl Pts',(1.82636602247441,10.8614224841481,1.6));
#8238=CARTESIAN_POINT('Ctrl Pts',(2.14873204125035,11.382845080055,0.8));
#8239=CARTESIAN_POINT('Ctrl Pts',(2.47109806002629,11.9042676759618,0.));
#8240=CARTESIAN_POINT('',(1.50400000369847,10.3399998882413,2.4));
#8241=CARTESIAN_POINT('Ctrl Pts',(1.50400000369847,10.3399998882413,2.4));
#8242=CARTESIAN_POINT('Ctrl Pts',(1.82636602247441,10.8614224841481,1.6));
#8243=CARTESIAN_POINT('Ctrl Pts',(2.14873204125035,11.382845080055,0.8));
#8244=CARTESIAN_POINT('Ctrl Pts',(2.47109806002629,11.9042676759618,0.));
#8245=CARTESIAN_POINT('Ctrl Pts',(1.7253333370318,10.2293332215746,2.4));
#8246=CARTESIAN_POINT('Ctrl Pts',(1.97583204045536,10.7870678231221,1.6));
#8247=CARTESIAN_POINT('Ctrl Pts',(2.2263308107945,11.3448027273588,0.800000000000001));
#8248=CARTESIAN_POINT('Ctrl Pts',(2.47682951421806,11.9025373289063,0.));
#8249=CARTESIAN_POINT('Ctrl Pts',(1.94666667036513,10.118666554908,2.4));
#8250=CARTESIAN_POINT('Ctrl Pts',(2.12534998689933,10.7128853020124,1.6));
#8251=CARTESIAN_POINT('Ctrl Pts',(2.30403336174338,11.307104353581,0.799999999999999));
#8252=CARTESIAN_POINT('Ctrl Pts',(2.48271667827757,11.9013231006855,0.));
#8253=CARTESIAN_POINT('Ctrl Pts',(2.16800000369847,10.0079998882413,2.4));
#8254=CARTESIAN_POINT('Ctrl Pts',(2.27488835298972,10.6388814195158,1.6));
#8255=CARTESIAN_POINT('Ctrl Pts',(2.38177670228097,11.2697629507904,0.8));
#8256=CARTESIAN_POINT('Ctrl Pts',(2.48866505157223,11.900644482065,0.));
#8257=CARTESIAN_POINT('',(2.16800000369847,10.0079998882413,2.4));
#8258=CARTESIAN_POINT('Ctrl Pts',(2.16800000369847,10.0079998882413,2.4));
#8259=CARTESIAN_POINT('Ctrl Pts',(2.27488835298972,10.6388814195158,1.6));
#8260=CARTESIAN_POINT('Ctrl Pts',(2.38177670228097,11.2697629507904,0.8));
#8261=CARTESIAN_POINT('Ctrl Pts',(2.48866505157223,11.900644482065,0.));
#8262=CARTESIAN_POINT('Ctrl Pts',(2.27866667861044,9.89733322652181,2.4));
#8263=CARTESIAN_POINT('Ctrl Pts',(2.34992016239525,10.5649605631651,1.6));
#8264=CARTESIAN_POINT('Ctrl Pts',(2.42117364944028,11.2325879493146,0.800000000000001));
#8265=CARTESIAN_POINT('Ctrl Pts',(2.49242713322509,11.9002152859579,0.));
#8266=CARTESIAN_POINT('Ctrl Pts',(2.38933335352242,9.78666656480233,2.4));
#8267=CARTESIAN_POINT('Ctrl Pts',(2.42496010415483,10.4911110255131,1.6));
#8268=CARTESIAN_POINT('Ctrl Pts',(2.46058685715949,11.1955555357807,0.799999999999999));
#8269=CARTESIAN_POINT('Ctrl Pts',(2.4962136077919,11.8999999964915,0.));
#8270=CARTESIAN_POINT('Ctrl Pts',(2.5000000284344,9.67599990308285,2.4));
#8271=CARTESIAN_POINT('Ctrl Pts',(2.50000004984314,10.4173332687219,1.6));
#8272=CARTESIAN_POINT('Ctrl Pts',(2.50000007125189,11.158666634361,0.8));
#8273=CARTESIAN_POINT('Ctrl Pts',(2.50000009266064,11.9,0.));
#8274=CARTESIAN_POINT('',(2.5000000284344,9.67599990308285,2.4));
#8275=CARTESIAN_POINT('Ctrl Pts',(2.5000000284344,9.67599990308285,2.4));
#8276=CARTESIAN_POINT('Ctrl Pts',(2.50000004984314,10.4173332687219,1.6));
#8277=CARTESIAN_POINT('Ctrl Pts',(2.50000007125189,11.158666634361,0.8));
#8278=CARTESIAN_POINT('Ctrl Pts',(2.50000009266064,11.9,0.));
#8279=CARTESIAN_POINT('Ctrl Pts',(2.61066667696138,9.78666656480233,2.4));
#8280=CARTESIAN_POINT('Ctrl Pts',(2.57503997669889,10.4911110278522,1.6));
#8281=CARTESIAN_POINT('Ctrl Pts',(2.53941327406406,11.1955555404587,0.800000000000001));
#8282=CARTESIAN_POINT('Ctrl Pts',(2.50378657380156,11.9000000035086,0.));
#8283=CARTESIAN_POINT('Ctrl Pts',(2.72133332548837,9.89733322652181,2.4));
#8284=CARTESIAN_POINT('Ctrl Pts',(2.65007989949289,10.5649605677018,1.6));
#8285=CARTESIAN_POINT('Ctrl Pts',(2.57882647023711,11.2325879583878,0.799999999999999));
#8286=CARTESIAN_POINT('Ctrl Pts',(2.50757304424163,11.9002152995678,0.));
#8287=CARTESIAN_POINT('Ctrl Pts',(2.83199997401536,10.0079998882413,2.4));
#8288=CARTESIAN_POINT('Ctrl Pts',(2.72511168982468,10.6388814260954,1.6));
#8289=CARTESIAN_POINT('Ctrl Pts',(2.61822340563399,11.2697629639495,0.8));
#8290=CARTESIAN_POINT('Ctrl Pts',(2.51133512144331,11.9006445018035,0.));
#8291=CARTESIAN_POINT('',(2.83199997401536,10.0079998882413,2.4));
#8292=CARTESIAN_POINT('Ctrl Pts',(2.83199997401536,10.0079998882413,2.4));
#8293=CARTESIAN_POINT('Ctrl Pts',(2.72511168982468,10.6388814260954,1.6));
#8294=CARTESIAN_POINT('Ctrl Pts',(2.61822340563399,11.2697629639495,0.8));
#8295=CARTESIAN_POINT('Ctrl Pts',(2.51133512144331,11.9006445018035,0.));
#8296=CARTESIAN_POINT('Ctrl Pts',(3.05333331724306,10.118666554908,2.4));
#8297=CARTESIAN_POINT('Ctrl Pts',(2.87465006047272,10.7128853118575,1.6));
#8298=CARTESIAN_POINT('Ctrl Pts',(2.6959667453922,11.30710437327,0.800000000000001));
#8299=CARTESIAN_POINT('Ctrl Pts',(2.51728348862186,11.9013231302195,0.));
#8300=CARTESIAN_POINT('Ctrl Pts',(3.27466666047077,10.2293332215746,2.4));
#8301=CARTESIAN_POINT('Ctrl Pts',(3.02416801119734,10.7870678358998,1.6));
#8302=CARTESIAN_POINT('Ctrl Pts',(2.77366929500806,11.344802752913,0.799999999999999));
#8303=CARTESIAN_POINT('Ctrl Pts',(2.52317064573463,11.9025373672382,0.));
#8304=CARTESIAN_POINT('Ctrl Pts',(3.49600000369847,10.3399998882413,2.4));
#8305=CARTESIAN_POINT('Ctrl Pts',(3.17363403327117,10.8614224994892,1.6));
#8306=CARTESIAN_POINT('Ctrl Pts',(2.85126806284388,11.3828451107371,0.8));
#8307=CARTESIAN_POINT('Ctrl Pts',(2.52890209241659,11.904267721985,0.));
#8308=CARTESIAN_POINT('',(3.49600000369847,10.3399998882413,2.4));
#8309=CARTESIAN_POINT('Ctrl Pts',(3.49600000369847,10.3399998882413,2.4));
#8310=CARTESIAN_POINT('Ctrl Pts',(3.17363403327117,10.8614224994892,1.6));
#8311=CARTESIAN_POINT('Ctrl Pts',(2.85126806284388,11.3828451107371,0.8));
#8312=CARTESIAN_POINT('Ctrl Pts',(2.52890209241659,11.904267721985,0.));
#8313=CARTESIAN_POINT('Ctrl Pts',(3.40055514486505,10.3877223165913,2.4));
#8314=CARTESIAN_POINT('Ctrl Pts',(3.11082797957679,10.8934861734232,1.6));
#8315=CARTESIAN_POINT('Ctrl Pts',(2.82110081085603,11.3992500404146,0.800000000000001));
#8316=CARTESIAN_POINT('Ctrl Pts',(2.53137364556777,11.9050138972466,0.));
#8317=CARTESIAN_POINT('Ctrl Pts',(3.30511028603164,10.4354447449413,2.4));
#8318=CARTESIAN_POINT('Ctrl Pts',(3.04801228734164,10.9255817710173,1.6));
#8319=CARTESIAN_POINT('Ctrl Pts',(2.79091428509524,11.4157188072101,0.799999999999999));
#8320=CARTESIAN_POINT('Ctrl Pts',(2.53381628640525,11.9058558332861,0.));
#8321=CARTESIAN_POINT('Ctrl Pts',(3.20966542719822,10.4831671732914,2.4));
#8322=CARTESIAN_POINT('Ctrl Pts',(2.98518451647802,10.9577084512155,1.6));
#8323=CARTESIAN_POINT('Ctrl Pts',(2.76070360575781,11.4322497291395,0.8));
#8324=CARTESIAN_POINT('Ctrl Pts',(2.5362226950376,11.9067910070636,0.));
#8325=CARTESIAN_POINT('',(3.20966542719822,10.4831671732914,2.4));
#8326=CARTESIAN_POINT('Ctrl Pts',(3.20966542719822,10.4831671732914,2.4));
#8327=CARTESIAN_POINT('Ctrl Pts',(3.20565683950679,10.4916411246829,2.38571428571429));
#8328=CARTESIAN_POINT('Ctrl Pts',(3.19763966412392,10.5085890274659,2.35714285714286));
#8329=CARTESIAN_POINT('Ctrl Pts',(3.18160531335819,10.5424848330319,2.3));
#8330=CARTESIAN_POINT('Ctrl Pts',(3.15354519951817,10.6018024927724,2.2));
#8331=CARTESIAN_POINT('Ctrl Pts',(3.12147649798671,10.6695941039044,2.08571428571428));
#8332=CARTESIAN_POINT('Ctrl Pts',(3.08940779645525,10.7373857150364,1.97142857142857));
#8333=CARTESIAN_POINT('Ctrl Pts',(2.8969955872665,11.1441353818285,1.28571428571428));
#8334=CARTESIAN_POINT('Ctrl Pts',(2.71260055346062,11.5339371458376,0.628571428571429));
#8335=CARTESIAN_POINT('Ctrl Pts',(2.5362226950376,11.9067910070636,0.));
#8336=CARTESIAN_POINT('Ctrl Pts',(3.18239546753153,10.49680215282,2.4));
#8337=CARTESIAN_POINT('Ctrl Pts',(3.17855029823855,10.505193823648,2.38571428571429));
#8338=CARTESIAN_POINT('Ctrl Pts',(3.1708615484946,10.5219786030133,2.35714285714286));
#8339=CARTESIAN_POINT('Ctrl Pts',(3.1554823009008,10.5555465799203,2.3));
#8340=CARTESIAN_POINT('Ctrl Pts',(3.12857470004126,10.614296043368,2.2));
#8341=CARTESIAN_POINT('Ctrl Pts',(3.09782714401036,10.6814418957909,2.08571428571428));
#8342=CARTESIAN_POINT('Ctrl Pts',(3.06706913473723,10.7485782892985,1.97142857142857));
#8343=CARTESIAN_POINT('Ctrl Pts',(2.88252828199041,11.1514031680867,1.28571428571428));
#8344=CARTESIAN_POINT('Ctrl Pts',(2.70609768925208,11.5378246831362,0.62857142857143));
#8345=CARTESIAN_POINT('Ctrl Pts',(2.53691024036113,11.9070581995715,0.));
#8346=CARTESIAN_POINT('Ctrl Pts',(3.07401473278643,10.5535142984675,2.4));
#8347=CARTESIAN_POINT('Ctrl Pts',(3.07083453869528,10.5615779551454,2.38571428571429));
#8348=CARTESIAN_POINT('Ctrl Pts',(3.06447382983336,10.5777050237732,2.35714285714286));
#8349=CARTESIAN_POINT('Ctrl Pts',(3.05175276493373,10.6099594302879,2.3));
#8350=CARTESIAN_POINT('Ctrl Pts',(3.02948967372864,10.6664037048181,2.2));
#8351=CARTESIAN_POINT('Ctrl Pts',(3.00404533605425,10.7309108329,2.08571428571428));
#8352=CARTESIAN_POINT('Ctrl Pts',(2.97860310818177,10.7954195710845,1.97142857142857));
#8353=CARTESIAN_POINT('Ctrl Pts',(2.82594828717062,11.1824708907373,1.28571428571429));
#8354=CARTESIAN_POINT('Ctrl Pts',(2.67956910063611,11.5533302169513,0.628571428571428));
#8355=CARTESIAN_POINT('Ctrl Pts',(2.53964056062561,11.9081311107749,0.));
#8356=CARTESIAN_POINT('Ctrl Pts',(2.88304755538088,10.7521264680841,2.4));
#8357=CARTESIAN_POINT('Ctrl Pts',(2.88103668033723,10.7590227991362,2.38571428571429));
#8358=CARTESIAN_POINT('Ctrl Pts',(2.87701611946143,10.7728160888336,2.35714285714286));
#8359=CARTESIAN_POINT('Ctrl Pts',(2.86897368929298,10.8004019777261,2.3));
#8360=CARTESIAN_POINT('Ctrl Pts',(2.85490398905611,10.8486796858496,2.2));
#8361=CARTESIAN_POINT('Ctrl Pts',(2.83882731642504,10.9038557846051,2.08571428571428));
#8362=CARTESIAN_POINT('Ctrl Pts',(2.8227428197839,10.9590277543263,1.97142857142857));
#8363=CARTESIAN_POINT('Ctrl Pts',(2.7262412311351,11.2900624177985,1.28571428571428));
#8364=CARTESIAN_POINT('Ctrl Pts',(2.63407569404772,11.6074702882722,0.628571428571429));
#8365=CARTESIAN_POINT('Ctrl Pts',(2.54559719212716,11.9109088545666,0.));
#8366=CARTESIAN_POINT('Ctrl Pts',(2.79660992469905,10.9642125881025,2.4));
#8367=CARTESIAN_POINT('Ctrl Pts',(2.79514479891068,10.969863427246,2.38571428571429));
#8368=CARTESIAN_POINT('Ctrl Pts',(2.79221418826716,10.9811651518457,2.35714285714286));
#8369=CARTESIAN_POINT('Ctrl Pts',(2.7863533620394,11.0037685500901,2.3));
#8370=CARTESIAN_POINT('Ctrl Pts',(2.77609554155577,11.0433246743133,2.2));
#8371=CARTESIAN_POINT('Ctrl Pts',(2.76437141693003,11.0885317896652,2.08571428571428));
#8372=CARTESIAN_POINT('Ctrl Pts',(2.75264965466136,11.1337386003178,1.97142857142857));
#8373=CARTESIAN_POINT('Ctrl Pts',(2.68231745324787,11.4049796741887,1.28571428571428));
#8374=CARTESIAN_POINT('Ctrl Pts',(2.61482060421023,11.6649313099757,0.628571428571429));
#8375=CARTESIAN_POINT('Ctrl Pts',(2.55035506952215,11.9135682322885,0.));
#8376=CARTESIAN_POINT('Ctrl Pts',(2.7798612349406,11.0630406047911,2.4));
#8377=CARTESIAN_POINT('Ctrl Pts',(2.77850518997576,11.0681117477605,2.38571428571429));
#8378=CARTESIAN_POINT('Ctrl Pts',(2.77579429856796,11.0782535552264,2.35714285714286));
#8379=CARTESIAN_POINT('Ctrl Pts',(2.77037119709187,11.0985376965927,2.3));
#8380=CARTESIAN_POINT('Ctrl Pts',(2.76088535770879,11.1340331122869,2.2));
#8381=CARTESIAN_POINT('Ctrl Pts',(2.75004740656434,11.1745981007409,2.08571428571428));
#8382=CARTESIAN_POINT('Ctrl Pts',(2.73920157015529,11.2151662371424,1.97142857142857));
#8383=CARTESIAN_POINT('Ctrl Pts',(2.67413198510701,11.4585728864323,1.28571428571428));
#8384=CARTESIAN_POINT('Ctrl Pts',(2.61209125214257,11.6917107923137,0.628571428571429));
#8385=CARTESIAN_POINT('Ctrl Pts',(2.55242527368953,11.9148410829643,0.));
#8386=CARTESIAN_POINT('Ctrl Pts',(2.77619481659797,11.0905387540389,2.4));
#8387=CARTESIAN_POINT('Ctrl Pts',(2.77486624298378,11.0954474326873,2.38571428571429));
#8388=CARTESIAN_POINT('Ctrl Pts',(2.77220909575542,11.1052647899842,2.35714285714286));
#8389=CARTESIAN_POINT('Ctrl Pts',(2.76689480129868,11.124899504578,2.3));
#8390=CARTESIAN_POINT('Ctrl Pts',(2.75759478599939,11.159260255117,2.2));
#8391=CARTESIAN_POINT('Ctrl Pts',(2.74696619708592,11.1985296843045,2.08571428571428));
#8392=CARTESIAN_POINT('Ctrl Pts',(2.73633760817244,11.2377991134921,1.97142857142857));
#8393=CARTESIAN_POINT('Ctrl Pts',(2.67256607469161,11.4734156886172,1.28571428571428));
#8394=CARTESIAN_POINT('Ctrl Pts',(2.61145168843915,11.6992149064454,0.628571428571429));
#8395=CARTESIAN_POINT('Ctrl Pts',(2.55299444941505,11.9151967669768,0.));
#8396=CARTESIAN_POINT('',(2.77619481659797,11.0905387540389,2.4));
#8397=CARTESIAN_POINT('Ctrl Pts',(2.77619481659797,11.0905387540389,2.4));
#8398=CARTESIAN_POINT('Ctrl Pts',(2.70179469420366,11.3654247583515,1.6));
#8399=CARTESIAN_POINT('Ctrl Pts',(2.62739457180936,11.6403107626641,0.8));
#8400=CARTESIAN_POINT('Ctrl Pts',(2.55299444941505,11.9151967669768,0.));
#8401=CARTESIAN_POINT('Ctrl Pts',(2.75052988819955,11.283025798773,2.4));
#8402=CARTESIAN_POINT('Ctrl Pts',(2.68601284133648,11.4945793522563,1.6));
#8403=CARTESIAN_POINT('Ctrl Pts',(2.6214957263568,11.7061330015809,0.800000000000001));
#8404=CARTESIAN_POINT('Ctrl Pts',(2.55697867949373,11.9176865550642,0.));
#8405=CARTESIAN_POINT('Ctrl Pts',(2.72486495980113,11.4755128435072,2.4));
#8406=CARTESIAN_POINT('Ctrl Pts',(2.67017237342901,11.6238277214592,1.6));
#8407=CARTESIAN_POINT('Ctrl Pts',(2.61547971682545,11.7721426937138,0.799999999999999));
#8408=CARTESIAN_POINT('Ctrl Pts',(2.56078713045333,11.9204575716659,0.));
#8409=CARTESIAN_POINT('Ctrl Pts',(2.69920003140271,11.6679998882413,2.4));
#8410=CARTESIAN_POINT('Ctrl Pts',(2.65426071616213,11.7531607169262,1.6));
#8411=CARTESIAN_POINT('Ctrl Pts',(2.60932140092155,11.8383215456111,0.8));
#8412=CARTESIAN_POINT('Ctrl Pts',(2.56438208568097,11.9234823742961,0.));
#8413=CARTESIAN_POINT('',(2.6991857563976,11.6680024861732,2.39966821593126));
#8414=CARTESIAN_POINT('',(2.70483563472348,11.6256274650052,2.39966821593126));
#8415=CARTESIAN_POINT('Ctrl Pts',(2.6991857563976,11.6680024861732,2.39966821593126));
#8416=CARTESIAN_POINT('Ctrl Pts',(2.70106904930342,11.6538774791346,2.39966821593126));
#8417=CARTESIAN_POINT('Ctrl Pts',(2.702952342078,11.6397524720785,2.39966821593126));
#8418=CARTESIAN_POINT('Ctrl Pts',(2.70483563472348,11.6256274650052,2.39966821593126));
#8419=CARTESIAN_POINT('Ctrl Pts',(2.70483563472348,11.6256274650052,2.39966821593126));
#8420=CARTESIAN_POINT('Ctrl Pts',(2.70484031834403,11.6256274650052,2.3997788108686));
#8421=CARTESIAN_POINT('Ctrl Pts',(2.70484500191453,11.6256274650052,2.39988940555912));
#8422=CARTESIAN_POINT('Ctrl Pts',(2.70484968543488,11.6256274650052,2.4));
#8423=CARTESIAN_POINT('Ctrl Pts',(2.69920003140271,11.6679998882413,2.4));
#8424=CARTESIAN_POINT('Ctrl Pts',(2.69919527310962,11.6680007542166,2.39988940555743));
#8425=CARTESIAN_POINT('Ctrl Pts',(2.69919051477455,11.6680016201939,2.39977881086676));
#8426=CARTESIAN_POINT('Ctrl Pts',(2.6991857563976,11.6680024861732,2.39966821593126));
#8427=CARTESIAN_POINT('Ctrl Pts',(3.29680000369847,11.6679998882413,2.4));
#8428=CARTESIAN_POINT('Ctrl Pts',(3.05611164008447,11.756518873943,1.6));
#8429=CARTESIAN_POINT('Ctrl Pts',(2.81542327647047,11.8450378596446,0.8));
#8430=CARTESIAN_POINT('Ctrl Pts',(2.57473491285647,11.9335568453463,0.));
#8431=CARTESIAN_POINT('Ctrl Pts',(3.6650118276274,11.4884443134113,2.4));
#8432=CARTESIAN_POINT('Ctrl Pts',(3.3037819325153,11.6392837598183,1.6));
#8433=CARTESIAN_POINT('Ctrl Pts',(2.9425501193555,11.7901245227461,0.800000000000001));
#8434=CARTESIAN_POINT('Ctrl Pts',(2.5813202242434,11.9409639691531,0.));
#8435=CARTESIAN_POINT('Ctrl Pts',(4.03322365155633,11.3088887385813,2.4));
#8436=CARTESIAN_POINT('Ctrl Pts',(3.5510815729648,11.5223775193739,1.6));
#8437=CARTESIAN_POINT('Ctrl Pts',(3.06893751667476,11.7358675252554,0.799999999999999));
#8438=CARTESIAN_POINT('Ctrl Pts',(2.58679543808323,11.9493563060481,0.));
#8439=CARTESIAN_POINT('Ctrl Pts',(4.40143547548525,11.1293331637512,2.4));
#8440=CARTESIAN_POINT('Ctrl Pts',(3.79793088155116,11.4056780203186,1.6));
#8441=CARTESIAN_POINT('Ctrl Pts',(3.19442628761706,11.6820228768859,0.8));
#8442=CARTESIAN_POINT('Ctrl Pts',(2.59092169368297,11.9583677334532,0.));
#8443=CARTESIAN_POINT('Ctrl Pts',(2.30080002546608,11.6679998882413,2.4));
#8444=CARTESIAN_POINT('Ctrl Pts',(2.34573935323916,11.7531606904315,1.6));
#8445=CARTESIAN_POINT('Ctrl Pts',(2.39067868101224,11.8383214926218,0.8));
#8446=CARTESIAN_POINT('Ctrl Pts',(2.43561800878531,11.923482294812,0.));
#8447=CARTESIAN_POINT('Ctrl Pts',(2.27513509109719,11.4755128403186,2.4));
#8448=CARTESIAN_POINT('Ctrl Pts',(2.32982769429797,11.6238276934252,1.6));
#8449=CARTESIAN_POINT('Ctrl Pts',(2.38452036773032,11.7721426408347,0.800000000000001));
#8450=CARTESIAN_POINT('Ctrl Pts',(2.4392129709311,11.9204574939412,0.));
#8451=CARTESIAN_POINT('Ctrl Pts',(2.24947015672829,11.283025792396,2.4));
#8452=CARTESIAN_POINT('Ctrl Pts',(2.31398722473804,11.494579322921,1.6));
#8453=CARTESIAN_POINT('Ctrl Pts',(2.3785043608645,11.7061329492878,0.799999999999999));
#8454=CARTESIAN_POINT('Ctrl Pts',(2.44302142887425,11.9176864798128,0.));
#8455=CARTESIAN_POINT('Ctrl Pts',(2.22380522235939,11.0905387444733,2.4));
#8456=CARTESIAN_POINT('Ctrl Pts',(2.29820537019496,11.365424727961,1.6));
#8457=CARTESIAN_POINT('Ctrl Pts',(2.37260551803053,11.6403107114487,0.8));
#8458=CARTESIAN_POINT('Ctrl Pts',(2.4470056658661,11.9151966949364,0.));
#8459=CARTESIAN_POINT('',(2.29516442093046,11.6256274650052,2.39966821593127));
#8460=CARTESIAN_POINT('',(2.30081430047691,11.6680024861732,2.39966821593126));
#8461=CARTESIAN_POINT('Ctrl Pts',(2.29516442093046,11.6256274650052,2.39966821593127));
#8462=CARTESIAN_POINT('Ctrl Pts',(2.29704771398279,11.6397524720785,2.39966821593127));
#8463=CARTESIAN_POINT('Ctrl Pts',(2.29893100716423,11.6538774791346,2.39966821593126));
#8464=CARTESIAN_POINT('Ctrl Pts',(2.30081430047691,11.6680024861732,2.39966821593126));
#8465=CARTESIAN_POINT('Ctrl Pts',(2.30081430047691,11.6680024861732,2.39966821593126));
#8466=CARTESIAN_POINT('Ctrl Pts',(2.30080954209805,11.6680016201939,2.39977881086684));
#8467=CARTESIAN_POINT('Ctrl Pts',(2.30080478376108,11.6680007542166,2.39988940555735));
#8468=CARTESIAN_POINT('Ctrl Pts',(2.30080002546608,11.6679998882413,2.4));
#8469=CARTESIAN_POINT('Ctrl Pts',(2.29516442091654,11.625627464909,2.39966821593126));
#8470=CARTESIAN_POINT('Ctrl Pts',(2.29515973692874,11.6256274649725,2.39977881970306));
#8471=CARTESIAN_POINT('Ctrl Pts',(2.29515505336087,11.6256274650046,2.39988941439501));
#8472=CARTESIAN_POINT('Ctrl Pts',(2.29515037021321,11.6256274650052,2.4));
#8473=CARTESIAN_POINT('Origin',(2.70484968543488,11.6256274650052,2.4));
#8474=CARTESIAN_POINT('',(2.70483563472348,11.6680024861732,2.39966821593126));
#8475=CARTESIAN_POINT('',(2.76185875698703,11.6574590030944,3.74618533201581));
#8476=CARTESIAN_POINT('',(2.70484968543488,11.6256274650052,2.4));
#8477=CARTESIAN_POINT('',(2.70483563472348,11.6256274650052,2.39966821593126));
#8478=CARTESIAN_POINT('Origin',(2.29516442093046,11.6256274650052,2.39966821593127));
#8479=CARTESIAN_POINT('',(2.29516442093046,11.6680024861732,2.39966821593127));
#8480=CARTESIAN_POINT('',(2.23814734269599,11.6574603032228,3.74601929152392));
#8481=CARTESIAN_POINT('',(2.29516442093046,11.6256274650052,2.39966821593127));
#8482=CARTESIAN_POINT('Origin',(2.724623487943,11.6256274650052,7.8114179072641));
#8483=CARTESIAN_POINT('Origin',(2.50000003065418,11.6468149864151,5.10554167900203));
#8484=CARTESIAN_POINT('',(2.60241783268883,11.6680024861732,2.39966821593126));
#8485=CARTESIAN_POINT('Origin',(2.50000003065418,11.6468149864151,5.10554167900203));
#8486=CARTESIAN_POINT('',(2.60241783268883,11.6680024861732,2.39966821593126));
#8487=CARTESIAN_POINT('Origin',(2.70483563472348,11.6256274650052,2.39966821593126));
#8488=CARTESIAN_POINT('Origin',(2.70483563472348,11.6256274650052,2.39966821593126));
#8489=CARTESIAN_POINT('Origin',(2.19999998480082,12.2,4.1000001899898));
#8490=CARTESIAN_POINT('',(2.19999998480082,12.,3.94882432236422));
#8491=CARTESIAN_POINT('Origin',(2.19999998480082,12.2,4.1000001899898));
#8492=CARTESIAN_POINT('Origin',(7.79404018058974,11.9952198383076,15.5));
#8493=CARTESIAN_POINT('',(8.04399447652041,12.,15.5));
#8494=CARTESIAN_POINT('',(8.04399447652041,12.,15.5));
#8495=CARTESIAN_POINT('Origin',(7.79404018058974,11.9952198383076,15.5));
#8496=CARTESIAN_POINT('Ctrl Pts',(-2.52469884002616,12.015000068227,15.05));
#8497=CARTESIAN_POINT('Ctrl Pts',(-2.01646589785608,12.0100000506336,14.7333333333334));
#8498=CARTESIAN_POINT('Ctrl Pts',(-1.50823295568599,12.0050000330402,14.4166666666667));
#8499=CARTESIAN_POINT('Ctrl Pts',(-1.00000001351591,12.0000000154467,14.1));
#8500=CARTESIAN_POINT('Ctrl Pts',(-1.68754094323551,10.5650000570281,15.05));
#8501=CARTESIAN_POINT('Ctrl Pts',(-1.26391618738277,10.8211111525624,14.7333333333334));
#8502=CARTESIAN_POINT('Ctrl Pts',(-0.840291431530018,11.0772222480968,14.4166666666667));
#8503=CARTESIAN_POINT('Ctrl Pts',(-0.416666675677271,11.3333333436312,14.1));
#8504=CARTESIAN_POINT('Ctrl Pts',(-0.850383046444865,9.11500004582914,15.05));
#8505=CARTESIAN_POINT('Ctrl Pts',(-0.511366476909455,9.63222225449129,14.7333333333334));
#8506=CARTESIAN_POINT('Ctrl Pts',(-0.172349907374045,10.1494444631534,14.4166666666667));
#8507=CARTESIAN_POINT('Ctrl Pts',(0.166666662161364,10.6666666718156,14.1));
#8508=CARTESIAN_POINT('Ctrl Pts',(-0.0132251496542158,7.66500003463022,
15.05));
#8509=CARTESIAN_POINT('Ctrl Pts',(0.241183233563856,8.44333335642015,14.7333333333334));
#8510=CARTESIAN_POINT('Ctrl Pts',(0.495591616781928,9.22166667821008,14.4166666666667));
#8511=CARTESIAN_POINT('Ctrl Pts',(0.75,10.,14.1));
#8512=CARTESIAN_POINT('Ctrl Pts',(-2.4753687534309,11.9295578519023,15.05));
#8513=CARTESIAN_POINT('Ctrl Pts',(-2.46895779590059,11.9518385679023,15.03801425513));
#8514=CARTESIAN_POINT('Ctrl Pts',(-2.46549598066896,11.9755326447975,15.0272817449389));
#8515=CARTESIAN_POINT('Ctrl Pts',(-2.46562448383288,12.,15.0184509315865));
#8516=CARTESIAN_POINT('Origin',(2.49824852132068,8.33250001731515,16.9));
#8517=CARTESIAN_POINT('',(2.99649704264136,8.,16.9));
#8518=CARTESIAN_POINT('',(2.99649704264136,8.16625000865758,16.9));
#8519=CARTESIAN_POINT('',(2.,8.,16.9));
#8520=CARTESIAN_POINT('',(2.,8.49875002597273,16.9));
#8521=CARTESIAN_POINT('',(2.24912426066034,8.,16.9));
#8522=CARTESIAN_POINT('Origin',(2.,8.,15.5));
#8523=CARTESIAN_POINT('',(2.,8.,15.5));
#8524=CARTESIAN_POINT('',(2.,8.,15.5));
#8525=CARTESIAN_POINT('',(2.99649704264136,8.,15.5));
#8526=CARTESIAN_POINT('',(2.25360360488103,8.,15.5));
#8527=CARTESIAN_POINT('',(2.99649704264136,8.,15.5));
#8528=CARTESIAN_POINT('Origin',(2.99649704264136,8.,15.5));
#8529=CARTESIAN_POINT('',(2.99649704264136,9.9154860719882,15.5));
#8530=CARTESIAN_POINT('Origin',(2.,8.6650000346303,15.5));
#8531=CARTESIAN_POINT('',(2.,10.2479860893034,15.5));
#8532=CARTESIAN_POINT('Origin',(1.52205416500277,12.2,7.99207070447593));
#8533=CARTESIAN_POINT('',(1.52205416500277,11.8760004403041,9.79927545806848));
#8534=CARTESIAN_POINT('Origin',(1.32205475196493,12.4212186261296,9.80000263297303));
#8535=CARTESIAN_POINT('',(1.32205416500277,12.3096101026916,9.79985376911105));
#8536=CARTESIAN_POINT('Origin',(1.32205416500277,12.2,8.30141790726414));
#8537=CARTESIAN_POINT('',(1.32205412120276,12.,3.89028426782286));
#8538=CARTESIAN_POINT('Origin',(1.32205412120276,12.,3.89028426782286));
#8539=CARTESIAN_POINT('Origin',(2.50720720976205,11.8309721439764,15.5));
#8540=CARTESIAN_POINT('',(-2.9656175880336,12.,15.5));
#8541=CARTESIAN_POINT('',(2.54373221265961,12.,15.5));
#8542=CARTESIAN_POINT('',(9.20740510697689,12.,15.5));
#8543=CARTESIAN_POINT('',(6.95010991011322,15.9097499686491,15.5));
#8544=CARTESIAN_POINT('',(2.54373221265961,12.,15.5));
#8545=CARTESIAN_POINT('Origin',(-2.71562103593324,11.9986870118307,15.5));
#8546=CARTESIAN_POINT('Origin',(-2.71562103593324,11.9986870118307,15.5));
#8547=CARTESIAN_POINT('',(-2.9656175880336,12.,15.5));
#8548=CARTESIAN_POINT('Origin',(2.34999998480082,12.2,7.7678224093329));
#8549=CARTESIAN_POINT('Origin',(3.68205412120276,12.2,3.89028426782286));
#8550=CARTESIAN_POINT('',(3.68205412120276,12.2,3.89028426782286));
#8551=CARTESIAN_POINT('Origin',(3.68205412120277,12.2,12.8000004261712));
#8552=CARTESIAN_POINT('',(3.68205412120277,12.0790015997683,9.79954664437983));
#8553=CARTESIAN_POINT('Origin',(3.59102764756354,11.9540014055745,9.7993799008482));
#8554=CARTESIAN_POINT('',(3.48205412120276,11.9260004403146,9.79934253173592));
#8555=CARTESIAN_POINT('Origin',(3.48205412120277,12.2,3.940711023071));
#8556=CARTESIAN_POINT('',(3.48205381151831,12.0581630386112,12.9995214482534));
#8557=CARTESIAN_POINT('Origin',(4.5,12.4169504558688,13.));
#8558=CARTESIAN_POINT('',(4.5,11.7092100786962,12.9990560137358));
#8559=CARTESIAN_POINT('Origin',(4.5,11.,14.1));
#8560=CARTESIAN_POINT('Origin',(6.29467297892142,17.0450000346303,16.05));
#8561=CARTESIAN_POINT('',(9.20740510697689,12.,12.2499205064006));
#8562=CARTESIAN_POINT('Origin',(2.58025721555716,12.,8.44984101280112));
#8563=CARTESIAN_POINT('Origin',(2.58025721555716,12.,8.44984101280112));
#8564=UNCERTAINTY_MEASURE_WITH_UNIT(LENGTH_MEASURE(0.001),#8568,
'DISTANCE_ACCURACY_VALUE',
'Maximum model space distance between geometric entities at asserted c
onnectivities');
#8565=UNCERTAINTY_MEASURE_WITH_UNIT(LENGTH_MEASURE(0.001),#8568,
'DISTANCE_ACCURACY_VALUE',
'Maximum model space distance between geometric entities at asserted c
onnectivities');
#8566=(
GEOMETRIC_REPRESENTATION_CONTEXT(3)
GLOBAL_UNCERTAINTY_ASSIGNED_CONTEXT((#8564))
GLOBAL_UNIT_ASSIGNED_CONTEXT((#8568,#8570,#8571))
REPRESENTATION_CONTEXT('','3D')
);
#8567=(
GEOMETRIC_REPRESENTATION_CONTEXT(3)
GLOBAL_UNCERTAINTY_ASSIGNED_CONTEXT((#8565))
GLOBAL_UNIT_ASSIGNED_CONTEXT((#8568,#8570,#8571))
REPRESENTATION_CONTEXT('','3D')
);
#8568=(
LENGTH_UNIT()
NAMED_UNIT(*)
SI_UNIT(.CENTI.,.METRE.)
);
#8569=(
LENGTH_UNIT()
NAMED_UNIT(*)
SI_UNIT($,.METRE.)
);
#8570=(
NAMED_UNIT(*)
PLANE_ANGLE_UNIT()
SI_UNIT($,.RADIAN.)
);
#8571=(
NAMED_UNIT(*)
SI_UNIT($,.STERADIAN.)
SOLID_ANGLE_UNIT()
);
#8572=SHAPE_DEFINITION_REPRESENTATION(#8573,#8574);
#8573=PRODUCT_DEFINITION_SHAPE('',$,#8576);
#8574=SHAPE_REPRESENTATION('',(#4757),#8566);
#8575=PRODUCT_DEFINITION_CONTEXT('part definition',#8580,'design');
#8576=PRODUCT_DEFINITION('2026-08-04-01-45-50-646','bawahdpnmm1',#8577,
#8575);
#8577=PRODUCT_DEFINITION_FORMATION('',$,#8582);
#8578=PRODUCT_RELATED_PRODUCT_CATEGORY('bawahdpnmm1','bawahdpnmm1',(#8582));
#8579=APPLICATION_PROTOCOL_DEFINITION('international standard',
'automotive_design',2009,#8580);
#8580=APPLICATION_CONTEXT(
'Core Data for Automotive Mechanical Design Process');
#8581=PRODUCT_CONTEXT('part definition',#8580,'mechanical');
#8582=PRODUCT('2026-08-04-01-45-50-646','bawahdpnmm1',$,(#8581));
#8583=PRESENTATION_STYLE_ASSIGNMENT((#8584));
#8584=SURFACE_STYLE_USAGE(.BOTH.,#8585);
#8585=SURFACE_SIDE_STYLE('',(#8586));
#8586=SURFACE_STYLE_FILL_AREA(#8587);
#8587=FILL_AREA_STYLE('Steel - Satin',(#8588));
#8588=FILL_AREA_STYLE_COLOUR('Steel - Satin',#8589);
#8589=COLOUR_RGB('Steel - Satin',0.627450980392157,0.627450980392157,0.627450980392157);
ENDSEC;
END-ISO-10303-21;
