ISO-10303-21;
HEADER;
/* Generated by software containing ST-Developer
 * from STEP Tools, Inc. (www.steptools.com) 
 */

FILE_DESCRIPTION(
/* description */ (''),
/* implementation_level */ '2;1');

FILE_NAME(
/* name */ 'bawahblkgmm1.step',
/* time_stamp */ '2026-08-04T01:45:55+08:00',
/* author */ (''),
/* organization */ (''),
/* preprocessor_version */ 'ST-DEVELOPER v20.1',
/* originating_system */ 'Autodesk Translation Framework v15.8.0.0',
/* authorisation */ '');

FILE_SCHEMA (('AUTOMOTIVE_DESIGN { 1 0 10303 214 3 1 1 }'));
ENDSEC;

DATA;
#10=MECHANICAL_DESIGN_GEOMETRIC_PRESENTATION_REPRESENTATION('',(#13),#9385);
#11=SHAPE_REPRESENTATION_RELATIONSHIP('SRR','None',#9392,#12);
#12=ADVANCED_BREP_SHAPE_REPRESENTATION('',(#14),#9384);
#13=STYLED_ITEM('',(#9401),#14);
#14=MANIFOLD_SOLID_BREP('Body1',#5016);
#15=(
BOUNDED_SURFACE()
B_SPLINE_SURFACE(1,2,((#8328,#8329,#8330),(#8331,#8332,#8333)),
 .UNSPECIFIED.,.F.,.F.,.F.)
B_SPLINE_SURFACE_WITH_KNOTS((2,2),(3,3),(7.89960466606838E-18,1.07431574948318),
(0.917556884519323,1.51447140890765),.UNSPECIFIED.)
GEOMETRIC_REPRESENTATION_ITEM()
RATIONAL_B_SPLINE_SURFACE(((1.,0.95579126227069,1.),(1.,0.95579126227069,
1.)))
REPRESENTATION_ITEM('')
SURFACE()
);
#16=(
BOUNDED_SURFACE()
B_SPLINE_SURFACE(1,2,((#9084,#9085,#9086),(#9087,#9088,#9089)),
 .UNSPECIFIED.,.F.,.F.,.F.)
B_SPLINE_SURFACE_WITH_KNOTS((2,2),(3,3),(-7.419648596584E-15,0.380176637816923),
(2.26570101746652,3.53966742572712),.UNSPECIFIED.)
GEOMETRIC_REPRESENTATION_ITEM()
RATIONAL_B_SPLINE_SURFACE(((1.,0.803893721935466,1.),(1.,0.803893721935466,
1.)))
REPRESENTATION_ITEM('')
SURFACE()
);
#17=(
BOUNDED_SURFACE()
B_SPLINE_SURFACE(1,2,((#9099,#9100,#9101),(#9102,#9103,#9104)),
 .UNSPECIFIED.,.F.,.F.,.F.)
B_SPLINE_SURFACE_WITH_KNOTS((2,2),(3,3),(-1.96335606015659E-10,1.06596283619281),
(-1.06522665324337,-0.469488975324358),.UNSPECIFIED.)
GEOMETRIC_REPRESENTATION_ITEM()
RATIONAL_B_SPLINE_SURFACE(((1.,0.955964120304534,1.),(1.,0.955964120304534,
1.)))
REPRESENTATION_ITEM('')
SURFACE()
);
#18=(
BOUNDED_CURVE()
B_SPLINE_CURVE(2,(#7480,#7481,#7482),.UNSPECIFIED.,.F.,.F.)
B_SPLINE_CURVE_WITH_KNOTS((3,3),(0.,0.126555084031513),.UNSPECIFIED.)
CURVE()
GEOMETRIC_REPRESENTATION_ITEM()
RATIONAL_B_SPLINE_CURVE((1.,1.00237935878721,1.))
REPRESENTATION_ITEM('')
);
#19=(
BOUNDED_CURVE()
B_SPLINE_CURVE(2,(#7485,#7486,#7487),.UNSPECIFIED.,.F.,.F.)
B_SPLINE_CURVE_WITH_KNOTS((3,3),(0.,0.126555084031512),.UNSPECIFIED.)
CURVE()
GEOMETRIC_REPRESENTATION_ITEM()
RATIONAL_B_SPLINE_CURVE((1.,1.00237935878739,1.))
REPRESENTATION_ITEM('')
);
#20=(
BOUNDED_CURVE()
B_SPLINE_CURVE(2,(#7559,#7560,#7561),.UNSPECIFIED.,.F.,.F.)
B_SPLINE_CURVE_WITH_KNOTS((3,3),(-0.578288277241492,-0.114607994837845),
 .UNSPECIFIED.)
CURVE()
GEOMETRIC_REPRESENTATION_ITEM()
RATIONAL_B_SPLINE_CURVE((1.,1.,1.))
REPRESENTATION_ITEM('')
);
#21=(
BOUNDED_CURVE()
B_SPLINE_CURVE(2,(#7565,#7566,#7567),.UNSPECIFIED.,.F.,.F.)
B_SPLINE_CURVE_WITH_KNOTS((3,3),(-0.578288277241492,-0.114607994837846),
 .UNSPECIFIED.)
CURVE()
GEOMETRIC_REPRESENTATION_ITEM()
RATIONAL_B_SPLINE_CURVE((1.,1.,1.))
REPRESENTATION_ITEM('')
);
#22=(
BOUNDED_CURVE()
B_SPLINE_CURVE(2,(#7607,#7608,#7609),.UNSPECIFIED.,.F.,.F.)
B_SPLINE_CURVE_WITH_KNOTS((3,3),(-0.573671285172028,-0.114608011519269),
 .UNSPECIFIED.)
CURVE()
GEOMETRIC_REPRESENTATION_ITEM()
RATIONAL_B_SPLINE_CURVE((1.,1.,1.))
REPRESENTATION_ITEM('')
);
#23=(
BOUNDED_CURVE()
B_SPLINE_CURVE(2,(#7634,#7635,#7636),.UNSPECIFIED.,.F.,.F.)
B_SPLINE_CURVE_WITH_KNOTS((3,3),(-0.525947410864469,-0.114608012504227),
 .UNSPECIFIED.)
CURVE()
GEOMETRIC_REPRESENTATION_ITEM()
RATIONAL_B_SPLINE_CURVE((0.999999998554323,0.999999995540244,0.999999998125015))
REPRESENTATION_ITEM('')
);
#24=(
BOUNDED_CURVE()
B_SPLINE_CURVE(2,(#7687,#7688,#7689),.UNSPECIFIED.,.F.,.F.)
B_SPLINE_CURVE_WITH_KNOTS((3,3),(-0.578288280396856,-0.114608012504222),
 .UNSPECIFIED.)
CURVE()
GEOMETRIC_REPRESENTATION_ITEM()
RATIONAL_B_SPLINE_CURVE((0.999999999412057,0.999999995211575,0.999999998125106))
REPRESENTATION_ITEM('')
);
#25=(
BOUNDED_CURVE()
B_SPLINE_CURVE(2,(#7695,#7696,#7697),.UNSPECIFIED.,.F.,.F.)
B_SPLINE_CURVE_WITH_KNOTS((3,3),(-0.578288280322051,-0.114608011519269),
 .UNSPECIFIED.)
CURVE()
GEOMETRIC_REPRESENTATION_ITEM()
RATIONAL_B_SPLINE_CURVE((1.,1.,1.))
REPRESENTATION_ITEM('')
);
#26=(
BOUNDED_CURVE()
B_SPLINE_CURVE(2,(#7706,#7707,#7708),.UNSPECIFIED.,.F.,.F.)
B_SPLINE_CURVE_WITH_KNOTS((3,3),(-0.489862111955589,-0.114607994837846),
 .UNSPECIFIED.)
CURVE()
GEOMETRIC_REPRESENTATION_ITEM()
RATIONAL_B_SPLINE_CURVE((1.,1.,1.))
REPRESENTATION_ITEM('')
);
#27=(
BOUNDED_CURVE()
B_SPLINE_CURVE(2,(#7712,#7713,#7714),.UNSPECIFIED.,.F.,.F.)
B_SPLINE_CURVE_WITH_KNOTS((3,3),(-0.525186194844432,-0.114607994837845),
 .UNSPECIFIED.)
CURVE()
GEOMETRIC_REPRESENTATION_ITEM()
RATIONAL_B_SPLINE_CURVE((1.,1.,1.))
REPRESENTATION_ITEM('')
);
#28=(
BOUNDED_CURVE()
B_SPLINE_CURVE(2,(#8353,#8354,#8355),.UNSPECIFIED.,.F.,.F.)
B_SPLINE_CURVE_WITH_KNOTS((3,3),(0.,0.124606706991559),.UNSPECIFIED.)
CURVE()
GEOMETRIC_REPRESENTATION_ITEM()
RATIONAL_B_SPLINE_CURVE((1.,1.00119603605315,1.))
REPRESENTATION_ITEM('')
);
#29=(
BOUNDED_CURVE()
B_SPLINE_CURVE(2,(#8356,#8357,#8358),.UNSPECIFIED.,.F.,.F.)
B_SPLINE_CURVE_WITH_KNOTS((3,3),(0.,0.12460670699156),.UNSPECIFIED.)
CURVE()
GEOMETRIC_REPRESENTATION_ITEM()
RATIONAL_B_SPLINE_CURVE((1.,1.00119603605094,1.))
REPRESENTATION_ITEM('')
);
#30=(
BOUNDED_CURVE()
B_SPLINE_CURVE(2,(#8852,#8853,#8854),.UNSPECIFIED.,.F.,.F.)
B_SPLINE_CURVE_WITH_KNOTS((3,3),(0.,0.123542931603549),.UNSPECIFIED.)
CURVE()
GEOMETRIC_REPRESENTATION_ITEM()
RATIONAL_B_SPLINE_CURVE((1.,1.00120351208107,1.))
REPRESENTATION_ITEM('')
);
#31=(
BOUNDED_CURVE()
B_SPLINE_CURVE(2,(#8860,#8861,#8862),.UNSPECIFIED.,.F.,.F.)
B_SPLINE_CURVE_WITH_KNOTS((3,3),(0.,0.123542931603549),.UNSPECIFIED.)
CURVE()
GEOMETRIC_REPRESENTATION_ITEM()
RATIONAL_B_SPLINE_CURVE((1.,1.00120351207891,1.))
REPRESENTATION_ITEM('')
);
#32=(
BOUNDED_CURVE()
B_SPLINE_CURVE(2,(#8872,#8873,#8874),.UNSPECIFIED.,.F.,.F.)
B_SPLINE_CURVE_WITH_KNOTS((3,3),(0.,0.128548197185017),.UNSPECIFIED.)
CURVE()
GEOMETRIC_REPRESENTATION_ITEM()
RATIONAL_B_SPLINE_CURVE((1.,1.00241676450305,1.))
REPRESENTATION_ITEM('')
);
#33=(
BOUNDED_CURVE()
B_SPLINE_CURVE(2,(#8875,#8876,#8877),.UNSPECIFIED.,.F.,.F.)
B_SPLINE_CURVE_WITH_KNOTS((3,3),(0.,0.128548197185015),.UNSPECIFIED.)
CURVE()
GEOMETRIC_REPRESENTATION_ITEM()
RATIONAL_B_SPLINE_CURVE((1.,1.00241676450086,1.))
REPRESENTATION_ITEM('')
);
#34=(
BOUNDED_CURVE()
B_SPLINE_CURVE(2,(#9124,#9125,#9126),.UNSPECIFIED.,.F.,.F.)
B_SPLINE_CURVE_WITH_KNOTS((3,3),(0.472460910904704,0.495259265850103),
 .UNSPECIFIED.)
CURVE()
GEOMETRIC_REPRESENTATION_ITEM()
RATIONAL_B_SPLINE_CURVE((1.00244829461612,1.00244055487707,1.0024263673428))
REPRESENTATION_ITEM('')
);
#35=CONICAL_SURFACE('',#5131,0.2,0.523598775598299);
#36=CONICAL_SURFACE('',#5145,0.100000001490116,0.0872664625997165);
#37=CONICAL_SURFACE('',#5153,0.0999999999999996,0.0872664625997165);
#38=CONICAL_SURFACE('',#5162,0.0999999999999996,0.0872664625997165);
#39=CONICAL_SURFACE('',#5167,0.100000001490116,0.0872664625997165);
#40=CONICAL_SURFACE('',#5253,0.35,0.523598775598299);
#41=CONICAL_SURFACE('',#5269,0.35,0.523598775598299);
#42=CONICAL_SURFACE('',#5275,0.2,0.523598775598299);
#43=CONICAL_SURFACE('',#5305,0.996000173962665,0.0187809353328123);
#44=CONICAL_SURFACE('',#5329,0.996000173962664,0.0187809353326344);
#45=B_SPLINE_SURFACE_WITH_KNOTS('',3,3,((#6793,#6794,#6795,#6796),(#6797,
#6798,#6799,#6800),(#6801,#6802,#6803,#6804),(#6805,#6806,#6807,#6808)),
 .UNSPECIFIED.,.F.,.F.,.F.,(4,4),(4,4),(0.996551716176943,1.),(0.,1.),
 .UNSPECIFIED.);
#46=B_SPLINE_SURFACE_WITH_KNOTS('',3,3,((#6846,#6847,#6848,#6849),(#6850,
#6851,#6852,#6853),(#6854,#6855,#6856,#6857),(#6858,#6859,#6860,#6861)),
 .UNSPECIFIED.,.F.,.F.,.F.,(4,4),(4,4),(-7.72337494794276E-9,0.00339467095951547),
(0.0332095456983651,1.),.UNSPECIFIED.);
#47=B_SPLINE_SURFACE_WITH_KNOTS('',3,3,((#6927,#6928,#6929,#6930),(#6931,
#6932,#6933,#6934),(#6935,#6936,#6937,#6938),(#6939,#6940,#6941,#6942)),
 .UNSPECIFIED.,.F.,.F.,.F.,(4,4),(4,4),(-1.26170416072462E-16,1.00000006864136),
(-8.6423026247636E-15,1.),.UNSPECIFIED.);
#48=B_SPLINE_SURFACE_WITH_KNOTS('',3,3,((#7208,#7209,#7210,#7211),(#7212,
#7213,#7214,#7215),(#7216,#7217,#7218,#7219),(#7220,#7221,#7222,#7223)),
 .UNSPECIFIED.,.F.,.F.,.F.,(4,4),(4,4),(0.,1.),(0.,1.),.UNSPECIFIED.);
#49=B_SPLINE_SURFACE_WITH_KNOTS('',3,3,((#7232,#7233,#7234,#7235),(#7236,
#7237,#7238,#7239),(#7240,#7241,#7242,#7243),(#7244,#7245,#7246,#7247)),
 .UNSPECIFIED.,.F.,.F.,.F.,(4,4),(4,4),(0.,1.),(0.,1.),.UNSPECIFIED.);
#50=B_SPLINE_SURFACE_WITH_KNOTS('',3,3,((#7255,#7256,#7257,#7258),(#7259,
#7260,#7261,#7262),(#7263,#7264,#7265,#7266),(#7267,#7268,#7269,#7270)),
 .UNSPECIFIED.,.F.,.F.,.F.,(4,4),(4,4),(0.,1.),(0.,1.),.UNSPECIFIED.);
#51=B_SPLINE_SURFACE_WITH_KNOTS('',3,3,((#7276,#7277,#7278,#7279),(#7280,
#7281,#7282,#7283),(#7284,#7285,#7286,#7287),(#7288,#7289,#7290,#7291)),
 .UNSPECIFIED.,.F.,.F.,.F.,(4,4),(4,4),(0.,1.),(0.,1.),.UNSPECIFIED.);
#52=B_SPLINE_SURFACE_WITH_KNOTS('',3,3,((#7297,#7298,#7299,#7300),(#7301,
#7302,#7303,#7304),(#7305,#7306,#7307,#7308),(#7309,#7310,#7311,#7312)),
 .UNSPECIFIED.,.F.,.F.,.F.,(4,4),(4,4),(0.,1.),(0.,1.),.UNSPECIFIED.);
#53=B_SPLINE_SURFACE_WITH_KNOTS('',3,3,((#7321,#7322,#7323,#7324),(#7325,
#7326,#7327,#7328),(#7329,#7330,#7331,#7332),(#7333,#7334,#7335,#7336)),
 .UNSPECIFIED.,.F.,.F.,.F.,(4,4),(4,4),(0.,1.),(0.,1.),.UNSPECIFIED.);
#54=B_SPLINE_SURFACE_WITH_KNOTS('',3,3,((#7942,#7943,#7944,#7945),(#7946,
#7947,#7948,#7949),(#7950,#7951,#7952,#7953),(#7954,#7955,#7956,#7957)),
 .UNSPECIFIED.,.F.,.F.,.F.,(4,4),(4,4),(-1.91788649247238E-13,1.),(-9.77788615581991E-16,
0.574892388937616),.UNSPECIFIED.);
#55=B_SPLINE_SURFACE_WITH_KNOTS('',3,3,((#7982,#7983,#7984,#7985),(#7986,
#7987,#7988,#7989),(#7990,#7991,#7992,#7993),(#7994,#7995,#7996,#7997)),
 .UNSPECIFIED.,.F.,.F.,.F.,(4,4),(4,4),(0.327430720458588,1.),(-1.2681407587922E-15,
1.),.UNSPECIFIED.);
#56=B_SPLINE_SURFACE_WITH_KNOTS('',3,3,((#8020,#8021,#8022,#8023),(#8024,
#8025,#8026,#8027),(#8028,#8029,#8030,#8031),(#8032,#8033,#8034,#8035)),
 .UNSPECIFIED.,.F.,.F.,.F.,(4,4),(4,4),(0.,1.),(0.,1.),.UNSPECIFIED.);
#57=B_SPLINE_SURFACE_WITH_KNOTS('',3,3,((#8073,#8074,#8075,#8076),(#8077,
#8078,#8079,#8080),(#8081,#8082,#8083,#8084),(#8085,#8086,#8087,#8088)),
 .UNSPECIFIED.,.F.,.F.,.F.,(4,4),(4,4),(0.,1.),(0.,1.),.UNSPECIFIED.);
#58=B_SPLINE_SURFACE_WITH_KNOTS('',3,3,((#8090,#8091,#8092,#8093),(#8094,
#8095,#8096,#8097),(#8098,#8099,#8100,#8101),(#8102,#8103,#8104,#8105)),
 .UNSPECIFIED.,.F.,.F.,.F.,(4,4),(4,4),(0.,1.),(0.,1.),.UNSPECIFIED.);
#59=B_SPLINE_SURFACE_WITH_KNOTS('',3,3,((#8123,#8124,#8125,#8126),(#8127,
#8128,#8129,#8130),(#8131,#8132,#8133,#8134),(#8135,#8136,#8137,#8138)),
 .UNSPECIFIED.,.F.,.F.,.F.,(4,4),(4,4),(0.,1.),(0.,1.),.UNSPECIFIED.);
#60=B_SPLINE_SURFACE_WITH_KNOTS('',3,3,((#8140,#8141,#8142,#8143),(#8144,
#8145,#8146,#8147),(#8148,#8149,#8150,#8151),(#8152,#8153,#8154,#8155)),
 .UNSPECIFIED.,.F.,.F.,.F.,(4,4),(4,4),(0.,1.),(0.,1.),.UNSPECIFIED.);
#61=B_SPLINE_SURFACE_WITH_KNOTS('',3,3,((#8159,#8160,#8161,#8162),(#8163,
#8164,#8165,#8166),(#8167,#8168,#8169,#8170),(#8171,#8172,#8173,#8174)),
 .UNSPECIFIED.,.F.,.F.,.F.,(4,4),(4,4),(0.,1.),(0.,1.),.UNSPECIFIED.);
#62=B_SPLINE_SURFACE_WITH_KNOTS('',3,3,((#8177,#8178,#8179,#8180),(#8181,
#8182,#8183,#8184),(#8185,#8186,#8187,#8188),(#8189,#8190,#8191,#8192)),
 .UNSPECIFIED.,.F.,.F.,.F.,(4,4),(4,4),(0.,1.),(0.,1.),.UNSPECIFIED.);
#63=B_SPLINE_SURFACE_WITH_KNOTS('',3,3,((#8194,#8195,#8196,#8197),(#8198,
#8199,#8200,#8201),(#8202,#8203,#8204,#8205),(#8206,#8207,#8208,#8209)),
 .UNSPECIFIED.,.F.,.F.,.F.,(4,4),(4,4),(0.,1.),(0.,1.),.UNSPECIFIED.);
#64=B_SPLINE_SURFACE_WITH_KNOTS('',3,3,((#8217,#8218,#8219,#8220),(#8221,
#8222,#8223,#8224),(#8225,#8226,#8227,#8228),(#8229,#8230,#8231,#8232)),
 .UNSPECIFIED.,.F.,.F.,.F.,(4,4),(4,4),(-2.44216576946831,-2.19321987528354),
(4.61618680351595,4.97991251880224),.UNSPECIFIED.);
#65=B_SPLINE_SURFACE_WITH_KNOTS('',3,3,((#8237,#8238,#8239,#8240),(#8241,
#8242,#8243,#8244),(#8245,#8246,#8247,#8248),(#8249,#8250,#8251,#8252)),
 .UNSPECIFIED.,.F.,.F.,.F.,(4,4),(4,4),(-6.35383274874445E-16,1.),(0.,1.00000000001914),
 .UNSPECIFIED.);
#66=B_SPLINE_SURFACE_WITH_KNOTS('',3,3,((#8277,#8278,#8279,#8280),(#8281,
#8282,#8283,#8284),(#8285,#8286,#8287,#8288),(#8289,#8290,#8291,#8292)),
 .UNSPECIFIED.,.F.,.F.,.F.,(4,4),(4,4),(-7.6886577622794E-15,1.00000000010315),
(-1.27545427710118E-15,0.578212558340512),.UNSPECIFIED.);
#67=B_SPLINE_SURFACE_WITH_KNOTS('',3,3,((#8308,#8309,#8310,#8311),(#8312,
#8313,#8314,#8315),(#8316,#8317,#8318,#8319),(#8320,#8321,#8322,#8323)),
 .UNSPECIFIED.,.F.,.F.,.F.,(4,4),(4,4),(-1.13024140273154E-14,0.14169152379129),
(-5.12441380561696E-16,0.0923741176950111),.UNSPECIFIED.);
#68=B_SPLINE_SURFACE_WITH_KNOTS('',3,3,((#8365,#8366,#8367,#8368),(#8369,
#8370,#8371,#8372),(#8373,#8374,#8375,#8376),(#8377,#8378,#8379,#8380)),
 .UNSPECIFIED.,.F.,.F.,.F.,(4,4),(4,4),(0.,1.),(0.,1.),.UNSPECIFIED.);
#69=B_SPLINE_SURFACE_WITH_KNOTS('',3,3,((#8385,#8386,#8387,#8388),(#8389,
#8390,#8391,#8392),(#8393,#8394,#8395,#8396),(#8397,#8398,#8399,#8400)),
 .UNSPECIFIED.,.F.,.F.,.F.,(4,4),(4,4),(0.,1.),(0.,1.),.UNSPECIFIED.);
#70=B_SPLINE_SURFACE_WITH_KNOTS('',3,3,((#8404,#8405,#8406,#8407),(#8408,
#8409,#8410,#8411),(#8412,#8413,#8414,#8415),(#8416,#8417,#8418,#8419)),
 .UNSPECIFIED.,.F.,.F.,.F.,(4,4),(4,4),(0.,1.),(0.,1.),.UNSPECIFIED.);
#71=B_SPLINE_SURFACE_WITH_KNOTS('',3,3,((#8422,#8423,#8424,#8425,#8426,
#8427,#8428,#8429,#8430,#8431),(#8432,#8433,#8434,#8435,#8436,#8437,#8438,
#8439,#8440,#8441),(#8442,#8443,#8444,#8445,#8446,#8447,#8448,#8449,#8450,
#8451),(#8452,#8453,#8454,#8455,#8456,#8457,#8458,#8459,#8460,#8461),(#8462,
#8463,#8464,#8465,#8466,#8467,#8468,#8469,#8470,#8471),(#8472,#8473,#8474,
#8475,#8476,#8477,#8478,#8479,#8480,#8481),(#8482,#8483,#8484,#8485,#8486,
#8487,#8488,#8489,#8490,#8491)),.UNSPECIFIED.,.F.,.F.,.F.,(4,1,1,1,4),(4,
1,1,1,1,1,1,4),(0.,0.285714285714286,0.571428571428571,0.857142857142857,
1.),(0.,0.0178571428571429,0.0357142857142857,0.0714285714285714,0.142857142857143,
0.178571428571429,0.214285714285714,1.),.UNSPECIFIED.);
#72=B_SPLINE_SURFACE_WITH_KNOTS('',3,3,((#8497,#8498,#8499,#8500),(#8501,
#8502,#8503,#8504),(#8505,#8506,#8507,#8508),(#8509,#8510,#8511,#8512)),
 .UNSPECIFIED.,.F.,.F.,.F.,(4,4),(4,4),(0.,1.),(0.,1.),.UNSPECIFIED.);
#73=B_SPLINE_SURFACE_WITH_KNOTS('',3,3,((#8516,#8517,#8518,#8519),(#8520,
#8521,#8522,#8523),(#8524,#8525,#8526,#8527),(#8528,#8529,#8530,#8531)),
 .UNSPECIFIED.,.F.,.F.,.F.,(4,4),(4,4),(0.,1.),(0.,1.),.UNSPECIFIED.);
#74=B_SPLINE_SURFACE_WITH_KNOTS('',3,3,((#8534,#8535,#8536,#8537),(#8538,
#8539,#8540,#8541),(#8542,#8543,#8544,#8545),(#8546,#8547,#8548,#8549)),
 .UNSPECIFIED.,.F.,.F.,.F.,(4,4),(4,4),(0.,1.),(0.,1.),.UNSPECIFIED.);
#75=B_SPLINE_SURFACE_WITH_KNOTS('',3,3,((#8551,#8552,#8553,#8554),(#8555,
#8556,#8557,#8558),(#8559,#8560,#8561,#8562),(#8563,#8564,#8565,#8566)),
 .UNSPECIFIED.,.F.,.F.,.F.,(4,4),(4,4),(0.,1.),(0.,1.),.UNSPECIFIED.);
#76=B_SPLINE_SURFACE_WITH_KNOTS('',3,3,((#8568,#8569,#8570,#8571),(#8572,
#8573,#8574,#8575),(#8576,#8577,#8578,#8579),(#8580,#8581,#8582,#8583)),
 .UNSPECIFIED.,.F.,.F.,.F.,(4,4),(4,4),(0.,1.),(0.,1.),.UNSPECIFIED.);
#77=B_SPLINE_SURFACE_WITH_KNOTS('',3,3,((#8587,#8588,#8589,#8590),(#8591,
#8592,#8593,#8594),(#8595,#8596,#8597,#8598),(#8599,#8600,#8601,#8602)),
 .UNSPECIFIED.,.F.,.F.,.F.,(4,4),(4,4),(0.,1.),(0.,1.),.UNSPECIFIED.);
#78=B_SPLINE_SURFACE_WITH_KNOTS('',3,3,((#8606,#8607,#8608,#8609,#8610,
#8611,#8612,#8613,#8614,#8615),(#8616,#8617,#8618,#8619,#8620,#8621,#8622,
#8623,#8624,#8625),(#8626,#8627,#8628,#8629,#8630,#8631,#8632,#8633,#8634,
#8635),(#8636,#8637,#8638,#8639,#8640,#8641,#8642,#8643,#8644,#8645),(#8646,
#8647,#8648,#8649,#8650,#8651,#8652,#8653,#8654,#8655),(#8656,#8657,#8658,
#8659,#8660,#8661,#8662,#8663,#8664,#8665),(#8666,#8667,#8668,#8669,#8670,
#8671,#8672,#8673,#8674,#8675)),.UNSPECIFIED.,.F.,.F.,.F.,(4,1,1,1,4),(4,
1,1,1,1,1,1,4),(0.,0.285714285714286,0.571428571428571,0.714285714285714,
1.),(0.,0.0178571428571429,0.0357142857142857,0.0714285714285714,0.142857142857143,
0.178571428571429,0.214285714285714,1.),.UNSPECIFIED.);
#79=B_SPLINE_SURFACE_WITH_KNOTS('',3,3,((#8681,#8682,#8683,#8684),(#8685,
#8686,#8687,#8688),(#8689,#8690,#8691,#8692),(#8693,#8694,#8695,#8696)),
 .UNSPECIFIED.,.F.,.F.,.F.,(4,4),(4,4),(0.,1.),(0.,1.),.UNSPECIFIED.);
#80=B_SPLINE_SURFACE_WITH_KNOTS('',3,3,((#8699,#8700,#8701,#8702),(#8703,
#8704,#8705,#8706),(#8707,#8708,#8709,#8710),(#8711,#8712,#8713,#8714)),
 .UNSPECIFIED.,.F.,.F.,.F.,(4,4),(4,4),(0.,1.),(0.,1.),.UNSPECIFIED.);
#81=B_SPLINE_SURFACE_WITH_KNOTS('',3,3,((#8716,#8717,#8718,#8719),(#8720,
#8721,#8722,#8723),(#8724,#8725,#8726,#8727),(#8728,#8729,#8730,#8731)),
 .UNSPECIFIED.,.F.,.F.,.F.,(4,4),(4,4),(0.,1.),(0.,1.),.UNSPECIFIED.);
#82=B_SPLINE_SURFACE_WITH_KNOTS('',3,3,((#8735,#8736,#8737,#8738),(#8739,
#8740,#8741,#8742),(#8743,#8744,#8745,#8746),(#8747,#8748,#8749,#8750)),
 .UNSPECIFIED.,.F.,.F.,.F.,(4,4),(4,4),(0.,1.),(0.,1.),.UNSPECIFIED.);
#83=B_SPLINE_SURFACE_WITH_KNOTS('',3,3,((#8753,#8754,#8755,#8756),(#8757,
#8758,#8759,#8760),(#8761,#8762,#8763,#8764),(#8765,#8766,#8767,#8768)),
 .UNSPECIFIED.,.F.,.F.,.F.,(4,4),(4,4),(0.,1.),(0.,1.),.UNSPECIFIED.);
#84=B_SPLINE_SURFACE_WITH_KNOTS('',3,3,((#8776,#8777,#8778,#8779),(#8780,
#8781,#8782,#8783),(#8784,#8785,#8786,#8787),(#8788,#8789,#8790,#8791)),
 .UNSPECIFIED.,.F.,.F.,.F.,(4,4),(4,4),(0.848384044749103,1.00000000000064),
(0.,0.0933996771004962),.UNSPECIFIED.);
#85=B_SPLINE_SURFACE_WITH_KNOTS('',3,3,((#8796,#8797,#8798,#8799),(#8800,
#8801,#8802,#8803),(#8804,#8805,#8806,#8807),(#8808,#8809,#8810,#8811)),
 .UNSPECIFIED.,.F.,.F.,.F.,(4,4),(4,4),(-6.01869211184139E-17,0.692870901858352),
(0.,1.00000000000019),.UNSPECIFIED.);
#86=B_SPLINE_SURFACE_WITH_KNOTS('',3,3,((#8881,#8882,#8883,#8884),(#8885,
#8886,#8887,#8888),(#8889,#8890,#8891,#8892),(#8893,#8894,#8895,#8896)),
 .UNSPECIFIED.,.F.,.F.,.F.,(4,4),(4,4),(-1.45500788571998,-0.917556884515462),
(0.,2.),.UNSPECIFIED.);
#87=B_SPLINE_SURFACE_WITH_KNOTS('',3,3,((#8996,#8997,#8998,#8999),(#9000,
#9001,#9002,#9003),(#9004,#9005,#9006,#9007),(#9008,#9009,#9010,#9011)),
 .UNSPECIFIED.,.F.,.F.,.F.,(4,4),(4,4),(3.2116519290284,3.45317036514574),
(4.61613474648303,4.97990059521097),.UNSPECIFIED.);
#88=B_SPLINE_SURFACE_WITH_KNOTS('',3,3,((#9023,#9024,#9025,#9026),(#9027,
#9028,#9029,#9030),(#9031,#9032,#9033,#9034),(#9035,#9036,#9037,#9038)),
 .UNSPECIFIED.,.F.,.F.,.F.,(4,4),(4,4),(0.461881587936993,1.00509289119441),
(0.,2.),.UNSPECIFIED.);
#89=B_SPLINE_SURFACE_WITH_KNOTS('',3,3,((#9180,#9181,#9182,#9183),(#9184,
#9185,#9186,#9187),(#9188,#9189,#9190,#9191),(#9192,#9193,#9194,#9195),
(#9196,#9197,#9198,#9199),(#9200,#9201,#9202,#9203),(#9204,#9205,#9206,
#9207),(#9208,#9209,#9210,#9211),(#9212,#9213,#9214,#9215),(#9216,#9217,
#9218,#9219),(#9220,#9221,#9222,#9223)),.UNSPECIFIED.,.F.,.F.,.F.,(4,1,
1,1,1,1,1,1,4),(4,4),(-0.819704297022798,-0.559746540305253,-0.0398310268701634,
0.0251584123092229,0.0901478514886092,0.220126729847382,0.480084486564927,
0.740042243282472,1.00000000000002),(3.71426119288856E-17,1.01033934701614),
 .UNSPECIFIED.);
#90=B_SPLINE_SURFACE_WITH_KNOTS('',3,3,((#9248,#9249,#9250,#9251),(#9252,
#9253,#9254,#9255),(#9256,#9257,#9258,#9259),(#9260,#9261,#9262,#9263),
(#9264,#9265,#9266,#9267),(#9268,#9269,#9270,#9271),(#9272,#9273,#9274,
#9275),(#9276,#9277,#9278,#9279),(#9280,#9281,#9282,#9283),(#9284,#9285,
#9286,#9287),(#9288,#9289,#9290,#9291),(#9292,#9293,#9294,#9295),(#9296,
#9297,#9298,#9299),(#9300,#9301,#9302,#9303)),.UNSPECIFIED.,.F.,.F.,.F.,
(4,1,1,1,1,1,1,1,1,1,1,4),(4,4),(0.,0.26140936528587,0.392114047928805,
0.52281873057174,0.653523413214675,0.718875754536143,0.78422809585761,0.980285119822013,
1.04563746114348,1.30704682642935,1.56845619171522,1.82986555700109),(-1.68158864448513E-15,
1.01058164572525),.UNSPECIFIED.);
#91=FACE_BOUND('',#549,.T.);
#92=FACE_BOUND('',#555,.T.);
#93=FACE_BOUND('',#558,.T.);
#94=FACE_BOUND('',#563,.T.);
#95=FACE_BOUND('',#652,.T.);
#96=FACE_BOUND('',#653,.T.);
#97=FACE_BOUND('',#656,.T.);
#98=FACE_BOUND('',#686,.T.);
#99=FACE_BOUND('',#694,.T.);
#100=FACE_BOUND('',#695,.T.);
#101=FACE_BOUND('',#747,.T.);
#102=FACE_BOUND('',#788,.T.);
#103=FACE_BOUND('',#789,.T.);
#104=PLANE('',#5038);
#105=PLANE('',#5042);
#106=PLANE('',#5043);
#107=PLANE('',#5044);
#108=PLANE('',#5045);
#109=PLANE('',#5049);
#110=PLANE('',#5052);
#111=PLANE('',#5053);
#112=PLANE('',#5054);
#113=PLANE('',#5055);
#114=PLANE('',#5059);
#115=PLANE('',#5061);
#116=PLANE('',#5080);
#117=PLANE('',#5081);
#118=PLANE('',#5082);
#119=PLANE('',#5083);
#120=PLANE('',#5086);
#121=PLANE('',#5088);
#122=PLANE('',#5091);
#123=PLANE('',#5092);
#124=PLANE('',#5093);
#125=PLANE('',#5094);
#126=PLANE('',#5095);
#127=PLANE('',#5100);
#128=PLANE('',#5101);
#129=PLANE('',#5102);
#130=PLANE('',#5103);
#131=PLANE('',#5104);
#132=PLANE('',#5105);
#133=PLANE('',#5106);
#134=PLANE('',#5107);
#135=PLANE('',#5108);
#136=PLANE('',#5109);
#137=PLANE('',#5111);
#138=PLANE('',#5112);
#139=PLANE('',#5113);
#140=PLANE('',#5122);
#141=PLANE('',#5123);
#142=PLANE('',#5124);
#143=PLANE('',#5125);
#144=PLANE('',#5126);
#145=PLANE('',#5127);
#146=PLANE('',#5128);
#147=PLANE('',#5133);
#148=PLANE('',#5134);
#149=PLANE('',#5135);
#150=PLANE('',#5136);
#151=PLANE('',#5137);
#152=PLANE('',#5138);
#153=PLANE('',#5139);
#154=PLANE('',#5142);
#155=PLANE('',#5143);
#156=PLANE('',#5144);
#157=PLANE('',#5147);
#158=PLANE('',#5148);
#159=PLANE('',#5149);
#160=PLANE('',#5150);
#161=PLANE('',#5151);
#162=PLANE('',#5152);
#163=PLANE('',#5154);
#164=PLANE('',#5155);
#165=PLANE('',#5156);
#166=PLANE('',#5157);
#167=PLANE('',#5158);
#168=PLANE('',#5159);
#169=PLANE('',#5160);
#170=PLANE('',#5161);
#171=PLANE('',#5165);
#172=PLANE('',#5166);
#173=PLANE('',#5169);
#174=PLANE('',#5170);
#175=PLANE('',#5171);
#176=PLANE('',#5172);
#177=PLANE('',#5173);
#178=PLANE('',#5174);
#179=PLANE('',#5175);
#180=PLANE('',#5176);
#181=PLANE('',#5177);
#182=PLANE('',#5178);
#183=PLANE('',#5179);
#184=PLANE('',#5180);
#185=PLANE('',#5181);
#186=PLANE('',#5182);
#187=PLANE('',#5183);
#188=PLANE('',#5187);
#189=PLANE('',#5188);
#190=PLANE('',#5189);
#191=PLANE('',#5190);
#192=PLANE('',#5191);
#193=PLANE('',#5195);
#194=PLANE('',#5198);
#195=PLANE('',#5199);
#196=PLANE('',#5203);
#197=PLANE('',#5204);
#198=PLANE('',#5205);
#199=PLANE('',#5206);
#200=PLANE('',#5207);
#201=PLANE('',#5208);
#202=PLANE('',#5209);
#203=PLANE('',#5210);
#204=PLANE('',#5211);
#205=PLANE('',#5212);
#206=PLANE('',#5213);
#207=PLANE('',#5214);
#208=PLANE('',#5215);
#209=PLANE('',#5219);
#210=PLANE('',#5220);
#211=PLANE('',#5221);
#212=PLANE('',#5232);
#213=PLANE('',#5233);
#214=PLANE('',#5234);
#215=PLANE('',#5235);
#216=PLANE('',#5236);
#217=PLANE('',#5237);
#218=PLANE('',#5238);
#219=PLANE('',#5243);
#220=PLANE('',#5250);
#221=PLANE('',#5254);
#222=PLANE('',#5256);
#223=PLANE('',#5262);
#224=PLANE('',#5263);
#225=PLANE('',#5264);
#226=PLANE('',#5265);
#227=PLANE('',#5266);
#228=PLANE('',#5267);
#229=PLANE('',#5268);
#230=PLANE('',#5273);
#231=PLANE('',#5280);
#232=PLANE('',#5281);
#233=PLANE('',#5285);
#234=PLANE('',#5286);
#235=PLANE('',#5287);
#236=PLANE('',#5293);
#237=PLANE('',#5295);
#238=PLANE('',#5296);
#239=PLANE('',#5297);
#240=PLANE('',#5298);
#241=PLANE('',#5299);
#242=PLANE('',#5301);
#243=PLANE('',#5302);
#244=PLANE('',#5303);
#245=PLANE('',#5309);
#246=PLANE('',#5310);
#247=PLANE('',#5311);
#248=PLANE('',#5312);
#249=PLANE('',#5314);
#250=PLANE('',#5318);
#251=PLANE('',#5319);
#252=PLANE('',#5321);
#253=PLANE('',#5325);
#254=PLANE('',#5330);
#255=PLANE('',#5331);
#256=PLANE('',#5332);
#257=PLANE('',#5333);
#258=PLANE('',#5334);
#259=PLANE('',#5335);
#260=PLANE('',#5336);
#261=PLANE('',#5337);
#262=PLANE('',#5338);
#263=PLANE('',#5339);
#264=PLANE('',#5340);
#265=PLANE('',#5341);
#266=PLANE('',#5342);
#267=PLANE('',#5343);
#268=PLANE('',#5344);
#269=PLANE('',#5345);
#270=PLANE('',#5346);
#271=PLANE('',#5347);
#272=PLANE('',#5348);
#273=PLANE('',#5349);
#274=PLANE('',#5350);
#275=FACE_OUTER_BOUND('',#533,.T.);
#276=FACE_OUTER_BOUND('',#534,.T.);
#277=FACE_OUTER_BOUND('',#535,.T.);
#278=FACE_OUTER_BOUND('',#536,.T.);
#279=FACE_OUTER_BOUND('',#537,.T.);
#280=FACE_OUTER_BOUND('',#538,.T.);
#281=FACE_OUTER_BOUND('',#539,.T.);
#282=FACE_OUTER_BOUND('',#540,.T.);
#283=FACE_OUTER_BOUND('',#541,.T.);
#284=FACE_OUTER_BOUND('',#542,.T.);
#285=FACE_OUTER_BOUND('',#543,.T.);
#286=FACE_OUTER_BOUND('',#544,.T.);
#287=FACE_OUTER_BOUND('',#545,.T.);
#288=FACE_OUTER_BOUND('',#546,.T.);
#289=FACE_OUTER_BOUND('',#547,.T.);
#290=FACE_OUTER_BOUND('',#548,.T.);
#291=FACE_OUTER_BOUND('',#550,.T.);
#292=FACE_OUTER_BOUND('',#551,.T.);
#293=FACE_OUTER_BOUND('',#552,.T.);
#294=FACE_OUTER_BOUND('',#553,.T.);
#295=FACE_OUTER_BOUND('',#554,.T.);
#296=FACE_OUTER_BOUND('',#556,.T.);
#297=FACE_OUTER_BOUND('',#557,.T.);
#298=FACE_OUTER_BOUND('',#559,.T.);
#299=FACE_OUTER_BOUND('',#560,.T.);
#300=FACE_OUTER_BOUND('',#561,.T.);
#301=FACE_OUTER_BOUND('',#562,.T.);
#302=FACE_OUTER_BOUND('',#564,.T.);
#303=FACE_OUTER_BOUND('',#565,.T.);
#304=FACE_OUTER_BOUND('',#566,.T.);
#305=FACE_OUTER_BOUND('',#567,.T.);
#306=FACE_OUTER_BOUND('',#568,.T.);
#307=FACE_OUTER_BOUND('',#569,.T.);
#308=FACE_OUTER_BOUND('',#570,.T.);
#309=FACE_OUTER_BOUND('',#571,.T.);
#310=FACE_OUTER_BOUND('',#572,.T.);
#311=FACE_OUTER_BOUND('',#573,.T.);
#312=FACE_OUTER_BOUND('',#574,.T.);
#313=FACE_OUTER_BOUND('',#575,.T.);
#314=FACE_OUTER_BOUND('',#576,.T.);
#315=FACE_OUTER_BOUND('',#577,.T.);
#316=FACE_OUTER_BOUND('',#578,.T.);
#317=FACE_OUTER_BOUND('',#579,.T.);
#318=FACE_OUTER_BOUND('',#580,.T.);
#319=FACE_OUTER_BOUND('',#581,.T.);
#320=FACE_OUTER_BOUND('',#582,.T.);
#321=FACE_OUTER_BOUND('',#583,.T.);
#322=FACE_OUTER_BOUND('',#584,.T.);
#323=FACE_OUTER_BOUND('',#585,.T.);
#324=FACE_OUTER_BOUND('',#586,.T.);
#325=FACE_OUTER_BOUND('',#587,.T.);
#326=FACE_OUTER_BOUND('',#588,.T.);
#327=FACE_OUTER_BOUND('',#589,.T.);
#328=FACE_OUTER_BOUND('',#590,.T.);
#329=FACE_OUTER_BOUND('',#591,.T.);
#330=FACE_OUTER_BOUND('',#592,.T.);
#331=FACE_OUTER_BOUND('',#593,.T.);
#332=FACE_OUTER_BOUND('',#594,.T.);
#333=FACE_OUTER_BOUND('',#595,.T.);
#334=FACE_OUTER_BOUND('',#596,.T.);
#335=FACE_OUTER_BOUND('',#597,.T.);
#336=FACE_OUTER_BOUND('',#598,.T.);
#337=FACE_OUTER_BOUND('',#599,.T.);
#338=FACE_OUTER_BOUND('',#600,.T.);
#339=FACE_OUTER_BOUND('',#601,.T.);
#340=FACE_OUTER_BOUND('',#602,.T.);
#341=FACE_OUTER_BOUND('',#603,.T.);
#342=FACE_OUTER_BOUND('',#604,.T.);
#343=FACE_OUTER_BOUND('',#605,.T.);
#344=FACE_OUTER_BOUND('',#606,.T.);
#345=FACE_OUTER_BOUND('',#607,.T.);
#346=FACE_OUTER_BOUND('',#608,.T.);
#347=FACE_OUTER_BOUND('',#609,.T.);
#348=FACE_OUTER_BOUND('',#610,.T.);
#349=FACE_OUTER_BOUND('',#611,.T.);
#350=FACE_OUTER_BOUND('',#612,.T.);
#351=FACE_OUTER_BOUND('',#613,.T.);
#352=FACE_OUTER_BOUND('',#614,.T.);
#353=FACE_OUTER_BOUND('',#615,.T.);
#354=FACE_OUTER_BOUND('',#616,.T.);
#355=FACE_OUTER_BOUND('',#617,.T.);
#356=FACE_OUTER_BOUND('',#618,.T.);
#357=FACE_OUTER_BOUND('',#619,.T.);
#358=FACE_OUTER_BOUND('',#620,.T.);
#359=FACE_OUTER_BOUND('',#621,.T.);
#360=FACE_OUTER_BOUND('',#622,.T.);
#361=FACE_OUTER_BOUND('',#623,.T.);
#362=FACE_OUTER_BOUND('',#624,.T.);
#363=FACE_OUTER_BOUND('',#625,.T.);
#364=FACE_OUTER_BOUND('',#626,.T.);
#365=FACE_OUTER_BOUND('',#627,.T.);
#366=FACE_OUTER_BOUND('',#628,.T.);
#367=FACE_OUTER_BOUND('',#629,.T.);
#368=FACE_OUTER_BOUND('',#630,.T.);
#369=FACE_OUTER_BOUND('',#631,.T.);
#370=FACE_OUTER_BOUND('',#632,.T.);
#371=FACE_OUTER_BOUND('',#633,.T.);
#372=FACE_OUTER_BOUND('',#634,.T.);
#373=FACE_OUTER_BOUND('',#635,.T.);
#374=FACE_OUTER_BOUND('',#636,.T.);
#375=FACE_OUTER_BOUND('',#637,.T.);
#376=FACE_OUTER_BOUND('',#638,.T.);
#377=FACE_OUTER_BOUND('',#639,.T.);
#378=FACE_OUTER_BOUND('',#640,.T.);
#379=FACE_OUTER_BOUND('',#641,.T.);
#380=FACE_OUTER_BOUND('',#642,.T.);
#381=FACE_OUTER_BOUND('',#643,.T.);
#382=FACE_OUTER_BOUND('',#644,.T.);
#383=FACE_OUTER_BOUND('',#645,.T.);
#384=FACE_OUTER_BOUND('',#646,.T.);
#385=FACE_OUTER_BOUND('',#647,.T.);
#386=FACE_OUTER_BOUND('',#648,.T.);
#387=FACE_OUTER_BOUND('',#649,.T.);
#388=FACE_OUTER_BOUND('',#650,.T.);
#389=FACE_OUTER_BOUND('',#651,.T.);
#390=FACE_OUTER_BOUND('',#654,.T.);
#391=FACE_OUTER_BOUND('',#655,.T.);
#392=FACE_OUTER_BOUND('',#657,.T.);
#393=FACE_OUTER_BOUND('',#658,.T.);
#394=FACE_OUTER_BOUND('',#659,.T.);
#395=FACE_OUTER_BOUND('',#660,.T.);
#396=FACE_OUTER_BOUND('',#661,.T.);
#397=FACE_OUTER_BOUND('',#662,.T.);
#398=FACE_OUTER_BOUND('',#663,.T.);
#399=FACE_OUTER_BOUND('',#664,.T.);
#400=FACE_OUTER_BOUND('',#665,.T.);
#401=FACE_OUTER_BOUND('',#666,.T.);
#402=FACE_OUTER_BOUND('',#667,.T.);
#403=FACE_OUTER_BOUND('',#668,.T.);
#404=FACE_OUTER_BOUND('',#669,.T.);
#405=FACE_OUTER_BOUND('',#670,.T.);
#406=FACE_OUTER_BOUND('',#671,.T.);
#407=FACE_OUTER_BOUND('',#672,.T.);
#408=FACE_OUTER_BOUND('',#673,.T.);
#409=FACE_OUTER_BOUND('',#674,.T.);
#410=FACE_OUTER_BOUND('',#675,.T.);
#411=FACE_OUTER_BOUND('',#676,.T.);
#412=FACE_OUTER_BOUND('',#677,.T.);
#413=FACE_OUTER_BOUND('',#678,.T.);
#414=FACE_OUTER_BOUND('',#679,.T.);
#415=FACE_OUTER_BOUND('',#680,.T.);
#416=FACE_OUTER_BOUND('',#681,.T.);
#417=FACE_OUTER_BOUND('',#682,.T.);
#418=FACE_OUTER_BOUND('',#683,.T.);
#419=FACE_OUTER_BOUND('',#684,.T.);
#420=FACE_OUTER_BOUND('',#685,.T.);
#421=FACE_OUTER_BOUND('',#687,.T.);
#422=FACE_OUTER_BOUND('',#688,.T.);
#423=FACE_OUTER_BOUND('',#689,.T.);
#424=FACE_OUTER_BOUND('',#690,.T.);
#425=FACE_OUTER_BOUND('',#691,.T.);
#426=FACE_OUTER_BOUND('',#692,.T.);
#427=FACE_OUTER_BOUND('',#693,.T.);
#428=FACE_OUTER_BOUND('',#696,.T.);
#429=FACE_OUTER_BOUND('',#697,.T.);
#430=FACE_OUTER_BOUND('',#698,.T.);
#431=FACE_OUTER_BOUND('',#699,.T.);
#432=FACE_OUTER_BOUND('',#700,.T.);
#433=FACE_OUTER_BOUND('',#701,.T.);
#434=FACE_OUTER_BOUND('',#702,.T.);
#435=FACE_OUTER_BOUND('',#703,.T.);
#436=FACE_OUTER_BOUND('',#704,.T.);
#437=FACE_OUTER_BOUND('',#705,.T.);
#438=FACE_OUTER_BOUND('',#706,.T.);
#439=FACE_OUTER_BOUND('',#707,.T.);
#440=FACE_OUTER_BOUND('',#708,.T.);
#441=FACE_OUTER_BOUND('',#709,.T.);
#442=FACE_OUTER_BOUND('',#710,.T.);
#443=FACE_OUTER_BOUND('',#711,.T.);
#444=FACE_OUTER_BOUND('',#712,.T.);
#445=FACE_OUTER_BOUND('',#713,.T.);
#446=FACE_OUTER_BOUND('',#714,.T.);
#447=FACE_OUTER_BOUND('',#715,.T.);
#448=FACE_OUTER_BOUND('',#716,.T.);
#449=FACE_OUTER_BOUND('',#717,.T.);
#450=FACE_OUTER_BOUND('',#718,.T.);
#451=FACE_OUTER_BOUND('',#719,.T.);
#452=FACE_OUTER_BOUND('',#720,.T.);
#453=FACE_OUTER_BOUND('',#721,.T.);
#454=FACE_OUTER_BOUND('',#722,.T.);
#455=FACE_OUTER_BOUND('',#723,.T.);
#456=FACE_OUTER_BOUND('',#724,.T.);
#457=FACE_OUTER_BOUND('',#725,.T.);
#458=FACE_OUTER_BOUND('',#726,.T.);
#459=FACE_OUTER_BOUND('',#727,.T.);
#460=FACE_OUTER_BOUND('',#728,.T.);
#461=FACE_OUTER_BOUND('',#729,.T.);
#462=FACE_OUTER_BOUND('',#730,.T.);
#463=FACE_OUTER_BOUND('',#731,.T.);
#464=FACE_OUTER_BOUND('',#732,.T.);
#465=FACE_OUTER_BOUND('',#733,.T.);
#466=FACE_OUTER_BOUND('',#734,.T.);
#467=FACE_OUTER_BOUND('',#735,.T.);
#468=FACE_OUTER_BOUND('',#736,.T.);
#469=FACE_OUTER_BOUND('',#737,.T.);
#470=FACE_OUTER_BOUND('',#738,.T.);
#471=FACE_OUTER_BOUND('',#739,.T.);
#472=FACE_OUTER_BOUND('',#740,.T.);
#473=FACE_OUTER_BOUND('',#741,.T.);
#474=FACE_OUTER_BOUND('',#742,.T.);
#475=FACE_OUTER_BOUND('',#743,.T.);
#476=FACE_OUTER_BOUND('',#744,.T.);
#477=FACE_OUTER_BOUND('',#745,.T.);
#478=FACE_OUTER_BOUND('',#746,.T.);
#479=FACE_OUTER_BOUND('',#748,.T.);
#480=FACE_OUTER_BOUND('',#749,.T.);
#481=FACE_OUTER_BOUND('',#750,.T.);
#482=FACE_OUTER_BOUND('',#751,.T.);
#483=FACE_OUTER_BOUND('',#752,.T.);
#484=FACE_OUTER_BOUND('',#753,.T.);
#485=FACE_OUTER_BOUND('',#754,.T.);
#486=FACE_OUTER_BOUND('',#755,.T.);
#487=FACE_OUTER_BOUND('',#756,.T.);
#488=FACE_OUTER_BOUND('',#757,.T.);
#489=FACE_OUTER_BOUND('',#758,.T.);
#490=FACE_OUTER_BOUND('',#759,.T.);
#491=FACE_OUTER_BOUND('',#760,.T.);
#492=FACE_OUTER_BOUND('',#761,.T.);
#493=FACE_OUTER_BOUND('',#762,.T.);
#494=FACE_OUTER_BOUND('',#763,.T.);
#495=FACE_OUTER_BOUND('',#764,.T.);
#496=FACE_OUTER_BOUND('',#765,.T.);
#497=FACE_OUTER_BOUND('',#766,.T.);
#498=FACE_OUTER_BOUND('',#767,.T.);
#499=FACE_OUTER_BOUND('',#768,.T.);
#500=FACE_OUTER_BOUND('',#769,.T.);
#501=FACE_OUTER_BOUND('',#770,.T.);
#502=FACE_OUTER_BOUND('',#771,.T.);
#503=FACE_OUTER_BOUND('',#772,.T.);
#504=FACE_OUTER_BOUND('',#773,.T.);
#505=FACE_OUTER_BOUND('',#774,.T.);
#506=FACE_OUTER_BOUND('',#775,.T.);
#507=FACE_OUTER_BOUND('',#776,.T.);
#508=FACE_OUTER_BOUND('',#777,.T.);
#509=FACE_OUTER_BOUND('',#778,.T.);
#510=FACE_OUTER_BOUND('',#779,.T.);
#511=FACE_OUTER_BOUND('',#780,.T.);
#512=FACE_OUTER_BOUND('',#781,.T.);
#513=FACE_OUTER_BOUND('',#782,.T.);
#514=FACE_OUTER_BOUND('',#783,.T.);
#515=FACE_OUTER_BOUND('',#784,.T.);
#516=FACE_OUTER_BOUND('',#785,.T.);
#517=FACE_OUTER_BOUND('',#786,.T.);
#518=FACE_OUTER_BOUND('',#787,.T.);
#519=FACE_OUTER_BOUND('',#790,.T.);
#520=FACE_OUTER_BOUND('',#791,.T.);
#521=FACE_OUTER_BOUND('',#792,.T.);
#522=FACE_OUTER_BOUND('',#793,.T.);
#523=FACE_OUTER_BOUND('',#794,.T.);
#524=FACE_OUTER_BOUND('',#795,.T.);
#525=FACE_OUTER_BOUND('',#796,.T.);
#526=FACE_OUTER_BOUND('',#797,.T.);
#527=FACE_OUTER_BOUND('',#798,.T.);
#528=FACE_OUTER_BOUND('',#799,.T.);
#529=FACE_OUTER_BOUND('',#800,.T.);
#530=FACE_OUTER_BOUND('',#801,.T.);
#531=FACE_OUTER_BOUND('',#802,.T.);
#532=FACE_OUTER_BOUND('',#803,.T.);
#533=EDGE_LOOP('',(#3262,#3263,#3264,#3265,#3266,#3267,#3268,#3269,#3270));
#534=EDGE_LOOP('',(#3271,#3272,#3273,#3274));
#535=EDGE_LOOP('',(#3275));
#536=EDGE_LOOP('',(#3276,#3277,#3278,#3279));
#537=EDGE_LOOP('',(#3280));
#538=EDGE_LOOP('',(#3281,#3282,#3283,#3284));
#539=EDGE_LOOP('',(#3285,#3286,#3287,#3288));
#540=EDGE_LOOP('',(#3289,#3290,#3291,#3292));
#541=EDGE_LOOP('',(#3293,#3294,#3295,#3296));
#542=EDGE_LOOP('',(#3297,#3298,#3299,#3300,#3301,#3302,#3303,#3304,#3305,
#3306,#3307,#3308,#3309,#3310,#3311,#3312,#3313,#3314,#3315,#3316,#3317,
#3318,#3319,#3320,#3321,#3322,#3323,#3324,#3325,#3326,#3327,#3328,#3329,
#3330,#3331,#3332,#3333,#3334,#3335,#3336,#3337,#3338,#3339,#3340,#3341));
#543=EDGE_LOOP('',(#3342,#3343,#3344,#3345));
#544=EDGE_LOOP('',(#3346,#3347,#3348,#3349));
#545=EDGE_LOOP('',(#3350,#3351,#3352,#3353));
#546=EDGE_LOOP('',(#3354,#3355,#3356,#3357));
#547=EDGE_LOOP('',(#3358,#3359,#3360,#3361));
#548=EDGE_LOOP('',(#3362,#3363,#3364,#3365,#3366,#3367,#3368,#3369,#3370,
#3371,#3372,#3373,#3374,#3375));
#549=EDGE_LOOP('',(#3376));
#550=EDGE_LOOP('',(#3377,#3378,#3379));
#551=EDGE_LOOP('',(#3380,#3381,#3382,#3383,#3384,#3385,#3386,#3387,#3388,
#3389,#3390,#3391,#3392,#3393,#3394,#3395,#3396,#3397,#3398));
#552=EDGE_LOOP('',(#3399,#3400,#3401));
#553=EDGE_LOOP('',(#3402,#3403,#3404,#3405));
#554=EDGE_LOOP('',(#3406,#3407,#3408,#3409,#3410,#3411,#3412,#3413,#3414,
#3415));
#555=EDGE_LOOP('',(#3416,#3417,#3418,#3419));
#556=EDGE_LOOP('',(#3420,#3421,#3422,#3423));
#557=EDGE_LOOP('',(#3424,#3425,#3426,#3427,#3428,#3429,#3430,#3431,#3432,
#3433,#3434,#3435,#3436,#3437,#3438,#3439,#3440));
#558=EDGE_LOOP('',(#3441));
#559=EDGE_LOOP('',(#3442,#3443));
#560=EDGE_LOOP('',(#3444,#3445,#3446,#3447,#3448,#3449,#3450,#3451));
#561=EDGE_LOOP('',(#3452,#3453,#3454,#3455));
#562=EDGE_LOOP('',(#3456,#3457,#3458,#3459,#3460,#3461,#3462,#3463,#3464));
#563=EDGE_LOOP('',(#3465,#3466,#3467,#3468,#3469,#3470,#3471,#3472,#3473,
#3474,#3475));
#564=EDGE_LOOP('',(#3476,#3477,#3478,#3479,#3480,#3481));
#565=EDGE_LOOP('',(#3482,#3483,#3484,#3485,#3486,#3487,#3488));
#566=EDGE_LOOP('',(#3489,#3490,#3491,#3492,#3493,#3494,#3495,#3496));
#567=EDGE_LOOP('',(#3497,#3498,#3499,#3500));
#568=EDGE_LOOP('',(#3501,#3502,#3503,#3504));
#569=EDGE_LOOP('',(#3505,#3506,#3507,#3508,#3509,#3510));
#570=EDGE_LOOP('',(#3511,#3512,#3513,#3514,#3515));
#571=EDGE_LOOP('',(#3516,#3517,#3518,#3519,#3520));
#572=EDGE_LOOP('',(#3521,#3522,#3523,#3524,#3525,#3526,#3527,#3528));
#573=EDGE_LOOP('',(#3529,#3530,#3531,#3532,#3533,#3534,#3535));
#574=EDGE_LOOP('',(#3536,#3537,#3538,#3539,#3540,#3541));
#575=EDGE_LOOP('',(#3542,#3543,#3544,#3545));
#576=EDGE_LOOP('',(#3546,#3547,#3548,#3549,#3550,#3551,#3552,#3553,#3554,
#3555));
#577=EDGE_LOOP('',(#3556,#3557,#3558,#3559,#3560,#3561,#3562,#3563,#3564,
#3565,#3566));
#578=EDGE_LOOP('',(#3567,#3568,#3569,#3570));
#579=EDGE_LOOP('',(#3571,#3572,#3573,#3574,#3575));
#580=EDGE_LOOP('',(#3576,#3577,#3578,#3579));
#581=EDGE_LOOP('',(#3580,#3581,#3582,#3583));
#582=EDGE_LOOP('',(#3584,#3585,#3586,#3587));
#583=EDGE_LOOP('',(#3588,#3589,#3590,#3591,#3592,#3593,#3594,#3595,#3596,
#3597,#3598,#3599,#3600));
#584=EDGE_LOOP('',(#3601,#3602,#3603,#3604));
#585=EDGE_LOOP('',(#3605,#3606,#3607,#3608));
#586=EDGE_LOOP('',(#3609,#3610,#3611,#3612));
#587=EDGE_LOOP('',(#3613));
#588=EDGE_LOOP('',(#3614,#3615,#3616,#3617));
#589=EDGE_LOOP('',(#3618,#3619,#3620));
#590=EDGE_LOOP('',(#3621,#3622,#3623));
#591=EDGE_LOOP('',(#3624,#3625,#3626));
#592=EDGE_LOOP('',(#3627,#3628,#3629,#3630));
#593=EDGE_LOOP('',(#3631,#3632,#3633,#3634));
#594=EDGE_LOOP('',(#3635,#3636,#3637));
#595=EDGE_LOOP('',(#3638,#3639,#3640,#3641));
#596=EDGE_LOOP('',(#3642,#3643,#3644,#3645,#3646));
#597=EDGE_LOOP('',(#3647,#3648,#3649,#3650));
#598=EDGE_LOOP('',(#3651,#3652,#3653,#3654));
#599=EDGE_LOOP('',(#3655,#3656,#3657,#3658));
#600=EDGE_LOOP('',(#3659,#3660,#3661,#3662));
#601=EDGE_LOOP('',(#3663,#3664,#3665,#3666));
#602=EDGE_LOOP('',(#3667,#3668,#3669,#3670));
#603=EDGE_LOOP('',(#3671,#3672,#3673,#3674,#3675));
#604=EDGE_LOOP('',(#3676,#3677,#3678));
#605=EDGE_LOOP('',(#3679,#3680,#3681,#3682));
#606=EDGE_LOOP('',(#3683,#3684,#3685,#3686));
#607=EDGE_LOOP('',(#3687,#3688,#3689,#3690,#3691,#3692,#3693,#3694,#3695,
#3696,#3697,#3698,#3699));
#608=EDGE_LOOP('',(#3700,#3701,#3702,#3703));
#609=EDGE_LOOP('',(#3704,#3705,#3706,#3707));
#610=EDGE_LOOP('',(#3708,#3709,#3710,#3711));
#611=EDGE_LOOP('',(#3712,#3713,#3714,#3715));
#612=EDGE_LOOP('',(#3716,#3717,#3718,#3719));
#613=EDGE_LOOP('',(#3720,#3721,#3722,#3723,#3724));
#614=EDGE_LOOP('',(#3725,#3726,#3727,#3728));
#615=EDGE_LOOP('',(#3729,#3730,#3731,#3732));
#616=EDGE_LOOP('',(#3733,#3734,#3735,#3736));
#617=EDGE_LOOP('',(#3737,#3738,#3739,#3740,#3741));
#618=EDGE_LOOP('',(#3742,#3743,#3744,#3745));
#619=EDGE_LOOP('',(#3746,#3747,#3748,#3749));
#620=EDGE_LOOP('',(#3750,#3751,#3752,#3753));
#621=EDGE_LOOP('',(#3754,#3755,#3756,#3757,#3758));
#622=EDGE_LOOP('',(#3759,#3760,#3761,#3762));
#623=EDGE_LOOP('',(#3763,#3764,#3765,#3766));
#624=EDGE_LOOP('',(#3767,#3768,#3769,#3770));
#625=EDGE_LOOP('',(#3771,#3772,#3773,#3774));
#626=EDGE_LOOP('',(#3775,#3776,#3777,#3778));
#627=EDGE_LOOP('',(#3779,#3780,#3781,#3782));
#628=EDGE_LOOP('',(#3783,#3784,#3785,#3786,#3787));
#629=EDGE_LOOP('',(#3788,#3789,#3790,#3791));
#630=EDGE_LOOP('',(#3792,#3793,#3794,#3795));
#631=EDGE_LOOP('',(#3796,#3797,#3798,#3799));
#632=EDGE_LOOP('',(#3800,#3801,#3802,#3803,#3804,#3805,#3806,#3807));
#633=EDGE_LOOP('',(#3808,#3809,#3810));
#634=EDGE_LOOP('',(#3811,#3812,#3813,#3814));
#635=EDGE_LOOP('',(#3815,#3816,#3817));
#636=EDGE_LOOP('',(#3818,#3819,#3820));
#637=EDGE_LOOP('',(#3821,#3822,#3823));
#638=EDGE_LOOP('',(#3824,#3825,#3826));
#639=EDGE_LOOP('',(#3827,#3828,#3829,#3830));
#640=EDGE_LOOP('',(#3831,#3832,#3833));
#641=EDGE_LOOP('',(#3834,#3835,#3836,#3837,#3838,#3839,#3840,#3841,#3842,
#3843,#3844,#3845,#3846));
#642=EDGE_LOOP('',(#3847,#3848,#3849,#3850));
#643=EDGE_LOOP('',(#3851,#3852,#3853,#3854,#3855,#3856,#3857,#3858,#3859));
#644=EDGE_LOOP('',(#3860,#3861,#3862,#3863));
#645=EDGE_LOOP('',(#3864,#3865,#3866,#3867,#3868));
#646=EDGE_LOOP('',(#3869,#3870,#3871,#3872,#3873,#3874,#3875));
#647=EDGE_LOOP('',(#3876,#3877,#3878,#3879));
#648=EDGE_LOOP('',(#3880,#3881,#3882,#3883,#3884,#3885,#3886,#3887,#3888,
#3889,#3890,#3891,#3892,#3893));
#649=EDGE_LOOP('',(#3894,#3895,#3896,#3897));
#650=EDGE_LOOP('',(#3898,#3899,#3900));
#651=EDGE_LOOP('',(#3901,#3902,#3903,#3904,#3905,#3906,#3907,#3908,#3909,
#3910));
#652=EDGE_LOOP('',(#3911,#3912,#3913,#3914));
#653=EDGE_LOOP('',(#3915));
#654=EDGE_LOOP('',(#3916,#3917,#3918,#3919));
#655=EDGE_LOOP('',(#3920));
#656=EDGE_LOOP('',(#3921));
#657=EDGE_LOOP('',(#3922,#3923,#3924,#3925));
#658=EDGE_LOOP('',(#3926,#3927,#3928,#3929));
#659=EDGE_LOOP('',(#3930,#3931,#3932,#3933));
#660=EDGE_LOOP('',(#3934,#3935,#3936,#3937));
#661=EDGE_LOOP('',(#3938,#3939,#3940,#3941));
#662=EDGE_LOOP('',(#3942,#3943,#3944,#3945,#3946,#3947,#3948,#3949));
#663=EDGE_LOOP('',(#3950,#3951,#3952,#3953));
#664=EDGE_LOOP('',(#3954,#3955,#3956,#3957));
#665=EDGE_LOOP('',(#3958,#3959,#3960,#3961));
#666=EDGE_LOOP('',(#3962,#3963,#3964));
#667=EDGE_LOOP('',(#3965,#3966,#3967,#3968));
#668=EDGE_LOOP('',(#3969,#3970,#3971,#3972,#3973,#3974,#3975,#3976,#3977));
#669=EDGE_LOOP('',(#3978,#3979,#3980,#3981));
#670=EDGE_LOOP('',(#3982,#3983,#3984,#3985));
#671=EDGE_LOOP('',(#3986,#3987,#3988,#3989));
#672=EDGE_LOOP('',(#3990,#3991,#3992,#3993));
#673=EDGE_LOOP('',(#3994,#3995,#3996,#3997));
#674=EDGE_LOOP('',(#3998,#3999,#4000,#4001));
#675=EDGE_LOOP('',(#4002,#4003,#4004,#4005));
#676=EDGE_LOOP('',(#4006,#4007,#4008,#4009));
#677=EDGE_LOOP('',(#4010,#4011,#4012,#4013));
#678=EDGE_LOOP('',(#4014,#4015,#4016,#4017,#4018,#4019,#4020,#4021,#4022,
#4023,#4024,#4025,#4026,#4027));
#679=EDGE_LOOP('',(#4028,#4029,#4030,#4031));
#680=EDGE_LOOP('',(#4032,#4033,#4034,#4035,#4036,#4037));
#681=EDGE_LOOP('',(#4038,#4039,#4040,#4041,#4042,#4043));
#682=EDGE_LOOP('',(#4044,#4045,#4046,#4047,#4048,#4049));
#683=EDGE_LOOP('',(#4050,#4051,#4052));
#684=EDGE_LOOP('',(#4053,#4054,#4055,#4056));
#685=EDGE_LOOP('',(#4057,#4058,#4059,#4060,#4061,#4062,#4063,#4064,#4065));
#686=EDGE_LOOP('',(#4066,#4067,#4068,#4069,#4070,#4071,#4072,#4073,#4074,
#4075,#4076,#4077));
#687=EDGE_LOOP('',(#4078,#4079,#4080,#4081,#4082,#4083,#4084));
#688=EDGE_LOOP('',(#4085,#4086,#4087,#4088));
#689=EDGE_LOOP('',(#4089,#4090,#4091,#4092));
#690=EDGE_LOOP('',(#4093,#4094,#4095,#4096));
#691=EDGE_LOOP('',(#4097,#4098,#4099,#4100));
#692=EDGE_LOOP('',(#4101,#4102,#4103,#4104));
#693=EDGE_LOOP('',(#4105,#4106,#4107,#4108,#4109,#4110,#4111,#4112,#4113,
#4114,#4115,#4116));
#694=EDGE_LOOP('',(#4117));
#695=EDGE_LOOP('',(#4118));
#696=EDGE_LOOP('',(#4119,#4120,#4121,#4122));
#697=EDGE_LOOP('',(#4123,#4124,#4125,#4126));
#698=EDGE_LOOP('',(#4127,#4128,#4129,#4130));
#699=EDGE_LOOP('',(#4131,#4132,#4133,#4134));
#700=EDGE_LOOP('',(#4135,#4136,#4137,#4138));
#701=EDGE_LOOP('',(#4139,#4140,#4141,#4142));
#702=EDGE_LOOP('',(#4143,#4144,#4145,#4146));
#703=EDGE_LOOP('',(#4147,#4148,#4149,#4150,#4151,#4152,#4153,#4154,#4155,
#4156,#4157,#4158,#4159));
#704=EDGE_LOOP('',(#4160,#4161,#4162,#4163,#4164));
#705=EDGE_LOOP('',(#4165,#4166,#4167));
#706=EDGE_LOOP('',(#4168,#4169,#4170,#4171,#4172));
#707=EDGE_LOOP('',(#4173,#4174,#4175,#4176,#4177,#4178,#4179,#4180,#4181));
#708=EDGE_LOOP('',(#4182,#4183,#4184,#4185));
#709=EDGE_LOOP('',(#4186,#4187,#4188,#4189));
#710=EDGE_LOOP('',(#4190,#4191,#4192,#4193,#4194));
#711=EDGE_LOOP('',(#4195,#4196,#4197,#4198));
#712=EDGE_LOOP('',(#4199,#4200,#4201,#4202));
#713=EDGE_LOOP('',(#4203,#4204,#4205,#4206,#4207));
#714=EDGE_LOOP('',(#4208,#4209,#4210,#4211,#4212));
#715=EDGE_LOOP('',(#4213,#4214,#4215,#4216,#4217));
#716=EDGE_LOOP('',(#4218,#4219,#4220,#4221));
#717=EDGE_LOOP('',(#4222,#4223,#4224,#4225));
#718=EDGE_LOOP('',(#4226,#4227,#4228,#4229));
#719=EDGE_LOOP('',(#4230,#4231,#4232,#4233));
#720=EDGE_LOOP('',(#4234,#4235,#4236,#4237));
#721=EDGE_LOOP('',(#4238,#4239,#4240,#4241));
#722=EDGE_LOOP('',(#4242,#4243,#4244,#4245,#4246));
#723=EDGE_LOOP('',(#4247,#4248,#4249,#4250));
#724=EDGE_LOOP('',(#4251,#4252,#4253,#4254));
#725=EDGE_LOOP('',(#4255,#4256,#4257,#4258));
#726=EDGE_LOOP('',(#4259,#4260,#4261,#4262));
#727=EDGE_LOOP('',(#4263,#4264,#4265,#4266));
#728=EDGE_LOOP('',(#4267,#4268,#4269,#4270));
#729=EDGE_LOOP('',(#4271,#4272,#4273,#4274));
#730=EDGE_LOOP('',(#4275,#4276,#4277,#4278));
#731=EDGE_LOOP('',(#4279,#4280,#4281,#4282));
#732=EDGE_LOOP('',(#4283,#4284,#4285));
#733=EDGE_LOOP('',(#4286,#4287,#4288,#4289));
#734=EDGE_LOOP('',(#4290,#4291,#4292,#4293));
#735=EDGE_LOOP('',(#4294,#4295,#4296,#4297,#4298));
#736=EDGE_LOOP('',(#4299,#4300,#4301,#4302,#4303,#4304));
#737=EDGE_LOOP('',(#4305,#4306,#4307,#4308,#4309));
#738=EDGE_LOOP('',(#4310,#4311,#4312,#4313,#4314));
#739=EDGE_LOOP('',(#4315,#4316,#4317,#4318));
#740=EDGE_LOOP('',(#4319,#4320,#4321,#4322,#4323));
#741=EDGE_LOOP('',(#4324,#4325,#4326,#4327));
#742=EDGE_LOOP('',(#4328,#4329,#4330,#4331));
#743=EDGE_LOOP('',(#4332,#4333,#4334));
#744=EDGE_LOOP('',(#4335,#4336,#4337,#4338,#4339,#4340,#4341));
#745=EDGE_LOOP('',(#4342,#4343,#4344,#4345,#4346,#4347,#4348,#4349,#4350,
#4351,#4352));
#746=EDGE_LOOP('',(#4353,#4354,#4355,#4356));
#747=EDGE_LOOP('',(#4357,#4358,#4359,#4360,#4361,#4362,#4363,#4364,#4365,
#4366,#4367));
#748=EDGE_LOOP('',(#4368,#4369,#4370,#4371,#4372,#4373,#4374,#4375,#4376,
#4377,#4378));
#749=EDGE_LOOP('',(#4379,#4380,#4381,#4382,#4383,#4384,#4385,#4386));
#750=EDGE_LOOP('',(#4387,#4388,#4389,#4390,#4391,#4392,#4393,#4394,#4395));
#751=EDGE_LOOP('',(#4396,#4397,#4398));
#752=EDGE_LOOP('',(#4399,#4400,#4401));
#753=EDGE_LOOP('',(#4402,#4403,#4404,#4405));
#754=EDGE_LOOP('',(#4406,#4407,#4408,#4409,#4410,#4411,#4412,#4413,#4414,
#4415,#4416,#4417,#4418,#4419,#4420,#4421,#4422,#4423));
#755=EDGE_LOOP('',(#4424,#4425,#4426,#4427,#4428,#4429,#4430));
#756=EDGE_LOOP('',(#4431,#4432,#4433,#4434,#4435));
#757=EDGE_LOOP('',(#4436,#4437,#4438));
#758=EDGE_LOOP('',(#4439,#4440,#4441,#4442,#4443,#4444,#4445,#4446,#4447,
#4448,#4449,#4450,#4451,#4452,#4453));
#759=EDGE_LOOP('',(#4454,#4455,#4456,#4457,#4458));
#760=EDGE_LOOP('',(#4459,#4460,#4461));
#761=EDGE_LOOP('',(#4462,#4463,#4464,#4465));
#762=EDGE_LOOP('',(#4466,#4467,#4468,#4469,#4470,#4471,#4472,#4473));
#763=EDGE_LOOP('',(#4474,#4475,#4476,#4477,#4478));
#764=EDGE_LOOP('',(#4479,#4480,#4481,#4482,#4483,#4484,#4485,#4486,#4487,
#4488,#4489));
#765=EDGE_LOOP('',(#4490,#4491,#4492,#4493,#4494,#4495,#4496,#4497,#4498,
#4499));
#766=EDGE_LOOP('',(#4500,#4501,#4502,#4503));
#767=EDGE_LOOP('',(#4504,#4505,#4506,#4507,#4508));
#768=EDGE_LOOP('',(#4509,#4510,#4511,#4512,#4513,#4514,#4515,#4516,#4517,
#4518));
#769=EDGE_LOOP('',(#4519,#4520,#4521,#4522,#4523,#4524,#4525,#4526,#4527));
#770=EDGE_LOOP('',(#4528,#4529,#4530,#4531));
#771=EDGE_LOOP('',(#4532,#4533,#4534,#4535,#4536,#4537));
#772=EDGE_LOOP('',(#4538,#4539,#4540,#4541,#4542,#4543,#4544,#4545,#4546,
#4547));
#773=EDGE_LOOP('',(#4548,#4549,#4550,#4551,#4552,#4553,#4554,#4555,#4556,
#4557,#4558));
#774=EDGE_LOOP('',(#4559,#4560,#4561,#4562));
#775=EDGE_LOOP('',(#4563,#4564,#4565,#4566));
#776=EDGE_LOOP('',(#4567,#4568,#4569,#4570,#4571));
#777=EDGE_LOOP('',(#4572,#4573,#4574,#4575,#4576,#4577,#4578,#4579,#4580));
#778=EDGE_LOOP('',(#4581,#4582,#4583,#4584,#4585,#4586,#4587,#4588,#4589));
#779=EDGE_LOOP('',(#4590,#4591,#4592,#4593,#4594,#4595,#4596,#4597,#4598));
#780=EDGE_LOOP('',(#4599,#4600,#4601,#4602,#4603,#4604,#4605,#4606,#4607,
#4608));
#781=EDGE_LOOP('',(#4609,#4610,#4611,#4612,#4613,#4614,#4615,#4616,#4617,
#4618,#4619,#4620));
#782=EDGE_LOOP('',(#4621,#4622,#4623,#4624,#4625,#4626,#4627,#4628,#4629,
#4630,#4631,#4632,#4633,#4634,#4635));
#783=EDGE_LOOP('',(#4636,#4637,#4638,#4639));
#784=EDGE_LOOP('',(#4640,#4641,#4642,#4643,#4644,#4645));
#785=EDGE_LOOP('',(#4646,#4647,#4648,#4649,#4650,#4651));
#786=EDGE_LOOP('',(#4652,#4653,#4654,#4655));
#787=EDGE_LOOP('',(#4656,#4657,#4658,#4659,#4660,#4661));
#788=EDGE_LOOP('',(#4662));
#789=EDGE_LOOP('',(#4663));
#790=EDGE_LOOP('',(#4664,#4665,#4666,#4667));
#791=EDGE_LOOP('',(#4668,#4669,#4670,#4671));
#792=EDGE_LOOP('',(#4672,#4673,#4674,#4675));
#793=EDGE_LOOP('',(#4676,#4677,#4678,#4679));
#794=EDGE_LOOP('',(#4680,#4681,#4682,#4683));
#795=EDGE_LOOP('',(#4684,#4685,#4686,#4687));
#796=EDGE_LOOP('',(#4688,#4689,#4690,#4691,#4692,#4693,#4694,#4695,#4696));
#797=EDGE_LOOP('',(#4697,#4698,#4699,#4700));
#798=EDGE_LOOP('',(#4701,#4702,#4703,#4704));
#799=EDGE_LOOP('',(#4705,#4706,#4707,#4708,#4709,#4710,#4711,#4712,#4713));
#800=EDGE_LOOP('',(#4714,#4715,#4716,#4717));
#801=EDGE_LOOP('',(#4718,#4719,#4720,#4721));
#802=EDGE_LOOP('',(#4722,#4723,#4724,#4725));
#803=EDGE_LOOP('',(#4726,#4727,#4728,#4729));
#804=B_SPLINE_CURVE_WITH_KNOTS('',3,(#6541,#6542,#6543,#6544,#6545,#6546,
#6547,#6548,#6549,#6550,#6551,#6552,#6553,#6554,#6555,#6556,#6557,#6558,
#6559,#6560,#6561,#6562,#6563,#6564,#6565,#6566,#6567,#6568),
 .UNSPECIFIED.,.F.,.F.,(4,2,2,2,2,2,2,2,2,2,2,2,2,4),(-1.49109949458972,
-1.44700196861164,-1.25995136193694,-1.12327419668052,-1.07339873846023,
-1.04275664374538,-1.01542934206627,-0.981674029134367,-0.919784965372689,
-0.799489855496315,-0.721819713890522,-0.662179000140437,-0.602960706720916,
-0.560994061871312),.UNSPECIFIED.);
#805=B_SPLINE_CURVE_WITH_KNOTS('',3,(#6573,#6574,#6575,#6576,#6577,#6578,
#6579,#6580,#6581,#6582,#6583,#6584,#6585,#6586,#6587,#6588,#6589,#6590,
#6591,#6592,#6593),.UNSPECIFIED.,.F.,.F.,(4,2,2,2,2,2,2,3,2,4),(-0.560994061871312,
-0.526053535650801,-0.409945394325884,-0.203244914134757,-0.0940101150821133,
-0.0471029591348451,-0.0180557723033661,0.,0.0339030074918338,0.0566287285569489),
 .UNSPECIFIED.);
#806=B_SPLINE_CURVE_WITH_KNOTS('',3,(#6695,#6696,#6697,#6698,#6699,#6700,
#6701,#6702,#6703,#6704),.UNSPECIFIED.,.F.,.F.,(4,3,3,4),(-1.67476384643857,
-1.31270473171256,-0.865238461467758,-0.0591160308354127),.UNSPECIFIED.);
#807=B_SPLINE_CURVE_WITH_KNOTS('',3,(#6720,#6721,#6722,#6723,#6724,#6725,
#6726,#6727,#6728,#6729),.UNSPECIFIED.,.F.,.F.,(4,3,3,4),(-1.761719431819,
-0.851501421795583,-0.320119986431612,0.),.UNSPECIFIED.);
#808=B_SPLINE_CURVE_WITH_KNOTS('',3,(#6863,#6864,#6865,#6866,#6867,#6868,
#6869),.UNSPECIFIED.,.F.,.F.,(4,3,4),(0.349310811021516,0.360721296788622,
0.364677944098449),.UNSPECIFIED.);
#809=B_SPLINE_CURVE_WITH_KNOTS('',3,(#6943,#6944,#6945,#6946,#6947,#6948),
 .UNSPECIFIED.,.F.,.F.,(4,2,4),(-0.171992030070401,-0.0931185741202227,
-0.0877291105595177),.UNSPECIFIED.);
#810=B_SPLINE_CURVE_WITH_KNOTS('',3,(#6952,#6953,#6954,#6955,#6956,#6957,
#6958),.UNSPECIFIED.,.F.,.F.,(4,3,4),(-0.314097410468231,-0.303758684669024,
-0.275202325026809),.UNSPECIFIED.);
#811=B_SPLINE_CURVE_WITH_KNOTS('',3,(#6960,#6961,#6962,#6963,#6964,#6965,
#6966),.UNSPECIFIED.,.F.,.F.,(4,3,4),(-0.708580017934242,-0.0657454453495769,
0.),.UNSPECIFIED.);
#812=B_SPLINE_CURVE_WITH_KNOTS('',3,(#6974,#6975,#6976,#6977),
 .UNSPECIFIED.,.F.,.F.,(4,4),(0.90241571454256,1.29112100956515),
 .UNSPECIFIED.);
#813=B_SPLINE_CURVE_WITH_KNOTS('',3,(#6979,#6980,#6981,#6982),
 .UNSPECIFIED.,.F.,.F.,(4,4),(-0.208395078981916,-0.106258385168104),
 .UNSPECIFIED.);
#814=B_SPLINE_CURVE_WITH_KNOTS('',3,(#6984,#6985,#6986,#6987,#6988,#6989,
#6990,#6991,#6992,#6993,#6994,#6995,#6996,#6997,#6998,#6999,#7000,#7001,
#7002,#7003,#7004,#7005,#7006,#7007,#7008,#7009,#7010,#7011,#7012,#7013,
#7014,#7015,#7016,#7017,#7018,#7019,#7020),.UNSPECIFIED.,.F.,.F.,(4,3,3,
3,3,3,3,3,3,3,3,3,4),(-0.249139028878262,-0.221648557582127,-0.190908361427542,
-0.162390302953719,-0.144045315561412,-0.128289674857838,-0.110507421091257,
-0.0835643847475119,-0.0442525715538865,0.,0.0287759765121526,0.0577536631820342,
0.0678312177257147),.UNSPECIFIED.);
#815=B_SPLINE_CURVE_WITH_KNOTS('',3,(#7022,#7023,#7024,#7025),
 .UNSPECIFIED.,.F.,.F.,(4,4),(-0.163243684160349,-0.0566626740828683),
 .UNSPECIFIED.);
#816=B_SPLINE_CURVE_WITH_KNOTS('',3,(#7027,#7028,#7029,#7030),
 .UNSPECIFIED.,.F.,.F.,(4,4),(-0.208812721339969,-0.102856194358048),
 .UNSPECIFIED.);
#817=B_SPLINE_CURVE_WITH_KNOTS('',3,(#7032,#7033,#7034,#7035),
 .UNSPECIFIED.,.F.,.F.,(4,4),(-0.220068785783596,-0.188559332254635),
 .UNSPECIFIED.);
#818=B_SPLINE_CURVE_WITH_KNOTS('',3,(#7037,#7038,#7039,#7040),
 .UNSPECIFIED.,.F.,.F.,(4,4),(-0.566780271215011,-0.563600044264574),
 .UNSPECIFIED.);
#819=B_SPLINE_CURVE_WITH_KNOTS('',3,(#7042,#7043,#7044,#7045),
 .UNSPECIFIED.,.F.,.F.,(4,4),(-0.335251915114536,-0.279224143461499),
 .UNSPECIFIED.);
#820=B_SPLINE_CURVE_WITH_KNOTS('',3,(#7047,#7048,#7049,#7050),
 .UNSPECIFIED.,.F.,.F.,(4,4),(-0.397508267569503,-0.0798008855496551),
 .UNSPECIFIED.);
#821=B_SPLINE_CURVE_WITH_KNOTS('',3,(#7052,#7053,#7054,#7055),
 .UNSPECIFIED.,.F.,.F.,(4,4),(-1.90219085114842,-1.78353570626121),
 .UNSPECIFIED.);
#822=B_SPLINE_CURVE_WITH_KNOTS('',3,(#7056,#7057,#7058,#7059),
 .UNSPECIFIED.,.F.,.F.,(4,4),(-0.198920716184682,-0.0590807480891264),
 .UNSPECIFIED.);
#823=B_SPLINE_CURVE_WITH_KNOTS('',3,(#7109,#7110,#7111,#7112,#7113,#7114,
#7115,#7116,#7117,#7118,#7119,#7120,#7121,#7122,#7123,#7124,#7125,#7126,
#7127),.UNSPECIFIED.,.F.,.F.,(4,2,2,2,3,2,2,2,4),(0.714080336091074,0.766667366403557,
0.82529812770602,0.884666257822146,0.944034387938271,1.0034025180544,1.06277064817052,
1.12140140947299,1.17998880282353),.UNSPECIFIED.);
#824=B_SPLINE_CURVE_WITH_KNOTS('',3,(#7134,#7135,#7136,#7137),
 .UNSPECIFIED.,.F.,.F.,(4,4),(1.0191803108875,1.02518884513928),
 .UNSPECIFIED.);
#825=B_SPLINE_CURVE_WITH_KNOTS('',3,(#7342,#7343,#7344,#7345,#7346,#7347),
 .UNSPECIFIED.,.F.,.F.,(4,2,4),(0.580651829120021,0.699761841397676,1.17217235886091),
 .UNSPECIFIED.);
#826=B_SPLINE_CURVE_WITH_KNOTS('',3,(#7355,#7356,#7357,#7358),
 .UNSPECIFIED.,.F.,.F.,(4,4),(-0.365446877858859,-0.273515333122365),
 .UNSPECIFIED.);
#827=B_SPLINE_CURVE_WITH_KNOTS('',3,(#7359,#7360,#7361,#7362,#7363,#7364,
#7365,#7366,#7367,#7368,#7369,#7370,#7371,#7372,#7373,#7374,#7375,#7376,
#7377,#7378,#7379,#7380),.UNSPECIFIED.,.F.,.F.,(4,3,3,3,3,3,3,4),(-0.512015046600455,
-0.480081412020154,-0.437532736416148,-0.4216402801699,-0.374625795490467,
-0.36914133422719,-0.313801535439164,-0.306724266768968),.UNSPECIFIED.);
#828=B_SPLINE_CURVE_WITH_KNOTS('',3,(#7575,#7576,#7577,#7578),
 .UNSPECIFIED.,.F.,.F.,(4,4),(0.682660937558996,1.06647604702396),
 .UNSPECIFIED.);
#829=B_SPLINE_CURVE_WITH_KNOTS('',3,(#7583,#7584,#7585,#7586),
 .UNSPECIFIED.,.F.,.F.,(4,4),(-0.167941530296425,-0.0665471314937768),
 .UNSPECIFIED.);
#830=B_SPLINE_CURVE_WITH_KNOTS('',3,(#7590,#7591,#7592,#7593),
 .UNSPECIFIED.,.F.,.F.,(4,4),(-0.194912191893139,-0.0898855430746216),
 .UNSPECIFIED.);
#831=B_SPLINE_CURVE_WITH_KNOTS('',3,(#7602,#7603,#7604,#7605),
 .UNSPECIFIED.,.F.,.F.,(4,4),(-0.145728313080563,-0.118261228655921),
 .UNSPECIFIED.);
#832=B_SPLINE_CURVE_WITH_KNOTS('',3,(#7612,#7613,#7614,#7615,#7616,#7617,
#7618,#7619,#7620,#7621,#7622,#7623,#7624,#7625,#7626,#7627,#7628,#7629,
#7630,#7631,#7632,#7633),.UNSPECIFIED.,.F.,.F.,(4,3,3,3,3,3,3,4),(-0.460251824705307,
-0.443547898867236,-0.410454631675448,-0.365601782582593,-0.327015502867723,
-0.289555005732305,-0.287272419909927,-0.284996583506173),.UNSPECIFIED.);
#833=B_SPLINE_CURVE_WITH_KNOTS('',3,(#7639,#7640,#7641,#7642),
 .UNSPECIFIED.,.F.,.F.,(4,4),(-0.172792569883493,-0.0667744721802521),
 .UNSPECIFIED.);
#834=B_SPLINE_CURVE_WITH_KNOTS('',3,(#7645,#7646,#7647,#7648),
 .UNSPECIFIED.,.F.,.F.,(4,4),(-0.248262164407561,-0.0677342553400637),
 .UNSPECIFIED.);
#835=B_SPLINE_CURVE_WITH_KNOTS('',3,(#7720,#7721,#7722,#7723,#7724,#7725,
#7726),.UNSPECIFIED.,.F.,.F.,(4,3,4),(-0.827130589456733,-0.708969091517755,
-0.691736328897008),.UNSPECIFIED.);
#836=B_SPLINE_CURVE_WITH_KNOTS('',3,(#7730,#7731,#7732,#7733),
 .UNSPECIFIED.,.F.,.F.,(4,4),(-0.327165762043174,-0.32393057279495),
 .UNSPECIFIED.);
#837=B_SPLINE_CURVE_WITH_KNOTS('',3,(#7737,#7738,#7739,#7740),
 .UNSPECIFIED.,.F.,.F.,(4,4),(-0.396896136622368,-0.0790823826296287),
 .UNSPECIFIED.);
#838=B_SPLINE_CURVE_WITH_KNOTS('',3,(#7744,#7745,#7746,#7747),
 .UNSPECIFIED.,.F.,.F.,(4,4),(-1.789298624584,-1.74472651294931),
 .UNSPECIFIED.);
#839=B_SPLINE_CURVE_WITH_KNOTS('',3,(#7749,#7750,#7751,#7752),
 .UNSPECIFIED.,.F.,.F.,(4,4),(-0.665631727820542,-0.545161855661172),
 .UNSPECIFIED.);
#840=B_SPLINE_CURVE_WITH_KNOTS('',3,(#7788,#7789,#7790,#7791,#7792,#7793,
#7794,#7795,#7796,#7797),.UNSPECIFIED.,.F.,.F.,(4,3,3,4),(0.931792599471511,
1.00090168705261,1.03731696612718,1.06839641536114),.UNSPECIFIED.);
#841=B_SPLINE_CURVE_WITH_KNOTS('',3,(#7960,#7961,#7962,#7963),
 .UNSPECIFIED.,.F.,.F.,(4,4),(0.546168553474668,1.37751854747846),
 .UNSPECIFIED.);
#842=B_SPLINE_CURVE_WITH_KNOTS('',3,(#7967,#7968,#7969,#7970,#7971,#7972),
 .UNSPECIFIED.,.F.,.F.,(4,2,4),(-1.29572485945929,-1.29450804239003,-1.00672216126389),
 .UNSPECIFIED.);
#843=B_SPLINE_CURVE_WITH_KNOTS('',3,(#8000,#8001,#8002,#8003,#8004,#8005,
#8006,#8007,#8008,#8009,#8010,#8011),.UNSPECIFIED.,.F.,.F.,(4,2,2,2,2,4),
(-1.33633184840442,-1.10942479244413,-0.794624424359132,-0.567569246225773,
-0.311715607221746,0.),.UNSPECIFIED.);
#844=B_SPLINE_CURVE_WITH_KNOTS('',3,(#8016,#8017,#8018,#8019),
 .UNSPECIFIED.,.F.,.F.,(4,4),(0.822416108041121,0.973410920861487),
 .UNSPECIFIED.);
#845=B_SPLINE_CURVE_WITH_KNOTS('',3,(#8037,#8038,#8039,#8040,#8041,#8042,
#8043),.UNSPECIFIED.,.F.,.F.,(4,3,4),(-0.785642994210063,-0.214330637040848,
-0.0429447389003339),.UNSPECIFIED.);
#846=B_SPLINE_CURVE_WITH_KNOTS('',3,(#8045,#8046,#8047,#8048,#8049,#8050,
#8051),.UNSPECIFIED.,.F.,.F.,(4,3,4),(-0.717323655003101,-0.697931836300845,
-0.678904991510807),.UNSPECIFIED.);
#847=B_SPLINE_CURVE_WITH_KNOTS('',3,(#8053,#8054,#8055,#8056),
 .UNSPECIFIED.,.F.,.F.,(4,4),(2.4017288132078,2.40919113213903),
 .UNSPECIFIED.);
#848=B_SPLINE_CURVE_WITH_KNOTS('',3,(#8112,#8113,#8114,#8115),
 .UNSPECIFIED.,.F.,.F.,(4,4),(5.39711073767302,5.77873067212948),
 .UNSPECIFIED.);
#849=B_SPLINE_CURVE_WITH_KNOTS('',3,(#8233,#8234,#8235,#8236),
 .UNSPECIFIED.,.F.,.F.,(4,4),(-0.264825204247009,-0.245841837246949),
 .UNSPECIFIED.);
#850=B_SPLINE_CURVE_WITH_KNOTS('',3,(#8258,#8259,#8260,#8261,#8262,#8263,
#8264,#8265,#8266,#8267),.UNSPECIFIED.,.F.,.F.,(4,2,2,2,4),(-0.552807348534763,
-0.524317714254547,-0.468684844738843,-0.408364326502128,-0.345792073224546),
 .UNSPECIFIED.);
#851=B_SPLINE_CURVE_WITH_KNOTS('',3,(#8269,#8270,#8271,#8272),
 .UNSPECIFIED.,.F.,.F.,(4,4),(1.7667559095541,1.85441668464918),
 .UNSPECIFIED.);
#852=B_SPLINE_CURVE_WITH_KNOTS('',3,(#8273,#8274,#8275,#8276),
 .UNSPECIFIED.,.F.,.F.,(4,4),(-0.187378003515338,-0.0791889322567036),
 .UNSPECIFIED.);
#853=B_SPLINE_CURVE_WITH_KNOTS('',3,(#8295,#8296,#8297,#8298),
 .UNSPECIFIED.,.F.,.F.,(4,4),(-0.275533708048434,0.),.UNSPECIFIED.);
#854=B_SPLINE_CURVE_WITH_KNOTS('',3,(#8302,#8303,#8304,#8305,#8306,#8307),
 .UNSPECIFIED.,.F.,.F.,(4,2,4),(-1.69647939878687,-1.41871245626755,-1.04805986817893),
 .UNSPECIFIED.);
#855=B_SPLINE_CURVE_WITH_KNOTS('',3,(#8324,#8325,#8326,#8327),
 .UNSPECIFIED.,.F.,.F.,(4,4),(-2.37903543556058,-2.10945538123007),
 .UNSPECIFIED.);
#856=B_SPLINE_CURVE_WITH_KNOTS('',3,(#8340,#8341,#8342,#8343,#8344,#8345),
 .UNSPECIFIED.,.F.,.F.,(4,2,4),(-0.30405645211478,-0.197667867115629,-0.00191115953017188),
 .UNSPECIFIED.);
#857=B_SPLINE_CURVE_WITH_KNOTS('',3,(#8792,#8793,#8794,#8795),
 .UNSPECIFIED.,.F.,.F.,(4,4),(0.,0.232196908153606),.UNSPECIFIED.);
#858=B_SPLINE_CURVE_WITH_KNOTS('',3,(#8812,#8813,#8814,#8815,#8816,#8817,
#8818,#8819,#8820,#8821,#8822,#8823),.UNSPECIFIED.,.F.,.F.,(4,2,2,2,2,4),
(-8.34589122112417,-7.69713558315911,-7.04552309810789,-6.4456348171598,
-5.76383887815862,-4.86244759812436),.UNSPECIFIED.);
#859=B_SPLINE_CURVE_WITH_KNOTS('',3,(#8899,#8900,#8901,#8902),
 .UNSPECIFIED.,.F.,.F.,(4,4),(0.917556884515462,1.33179654131848),
 .UNSPECIFIED.);
#860=B_SPLINE_CURVE_WITH_KNOTS('',3,(#8904,#8905,#8906,#8907,#8908,#8909,
#8910,#8911,#8912,#8913,#8914,#8915,#8916),.UNSPECIFIED.,.F.,.F.,(4,3,3,
3,4),(-2.00741469584313,-1.03709424966926,-0.939446317471645,-0.0472120387353467,
0.),.UNSPECIFIED.);
#861=B_SPLINE_CURVE_WITH_KNOTS('',3,(#8918,#8919,#8920,#8921),
 .UNSPECIFIED.,.F.,.F.,(4,4),(0.,2.),.UNSPECIFIED.);
#862=B_SPLINE_CURVE_WITH_KNOTS('',3,(#8951,#8952,#8953,#8954,#8955,#8956,
#8957,#8958,#8959,#8960,#8961,#8962,#8963,#8964,#8965,#8966,#8967,#8968,
#8969,#8970,#8971,#8972,#8973,#8974,#8975,#8976,#8977,#8978,#8979,#8980,
#8981,#8982,#8983,#8984,#8985,#8986,#8987,#8988,#8989,#8990,#8991),
 .UNSPECIFIED.,.F.,.F.,(4,2,3,2,2,2,2,2,2,2,2,2,2,2,2,2,2,2,2,4),(-0.031497931154399,
-0.0170620680137779,0.,0.0311469937118576,0.0712186683032863,0.148741431040198,
0.374039196265243,0.509249836629828,0.591894891653176,0.652605040021999,
0.712526983123087,0.788370826774473,0.905388943593652,0.955106444102118,
0.984911125152218,1.01044823653311,1.04122925007098,1.09601310025322,1.29159141618217,
1.36676024520334),.UNSPECIFIED.);
#863=B_SPLINE_CURVE_WITH_KNOTS('',3,(#9013,#9014,#9015,#9016),
 .UNSPECIFIED.,.F.,.F.,(4,4),(-0.128857773975689,-0.072502646360686),
 .UNSPECIFIED.);
#864=B_SPLINE_CURVE_WITH_KNOTS('',3,(#9017,#9018,#9019,#9020),
 .UNSPECIFIED.,.F.,.F.,(4,4),(10.6223282875382,10.9964395426117),
 .UNSPECIFIED.);
#865=B_SPLINE_CURVE_WITH_KNOTS('',3,(#9041,#9042,#9043,#9044),
 .UNSPECIFIED.,.F.,.F.,(4,4),(-0.88274250313284,-0.461881587936993),
 .UNSPECIFIED.);
#866=B_SPLINE_CURVE_WITH_KNOTS('',3,(#9049,#9050,#9051,#9052,#9053,#9054),
 .UNSPECIFIED.,.F.,.F.,(4,2,4),(0.,0.966049618971495,2.00721996018379),
 .UNSPECIFIED.);
#867=B_SPLINE_CURVE_WITH_KNOTS('',3,(#9106,#9107,#9108,#9109,#9110,#9111,
#9112,#9113),.UNSPECIFIED.,.F.,.F.,(4,2,2,4),(-4.03579023236229,-3.90797958863198,
-3.74249779867487,-3.72645543191201),.UNSPECIFIED.);
#868=B_SPLINE_CURVE_WITH_KNOTS('',3,(#9131,#9132,#9133,#9134,#9135,#9136,
#9137,#9138,#9139,#9140,#9141,#9142),.UNSPECIFIED.,.F.,.F.,(4,2,2,2,2,4),
(-1.4380754703494,-1.17899147856899,-0.868282254618887,-0.716970452660262,
-0.606183471831906,-0.511176436074852),.UNSPECIFIED.);
#869=B_SPLINE_CURVE_WITH_KNOTS('',3,(#9224,#9225,#9226,#9227,#9228,#9229),
 .UNSPECIFIED.,.F.,.F.,(4,2,4),(-0.742632979395932,-0.58443128047006,-0.294225767275771),
 .UNSPECIFIED.);
#870=B_SPLINE_CURVE_WITH_KNOTS('',3,(#9232,#9233,#9234,#9235,#9236,#9237,
#9238,#9239,#9240,#9241,#9242,#9243),.UNSPECIFIED.,.F.,.F.,(4,2,2,2,2,4),
(-3.26888764802237,-3.25929903558072,-3.13087850408069,-2.98447065110403,
-2.74712088789,-2.25202749525253),.UNSPECIFIED.);
#871=B_SPLINE_CURVE_WITH_KNOTS('',3,(#9307,#9308,#9309,#9310,#9311,#9312),
 .UNSPECIFIED.,.F.,.F.,(4,2,4),(-3.52504174254161,-3.04392969408043,-2.91029567772344),
 .UNSPECIFIED.);
#872=B_SPLINE_CURVE_WITH_KNOTS('',3,(#9314,#9315,#9316,#9317),
 .UNSPECIFIED.,.F.,.F.,(4,4),(-1.12716872105107,-0.999753651872463),
 .UNSPECIFIED.);
#873=ELLIPSE('',#5032,0.458168493457526,0.2);
#874=ELLIPSE('',#5034,0.222512373059924,0.2);
#875=ELLIPSE('',#5115,0.403508293133369,0.400040976900119);
#876=ELLIPSE('',#5116,3.05813644632029,0.400040976900119);
#877=ELLIPSE('',#5119,3.02685985701641,0.400040976900119);
#878=ELLIPSE('',#5121,3.02687971184374,0.400040976900119);
#879=ELLIPSE('',#5185,0.221908308509252,0.22);
#880=ELLIPSE('',#5186,0.221948395668643,0.22);
#881=ELLIPSE('',#5201,0.212132034355964,0.15);
#882=ELLIPSE('',#5202,0.212132034355965,0.15);
#883=ELLIPSE('',#5223,0.801710491191091,0.35);
#884=ELLIPSE('',#5225,0.801710491191091,0.35);
#885=ELLIPSE('',#5226,0.390915771020287,0.35);
#886=ELLIPSE('',#5227,0.389397085657875,0.35);
#887=ELLIPSE('',#5230,0.389397085657875,0.35);
#888=ELLIPSE('',#5231,0.390915771020287,0.35);
#889=ELLIPSE('',#5239,0.222512373059924,0.2);
#890=ELLIPSE('',#5247,0.211742385812179,0.15);
#891=ELLIPSE('',#5248,0.212523841942004,0.15);
#892=ELLIPSE('',#5249,0.988183076480559,0.988141032432933);
#893=ELLIPSE('',#5278,0.458168493457526,0.2);
#894=ELLIPSE('',#5279,0.945571920796991,0.945531689718539);
#895=ELLIPSE('',#5283,0.801794863550671,0.35);
#896=ELLIPSE('',#5284,0.389397081594771,0.35);
#897=ELLIPSE('',#5289,0.458120280680623,0.2);
#898=ELLIPSE('',#5290,0.222512527478592,0.2);
#899=ELLIPSE('',#5291,0.458120280680623,0.2);
#900=ELLIPSE('',#5292,0.458120280680623,0.2);
#901=ELLIPSE('',#5294,0.945603872900588,0.945564362353094);
#902=ELLIPSE('',#5300,0.390964478380677,0.351293172680055);
#903=ELLIPSE('',#5304,0.98820783622196,0.988166545535907);
#904=ELLIPSE('',#5306,32.0082963649536,0.808966821455387);
#905=ELLIPSE('',#5313,0.150573032257943,0.15);
#906=ELLIPSE('',#5316,0.15014291686388,0.15);
#907=ELLIPSE('',#5320,0.150572975631502,0.15);
#908=ELLIPSE('',#5323,0.15014290277447,0.15);
#909=ELLIPSE('',#5326,32.1427605970319,0.812365217981841);
#910=CIRCLE('',#5031,0.2);
#911=CIRCLE('',#5033,0.2);
#912=CIRCLE('',#5036,0.25);
#913=CIRCLE('',#5037,0.25);
#914=CIRCLE('',#5040,0.25);
#915=CIRCLE('',#5041,0.25);
#916=CIRCLE('',#5047,0.25);
#917=CIRCLE('',#5048,0.25);
#918=CIRCLE('',#5050,0.200040976900119);
#919=CIRCLE('',#5051,0.15);
#920=CIRCLE('',#5057,0.249999999999999);
#921=CIRCLE('',#5058,0.249999999999999);
#922=CIRCLE('',#5060,0.25);
#923=CIRCLE('',#5062,0.100000000000001);
#924=CIRCLE('',#5063,0.100000000000001);
#925=CIRCLE('',#5064,0.100000000000001);
#926=CIRCLE('',#5065,0.100000000000001);
#927=CIRCLE('',#5066,0.100000000000001);
#928=CIRCLE('',#5067,0.100000000000001);
#929=CIRCLE('',#5068,0.100000000000001);
#930=CIRCLE('',#5069,0.100000000000001);
#931=CIRCLE('',#5070,0.100000000000001);
#932=CIRCLE('',#5071,0.100000000000001);
#933=CIRCLE('',#5072,0.100000000000001);
#934=CIRCLE('',#5073,0.100000000000001);
#935=CIRCLE('',#5074,0.100000000000001);
#936=CIRCLE('',#5075,0.100000000000001);
#937=CIRCLE('',#5076,0.100000000000001);
#938=CIRCLE('',#5077,0.100000000000001);
#939=CIRCLE('',#5078,0.100000000000001);
#940=CIRCLE('',#5079,0.100000000000001);
#941=CIRCLE('',#5084,0.25);
#942=CIRCLE('',#5085,0.699999999999999);
#943=CIRCLE('',#5087,0.699999999999999);
#944=CIRCLE('',#5097,0.15);
#945=CIRCLE('',#5099,0.200040976900119);
#946=CIRCLE('',#5110,0.200000002980232);
#947=CIRCLE('',#5117,0.400040976900119);
#948=CIRCLE('',#5120,0.400040976900119);
#949=CIRCLE('',#5129,0.257735026918962);
#950=CIRCLE('',#5130,0.292264973081038);
#951=CIRCLE('',#5132,0.2);
#952=CIRCLE('',#5140,0.0562556697271541);
#953=CIRCLE('',#5141,0.0562556682370376);
#954=CIRCLE('',#5146,0.100000001490116);
#955=CIRCLE('',#5163,0.0562556682370376);
#956=CIRCLE('',#5164,0.0999999999999996);
#957=CIRCLE('',#5168,0.0562556697271541);
#958=CIRCLE('',#5192,0.225);
#959=CIRCLE('',#5194,0.200000002980232);
#960=CIRCLE('',#5196,0.225);
#961=CIRCLE('',#5217,0.275);
#962=CIRCLE('',#5218,0.275000244616591);
#963=CIRCLE('',#5224,0.35);
#964=CIRCLE('',#5228,0.35);
#965=CIRCLE('',#5229,0.350000311330206);
#966=CIRCLE('',#5241,0.275000244616591);
#967=CIRCLE('',#5242,0.275);
#968=CIRCLE('',#5244,0.35);
#969=CIRCLE('',#5245,0.2);
#970=CIRCLE('',#5251,0.350000311330206);
#971=CIRCLE('',#5252,0.350000311330206);
#972=CIRCLE('',#5257,0.796800000000003);
#973=CIRCLE('',#5258,0.796800000000003);
#974=CIRCLE('',#5259,0.7968);
#975=CIRCLE('',#5260,0.7968);
#976=CIRCLE('',#5270,0.35);
#977=CIRCLE('',#5271,0.35);
#978=CIRCLE('',#5272,0.292264973081038);
#979=CIRCLE('',#5274,0.257735026918963);
#980=CIRCLE('',#5276,0.2);
#981=CIRCLE('',#5307,0.996000000000004);
#982=CIRCLE('',#5308,0.996000000000004);
#983=CIRCLE('',#5327,0.996);
#984=CIRCLE('',#5328,0.996);
#985=LINE('',#6535,#1521);
#986=LINE('',#6570,#1522);
#987=LINE('',#6599,#1523);
#988=LINE('',#6606,#1524);
#989=LINE('',#6612,#1525);
#990=LINE('',#6614,#1526);
#991=LINE('',#6616,#1527);
#992=LINE('',#6617,#1528);
#993=LINE('',#6620,#1529);
#994=LINE('',#6622,#1530);
#995=LINE('',#6623,#1531);
#996=LINE('',#6626,#1532);
#997=LINE('',#6627,#1533);
#998=LINE('',#6632,#1534);
#999=LINE('',#6637,#1535);
#1000=LINE('',#6639,#1536);
#1001=LINE('',#6641,#1537);
#1002=LINE('',#6643,#1538);
#1003=LINE('',#6645,#1539);
#1004=LINE('',#6647,#1540);
#1005=LINE('',#6649,#1541);
#1006=LINE('',#6651,#1542);
#1007=LINE('',#6653,#1543);
#1008=LINE('',#6655,#1544);
#1009=LINE('',#6661,#1545);
#1010=LINE('',#6663,#1546);
#1011=LINE('',#6665,#1547);
#1012=LINE('',#6667,#1548);
#1013=LINE('',#6669,#1549);
#1014=LINE('',#6671,#1550);
#1015=LINE('',#6673,#1551);
#1016=LINE('',#6675,#1552);
#1017=LINE('',#6677,#1553);
#1018=LINE('',#6679,#1554);
#1019=LINE('',#6681,#1555);
#1020=LINE('',#6683,#1556);
#1021=LINE('',#6685,#1557);
#1022=LINE('',#6687,#1558);
#1023=LINE('',#6689,#1559);
#1024=LINE('',#6691,#1560);
#1025=LINE('',#6693,#1561);
#1026=LINE('',#6706,#1562);
#1027=LINE('',#6708,#1563);
#1028=LINE('',#6710,#1564);
#1029=LINE('',#6712,#1565);
#1030=LINE('',#6714,#1566);
#1031=LINE('',#6716,#1567);
#1032=LINE('',#6718,#1568);
#1033=LINE('',#6731,#1569);
#1034=LINE('',#6733,#1570);
#1035=LINE('',#6735,#1571);
#1036=LINE('',#6737,#1572);
#1037=LINE('',#6739,#1573);
#1038=LINE('',#6741,#1574);
#1039=LINE('',#6742,#1575);
#1040=LINE('',#6746,#1576);
#1041=LINE('',#6748,#1577);
#1042=LINE('',#6750,#1578);
#1043=LINE('',#6751,#1579);
#1044=LINE('',#6755,#1580);
#1045=LINE('',#6757,#1581);
#1046=LINE('',#6759,#1582);
#1047=LINE('',#6760,#1583);
#1048=LINE('',#6763,#1584);
#1049=LINE('',#6765,#1585);
#1050=LINE('',#6766,#1586);
#1051=LINE('',#6769,#1587);
#1052=LINE('',#6771,#1588);
#1053=LINE('',#6772,#1589);
#1054=LINE('',#6778,#1590);
#1055=LINE('',#6780,#1591);
#1056=LINE('',#6781,#1592);
#1057=LINE('',#6783,#1593);
#1058=LINE('',#6785,#1594);
#1059=LINE('',#6787,#1595);
#1060=LINE('',#6789,#1596);
#1061=LINE('',#6791,#1597);
#1062=LINE('',#6809,#1598);
#1063=LINE('',#6870,#1599);
#1064=LINE('',#6873,#1600);
#1065=LINE('',#6875,#1601);
#1066=LINE('',#6876,#1602);
#1067=LINE('',#6879,#1603);
#1068=LINE('',#6881,#1604);
#1069=LINE('',#6882,#1605);
#1070=LINE('',#6884,#1606);
#1071=LINE('',#6886,#1607);
#1072=LINE('',#6887,#1608);
#1073=LINE('',#6890,#1609);
#1074=LINE('',#6892,#1610);
#1075=LINE('',#6894,#1611);
#1076=LINE('',#6895,#1612);
#1077=LINE('',#6898,#1613);
#1078=LINE('',#6899,#1614);
#1079=LINE('',#6903,#1615);
#1080=LINE('',#6905,#1616);
#1081=LINE('',#6909,#1617);
#1082=LINE('',#6910,#1618);
#1083=LINE('',#6912,#1619);
#1084=LINE('',#6914,#1620);
#1085=LINE('',#6915,#1621);
#1086=LINE('',#6919,#1622);
#1087=LINE('',#6922,#1623);
#1088=LINE('',#6923,#1624);
#1089=LINE('',#6924,#1625);
#1090=LINE('',#6925,#1626);
#1091=LINE('',#6950,#1627);
#1092=LINE('',#6968,#1628);
#1093=LINE('',#6970,#1629);
#1094=LINE('',#6971,#1630);
#1095=LINE('',#7063,#1631);
#1096=LINE('',#7065,#1632);
#1097=LINE('',#7067,#1633);
#1098=LINE('',#7069,#1634);
#1099=LINE('',#7071,#1635);
#1100=LINE('',#7072,#1636);
#1101=LINE('',#7075,#1637);
#1102=LINE('',#7077,#1638);
#1103=LINE('',#7079,#1639);
#1104=LINE('',#7081,#1640);
#1105=LINE('',#7083,#1641);
#1106=LINE('',#7085,#1642);
#1107=LINE('',#7086,#1643);
#1108=LINE('',#7089,#1644);
#1109=LINE('',#7090,#1645);
#1110=LINE('',#7093,#1646);
#1111=LINE('',#7095,#1647);
#1112=LINE('',#7096,#1648);
#1113=LINE('',#7099,#1649);
#1114=LINE('',#7101,#1650);
#1115=LINE('',#7103,#1651);
#1116=LINE('',#7104,#1652);
#1117=LINE('',#7107,#1653);
#1118=LINE('',#7131,#1654);
#1119=LINE('',#7140,#1655);
#1120=LINE('',#7142,#1656);
#1121=LINE('',#7144,#1657);
#1122=LINE('',#7146,#1658);
#1123=LINE('',#7148,#1659);
#1124=LINE('',#7149,#1660);
#1125=LINE('',#7152,#1661);
#1126=LINE('',#7154,#1662);
#1127=LINE('',#7156,#1663);
#1128=LINE('',#7158,#1664);
#1129=LINE('',#7160,#1665);
#1130=LINE('',#7161,#1666);
#1131=LINE('',#7164,#1667);
#1132=LINE('',#7166,#1668);
#1133=LINE('',#7168,#1669);
#1134=LINE('',#7169,#1670);
#1135=LINE('',#7172,#1671);
#1136=LINE('',#7173,#1672);
#1137=LINE('',#7176,#1673);
#1138=LINE('',#7178,#1674);
#1139=LINE('',#7180,#1675);
#1140=LINE('',#7182,#1676);
#1141=LINE('',#7184,#1677);
#1142=LINE('',#7186,#1678);
#1143=LINE('',#7188,#1679);
#1144=LINE('',#7189,#1680);
#1145=LINE('',#7192,#1681);
#1146=LINE('',#7194,#1682);
#1147=LINE('',#7196,#1683);
#1148=LINE('',#7198,#1684);
#1149=LINE('',#7200,#1685);
#1150=LINE('',#7202,#1686);
#1151=LINE('',#7204,#1687);
#1152=LINE('',#7206,#1688);
#1153=LINE('',#7207,#1689);
#1154=LINE('',#7226,#1690);
#1155=LINE('',#7228,#1691);
#1156=LINE('',#7230,#1692);
#1157=LINE('',#7231,#1693);
#1158=LINE('',#7249,#1694);
#1159=LINE('',#7251,#1695);
#1160=LINE('',#7253,#1696);
#1161=LINE('',#7254,#1697);
#1162=LINE('',#7272,#1698);
#1163=LINE('',#7274,#1699);
#1164=LINE('',#7275,#1700);
#1165=LINE('',#7293,#1701);
#1166=LINE('',#7295,#1702);
#1167=LINE('',#7296,#1703);
#1168=LINE('',#7315,#1704);
#1169=LINE('',#7317,#1705);
#1170=LINE('',#7319,#1706);
#1171=LINE('',#7320,#1707);
#1172=LINE('',#7337,#1708);
#1173=LINE('',#7339,#1709);
#1174=LINE('',#7340,#1710);
#1175=LINE('',#7349,#1711);
#1176=LINE('',#7351,#1712);
#1177=LINE('',#7353,#1713);
#1178=LINE('',#7384,#1714);
#1179=LINE('',#7385,#1715);
#1180=LINE('',#7386,#1716);
#1181=LINE('',#7389,#1717);
#1182=LINE('',#7391,#1718);
#1183=LINE('',#7392,#1719);
#1184=LINE('',#7395,#1720);
#1185=LINE('',#7396,#1721);
#1186=LINE('',#7403,#1722);
#1187=LINE('',#7405,#1723);
#1188=LINE('',#7407,#1724);
#1189=LINE('',#7408,#1725);
#1190=LINE('',#7412,#1726);
#1191=LINE('',#7414,#1727);
#1192=LINE('',#7415,#1728);
#1193=LINE('',#7419,#1729);
#1194=LINE('',#7421,#1730);
#1195=LINE('',#7422,#1731);
#1196=LINE('',#7438,#1732);
#1197=LINE('',#7441,#1733);
#1198=LINE('',#7443,#1734);
#1199=LINE('',#7444,#1735);
#1200=LINE('',#7447,#1736);
#1201=LINE('',#7448,#1737);
#1202=LINE('',#7452,#1738);
#1203=LINE('',#7453,#1739);
#1204=LINE('',#7454,#1740);
#1205=LINE('',#7457,#1741);
#1206=LINE('',#7458,#1742);
#1207=LINE('',#7461,#1743);
#1208=LINE('',#7462,#1744);
#1209=LINE('',#7466,#1745);
#1210=LINE('',#7467,#1746);
#1211=LINE('',#7468,#1747);
#1212=LINE('',#7472,#1748);
#1213=LINE('',#7476,#1749);
#1214=LINE('',#7490,#1750);
#1215=LINE('',#7491,#1751);
#1216=LINE('',#7495,#1752);
#1217=LINE('',#7497,#1753);
#1218=LINE('',#7499,#1754);
#1219=LINE('',#7500,#1755);
#1220=LINE('',#7503,#1756);
#1221=LINE('',#7505,#1757);
#1222=LINE('',#7506,#1758);
#1223=LINE('',#7509,#1759);
#1224=LINE('',#7510,#1760);
#1225=LINE('',#7513,#1761);
#1226=LINE('',#7514,#1762);
#1227=LINE('',#7517,#1763);
#1228=LINE('',#7518,#1764);
#1229=LINE('',#7522,#1765);
#1230=LINE('',#7524,#1766);
#1231=LINE('',#7526,#1767);
#1232=LINE('',#7528,#1768);
#1233=LINE('',#7532,#1769);
#1234=LINE('',#7534,#1770);
#1235=LINE('',#7536,#1771);
#1236=LINE('',#7538,#1772);
#1237=LINE('',#7540,#1773);
#1238=LINE('',#7542,#1774);
#1239=LINE('',#7545,#1775);
#1240=LINE('',#7548,#1776);
#1241=LINE('',#7550,#1777);
#1242=LINE('',#7551,#1778);
#1243=LINE('',#7554,#1779);
#1244=LINE('',#7555,#1780);
#1245=LINE('',#7558,#1781);
#1246=LINE('',#7570,#1782);
#1247=LINE('',#7571,#1783);
#1248=LINE('',#7579,#1784);
#1249=LINE('',#7580,#1785);
#1250=LINE('',#7587,#1786);
#1251=LINE('',#7594,#1787);
#1252=LINE('',#7597,#1788);
#1253=LINE('',#7598,#1789);
#1254=LINE('',#7606,#1790);
#1255=LINE('',#7643,#1791);
#1256=LINE('',#7651,#1792);
#1257=LINE('',#7653,#1793);
#1258=LINE('',#7655,#1794);
#1259=LINE('',#7656,#1795);
#1260=LINE('',#7659,#1796);
#1261=LINE('',#7660,#1797);
#1262=LINE('',#7664,#1798);
#1263=LINE('',#7666,#1799);
#1264=LINE('',#7668,#1800);
#1265=LINE('',#7669,#1801);
#1266=LINE('',#7672,#1802);
#1267=LINE('',#7674,#1803);
#1268=LINE('',#7675,#1804);
#1269=LINE('',#7678,#1805);
#1270=LINE('',#7680,#1806);
#1271=LINE('',#7681,#1807);
#1272=LINE('',#7684,#1808);
#1273=LINE('',#7686,#1809);
#1274=LINE('',#7699,#1810);
#1275=LINE('',#7701,#1811);
#1276=LINE('',#7702,#1812);
#1277=LINE('',#7705,#1813);
#1278=LINE('',#7716,#1814);
#1279=LINE('',#7719,#1815);
#1280=LINE('',#7729,#1816);
#1281=LINE('',#7741,#1817);
#1282=LINE('',#7742,#1818);
#1283=LINE('',#7754,#1819);
#1284=LINE('',#7756,#1820);
#1285=LINE('',#7759,#1821);
#1286=LINE('',#7760,#1822);
#1287=LINE('',#7762,#1823);
#1288=LINE('',#7765,#1824);
#1289=LINE('',#7766,#1825);
#1290=LINE('',#7768,#1826);
#1291=LINE('',#7769,#1827);
#1292=LINE('',#7774,#1828);
#1293=LINE('',#7775,#1829);
#1294=LINE('',#7776,#1830);
#1295=LINE('',#7782,#1831);
#1296=LINE('',#7784,#1832);
#1297=LINE('',#7799,#1833);
#1298=LINE('',#7801,#1834);
#1299=LINE('',#7803,#1835);
#1300=LINE('',#7804,#1836);
#1301=LINE('',#7805,#1837);
#1302=LINE('',#7806,#1838);
#1303=LINE('',#7807,#1839);
#1304=LINE('',#7810,#1840);
#1305=LINE('',#7811,#1841);
#1306=LINE('',#7814,#1842);
#1307=LINE('',#7816,#1843);
#1308=LINE('',#7817,#1844);
#1309=LINE('',#7819,#1845);
#1310=LINE('',#7820,#1846);
#1311=LINE('',#7823,#1847);
#1312=LINE('',#7825,#1848);
#1313=LINE('',#7827,#1849);
#1314=LINE('',#7828,#1850);
#1315=LINE('',#7833,#1851);
#1316=LINE('',#7839,#1852);
#1317=LINE('',#7842,#1853);
#1318=LINE('',#7844,#1854);
#1319=LINE('',#7845,#1855);
#1320=LINE('',#7849,#1856);
#1321=LINE('',#7851,#1857);
#1322=LINE('',#7853,#1858);
#1323=LINE('',#7854,#1859);
#1324=LINE('',#7859,#1860);
#1325=LINE('',#7862,#1861);
#1326=LINE('',#7864,#1862);
#1327=LINE('',#7865,#1863);
#1328=LINE('',#7866,#1864);
#1329=LINE('',#7868,#1865);
#1330=LINE('',#7870,#1866);
#1331=LINE('',#7871,#1867);
#1332=LINE('',#7873,#1868);
#1333=LINE('',#7875,#1869);
#1334=LINE('',#7877,#1870);
#1335=LINE('',#7880,#1871);
#1336=LINE('',#7881,#1872);
#1337=LINE('',#7884,#1873);
#1338=LINE('',#7889,#1874);
#1339=LINE('',#7891,#1875);
#1340=LINE('',#7893,#1876);
#1341=LINE('',#7894,#1877);
#1342=LINE('',#7898,#1878);
#1343=LINE('',#7900,#1879);
#1344=LINE('',#7902,#1880);
#1345=LINE('',#7903,#1881);
#1346=LINE('',#7908,#1882);
#1347=LINE('',#7911,#1883);
#1348=LINE('',#7912,#1884);
#1349=LINE('',#7914,#1885);
#1350=LINE('',#7916,#1886);
#1351=LINE('',#7917,#1887);
#1352=LINE('',#7929,#1888);
#1353=LINE('',#7934,#1889);
#1354=LINE('',#7939,#1890);
#1355=LINE('',#7941,#1891);
#1356=LINE('',#7964,#1892);
#1357=LINE('',#7966,#1893);
#1358=LINE('',#7974,#1894);
#1359=LINE('',#7978,#1895);
#1360=LINE('',#7980,#1896);
#1361=LINE('',#7981,#1897);
#1362=LINE('',#8013,#1898);
#1363=LINE('',#8015,#1899);
#1364=LINE('',#8057,#1900);
#1365=LINE('',#8059,#1901);
#1366=LINE('',#8060,#1902);
#1367=LINE('',#8062,#1903);
#1368=LINE('',#8064,#1904);
#1369=LINE('',#8065,#1905);
#1370=LINE('',#8066,#1906);
#1371=LINE('',#8069,#1907);
#1372=LINE('',#8071,#1908);
#1373=LINE('',#8072,#1909);
#1374=LINE('',#8089,#1910);
#1375=LINE('',#8106,#1911);
#1376=LINE('',#8110,#1912);
#1377=LINE('',#8139,#1913);
#1378=LINE('',#8157,#1914);
#1379=LINE('',#8158,#1915);
#1380=LINE('',#8175,#1916);
#1381=LINE('',#8176,#1917);
#1382=LINE('',#8193,#1918);
#1383=LINE('',#8210,#1919);
#1384=LINE('',#8215,#1920);
#1385=LINE('',#8255,#1921);
#1386=LINE('',#8256,#1922);
#1387=LINE('',#8299,#1923);
#1388=LINE('',#8301,#1924);
#1389=LINE('',#8335,#1925);
#1390=LINE('',#8339,#1926);
#1391=LINE('',#8348,#1927);
#1392=LINE('',#8362,#1928);
#1393=LINE('',#8363,#1929);
#1394=LINE('',#8364,#1930);
#1395=LINE('',#8381,#1931);
#1396=LINE('',#8383,#1932);
#1397=LINE('',#8402,#1933);
#1398=LINE('',#8403,#1934);
#1399=LINE('',#8420,#1935);
#1400=LINE('',#8421,#1936);
#1401=LINE('',#8496,#1937);
#1402=LINE('',#8514,#1938);
#1403=LINE('',#8515,#1939);
#1404=LINE('',#8532,#1940);
#1405=LINE('',#8533,#1941);
#1406=LINE('',#8550,#1942);
#1407=LINE('',#8567,#1943);
#1408=LINE('',#8585,#1944);
#1409=LINE('',#8586,#1945);
#1410=LINE('',#8604,#1946);
#1411=LINE('',#8605,#1947);
#1412=LINE('',#8680,#1948);
#1413=LINE('',#8697,#1949);
#1414=LINE('',#8698,#1950);
#1415=LINE('',#8715,#1951);
#1416=LINE('',#8733,#1952);
#1417=LINE('',#8734,#1953);
#1418=LINE('',#8751,#1954);
#1419=LINE('',#8752,#1955);
#1420=LINE('',#8770,#1956);
#1421=LINE('',#8772,#1957);
#1422=LINE('',#8774,#1958);
#1423=LINE('',#8826,#1959);
#1424=LINE('',#8827,#1960);
#1425=LINE('',#8828,#1961);
#1426=LINE('',#8831,#1962);
#1427=LINE('',#8833,#1963);
#1428=LINE('',#8834,#1964);
#1429=LINE('',#8837,#1965);
#1430=LINE('',#8839,#1966);
#1431=LINE('',#8840,#1967);
#1432=LINE('',#8844,#1968);
#1433=LINE('',#8845,#1969);
#1434=LINE('',#8847,#1970);
#1435=LINE('',#8848,#1971);
#1436=LINE('',#8866,#1972);
#1437=LINE('',#8868,#1973);
#1438=LINE('',#8923,#1974);
#1439=LINE('',#8926,#1975);
#1440=LINE('',#8927,#1976);
#1441=LINE('',#8930,#1977);
#1442=LINE('',#8934,#1978);
#1443=LINE('',#8935,#1979);
#1444=LINE('',#8936,#1980);
#1445=LINE('',#8939,#1981);
#1446=LINE('',#8940,#1982);
#1447=LINE('',#8943,#1983);
#1448=LINE('',#8944,#1984);
#1449=LINE('',#8994,#1985);
#1450=LINE('',#9022,#1986);
#1451=LINE('',#9046,#1987);
#1452=LINE('',#9057,#1988);
#1453=LINE('',#9058,#1989);
#1454=LINE('',#9059,#1990);
#1455=LINE('',#9060,#1991);
#1456=LINE('',#9063,#1992);
#1457=LINE('',#9065,#1993);
#1458=LINE('',#9066,#1994);
#1459=LINE('',#9069,#1995);
#1460=LINE('',#9070,#1996);
#1461=LINE('',#9071,#1997);
#1462=LINE('',#9073,#1998);
#1463=LINE('',#9077,#1999);
#1464=LINE('',#9080,#2000);
#1465=LINE('',#9082,#2001);
#1466=LINE('',#9083,#2002);
#1467=LINE('',#9090,#2003);
#1468=LINE('',#9091,#2004);
#1469=LINE('',#9094,#2005);
#1470=LINE('',#9097,#2006);
#1471=LINE('',#9098,#2007);
#1472=LINE('',#9115,#2008);
#1473=LINE('',#9118,#2009);
#1474=LINE('',#9129,#2010);
#1475=LINE('',#9144,#2011);
#1476=LINE('',#9145,#2012);
#1477=LINE('',#9147,#2013);
#1478=LINE('',#9151,#2014);
#1479=LINE('',#9152,#2015);
#1480=LINE('',#9153,#2016);
#1481=LINE('',#9157,#2017);
#1482=LINE('',#9160,#2018);
#1483=LINE('',#9161,#2019);
#1484=LINE('',#9168,#2020);
#1485=LINE('',#9169,#2021);
#1486=LINE('',#9170,#2022);
#1487=LINE('',#9174,#2023);
#1488=LINE('',#9176,#2024);
#1489=LINE('',#9246,#2025);
#1490=LINE('',#9247,#2026);
#1491=LINE('',#9320,#2027);
#1492=LINE('',#9322,#2028);
#1493=LINE('',#9323,#2029);
#1494=LINE('',#9324,#2030);
#1495=LINE('',#9328,#2031);
#1496=LINE('',#9330,#2032);
#1497=LINE('',#9331,#2033);
#1498=LINE('',#9333,#2034);
#1499=LINE('',#9334,#2035);
#1500=LINE('',#9337,#2036);
#1501=LINE('',#9338,#2037);
#1502=LINE('',#9340,#2038);
#1503=LINE('',#9343,#2039);
#1504=LINE('',#9344,#2040);
#1505=LINE('',#9350,#2041);
#1506=LINE('',#9352,#2042);
#1507=LINE('',#9353,#2043);
#1508=LINE('',#9356,#2044);
#1509=LINE('',#9358,#2045);
#1510=LINE('',#9359,#2046);
#1511=LINE('',#9361,#2047);
#1512=LINE('',#9363,#2048);
#1513=LINE('',#9367,#2049);
#1514=LINE('',#9369,#2050);
#1515=LINE('',#9370,#2051);
#1516=LINE('',#9374,#2052);
#1517=LINE('',#9375,#2053);
#1518=LINE('',#9376,#2054);
#1519=LINE('',#9378,#2055);
#1520=LINE('',#9380,#2056);
#1521=VECTOR('',#5355,0.2);
#1522=VECTOR('',#5360,0.2);
#1523=VECTOR('',#5369,0.25);
#1524=VECTOR('',#5378,0.25);
#1525=VECTOR('',#5385,1.);
#1526=VECTOR('',#5386,1.);
#1527=VECTOR('',#5387,1.);
#1528=VECTOR('',#5388,1.);
#1529=VECTOR('',#5391,1.);
#1530=VECTOR('',#5392,1.);
#1531=VECTOR('',#5393,1.);
#1532=VECTOR('',#5396,1.);
#1533=VECTOR('',#5397,1.);
#1534=VECTOR('',#5402,0.25);
#1535=VECTOR('',#5407,1.);
#1536=VECTOR('',#5408,1.);
#1537=VECTOR('',#5409,1.);
#1538=VECTOR('',#5410,1.);
#1539=VECTOR('',#5411,1.);
#1540=VECTOR('',#5412,1.);
#1541=VECTOR('',#5413,1.);
#1542=VECTOR('',#5414,1.);
#1543=VECTOR('',#5415,1.);
#1544=VECTOR('',#5416,1.);
#1545=VECTOR('',#5421,1.);
#1546=VECTOR('',#5422,1.);
#1547=VECTOR('',#5423,1.);
#1548=VECTOR('',#5424,1.);
#1549=VECTOR('',#5425,1.);
#1550=VECTOR('',#5426,1.);
#1551=VECTOR('',#5427,1.);
#1552=VECTOR('',#5428,1.);
#1553=VECTOR('',#5429,1.);
#1554=VECTOR('',#5430,1.);
#1555=VECTOR('',#5431,1.);
#1556=VECTOR('',#5432,1.);
#1557=VECTOR('',#5433,1.);
#1558=VECTOR('',#5434,1.);
#1559=VECTOR('',#5435,1.);
#1560=VECTOR('',#5436,1.);
#1561=VECTOR('',#5437,1.);
#1562=VECTOR('',#5438,1.80806808142515);
#1563=VECTOR('',#5439,1.);
#1564=VECTOR('',#5440,2.85811184783762);
#1565=VECTOR('',#5441,1.);
#1566=VECTOR('',#5442,2.85811184884548);
#1567=VECTOR('',#5443,1.);
#1568=VECTOR('',#5444,1.80806808396542);
#1569=VECTOR('',#5445,1.);
#1570=VECTOR('',#5446,1.);
#1571=VECTOR('',#5447,1.);
#1572=VECTOR('',#5448,1.);
#1573=VECTOR('',#5449,1.);
#1574=VECTOR('',#5450,1.);
#1575=VECTOR('',#5451,1.);
#1576=VECTOR('',#5454,1.);
#1577=VECTOR('',#5455,1.);
#1578=VECTOR('',#5456,1.);
#1579=VECTOR('',#5457,1.);
#1580=VECTOR('',#5460,1.);
#1581=VECTOR('',#5461,1.);
#1582=VECTOR('',#5462,1.);
#1583=VECTOR('',#5463,1.);
#1584=VECTOR('',#5466,1.);
#1585=VECTOR('',#5467,1.);
#1586=VECTOR('',#5468,1.);
#1587=VECTOR('',#5471,1.);
#1588=VECTOR('',#5472,1.);
#1589=VECTOR('',#5473,1.);
#1590=VECTOR('',#5482,1.);
#1591=VECTOR('',#5483,1.);
#1592=VECTOR('',#5484,1.);
#1593=VECTOR('',#5485,1.);
#1594=VECTOR('',#5486,1.);
#1595=VECTOR('',#5487,1.);
#1596=VECTOR('',#5488,1.);
#1597=VECTOR('',#5489,1.);
#1598=VECTOR('',#5492,1.79353334384113);
#1599=VECTOR('',#5531,1.79650535614747);
#1600=VECTOR('',#5534,1.);
#1601=VECTOR('',#5535,1.);
#1602=VECTOR('',#5536,1.);
#1603=VECTOR('',#5539,1.);
#1604=VECTOR('',#5540,1.);
#1605=VECTOR('',#5541,1.);
#1606=VECTOR('',#5542,1.);
#1607=VECTOR('',#5543,1.);
#1608=VECTOR('',#5544,1.);
#1609=VECTOR('',#5545,1.);
#1610=VECTOR('',#5546,1.);
#1611=VECTOR('',#5547,1.);
#1612=VECTOR('',#5548,1.);
#1613=VECTOR('',#5551,1.);
#1614=VECTOR('',#5552,1.);
#1615=VECTOR('',#5557,1.);
#1616=VECTOR('',#5558,1.);
#1617=VECTOR('',#5561,1.);
#1618=VECTOR('',#5562,1.);
#1619=VECTOR('',#5563,1.);
#1620=VECTOR('',#5564,1.);
#1621=VECTOR('',#5565,1.);
#1622=VECTOR('',#5568,1.);
#1623=VECTOR('',#5573,1.);
#1624=VECTOR('',#5574,1.);
#1625=VECTOR('',#5575,1.);
#1626=VECTOR('',#5576,1.);
#1627=VECTOR('',#5579,2.66049577952418);
#1628=VECTOR('',#5580,1.);
#1629=VECTOR('',#5581,1.);
#1630=VECTOR('',#5582,1.);
#1631=VECTOR('',#5587,1.);
#1632=VECTOR('',#5588,1.);
#1633=VECTOR('',#5589,1.);
#1634=VECTOR('',#5590,1.);
#1635=VECTOR('',#5591,1.);
#1636=VECTOR('',#5592,1.);
#1637=VECTOR('',#5595,1.);
#1638=VECTOR('',#5596,1.);
#1639=VECTOR('',#5597,1.);
#1640=VECTOR('',#5598,1.);
#1641=VECTOR('',#5599,1.);
#1642=VECTOR('',#5600,1.);
#1643=VECTOR('',#5601,1.);
#1644=VECTOR('',#5604,1.);
#1645=VECTOR('',#5605,1.);
#1646=VECTOR('',#5608,1.);
#1647=VECTOR('',#5609,1.);
#1648=VECTOR('',#5610,1.);
#1649=VECTOR('',#5613,1.);
#1650=VECTOR('',#5614,1.);
#1651=VECTOR('',#5615,1.);
#1652=VECTOR('',#5616,1.);
#1653=VECTOR('',#5619,1.);
#1654=VECTOR('',#5624,1.);
#1655=VECTOR('',#5629,1.);
#1656=VECTOR('',#5630,1.);
#1657=VECTOR('',#5631,1.);
#1658=VECTOR('',#5632,1.);
#1659=VECTOR('',#5633,1.);
#1660=VECTOR('',#5634,1.);
#1661=VECTOR('',#5637,1.);
#1662=VECTOR('',#5638,1.);
#1663=VECTOR('',#5639,1.);
#1664=VECTOR('',#5640,1.);
#1665=VECTOR('',#5641,1.);
#1666=VECTOR('',#5642,1.);
#1667=VECTOR('',#5645,1.);
#1668=VECTOR('',#5646,1.);
#1669=VECTOR('',#5647,1.);
#1670=VECTOR('',#5648,1.);
#1671=VECTOR('',#5651,1.);
#1672=VECTOR('',#5652,1.);
#1673=VECTOR('',#5655,1.);
#1674=VECTOR('',#5656,1.);
#1675=VECTOR('',#5657,1.);
#1676=VECTOR('',#5658,1.);
#1677=VECTOR('',#5659,1.);
#1678=VECTOR('',#5660,1.);
#1679=VECTOR('',#5661,1.);
#1680=VECTOR('',#5662,1.);
#1681=VECTOR('',#5665,1.);
#1682=VECTOR('',#5666,1.);
#1683=VECTOR('',#5667,1.);
#1684=VECTOR('',#5668,1.);
#1685=VECTOR('',#5669,1.);
#1686=VECTOR('',#5670,1.);
#1687=VECTOR('',#5671,1.);
#1688=VECTOR('',#5672,1.);
#1689=VECTOR('',#5673,1.);
#1690=VECTOR('',#5674,1.61429102701637);
#1691=VECTOR('',#5675,1.);
#1692=VECTOR('',#5676,1.72129331144253);
#1693=VECTOR('',#5677,1.);
#1694=VECTOR('',#5678,1.);
#1695=VECTOR('',#5679,1.6525183696015);
#1696=VECTOR('',#5680,1.);
#1697=VECTOR('',#5681,1.);
#1698=VECTOR('',#5682,1.);
#1699=VECTOR('',#5683,1.55210349034837);
#1700=VECTOR('',#5684,1.);
#1701=VECTOR('',#5685,1.);
#1702=VECTOR('',#5686,1.65248541922105);
#1703=VECTOR('',#5687,1.);
#1704=VECTOR('',#5688,1.72119143249564);
#1705=VECTOR('',#5689,1.);
#1706=VECTOR('',#5690,1.61367269116062);
#1707=VECTOR('',#5691,1.);
#1708=VECTOR('',#5692,1.01770727272516);
#1709=VECTOR('',#5693,1.);
#1710=VECTOR('',#5694,1.);
#1711=VECTOR('',#5695,1.);
#1712=VECTOR('',#5696,1.);
#1713=VECTOR('',#5697,1.);
#1714=VECTOR('',#5700,1.);
#1715=VECTOR('',#5701,1.);
#1716=VECTOR('',#5702,1.);
#1717=VECTOR('',#5705,1.);
#1718=VECTOR('',#5706,1.);
#1719=VECTOR('',#5707,1.);
#1720=VECTOR('',#5710,1.);
#1721=VECTOR('',#5711,1.);
#1722=VECTOR('',#5718,1.);
#1723=VECTOR('',#5719,1.);
#1724=VECTOR('',#5720,1.);
#1725=VECTOR('',#5721,1.);
#1726=VECTOR('',#5724,1.);
#1727=VECTOR('',#5725,1.);
#1728=VECTOR('',#5726,1.);
#1729=VECTOR('',#5729,1.);
#1730=VECTOR('',#5730,1.);
#1731=VECTOR('',#5731,1.);
#1732=VECTOR('',#5748,1.);
#1733=VECTOR('',#5751,1.);
#1734=VECTOR('',#5752,1.);
#1735=VECTOR('',#5753,1.);
#1736=VECTOR('',#5756,1.);
#1737=VECTOR('',#5757,1.);
#1738=VECTOR('',#5760,1.);
#1739=VECTOR('',#5761,1.);
#1740=VECTOR('',#5762,1.);
#1741=VECTOR('',#5765,1.);
#1742=VECTOR('',#5766,1.);
#1743=VECTOR('',#5769,1.);
#1744=VECTOR('',#5770,1.);
#1745=VECTOR('',#5773,1.);
#1746=VECTOR('',#5774,1.);
#1747=VECTOR('',#5775,1.);
#1748=VECTOR('',#5778,1.);
#1749=VECTOR('',#5781,1.);
#1750=VECTOR('',#5790,1.);
#1751=VECTOR('',#5791,1.);
#1752=VECTOR('',#5794,1.);
#1753=VECTOR('',#5795,1.);
#1754=VECTOR('',#5796,1.);
#1755=VECTOR('',#5797,1.);
#1756=VECTOR('',#5800,0.22);
#1757=VECTOR('',#5801,1.);
#1758=VECTOR('',#5802,1.);
#1759=VECTOR('',#5805,1.);
#1760=VECTOR('',#5806,1.);
#1761=VECTOR('',#5809,1.);
#1762=VECTOR('',#5810,1.);
#1763=VECTOR('',#5813,1.);
#1764=VECTOR('',#5814,1.);
#1765=VECTOR('',#5817,1.);
#1766=VECTOR('',#5818,1.);
#1767=VECTOR('',#5819,1.);
#1768=VECTOR('',#5820,1.);
#1769=VECTOR('',#5823,1.);
#1770=VECTOR('',#5824,1.);
#1771=VECTOR('',#5825,1.);
#1772=VECTOR('',#5826,1.);
#1773=VECTOR('',#5827,1.);
#1774=VECTOR('',#5828,1.);
#1775=VECTOR('',#5831,1.);
#1776=VECTOR('',#5834,1.);
#1777=VECTOR('',#5835,1.);
#1778=VECTOR('',#5836,1.);
#1779=VECTOR('',#5839,1.);
#1780=VECTOR('',#5840,1.);
#1781=VECTOR('',#5843,1.);
#1782=VECTOR('',#5850,1.);
#1783=VECTOR('',#5851,1.);
#1784=VECTOR('',#5854,1.);
#1785=VECTOR('',#5855,1.);
#1786=VECTOR('',#5858,1.);
#1787=VECTOR('',#5861,1.);
#1788=VECTOR('',#5864,1.);
#1789=VECTOR('',#5865,1.);
#1790=VECTOR('',#5868,1.);
#1791=VECTOR('',#5873,1.);
#1792=VECTOR('',#5878,1.);
#1793=VECTOR('',#5879,1.);
#1794=VECTOR('',#5880,1.);
#1795=VECTOR('',#5881,1.);
#1796=VECTOR('',#5884,1.);
#1797=VECTOR('',#5885,1.);
#1798=VECTOR('',#5888,1.);
#1799=VECTOR('',#5889,1.);
#1800=VECTOR('',#5890,1.);
#1801=VECTOR('',#5891,1.);
#1802=VECTOR('',#5894,1.);
#1803=VECTOR('',#5895,1.);
#1804=VECTOR('',#5896,1.);
#1805=VECTOR('',#5899,1.);
#1806=VECTOR('',#5900,1.);
#1807=VECTOR('',#5901,1.);
#1808=VECTOR('',#5904,1.);
#1809=VECTOR('',#5905,1.);
#1810=VECTOR('',#5914,1.);
#1811=VECTOR('',#5915,1.);
#1812=VECTOR('',#5916,1.);
#1813=VECTOR('',#5919,1.);
#1814=VECTOR('',#5926,1.);
#1815=VECTOR('',#5929,1.);
#1816=VECTOR('',#5932,1.);
#1817=VECTOR('',#5935,1.);
#1818=VECTOR('',#5936,1.);
#1819=VECTOR('',#5943,1.);
#1820=VECTOR('',#5946,1.);
#1821=VECTOR('',#5949,1.);
#1822=VECTOR('',#5950,1.);
#1823=VECTOR('',#5953,1.);
#1824=VECTOR('',#5956,1.);
#1825=VECTOR('',#5957,1.);
#1826=VECTOR('',#5960,1.);
#1827=VECTOR('',#5961,1.);
#1828=VECTOR('',#5968,0.22);
#1829=VECTOR('',#5969,1.);
#1830=VECTOR('',#5970,1.);
#1831=VECTOR('',#5977,1.);
#1832=VECTOR('',#5980,1.);
#1833=VECTOR('',#5983,1.);
#1834=VECTOR('',#5984,1.);
#1835=VECTOR('',#5985,1.);
#1836=VECTOR('',#5986,1.);
#1837=VECTOR('',#5987,1.);
#1838=VECTOR('',#5988,1.);
#1839=VECTOR('',#5989,1.);
#1840=VECTOR('',#5992,1.);
#1841=VECTOR('',#5993,1.);
#1842=VECTOR('',#5996,1.);
#1843=VECTOR('',#5997,1.);
#1844=VECTOR('',#5998,1.);
#1845=VECTOR('',#6001,1.);
#1846=VECTOR('',#6002,1.);
#1847=VECTOR('',#6003,1.);
#1848=VECTOR('',#6004,1.);
#1849=VECTOR('',#6005,1.);
#1850=VECTOR('',#6006,1.);
#1851=VECTOR('',#6011,0.200000002980232);
#1852=VECTOR('',#6020,0.225);
#1853=VECTOR('',#6023,1.);
#1854=VECTOR('',#6024,1.);
#1855=VECTOR('',#6025,1.);
#1856=VECTOR('',#6028,1.);
#1857=VECTOR('',#6029,1.);
#1858=VECTOR('',#6030,1.);
#1859=VECTOR('',#6031,1.);
#1860=VECTOR('',#6040,1.);
#1861=VECTOR('',#6043,1.);
#1862=VECTOR('',#6044,1.);
#1863=VECTOR('',#6045,1.);
#1864=VECTOR('',#6046,1.);
#1865=VECTOR('',#6049,1.);
#1866=VECTOR('',#6052,1.);
#1867=VECTOR('',#6053,1.);
#1868=VECTOR('',#6056,1.);
#1869=VECTOR('',#6059,1.);
#1870=VECTOR('',#6062,1.);
#1871=VECTOR('',#6065,1.);
#1872=VECTOR('',#6066,1.);
#1873=VECTOR('',#6071,1.);
#1874=VECTOR('',#6076,1.);
#1875=VECTOR('',#6077,1.);
#1876=VECTOR('',#6078,1.);
#1877=VECTOR('',#6079,1.);
#1878=VECTOR('',#6082,1.);
#1879=VECTOR('',#6083,1.);
#1880=VECTOR('',#6084,1.);
#1881=VECTOR('',#6085,1.);
#1882=VECTOR('',#6090,1.);
#1883=VECTOR('',#6095,1.);
#1884=VECTOR('',#6096,1.);
#1885=VECTOR('',#6099,1.);
#1886=VECTOR('',#6102,1.);
#1887=VECTOR('',#6103,1.);
#1888=VECTOR('',#6114,0.35);
#1889=VECTOR('',#6119,1.);
#1890=VECTOR('',#6128,1.);
#1891=VECTOR('',#6131,1.);
#1892=VECTOR('',#6132,2.50770116708933);
#1893=VECTOR('',#6133,2.04227693005463);
#1894=VECTOR('',#6136,1.);
#1895=VECTOR('',#6139,1.);
#1896=VECTOR('',#6140,1.);
#1897=VECTOR('',#6141,1.);
#1898=VECTOR('',#6142,1.);
#1899=VECTOR('',#6143,1.11151162275177);
#1900=VECTOR('',#6144,2.65949299176886);
#1901=VECTOR('',#6145,1.);
#1902=VECTOR('',#6146,1.);
#1903=VECTOR('',#6149,1.);
#1904=VECTOR('',#6150,1.);
#1905=VECTOR('',#6151,1.);
#1906=VECTOR('',#6152,1.);
#1907=VECTOR('',#6155,1.);
#1908=VECTOR('',#6156,1.);
#1909=VECTOR('',#6157,1.);
#1910=VECTOR('',#6158,1.31754177762574);
#1911=VECTOR('',#6159,1.);
#1912=VECTOR('',#6162,1.);
#1913=VECTOR('',#6177,2.97420426303856);
#1914=VECTOR('',#6178,1.);
#1915=VECTOR('',#6179,3.11853460660879);
#1916=VECTOR('',#6180,1.);
#1917=VECTOR('',#6181,2.52029803190145);
#1918=VECTOR('',#6182,2.41736728873938);
#1919=VECTOR('',#6183,2.54716687229072);
#1920=VECTOR('',#6188,1.);
#1921=VECTOR('',#6191,1.);
#1922=VECTOR('',#6192,1.);
#1923=VECTOR('',#6193,2.04235878276703);
#1924=VECTOR('',#6194,2.50937389780151);
#1925=VECTOR('',#6195,1.);
#1926=VECTOR('',#6198,1.);
#1927=VECTOR('',#6201,1.);
#1928=VECTOR('',#6210,1.);
#1929=VECTOR('',#6211,1.);
#1930=VECTOR('',#6212,1.);
#1931=VECTOR('',#6213,1.);
#1932=VECTOR('',#6216,1.);
#1933=VECTOR('',#6219,1.30777476328558);
#1934=VECTOR('',#6220,1.30777476328558);
#1935=VECTOR('',#6221,1.11364921438682);
#1936=VECTOR('',#6222,1.);
#1937=VECTOR('',#6227,2.87057969425467);
#1938=VECTOR('',#6228,1.);
#1939=VECTOR('',#6229,3.02360821603803);
#1940=VECTOR('',#6230,1.);
#1941=VECTOR('',#6231,3.07326021647151);
#1942=VECTOR('',#6232,3.27202926375934);
#1943=VECTOR('',#6233,3.07326028509342);
#1944=VECTOR('',#6234,1.);
#1945=VECTOR('',#6235,3.02360907415387);
#1946=VECTOR('',#6236,1.);
#1947=VECTOR('',#6237,2.87057997803759);
#1948=VECTOR('',#6242,2.54752401805679);
#1949=VECTOR('',#6243,1.);
#1950=VECTOR('',#6244,2.41732227273087);
#1951=VECTOR('',#6245,2.52029738292504);
#1952=VECTOR('',#6246,1.);
#1953=VECTOR('',#6247,3.11853462772);
#1954=VECTOR('',#6248,1.);
#1955=VECTOR('',#6249,2.97420426641981);
#1956=VECTOR('',#6252,1.);
#1957=VECTOR('',#6255,1.);
#1958=VECTOR('',#6258,1.);
#1959=VECTOR('',#6263,1.);
#1960=VECTOR('',#6264,1.);
#1961=VECTOR('',#6265,1.);
#1962=VECTOR('',#6268,1.);
#1963=VECTOR('',#6269,1.);
#1964=VECTOR('',#6270,1.);
#1965=VECTOR('',#6273,1.);
#1966=VECTOR('',#6274,1.);
#1967=VECTOR('',#6275,1.);
#1968=VECTOR('',#6278,1.);
#1969=VECTOR('',#6279,1.);
#1970=VECTOR('',#6280,1.);
#1971=VECTOR('',#6281,1.);
#1972=VECTOR('',#6292,1.);
#1973=VECTOR('',#6293,1.);
#1974=VECTOR('',#6308,1.);
#1975=VECTOR('',#6311,1.);
#1976=VECTOR('',#6312,1.);
#1977=VECTOR('',#6317,0.35);
#1978=VECTOR('',#6322,1.);
#1979=VECTOR('',#6323,1.);
#1980=VECTOR('',#6324,1.);
#1981=VECTOR('',#6327,1.);
#1982=VECTOR('',#6328,1.);
#1983=VECTOR('',#6331,1.);
#1984=VECTOR('',#6332,1.);
#1985=VECTOR('',#6341,0.2);
#1986=VECTOR('',#6346,1.);
#1987=VECTOR('',#6347,1.);
#1988=VECTOR('',#6352,1.);
#1989=VECTOR('',#6353,1.);
#1990=VECTOR('',#6354,1.);
#1991=VECTOR('',#6355,1.);
#1992=VECTOR('',#6358,1.);
#1993=VECTOR('',#6359,1.);
#1994=VECTOR('',#6360,1.);
#1995=VECTOR('',#6363,1.);
#1996=VECTOR('',#6364,1.);
#1997=VECTOR('',#6365,1.);
#1998=VECTOR('',#6368,1.);
#1999=VECTOR('',#6371,1.);
#2000=VECTOR('',#6374,1.);
#2001=VECTOR('',#6375,1.);
#2002=VECTOR('',#6376,1.);
#2003=VECTOR('',#6377,1.);
#2004=VECTOR('',#6378,1.);
#2005=VECTOR('',#6383,1.);
#2006=VECTOR('',#6386,1.);
#2007=VECTOR('',#6387,1.);
#2008=VECTOR('',#6388,1.);
#2009=VECTOR('',#6391,1.);
#2010=VECTOR('',#6402,1.);
#2011=VECTOR('',#6403,1.);
#2012=VECTOR('',#6404,1.);
#2013=VECTOR('',#6407,1.);
#2014=VECTOR('',#6410,1.);
#2015=VECTOR('',#6411,1.);
#2016=VECTOR('',#6412,1.);
#2017=VECTOR('',#6417,1.);
#2018=VECTOR('',#6420,1.);
#2019=VECTOR('',#6421,1.);
#2020=VECTOR('',#6430,1.);
#2021=VECTOR('',#6431,1.);
#2022=VECTOR('',#6432,1.);
#2023=VECTOR('',#6437,1.);
#2024=VECTOR('',#6440,1.);
#2025=VECTOR('',#6451,1.);
#2026=VECTOR('',#6452,1.);
#2027=VECTOR('',#6459,1.);
#2028=VECTOR('',#6462,1.);
#2029=VECTOR('',#6463,1.);
#2030=VECTOR('',#6464,1.);
#2031=VECTOR('',#6469,1.);
#2032=VECTOR('',#6470,1.);
#2033=VECTOR('',#6471,1.);
#2034=VECTOR('',#6474,1.);
#2035=VECTOR('',#6475,1.);
#2036=VECTOR('',#6478,1.);
#2037=VECTOR('',#6479,1.);
#2038=VECTOR('',#6482,1.);
#2039=VECTOR('',#6487,1.);
#2040=VECTOR('',#6488,1.);
#2041=VECTOR('',#6497,1.);
#2042=VECTOR('',#6498,1.);
#2043=VECTOR('',#6499,1.);
#2044=VECTOR('',#6502,1.);
#2045=VECTOR('',#6503,1.);
#2046=VECTOR('',#6504,1.);
#2047=VECTOR('',#6507,1.);
#2048=VECTOR('',#6510,1.);
#2049=VECTOR('',#6515,1.);
#2050=VECTOR('',#6516,1.);
#2051=VECTOR('',#6517,1.);
#2052=VECTOR('',#6520,1.);
#2053=VECTOR('',#6521,1.);
#2054=VECTOR('',#6522,1.);
#2055=VECTOR('',#6525,1.);
#2056=VECTOR('',#6528,1.);
#2057=VERTEX_POINT('',#6533);
#2058=VERTEX_POINT('',#6534);
#2059=VERTEX_POINT('',#6536);
#2060=VERTEX_POINT('',#6538);
#2061=VERTEX_POINT('',#6540);
#2062=VERTEX_POINT('',#6569);
#2063=VERTEX_POINT('',#6572);
#2064=VERTEX_POINT('',#6596);
#2065=VERTEX_POINT('',#6598);
#2066=VERTEX_POINT('',#6603);
#2067=VERTEX_POINT('',#6605);
#2068=VERTEX_POINT('',#6610);
#2069=VERTEX_POINT('',#6611);
#2070=VERTEX_POINT('',#6613);
#2071=VERTEX_POINT('',#6615);
#2072=VERTEX_POINT('',#6619);
#2073=VERTEX_POINT('',#6621);
#2074=VERTEX_POINT('',#6625);
#2075=VERTEX_POINT('',#6629);
#2076=VERTEX_POINT('',#6631);
#2077=VERTEX_POINT('',#6635);
#2078=VERTEX_POINT('',#6636);
#2079=VERTEX_POINT('',#6638);
#2080=VERTEX_POINT('',#6640);
#2081=VERTEX_POINT('',#6642);
#2082=VERTEX_POINT('',#6644);
#2083=VERTEX_POINT('',#6646);
#2084=VERTEX_POINT('',#6648);
#2085=VERTEX_POINT('',#6650);
#2086=VERTEX_POINT('',#6652);
#2087=VERTEX_POINT('',#6654);
#2088=VERTEX_POINT('',#6656);
#2089=VERTEX_POINT('',#6658);
#2090=VERTEX_POINT('',#6660);
#2091=VERTEX_POINT('',#6662);
#2092=VERTEX_POINT('',#6664);
#2093=VERTEX_POINT('',#6666);
#2094=VERTEX_POINT('',#6668);
#2095=VERTEX_POINT('',#6670);
#2096=VERTEX_POINT('',#6672);
#2097=VERTEX_POINT('',#6674);
#2098=VERTEX_POINT('',#6676);
#2099=VERTEX_POINT('',#6678);
#2100=VERTEX_POINT('',#6680);
#2101=VERTEX_POINT('',#6682);
#2102=VERTEX_POINT('',#6684);
#2103=VERTEX_POINT('',#6686);
#2104=VERTEX_POINT('',#6688);
#2105=VERTEX_POINT('',#6690);
#2106=VERTEX_POINT('',#6692);
#2107=VERTEX_POINT('',#6694);
#2108=VERTEX_POINT('',#6705);
#2109=VERTEX_POINT('',#6707);
#2110=VERTEX_POINT('',#6709);
#2111=VERTEX_POINT('',#6711);
#2112=VERTEX_POINT('',#6713);
#2113=VERTEX_POINT('',#6715);
#2114=VERTEX_POINT('',#6717);
#2115=VERTEX_POINT('',#6719);
#2116=VERTEX_POINT('',#6730);
#2117=VERTEX_POINT('',#6732);
#2118=VERTEX_POINT('',#6734);
#2119=VERTEX_POINT('',#6736);
#2120=VERTEX_POINT('',#6738);
#2121=VERTEX_POINT('',#6740);
#2122=VERTEX_POINT('',#6744);
#2123=VERTEX_POINT('',#6745);
#2124=VERTEX_POINT('',#6747);
#2125=VERTEX_POINT('',#6749);
#2126=VERTEX_POINT('',#6753);
#2127=VERTEX_POINT('',#6754);
#2128=VERTEX_POINT('',#6756);
#2129=VERTEX_POINT('',#6758);
#2130=VERTEX_POINT('',#6762);
#2131=VERTEX_POINT('',#6764);
#2132=VERTEX_POINT('',#6768);
#2133=VERTEX_POINT('',#6770);
#2134=VERTEX_POINT('',#6777);
#2135=VERTEX_POINT('',#6779);
#2136=VERTEX_POINT('',#6782);
#2137=VERTEX_POINT('',#6784);
#2138=VERTEX_POINT('',#6786);
#2139=VERTEX_POINT('',#6788);
#2140=VERTEX_POINT('',#6790);
#2141=VERTEX_POINT('',#6811);
#2142=VERTEX_POINT('',#6813);
#2143=VERTEX_POINT('',#6815);
#2144=VERTEX_POINT('',#6817);
#2145=VERTEX_POINT('',#6819);
#2146=VERTEX_POINT('',#6821);
#2147=VERTEX_POINT('',#6823);
#2148=VERTEX_POINT('',#6825);
#2149=VERTEX_POINT('',#6827);
#2150=VERTEX_POINT('',#6829);
#2151=VERTEX_POINT('',#6831);
#2152=VERTEX_POINT('',#6833);
#2153=VERTEX_POINT('',#6835);
#2154=VERTEX_POINT('',#6837);
#2155=VERTEX_POINT('',#6839);
#2156=VERTEX_POINT('',#6841);
#2157=VERTEX_POINT('',#6843);
#2158=VERTEX_POINT('',#6862);
#2159=VERTEX_POINT('',#6872);
#2160=VERTEX_POINT('',#6874);
#2161=VERTEX_POINT('',#6878);
#2162=VERTEX_POINT('',#6880);
#2163=VERTEX_POINT('',#6883);
#2164=VERTEX_POINT('',#6885);
#2165=VERTEX_POINT('',#6888);
#2166=VERTEX_POINT('',#6889);
#2167=VERTEX_POINT('',#6891);
#2168=VERTEX_POINT('',#6893);
#2169=VERTEX_POINT('',#6897);
#2170=VERTEX_POINT('',#6902);
#2171=VERTEX_POINT('',#6904);
#2172=VERTEX_POINT('',#6906);
#2173=VERTEX_POINT('',#6908);
#2174=VERTEX_POINT('',#6911);
#2175=VERTEX_POINT('',#6913);
#2176=VERTEX_POINT('',#6917);
#2177=VERTEX_POINT('',#6918);
#2178=VERTEX_POINT('',#6949);
#2179=VERTEX_POINT('',#6951);
#2180=VERTEX_POINT('',#6959);
#2181=VERTEX_POINT('',#6967);
#2182=VERTEX_POINT('',#6969);
#2183=VERTEX_POINT('',#6972);
#2184=VERTEX_POINT('',#6973);
#2185=VERTEX_POINT('',#6978);
#2186=VERTEX_POINT('',#6983);
#2187=VERTEX_POINT('',#7021);
#2188=VERTEX_POINT('',#7026);
#2189=VERTEX_POINT('',#7031);
#2190=VERTEX_POINT('',#7036);
#2191=VERTEX_POINT('',#7041);
#2192=VERTEX_POINT('',#7046);
#2193=VERTEX_POINT('',#7051);
#2194=VERTEX_POINT('',#7062);
#2195=VERTEX_POINT('',#7064);
#2196=VERTEX_POINT('',#7066);
#2197=VERTEX_POINT('',#7068);
#2198=VERTEX_POINT('',#7070);
#2199=VERTEX_POINT('',#7074);
#2200=VERTEX_POINT('',#7076);
#2201=VERTEX_POINT('',#7078);
#2202=VERTEX_POINT('',#7080);
#2203=VERTEX_POINT('',#7082);
#2204=VERTEX_POINT('',#7084);
#2205=VERTEX_POINT('',#7088);
#2206=VERTEX_POINT('',#7092);
#2207=VERTEX_POINT('',#7094);
#2208=VERTEX_POINT('',#7098);
#2209=VERTEX_POINT('',#7100);
#2210=VERTEX_POINT('',#7102);
#2211=VERTEX_POINT('',#7106);
#2212=VERTEX_POINT('',#7108);
#2213=VERTEX_POINT('',#7130);
#2214=VERTEX_POINT('',#7132);
#2215=VERTEX_POINT('',#7139);
#2216=VERTEX_POINT('',#7141);
#2217=VERTEX_POINT('',#7143);
#2218=VERTEX_POINT('',#7145);
#2219=VERTEX_POINT('',#7147);
#2220=VERTEX_POINT('',#7151);
#2221=VERTEX_POINT('',#7153);
#2222=VERTEX_POINT('',#7155);
#2223=VERTEX_POINT('',#7157);
#2224=VERTEX_POINT('',#7159);
#2225=VERTEX_POINT('',#7163);
#2226=VERTEX_POINT('',#7165);
#2227=VERTEX_POINT('',#7167);
#2228=VERTEX_POINT('',#7171);
#2229=VERTEX_POINT('',#7175);
#2230=VERTEX_POINT('',#7177);
#2231=VERTEX_POINT('',#7179);
#2232=VERTEX_POINT('',#7181);
#2233=VERTEX_POINT('',#7183);
#2234=VERTEX_POINT('',#7185);
#2235=VERTEX_POINT('',#7187);
#2236=VERTEX_POINT('',#7191);
#2237=VERTEX_POINT('',#7193);
#2238=VERTEX_POINT('',#7195);
#2239=VERTEX_POINT('',#7197);
#2240=VERTEX_POINT('',#7199);
#2241=VERTEX_POINT('',#7201);
#2242=VERTEX_POINT('',#7203);
#2243=VERTEX_POINT('',#7205);
#2244=VERTEX_POINT('',#7224);
#2245=VERTEX_POINT('',#7225);
#2246=VERTEX_POINT('',#7227);
#2247=VERTEX_POINT('',#7229);
#2248=VERTEX_POINT('',#7248);
#2249=VERTEX_POINT('',#7250);
#2250=VERTEX_POINT('',#7252);
#2251=VERTEX_POINT('',#7271);
#2252=VERTEX_POINT('',#7273);
#2253=VERTEX_POINT('',#7292);
#2254=VERTEX_POINT('',#7294);
#2255=VERTEX_POINT('',#7313);
#2256=VERTEX_POINT('',#7314);
#2257=VERTEX_POINT('',#7316);
#2258=VERTEX_POINT('',#7318);
#2259=VERTEX_POINT('',#7338);
#2260=VERTEX_POINT('',#7341);
#2261=VERTEX_POINT('',#7348);
#2262=VERTEX_POINT('',#7350);
#2263=VERTEX_POINT('',#7352);
#2264=VERTEX_POINT('',#7354);
#2265=VERTEX_POINT('',#7382);
#2266=VERTEX_POINT('',#7383);
#2267=VERTEX_POINT('',#7388);
#2268=VERTEX_POINT('',#7390);
#2269=VERTEX_POINT('',#7394);
#2270=VERTEX_POINT('',#7398);
#2271=VERTEX_POINT('',#7401);
#2272=VERTEX_POINT('',#7402);
#2273=VERTEX_POINT('',#7404);
#2274=VERTEX_POINT('',#7406);
#2275=VERTEX_POINT('',#7410);
#2276=VERTEX_POINT('',#7411);
#2277=VERTEX_POINT('',#7413);
#2278=VERTEX_POINT('',#7417);
#2279=VERTEX_POINT('',#7418);
#2280=VERTEX_POINT('',#7420);
#2281=VERTEX_POINT('',#7424);
#2282=VERTEX_POINT('',#7425);
#2283=VERTEX_POINT('',#7427);
#2284=VERTEX_POINT('',#7431);
#2285=VERTEX_POINT('',#7432);
#2286=VERTEX_POINT('',#7434);
#2287=VERTEX_POINT('',#7436);
#2288=VERTEX_POINT('',#7440);
#2289=VERTEX_POINT('',#7442);
#2290=VERTEX_POINT('',#7446);
#2291=VERTEX_POINT('',#7450);
#2292=VERTEX_POINT('',#7451);
#2293=VERTEX_POINT('',#7456);
#2294=VERTEX_POINT('',#7460);
#2295=VERTEX_POINT('',#7464);
#2296=VERTEX_POINT('',#7465);
#2297=VERTEX_POINT('',#7470);
#2298=VERTEX_POINT('',#7471);
#2299=VERTEX_POINT('',#7473);
#2300=VERTEX_POINT('',#7475);
#2301=VERTEX_POINT('',#7479);
#2302=VERTEX_POINT('',#7483);
#2303=VERTEX_POINT('',#7489);
#2304=VERTEX_POINT('',#7493);
#2305=VERTEX_POINT('',#7494);
#2306=VERTEX_POINT('',#7496);
#2307=VERTEX_POINT('',#7498);
#2308=VERTEX_POINT('',#7502);
#2309=VERTEX_POINT('',#7504);
#2310=VERTEX_POINT('',#7508);
#2311=VERTEX_POINT('',#7512);
#2312=VERTEX_POINT('',#7516);
#2313=VERTEX_POINT('',#7520);
#2314=VERTEX_POINT('',#7521);
#2315=VERTEX_POINT('',#7523);
#2316=VERTEX_POINT('',#7525);
#2317=VERTEX_POINT('',#7527);
#2318=VERTEX_POINT('',#7529);
#2319=VERTEX_POINT('',#7531);
#2320=VERTEX_POINT('',#7533);
#2321=VERTEX_POINT('',#7535);
#2322=VERTEX_POINT('',#7537);
#2323=VERTEX_POINT('',#7539);
#2324=VERTEX_POINT('',#7541);
#2325=VERTEX_POINT('',#7543);
#2326=VERTEX_POINT('',#7547);
#2327=VERTEX_POINT('',#7549);
#2328=VERTEX_POINT('',#7553);
#2329=VERTEX_POINT('',#7557);
#2330=VERTEX_POINT('',#7563);
#2331=VERTEX_POINT('',#7569);
#2332=VERTEX_POINT('',#7573);
#2333=VERTEX_POINT('',#7574);
#2334=VERTEX_POINT('',#7582);
#2335=VERTEX_POINT('',#7589);
#2336=VERTEX_POINT('',#7596);
#2337=VERTEX_POINT('',#7600);
#2338=VERTEX_POINT('',#7601);
#2339=VERTEX_POINT('',#7611);
#2340=VERTEX_POINT('',#7638);
#2341=VERTEX_POINT('',#7650);
#2342=VERTEX_POINT('',#7652);
#2343=VERTEX_POINT('',#7654);
#2344=VERTEX_POINT('',#7658);
#2345=VERTEX_POINT('',#7662);
#2346=VERTEX_POINT('',#7663);
#2347=VERTEX_POINT('',#7665);
#2348=VERTEX_POINT('',#7667);
#2349=VERTEX_POINT('',#7671);
#2350=VERTEX_POINT('',#7673);
#2351=VERTEX_POINT('',#7677);
#2352=VERTEX_POINT('',#7679);
#2353=VERTEX_POINT('',#7683);
#2354=VERTEX_POINT('',#7685);
#2355=VERTEX_POINT('',#7691);
#2356=VERTEX_POINT('',#7693);
#2357=VERTEX_POINT('',#7700);
#2358=VERTEX_POINT('',#7704);
#2359=VERTEX_POINT('',#7710);
#2360=VERTEX_POINT('',#7718);
#2361=VERTEX_POINT('',#7728);
#2362=VERTEX_POINT('',#7735);
#2363=VERTEX_POINT('',#7736);
#2364=VERTEX_POINT('',#7758);
#2365=VERTEX_POINT('',#7764);
#2366=VERTEX_POINT('',#7773);
#2367=VERTEX_POINT('',#7778);
#2368=VERTEX_POINT('',#7780);
#2369=VERTEX_POINT('',#7786);
#2370=VERTEX_POINT('',#7787);
#2371=VERTEX_POINT('',#7798);
#2372=VERTEX_POINT('',#7800);
#2373=VERTEX_POINT('',#7802);
#2374=VERTEX_POINT('',#7809);
#2375=VERTEX_POINT('',#7813);
#2376=VERTEX_POINT('',#7815);
#2377=VERTEX_POINT('',#7821);
#2378=VERTEX_POINT('',#7822);
#2379=VERTEX_POINT('',#7824);
#2380=VERTEX_POINT('',#7826);
#2381=VERTEX_POINT('',#7829);
#2382=VERTEX_POINT('',#7832);
#2383=VERTEX_POINT('',#7836);
#2384=VERTEX_POINT('',#7841);
#2385=VERTEX_POINT('',#7843);
#2386=VERTEX_POINT('',#7847);
#2387=VERTEX_POINT('',#7848);
#2388=VERTEX_POINT('',#7850);
#2389=VERTEX_POINT('',#7852);
#2390=VERTEX_POINT('',#7861);
#2391=VERTEX_POINT('',#7863);
#2392=VERTEX_POINT('',#7879);
#2393=VERTEX_POINT('',#7887);
#2394=VERTEX_POINT('',#7888);
#2395=VERTEX_POINT('',#7890);
#2396=VERTEX_POINT('',#7892);
#2397=VERTEX_POINT('',#7896);
#2398=VERTEX_POINT('',#7897);
#2399=VERTEX_POINT('',#7899);
#2400=VERTEX_POINT('',#7901);
#2401=VERTEX_POINT('',#7905);
#2402=VERTEX_POINT('',#7907);
#2403=VERTEX_POINT('',#7919);
#2404=VERTEX_POINT('',#7920);
#2405=VERTEX_POINT('',#7922);
#2406=VERTEX_POINT('',#7924);
#2407=VERTEX_POINT('',#7926);
#2408=VERTEX_POINT('',#7928);
#2409=VERTEX_POINT('',#7931);
#2410=VERTEX_POINT('',#7933);
#2411=VERTEX_POINT('',#7958);
#2412=VERTEX_POINT('',#7959);
#2413=VERTEX_POINT('',#7965);
#2414=VERTEX_POINT('',#7976);
#2415=VERTEX_POINT('',#7977);
#2416=VERTEX_POINT('',#7979);
#2417=VERTEX_POINT('',#7998);
#2418=VERTEX_POINT('',#7999);
#2419=VERTEX_POINT('',#8012);
#2420=VERTEX_POINT('',#8014);
#2421=VERTEX_POINT('',#8036);
#2422=VERTEX_POINT('',#8044);
#2423=VERTEX_POINT('',#8052);
#2424=VERTEX_POINT('',#8058);
#2425=VERTEX_POINT('',#8063);
#2426=VERTEX_POINT('',#8068);
#2427=VERTEX_POINT('',#8070);
#2428=VERTEX_POINT('',#8108);
#2429=VERTEX_POINT('',#8109);
#2430=VERTEX_POINT('',#8121);
#2431=VERTEX_POINT('',#8156);
#2432=VERTEX_POINT('',#8212);
#2433=VERTEX_POINT('',#8214);
#2434=VERTEX_POINT('',#8253);
#2435=VERTEX_POINT('',#8254);
#2436=VERTEX_POINT('',#8257);
#2437=VERTEX_POINT('',#8268);
#2438=VERTEX_POINT('',#8293);
#2439=VERTEX_POINT('',#8294);
#2440=VERTEX_POINT('',#8300);
#2441=VERTEX_POINT('',#8334);
#2442=VERTEX_POINT('',#8336);
#2443=VERTEX_POINT('',#8338);
#2444=VERTEX_POINT('',#8347);
#2445=VERTEX_POINT('',#8349);
#2446=VERTEX_POINT('',#8360);
#2447=VERTEX_POINT('',#8361);
#2448=VERTEX_POINT('',#8401);
#2449=VERTEX_POINT('',#8492);
#2450=VERTEX_POINT('',#8494);
#2451=VERTEX_POINT('',#8513);
#2452=VERTEX_POINT('',#8584);
#2453=VERTEX_POINT('',#8603);
#2454=VERTEX_POINT('',#8676);
#2455=VERTEX_POINT('',#8678);
#2456=VERTEX_POINT('',#8732);
#2457=VERTEX_POINT('',#8825);
#2458=VERTEX_POINT('',#8830);
#2459=VERTEX_POINT('',#8832);
#2460=VERTEX_POINT('',#8836);
#2461=VERTEX_POINT('',#8838);
#2462=VERTEX_POINT('',#8842);
#2463=VERTEX_POINT('',#8843);
#2464=VERTEX_POINT('',#8846);
#2465=VERTEX_POINT('',#8850);
#2466=VERTEX_POINT('',#8851);
#2467=VERTEX_POINT('',#8855);
#2468=VERTEX_POINT('',#8857);
#2469=VERTEX_POINT('',#8859);
#2470=VERTEX_POINT('',#8865);
#2471=VERTEX_POINT('',#8867);
#2472=VERTEX_POINT('',#8871);
#2473=VERTEX_POINT('',#8897);
#2474=VERTEX_POINT('',#8898);
#2475=VERTEX_POINT('',#8903);
#2476=VERTEX_POINT('',#8925);
#2477=VERTEX_POINT('',#8933);
#2478=VERTEX_POINT('',#8938);
#2479=VERTEX_POINT('',#8942);
#2480=VERTEX_POINT('',#8946);
#2481=VERTEX_POINT('',#8948);
#2482=VERTEX_POINT('',#8950);
#2483=VERTEX_POINT('',#8992);
#2484=VERTEX_POINT('',#9012);
#2485=VERTEX_POINT('',#9039);
#2486=VERTEX_POINT('',#9040);
#2487=VERTEX_POINT('',#9045);
#2488=VERTEX_POINT('',#9047);
#2489=VERTEX_POINT('',#9056);
#2490=VERTEX_POINT('',#9062);
#2491=VERTEX_POINT('',#9064);
#2492=VERTEX_POINT('',#9068);
#2493=VERTEX_POINT('',#9075);
#2494=VERTEX_POINT('',#9076);
#2495=VERTEX_POINT('',#9078);
#2496=VERTEX_POINT('',#9081);
#2497=VERTEX_POINT('',#9096);
#2498=VERTEX_POINT('',#9105);
#2499=VERTEX_POINT('',#9114);
#2500=VERTEX_POINT('',#9116);
#2501=VERTEX_POINT('',#9121);
#2502=VERTEX_POINT('',#9128);
#2503=VERTEX_POINT('',#9130);
#2504=VERTEX_POINT('',#9143);
#2505=VERTEX_POINT('',#9149);
#2506=VERTEX_POINT('',#9150);
#2507=VERTEX_POINT('',#9155);
#2508=VERTEX_POINT('',#9159);
#2509=VERTEX_POINT('',#9166);
#2510=VERTEX_POINT('',#9167);
#2511=VERTEX_POINT('',#9172);
#2512=VERTEX_POINT('',#9231);
#2513=VERTEX_POINT('',#9245);
#2514=VERTEX_POINT('',#9304);
#2515=VERTEX_POINT('',#9306);
#2516=VERTEX_POINT('',#9313);
#2517=VERTEX_POINT('',#9327);
#2518=VERTEX_POINT('',#9329);
#2519=VERTEX_POINT('',#9336);
#2520=VERTEX_POINT('',#9349);
#2521=VERTEX_POINT('',#9351);
#2522=VERTEX_POINT('',#9355);
#2523=VERTEX_POINT('',#9357);
#2524=VERTEX_POINT('',#9366);
#2525=VERTEX_POINT('',#9368);
#2526=VERTEX_POINT('',#9372);
#2527=VERTEX_POINT('',#9373);
#2528=EDGE_CURVE('',#2057,#2058,#985,.T.);
#2529=EDGE_CURVE('',#2059,#2057,#910,.T.);
#2530=EDGE_CURVE('',#2059,#2060,#873,.T.);
#2531=EDGE_CURVE('',#2060,#2061,#804,.T.);
#2532=EDGE_CURVE('',#2061,#2062,#986,.T.);
#2533=EDGE_CURVE('',#2062,#2062,#911,.T.);
#2534=EDGE_CURVE('',#2061,#2063,#805,.T.);
#2535=EDGE_CURVE('',#2063,#2058,#874,.T.);
#2536=EDGE_CURVE('',#2064,#2064,#912,.T.);
#2537=EDGE_CURVE('',#2064,#2065,#987,.T.);
#2538=EDGE_CURVE('',#2065,#2065,#913,.T.);
#2539=EDGE_CURVE('',#2066,#2066,#914,.T.);
#2540=EDGE_CURVE('',#2066,#2067,#988,.T.);
#2541=EDGE_CURVE('',#2067,#2067,#915,.T.);
#2542=EDGE_CURVE('',#2068,#2069,#989,.T.);
#2543=EDGE_CURVE('',#2068,#2070,#990,.T.);
#2544=EDGE_CURVE('',#2070,#2071,#991,.T.);
#2545=EDGE_CURVE('',#2069,#2071,#992,.T.);
#2546=EDGE_CURVE('',#2069,#2072,#993,.T.);
#2547=EDGE_CURVE('',#2071,#2073,#994,.T.);
#2548=EDGE_CURVE('',#2072,#2073,#995,.T.);
#2549=EDGE_CURVE('',#2074,#2070,#996,.T.);
#2550=EDGE_CURVE('',#2073,#2074,#997,.T.);
#2551=EDGE_CURVE('',#2075,#2075,#916,.T.);
#2552=EDGE_CURVE('',#2075,#2076,#998,.T.);
#2553=EDGE_CURVE('',#2076,#2076,#917,.T.);
#2554=EDGE_CURVE('',#2077,#2078,#999,.T.);
#2555=EDGE_CURVE('',#2078,#2079,#1000,.T.);
#2556=EDGE_CURVE('',#2079,#2080,#1001,.T.);
#2557=EDGE_CURVE('',#2081,#2080,#1002,.T.);
#2558=EDGE_CURVE('',#2082,#2081,#1003,.T.);
#2559=EDGE_CURVE('',#2083,#2082,#1004,.T.);
#2560=EDGE_CURVE('',#2084,#2083,#1005,.T.);
#2561=EDGE_CURVE('',#2085,#2084,#1006,.T.);
#2562=EDGE_CURVE('',#2085,#2086,#1007,.T.);
#2563=EDGE_CURVE('',#2087,#2086,#1008,.T.);
#2564=EDGE_CURVE('',#2088,#2087,#918,.T.);
#2565=EDGE_CURVE('',#2089,#2088,#919,.T.);
#2566=EDGE_CURVE('',#2090,#2089,#1009,.T.);
#2567=EDGE_CURVE('',#2090,#2091,#1010,.T.);
#2568=EDGE_CURVE('',#2092,#2091,#1011,.T.);
#2569=EDGE_CURVE('',#2092,#2093,#1012,.T.);
#2570=EDGE_CURVE('',#2094,#2093,#1013,.T.);
#2571=EDGE_CURVE('',#2095,#2094,#1014,.T.);
#2572=EDGE_CURVE('',#2096,#2095,#1015,.T.);
#2573=EDGE_CURVE('',#2096,#2097,#1016,.T.);
#2574=EDGE_CURVE('',#2097,#2098,#1017,.T.);
#2575=EDGE_CURVE('',#2098,#2099,#1018,.T.);
#2576=EDGE_CURVE('',#2099,#2100,#1019,.T.);
#2577=EDGE_CURVE('',#2100,#2101,#1020,.T.);
#2578=EDGE_CURVE('',#2102,#2101,#1021,.T.);
#2579=EDGE_CURVE('',#2103,#2102,#1022,.T.);
#2580=EDGE_CURVE('',#2104,#2103,#1023,.T.);
#2581=EDGE_CURVE('',#2105,#2104,#1024,.T.);
#2582=EDGE_CURVE('',#2106,#2105,#1025,.T.);
#2583=EDGE_CURVE('',#2107,#2106,#806,.T.);
#2584=EDGE_CURVE('',#2107,#2108,#1026,.T.);
#2585=EDGE_CURVE('',#2108,#2109,#1027,.T.);
#2586=EDGE_CURVE('',#2109,#2110,#1028,.T.);
#2587=EDGE_CURVE('',#2111,#2110,#1029,.T.);
#2588=EDGE_CURVE('',#2112,#2111,#1030,.T.);
#2589=EDGE_CURVE('',#2113,#2112,#1031,.T.);
#2590=EDGE_CURVE('',#2114,#2113,#1032,.T.);
#2591=EDGE_CURVE('',#2115,#2114,#807,.T.);
#2592=EDGE_CURVE('',#2116,#2115,#1033,.T.);
#2593=EDGE_CURVE('',#2117,#2116,#1034,.T.);
#2594=EDGE_CURVE('',#2118,#2117,#1035,.T.);
#2595=EDGE_CURVE('',#2119,#2118,#1036,.T.);
#2596=EDGE_CURVE('',#2120,#2119,#1037,.T.);
#2597=EDGE_CURVE('',#2121,#2120,#1038,.T.);
#2598=EDGE_CURVE('',#2077,#2121,#1039,.T.);
#2599=EDGE_CURVE('',#2122,#2123,#1040,.T.);
#2600=EDGE_CURVE('',#2124,#2122,#1041,.T.);
#2601=EDGE_CURVE('',#2125,#2124,#1042,.T.);
#2602=EDGE_CURVE('',#2123,#2125,#1043,.T.);
#2603=EDGE_CURVE('',#2126,#2127,#1044,.T.);
#2604=EDGE_CURVE('',#2128,#2126,#1045,.T.);
#2605=EDGE_CURVE('',#2129,#2128,#1046,.T.);
#2606=EDGE_CURVE('',#2127,#2129,#1047,.T.);
#2607=EDGE_CURVE('',#2130,#2122,#1048,.T.);
#2608=EDGE_CURVE('',#2131,#2130,#1049,.T.);
#2609=EDGE_CURVE('',#2124,#2131,#1050,.T.);
#2610=EDGE_CURVE('',#2132,#2118,#1051,.T.);
#2611=EDGE_CURVE('',#2132,#2133,#1052,.T.);
#2612=EDGE_CURVE('',#2133,#2119,#1053,.T.);
#2613=EDGE_CURVE('',#2117,#2126,#920,.T.);
#2614=EDGE_CURVE('',#2128,#2116,#921,.T.);
#2615=EDGE_CURVE('',#2131,#2134,#1054,.T.);
#2616=EDGE_CURVE('',#2134,#2135,#1055,.T.);
#2617=EDGE_CURVE('',#2135,#2129,#1056,.T.);
#2618=EDGE_CURVE('',#2115,#2136,#1057,.T.);
#2619=EDGE_CURVE('',#2136,#2137,#1058,.T.);
#2620=EDGE_CURVE('',#2137,#2138,#1059,.T.);
#2621=EDGE_CURVE('',#2138,#2139,#1060,.T.);
#2622=EDGE_CURVE('',#2139,#2140,#1061,.T.);
#2623=EDGE_CURVE('',#2140,#2125,#922,.T.);
#2624=EDGE_CURVE('',#2136,#2114,#1062,.T.);
#2625=EDGE_CURVE('',#2141,#2110,#923,.T.);
#2626=EDGE_CURVE('',#2142,#2141,#924,.T.);
#2627=EDGE_CURVE('',#2143,#2142,#925,.T.);
#2628=EDGE_CURVE('',#2144,#2143,#926,.T.);
#2629=EDGE_CURVE('',#2145,#2144,#927,.T.);
#2630=EDGE_CURVE('',#2146,#2145,#928,.T.);
#2631=EDGE_CURVE('',#2147,#2146,#929,.T.);
#2632=EDGE_CURVE('',#2148,#2147,#930,.T.);
#2633=EDGE_CURVE('',#2149,#2148,#931,.T.);
#2634=EDGE_CURVE('',#2150,#2149,#932,.T.);
#2635=EDGE_CURVE('',#2151,#2150,#933,.T.);
#2636=EDGE_CURVE('',#2152,#2151,#934,.T.);
#2637=EDGE_CURVE('',#2153,#2152,#935,.T.);
#2638=EDGE_CURVE('',#2154,#2153,#936,.T.);
#2639=EDGE_CURVE('',#2155,#2154,#937,.T.);
#2640=EDGE_CURVE('',#2156,#2155,#938,.T.);
#2641=EDGE_CURVE('',#2157,#2156,#939,.T.);
#2642=EDGE_CURVE('',#2111,#2157,#940,.T.);
#2643=EDGE_CURVE('',#2106,#2158,#808,.T.);
#2644=EDGE_CURVE('',#2158,#2107,#1063,.T.);
#2645=EDGE_CURVE('',#2103,#2159,#1064,.T.);
#2646=EDGE_CURVE('',#2160,#2159,#1065,.T.);
#2647=EDGE_CURVE('',#2104,#2160,#1066,.T.);
#2648=EDGE_CURVE('',#2161,#2133,#1067,.T.);
#2649=EDGE_CURVE('',#2162,#2161,#1068,.T.);
#2650=EDGE_CURVE('',#2159,#2162,#1069,.T.);
#2651=EDGE_CURVE('',#2102,#2163,#1070,.T.);
#2652=EDGE_CURVE('',#2163,#2164,#1071,.T.);
#2653=EDGE_CURVE('',#2164,#2120,#1072,.T.);
#2654=EDGE_CURVE('',#2165,#2166,#1073,.T.);
#2655=EDGE_CURVE('',#2166,#2167,#1074,.T.);
#2656=EDGE_CURVE('',#2167,#2168,#1075,.T.);
#2657=EDGE_CURVE('',#2168,#2165,#1076,.T.);
#2658=EDGE_CURVE('',#2101,#2169,#1077,.T.);
#2659=EDGE_CURVE('',#2163,#2169,#1078,.T.);
#2660=EDGE_CURVE('',#2123,#2105,#941,.T.);
#2661=EDGE_CURVE('',#2160,#2170,#1079,.T.);
#2662=EDGE_CURVE('',#2170,#2171,#1080,.T.);
#2663=EDGE_CURVE('',#2171,#2172,#942,.T.);
#2664=EDGE_CURVE('',#2172,#2173,#1081,.T.);
#2665=EDGE_CURVE('',#2173,#2132,#1082,.T.);
#2666=EDGE_CURVE('',#2127,#2174,#1083,.T.);
#2667=EDGE_CURVE('',#2174,#2175,#1084,.T.);
#2668=EDGE_CURVE('',#2175,#2130,#1085,.T.);
#2669=EDGE_CURVE('',#2176,#2177,#1086,.T.);
#2670=EDGE_CURVE('',#2177,#2176,#943,.T.);
#2671=EDGE_CURVE('',#2171,#2177,#1087,.T.);
#2672=EDGE_CURVE('',#2170,#2162,#1088,.T.);
#2673=EDGE_CURVE('',#2161,#2173,#1089,.T.);
#2674=EDGE_CURVE('',#2172,#2176,#1090,.T.);
#2675=EDGE_CURVE('',#2140,#2158,#809,.T.);
#2676=EDGE_CURVE('',#2178,#2139,#1091,.F.);
#2677=EDGE_CURVE('',#2179,#2178,#810,.F.);
#2678=EDGE_CURVE('',#2179,#2180,#811,.T.);
#2679=EDGE_CURVE('',#2181,#2180,#1092,.T.);
#2680=EDGE_CURVE('',#2182,#2181,#1093,.T.);
#2681=EDGE_CURVE('',#2107,#2182,#1094,.T.);
#2682=EDGE_CURVE('',#2183,#2184,#812,.F.);
#2683=EDGE_CURVE('',#2184,#2185,#813,.T.);
#2684=EDGE_CURVE('',#2185,#2186,#814,.T.);
#2685=EDGE_CURVE('',#2186,#2187,#815,.T.);
#2686=EDGE_CURVE('',#2187,#2188,#816,.T.);
#2687=EDGE_CURVE('',#2188,#2189,#817,.T.);
#2688=EDGE_CURVE('',#2189,#2190,#818,.T.);
#2689=EDGE_CURVE('',#2190,#2191,#819,.T.);
#2690=EDGE_CURVE('',#2191,#2192,#820,.T.);
#2691=EDGE_CURVE('',#2192,#2193,#821,.T.);
#2692=EDGE_CURVE('',#2193,#2183,#822,.T.);
#2693=EDGE_CURVE('',#2194,#2091,#1095,.T.);
#2694=EDGE_CURVE('',#2194,#2195,#1096,.T.);
#2695=EDGE_CURVE('',#2195,#2196,#1097,.T.);
#2696=EDGE_CURVE('',#2197,#2196,#1098,.T.);
#2697=EDGE_CURVE('',#2198,#2197,#1099,.T.);
#2698=EDGE_CURVE('',#2092,#2198,#1100,.T.);
#2699=EDGE_CURVE('',#2199,#2089,#1101,.T.);
#2700=EDGE_CURVE('',#2199,#2200,#1102,.T.);
#2701=EDGE_CURVE('',#2200,#2201,#1103,.T.);
#2702=EDGE_CURVE('',#2201,#2202,#1104,.T.);
#2703=EDGE_CURVE('',#2202,#2203,#1105,.T.);
#2704=EDGE_CURVE('',#2203,#2204,#1106,.T.);
#2705=EDGE_CURVE('',#2090,#2204,#1107,.T.);
#2706=EDGE_CURVE('',#2205,#2164,#1108,.T.);
#2707=EDGE_CURVE('',#2205,#2121,#1109,.T.);
#2708=EDGE_CURVE('',#2206,#2094,#1110,.T.);
#2709=EDGE_CURVE('',#2206,#2207,#1111,.T.);
#2710=EDGE_CURVE('',#2207,#2095,#1112,.T.);
#2711=EDGE_CURVE('',#2093,#2208,#1113,.T.);
#2712=EDGE_CURVE('',#2209,#2208,#1114,.T.);
#2713=EDGE_CURVE('',#2209,#2210,#1115,.T.);
#2714=EDGE_CURVE('',#2210,#2206,#1116,.T.);
#2715=EDGE_CURVE('',#2088,#2211,#1117,.T.);
#2716=EDGE_CURVE('',#2212,#2211,#823,.F.);
#2717=EDGE_CURVE('',#2212,#2199,#944,.F.);
#2718=EDGE_CURVE('',#2087,#2213,#1118,.T.);
#2719=EDGE_CURVE('',#2213,#2214,#945,.F.);
#2720=EDGE_CURVE('',#2214,#2211,#824,.T.);
#2721=EDGE_CURVE('',#2215,#2086,#1119,.T.);
#2722=EDGE_CURVE('',#2215,#2216,#1120,.T.);
#2723=EDGE_CURVE('',#2216,#2217,#1121,.T.);
#2724=EDGE_CURVE('',#2217,#2218,#1122,.T.);
#2725=EDGE_CURVE('',#2218,#2219,#1123,.T.);
#2726=EDGE_CURVE('',#2219,#2213,#1124,.F.);
#2727=EDGE_CURVE('',#2084,#2220,#1125,.T.);
#2728=EDGE_CURVE('',#2221,#2220,#1126,.T.);
#2729=EDGE_CURVE('',#2222,#2221,#1127,.T.);
#2730=EDGE_CURVE('',#2222,#2223,#1128,.T.);
#2731=EDGE_CURVE('',#2224,#2223,#1129,.T.);
#2732=EDGE_CURVE('',#2085,#2224,#1130,.T.);
#2733=EDGE_CURVE('',#2083,#2225,#1131,.T.);
#2734=EDGE_CURVE('',#2225,#2226,#1132,.T.);
#2735=EDGE_CURVE('',#2226,#2227,#1133,.T.);
#2736=EDGE_CURVE('',#2220,#2227,#1134,.T.);
#2737=EDGE_CURVE('',#2082,#2228,#1135,.T.);
#2738=EDGE_CURVE('',#2228,#2225,#1136,.T.);
#2739=EDGE_CURVE('',#2229,#2081,#1137,.T.);
#2740=EDGE_CURVE('',#2229,#2230,#1138,.T.);
#2741=EDGE_CURVE('',#2231,#2230,#1139,.T.);
#2742=EDGE_CURVE('',#2232,#2231,#1140,.T.);
#2743=EDGE_CURVE('',#2232,#2233,#1141,.T.);
#2744=EDGE_CURVE('',#2234,#2233,#1142,.T.);
#2745=EDGE_CURVE('',#2235,#2234,#1143,.T.);
#2746=EDGE_CURVE('',#2235,#2228,#1144,.T.);
#2747=EDGE_CURVE('',#2207,#2236,#1145,.T.);
#2748=EDGE_CURVE('',#2237,#2236,#1146,.T.);
#2749=EDGE_CURVE('',#2238,#2237,#1147,.T.);
#2750=EDGE_CURVE('',#2239,#2238,#1148,.T.);
#2751=EDGE_CURVE('',#2240,#2239,#1149,.T.);
#2752=EDGE_CURVE('',#2241,#2240,#1150,.T.);
#2753=EDGE_CURVE('',#2241,#2242,#1151,.T.);
#2754=EDGE_CURVE('',#2242,#2243,#1152,.T.);
#2755=EDGE_CURVE('',#2096,#2243,#1153,.T.);
#2756=EDGE_CURVE('',#2244,#2245,#1154,.T.);
#2757=EDGE_CURVE('',#2246,#2245,#1155,.T.);
#2758=EDGE_CURVE('',#2247,#2246,#1156,.T.);
#2759=EDGE_CURVE('',#2247,#2244,#1157,.T.);
#2760=EDGE_CURVE('',#2248,#2246,#1158,.T.);
#2761=EDGE_CURVE('',#2249,#2248,#1159,.T.);
#2762=EDGE_CURVE('',#2249,#2250,#1160,.T.);
#2763=EDGE_CURVE('',#2250,#2247,#1161,.T.);
#2764=EDGE_CURVE('',#2251,#2248,#1162,.T.);
#2765=EDGE_CURVE('',#2252,#2251,#1163,.T.);
#2766=EDGE_CURVE('',#2252,#2249,#1164,.T.);
#2767=EDGE_CURVE('',#2253,#2251,#1165,.T.);
#2768=EDGE_CURVE('',#2254,#2253,#1166,.T.);
#2769=EDGE_CURVE('',#2254,#2252,#1167,.T.);
#2770=EDGE_CURVE('',#2255,#2256,#1168,.T.);
#2771=EDGE_CURVE('',#2257,#2256,#1169,.T.);
#2772=EDGE_CURVE('',#2258,#2257,#1170,.T.);
#2773=EDGE_CURVE('',#2258,#2255,#1171,.T.);
#2774=EDGE_CURVE('',#2138,#2252,#1172,.T.);
#2775=EDGE_CURVE('',#2259,#2254,#1173,.T.);
#2776=EDGE_CURVE('',#2255,#2259,#1174,.T.);
#2777=EDGE_CURVE('',#2258,#2260,#825,.T.);
#2778=EDGE_CURVE('',#2261,#2260,#1175,.T.);
#2779=EDGE_CURVE('',#2262,#2261,#1176,.T.);
#2780=EDGE_CURVE('',#2263,#2262,#1177,.T.);
#2781=EDGE_CURVE('',#2263,#2264,#826,.T.);
#2782=EDGE_CURVE('',#2178,#2264,#827,.F.);
#2783=EDGE_CURVE('',#2265,#2266,#1178,.T.);
#2784=EDGE_CURVE('',#2266,#2109,#1179,.T.);
#2785=EDGE_CURVE('',#2108,#2265,#1180,.T.);
#2786=EDGE_CURVE('',#2251,#2267,#1181,.T.);
#2787=EDGE_CURVE('',#2267,#2268,#1182,.T.);
#2788=EDGE_CURVE('',#2253,#2268,#1183,.T.);
#2789=EDGE_CURVE('',#2248,#2269,#1184,.T.);
#2790=EDGE_CURVE('',#2269,#2267,#1185,.T.);
#2791=EDGE_CURVE('',#2270,#2270,#946,.T.);
#2792=EDGE_CURVE('',#2271,#2272,#1186,.T.);
#2793=EDGE_CURVE('',#2273,#2271,#1187,.T.);
#2794=EDGE_CURVE('',#2274,#2273,#1188,.T.);
#2795=EDGE_CURVE('',#2272,#2274,#1189,.T.);
#2796=EDGE_CURVE('',#2275,#2276,#1190,.T.);
#2797=EDGE_CURVE('',#2277,#2276,#1191,.T.);
#2798=EDGE_CURVE('',#2275,#2277,#1192,.T.);
#2799=EDGE_CURVE('',#2278,#2279,#1193,.T.);
#2800=EDGE_CURVE('',#2279,#2280,#1194,.T.);
#2801=EDGE_CURVE('',#2278,#2280,#1195,.T.);
#2802=EDGE_CURVE('',#2281,#2282,#875,.T.);
#2803=EDGE_CURVE('',#2283,#2282,#876,.T.);
#2804=EDGE_CURVE('',#2283,#2281,#947,.T.);
#2805=EDGE_CURVE('',#2284,#2285,#877,.T.);
#2806=EDGE_CURVE('',#2285,#2286,#948,.T.);
#2807=EDGE_CURVE('',#2287,#2286,#878,.T.);
#2808=EDGE_CURVE('',#2284,#2287,#1196,.T.);
#2809=EDGE_CURVE('',#2288,#2284,#1197,.T.);
#2810=EDGE_CURVE('',#2289,#2287,#1198,.T.);
#2811=EDGE_CURVE('',#2288,#2289,#1199,.T.);
#2812=EDGE_CURVE('',#2290,#2288,#1200,.T.);
#2813=EDGE_CURVE('',#2290,#2289,#1201,.T.);
#2814=EDGE_CURVE('',#2291,#2292,#1202,.T.);
#2815=EDGE_CURVE('',#2280,#2292,#1203,.T.);
#2816=EDGE_CURVE('',#2279,#2291,#1204,.T.);
#2817=EDGE_CURVE('',#2293,#2290,#1205,.T.);
#2818=EDGE_CURVE('',#2293,#2285,#1206,.T.);
#2819=EDGE_CURVE('',#2294,#2291,#1207,.T.);
#2820=EDGE_CURVE('',#2278,#2294,#1208,.T.);
#2821=EDGE_CURVE('',#2295,#2296,#1209,.T.);
#2822=EDGE_CURVE('',#2276,#2296,#1210,.T.);
#2823=EDGE_CURVE('',#2295,#2275,#1211,.T.);
#2824=EDGE_CURVE('',#2297,#2298,#1212,.T.);
#2825=EDGE_CURVE('',#2298,#2299,#949,.T.);
#2826=EDGE_CURVE('',#2299,#2300,#1213,.T.);
#2827=EDGE_CURVE('',#2297,#2300,#950,.T.);
#2828=EDGE_CURVE('',#2298,#2301,#18,.T.);
#2829=EDGE_CURVE('',#2301,#2302,#951,.T.);
#2830=EDGE_CURVE('',#2302,#2299,#19,.T.);
#2831=EDGE_CURVE('',#2303,#2295,#1214,.T.);
#2832=EDGE_CURVE('',#2303,#2277,#1215,.T.);
#2833=EDGE_CURVE('',#2304,#2305,#1216,.T.);
#2834=EDGE_CURVE('',#2304,#2306,#1217,.T.);
#2835=EDGE_CURVE('',#2306,#2307,#1218,.T.);
#2836=EDGE_CURVE('',#2305,#2307,#1219,.T.);
#2837=EDGE_CURVE('',#2214,#2308,#1220,.T.);
#2838=EDGE_CURVE('',#2219,#2309,#1221,.T.);
#2839=EDGE_CURVE('',#2308,#2309,#1222,.T.);
#2840=EDGE_CURVE('',#2310,#2281,#1223,.T.);
#2841=EDGE_CURVE('',#2310,#2282,#1224,.T.);
#2842=EDGE_CURVE('',#2311,#2292,#1225,.T.);
#2843=EDGE_CURVE('',#2294,#2311,#1226,.T.);
#2844=EDGE_CURVE('',#2303,#2312,#1227,.T.);
#2845=EDGE_CURVE('',#2296,#2312,#1228,.T.);
#2846=EDGE_CURVE('',#2313,#2314,#1229,.T.);
#2847=EDGE_CURVE('',#2315,#2313,#1230,.T.);
#2848=EDGE_CURVE('',#2316,#2315,#1231,.T.);
#2849=EDGE_CURVE('',#2317,#2316,#1232,.T.);
#2850=EDGE_CURVE('',#2318,#2317,#952,.T.);
#2851=EDGE_CURVE('',#2319,#2318,#1233,.T.);
#2852=EDGE_CURVE('',#2320,#2319,#1234,.T.);
#2853=EDGE_CURVE('',#2321,#2320,#1235,.T.);
#2854=EDGE_CURVE('',#2322,#2321,#1236,.T.);
#2855=EDGE_CURVE('',#2323,#2322,#1237,.T.);
#2856=EDGE_CURVE('',#2324,#2323,#1238,.T.);
#2857=EDGE_CURVE('',#2325,#2324,#953,.T.);
#2858=EDGE_CURVE('',#2314,#2325,#1239,.T.);
#2859=EDGE_CURVE('',#2326,#2313,#1240,.T.);
#2860=EDGE_CURVE('',#2327,#2326,#1241,.T.);
#2861=EDGE_CURVE('',#2327,#2315,#1242,.T.);
#2862=EDGE_CURVE('',#2327,#2328,#1243,.T.);
#2863=EDGE_CURVE('',#2328,#2316,#1244,.T.);
#2864=EDGE_CURVE('',#2328,#2329,#1245,.T.);
#2865=EDGE_CURVE('',#2329,#2317,#20,.T.);
#2866=EDGE_CURVE('',#2330,#2329,#954,.T.);
#2867=EDGE_CURVE('',#2330,#2318,#21,.T.);
#2868=EDGE_CURVE('',#2330,#2331,#1246,.T.);
#2869=EDGE_CURVE('',#2331,#2319,#1247,.T.);
#2870=EDGE_CURVE('',#2332,#2333,#828,.F.);
#2871=EDGE_CURVE('',#2332,#2320,#1248,.T.);
#2872=EDGE_CURVE('',#2331,#2333,#1249,.T.);
#2873=EDGE_CURVE('',#2334,#2332,#829,.T.);
#2874=EDGE_CURVE('',#2334,#2321,#1250,.T.);
#2875=EDGE_CURVE('',#2335,#2334,#830,.T.);
#2876=EDGE_CURVE('',#2335,#2322,#1251,.T.);
#2877=EDGE_CURVE('',#2336,#2314,#1252,.T.);
#2878=EDGE_CURVE('',#2326,#2336,#1253,.T.);
#2879=EDGE_CURVE('',#2337,#2338,#831,.T.);
#2880=EDGE_CURVE('',#2336,#2337,#1254,.T.);
#2881=EDGE_CURVE('',#2338,#2325,#22,.T.);
#2882=EDGE_CURVE('',#2338,#2339,#832,.T.);
#2883=EDGE_CURVE('',#2339,#2324,#23,.T.);
#2884=EDGE_CURVE('',#2339,#2340,#833,.T.);
#2885=EDGE_CURVE('',#2340,#2323,#1255,.T.);
#2886=EDGE_CURVE('',#2340,#2335,#834,.T.);
#2887=EDGE_CURVE('',#2188,#2341,#1256,.T.);
#2888=EDGE_CURVE('',#2341,#2342,#1257,.T.);
#2889=EDGE_CURVE('',#2343,#2342,#1258,.T.);
#2890=EDGE_CURVE('',#2189,#2343,#1259,.T.);
#2891=EDGE_CURVE('',#2187,#2344,#1260,.T.);
#2892=EDGE_CURVE('',#2344,#2341,#1261,.T.);
#2893=EDGE_CURVE('',#2345,#2346,#1262,.T.);
#2894=EDGE_CURVE('',#2347,#2346,#1263,.T.);
#2895=EDGE_CURVE('',#2347,#2348,#1264,.T.);
#2896=EDGE_CURVE('',#2348,#2345,#1265,.T.);
#2897=EDGE_CURVE('',#2349,#2345,#1266,.T.);
#2898=EDGE_CURVE('',#2350,#2348,#1267,.T.);
#2899=EDGE_CURVE('',#2350,#2349,#1268,.T.);
#2900=EDGE_CURVE('',#2351,#2349,#1269,.T.);
#2901=EDGE_CURVE('',#2350,#2352,#1270,.T.);
#2902=EDGE_CURVE('',#2352,#2351,#1271,.T.);
#2903=EDGE_CURVE('',#2353,#2351,#1272,.T.);
#2904=EDGE_CURVE('',#2352,#2354,#1273,.T.);
#2905=EDGE_CURVE('',#2354,#2353,#24,.T.);
#2906=EDGE_CURVE('',#2355,#2353,#955,.T.);
#2907=EDGE_CURVE('',#2356,#2354,#956,.T.);
#2908=EDGE_CURVE('',#2356,#2355,#25,.T.);
#2909=EDGE_CURVE('',#2183,#2347,#1274,.T.);
#2910=EDGE_CURVE('',#2346,#2357,#1275,.T.);
#2911=EDGE_CURVE('',#2184,#2357,#1276,.T.);
#2912=EDGE_CURVE('',#2357,#2358,#1277,.T.);
#2913=EDGE_CURVE('',#2185,#2358,#26,.T.);
#2914=EDGE_CURVE('',#2358,#2359,#957,.T.);
#2915=EDGE_CURVE('',#2186,#2359,#27,.T.);
#2916=EDGE_CURVE('',#2359,#2344,#1278,.T.);
#2917=EDGE_CURVE('',#2326,#2360,#1279,.T.);
#2918=EDGE_CURVE('',#2333,#2360,#835,.T.);
#2919=EDGE_CURVE('',#2361,#2336,#1280,.T.);
#2920=EDGE_CURVE('',#2361,#2337,#836,.T.);
#2921=EDGE_CURVE('',#2362,#2363,#837,.T.);
#2922=EDGE_CURVE('',#2326,#2362,#1281,.T.);
#2923=EDGE_CURVE('',#2336,#2363,#1282,.T.);
#2924=EDGE_CURVE('',#2363,#2361,#838,.T.);
#2925=EDGE_CURVE('',#2360,#2362,#839,.T.);
#2926=EDGE_CURVE('',#2343,#2190,#1283,.T.);
#2927=EDGE_CURVE('',#2343,#2191,#1284,.T.);
#2928=EDGE_CURVE('',#2343,#2364,#1285,.T.);
#2929=EDGE_CURVE('',#2364,#2192,#1286,.T.);
#2930=EDGE_CURVE('',#2193,#2364,#1287,.T.);
#2931=EDGE_CURVE('',#2365,#2355,#1288,.T.);
#2932=EDGE_CURVE('',#2342,#2365,#1289,.T.);
#2933=EDGE_CURVE('',#2364,#2365,#1290,.T.);
#2934=EDGE_CURVE('',#2356,#2364,#1291,.T.);
#2935=EDGE_CURVE('',#2366,#2212,#1292,.T.);
#2936=EDGE_CURVE('',#2304,#2366,#1293,.T.);
#2937=EDGE_CURVE('',#2304,#2200,#1294,.T.);
#2938=EDGE_CURVE('',#2367,#2366,#879,.T.);
#2939=EDGE_CURVE('',#2308,#2368,#880,.T.);
#2940=EDGE_CURVE('',#2367,#2368,#1295,.T.);
#2941=EDGE_CURVE('',#2208,#2198,#1296,.T.);
#2942=EDGE_CURVE('',#2369,#2370,#840,.T.);
#2943=EDGE_CURVE('',#2370,#2371,#1297,.T.);
#2944=EDGE_CURVE('',#2371,#2372,#1298,.T.);
#2945=EDGE_CURVE('',#2373,#2372,#1299,.T.);
#2946=EDGE_CURVE('',#2373,#2306,#1300,.T.);
#2947=EDGE_CURVE('',#2367,#2283,#1301,.T.);
#2948=EDGE_CURVE('',#2310,#2273,#1302,.T.);
#2949=EDGE_CURVE('',#2271,#2369,#1303,.T.);
#2950=EDGE_CURVE('',#2373,#2374,#1304,.T.);
#2951=EDGE_CURVE('',#2307,#2374,#1305,.T.);
#2952=EDGE_CURVE('',#2375,#2309,#1306,.T.);
#2953=EDGE_CURVE('',#2376,#2309,#1307,.T.);
#2954=EDGE_CURVE('',#2376,#2375,#1308,.T.);
#2955=EDGE_CURVE('',#2286,#2368,#1309,.T.);
#2956=EDGE_CURVE('',#2274,#2293,#1310,.T.);
#2957=EDGE_CURVE('',#2377,#2378,#1311,.T.);
#2958=EDGE_CURVE('',#2378,#2379,#1312,.T.);
#2959=EDGE_CURVE('',#2379,#2380,#1313,.T.);
#2960=EDGE_CURVE('',#2380,#2377,#1314,.T.);
#2961=EDGE_CURVE('',#2381,#2381,#958,.T.);
#2962=EDGE_CURVE('',#2270,#2382,#1315,.T.);
#2963=EDGE_CURVE('',#2382,#2382,#959,.T.);
#2964=EDGE_CURVE('',#2383,#2383,#960,.T.);
#2965=EDGE_CURVE('',#2383,#2381,#1316,.T.);
#2966=EDGE_CURVE('',#2377,#2384,#1317,.T.);
#2967=EDGE_CURVE('',#2380,#2385,#1318,.T.);
#2968=EDGE_CURVE('',#2384,#2385,#1319,.T.);
#2969=EDGE_CURVE('',#2386,#2387,#1320,.T.);
#2970=EDGE_CURVE('',#2388,#2386,#1321,.T.);
#2971=EDGE_CURVE('',#2389,#2388,#1322,.T.);
#2972=EDGE_CURVE('',#2387,#2389,#1323,.T.);
#2973=EDGE_CURVE('',#2389,#2385,#881,.T.);
#2974=EDGE_CURVE('',#2388,#2384,#882,.T.);
#2975=EDGE_CURVE('',#2218,#2376,#1324,.T.);
#2976=EDGE_CURVE('',#2221,#2390,#1325,.T.);
#2977=EDGE_CURVE('',#2390,#2391,#1326,.T.);
#2978=EDGE_CURVE('',#2375,#2391,#1327,.T.);
#2979=EDGE_CURVE('',#2222,#2217,#1328,.T.);
#2980=EDGE_CURVE('',#2223,#2216,#1329,.T.);
#2981=EDGE_CURVE('',#2203,#2195,#1330,.T.);
#2982=EDGE_CURVE('',#2194,#2204,#1331,.T.);
#2983=EDGE_CURVE('',#2305,#2201,#1332,.T.);
#2984=EDGE_CURVE('',#2305,#2374,#1333,.T.);
#2985=EDGE_CURVE('',#2202,#2196,#1334,.T.);
#2986=EDGE_CURVE('',#2197,#2392,#1335,.T.);
#2987=EDGE_CURVE('',#2372,#2392,#1336,.T.);
#2988=EDGE_CURVE('',#2215,#2224,#1337,.T.);
#2989=EDGE_CURVE('',#2393,#2394,#1338,.T.);
#2990=EDGE_CURVE('',#2394,#2395,#1339,.T.);
#2991=EDGE_CURVE('',#2395,#2396,#1340,.T.);
#2992=EDGE_CURVE('',#2393,#2396,#1341,.T.);
#2993=EDGE_CURVE('',#2397,#2398,#1342,.T.);
#2994=EDGE_CURVE('',#2397,#2399,#1343,.T.);
#2995=EDGE_CURVE('',#2400,#2399,#1344,.T.);
#2996=EDGE_CURVE('',#2400,#2398,#1345,.T.);
#2997=EDGE_CURVE('',#2398,#2401,#961,.T.);
#2998=EDGE_CURVE('',#2401,#2402,#1346,.T.);
#2999=EDGE_CURVE('',#2402,#2397,#962,.T.);
#3000=EDGE_CURVE('',#2312,#2232,#1347,.T.);
#3001=EDGE_CURVE('',#2296,#2231,#1348,.T.);
#3002=EDGE_CURVE('',#2276,#2230,#1349,.T.);
#3003=EDGE_CURVE('',#2294,#2240,#1350,.T.);
#3004=EDGE_CURVE('',#2278,#2241,#1351,.T.);
#3005=EDGE_CURVE('',#2403,#2404,#883,.T.);
#3006=EDGE_CURVE('',#2405,#2404,#963,.T.);
#3007=EDGE_CURVE('',#2405,#2406,#884,.T.);
#3008=EDGE_CURVE('',#2406,#2407,#885,.T.);
#3009=EDGE_CURVE('',#2407,#2408,#1352,.T.);
#3010=EDGE_CURVE('',#2408,#2237,#886,.T.);
#3011=EDGE_CURVE('',#2236,#2409,#964,.T.);
#3012=EDGE_CURVE('',#2410,#2409,#1353,.T.);
#3013=EDGE_CURVE('',#2410,#2393,#965,.T.);
#3014=EDGE_CURVE('',#2396,#2408,#887,.T.);
#3015=EDGE_CURVE('',#2407,#2403,#888,.T.);
#3016=EDGE_CURVE('',#2311,#2239,#1354,.T.);
#3017=EDGE_CURVE('',#2230,#2232,#1355,.T.);
#3018=EDGE_CURVE('',#2411,#2412,#841,.T.);
#3019=EDGE_CURVE('',#2262,#2411,#1356,.T.);
#3020=EDGE_CURVE('',#2260,#2413,#1357,.T.);
#3021=EDGE_CURVE('',#2413,#2412,#842,.T.);
#3022=EDGE_CURVE('',#2239,#2241,#1358,.T.);
#3023=EDGE_CURVE('',#2414,#2415,#1359,.T.);
#3024=EDGE_CURVE('',#2416,#2415,#1360,.T.);
#3025=EDGE_CURVE('',#2416,#2414,#1361,.T.);
#3026=EDGE_CURVE('',#2417,#2418,#843,.T.);
#3027=EDGE_CURVE('',#2418,#2419,#1362,.T.);
#3028=EDGE_CURVE('',#2419,#2420,#1363,.T.);
#3029=EDGE_CURVE('',#2420,#2417,#844,.F.);
#3030=EDGE_CURVE('',#2418,#2421,#845,.T.);
#3031=EDGE_CURVE('',#2421,#2422,#846,.T.);
#3032=EDGE_CURVE('',#2422,#2423,#847,.F.);
#3033=EDGE_CURVE('',#2137,#2423,#1364,.T.);
#3034=EDGE_CURVE('',#2424,#2114,#1365,.T.);
#3035=EDGE_CURVE('',#2419,#2424,#1366,.T.);
#3036=EDGE_CURVE('',#2209,#2395,#1367,.T.);
#3037=EDGE_CURVE('',#2425,#2394,#1368,.T.);
#3038=EDGE_CURVE('',#2425,#2227,#1369,.T.);
#3039=EDGE_CURVE('',#2226,#2210,#1370,.T.);
#3040=EDGE_CURVE('',#2426,#2113,#1371,.T.);
#3041=EDGE_CURVE('',#2112,#2427,#1372,.T.);
#3042=EDGE_CURVE('',#2426,#2427,#1373,.T.);
#3043=EDGE_CURVE('',#2424,#2426,#1374,.T.);
#3044=EDGE_CURVE('',#2420,#2426,#1375,.T.);
#3045=EDGE_CURVE('',#2428,#2429,#1376,.T.);
#3046=EDGE_CURVE('',#2058,#2429,#889,.T.);
#3047=EDGE_CURVE('',#2428,#2063,#848,.T.);
#3048=EDGE_CURVE('',#2399,#2410,#966,.T.);
#3049=EDGE_CURVE('',#2409,#2400,#967,.T.);
#3050=EDGE_CURVE('',#2401,#2235,#968,.T.);
#3051=EDGE_CURVE('',#2430,#2430,#969,.T.);
#3052=EDGE_CURVE('',#2266,#2141,#1377,.T.);
#3053=EDGE_CURVE('',#2431,#2266,#1378,.T.);
#3054=EDGE_CURVE('',#2431,#2142,#1379,.T.);
#3055=EDGE_CURVE('',#2392,#2431,#1380,.T.);
#3056=EDGE_CURVE('',#2392,#2143,#1381,.T.);
#3057=EDGE_CURVE('',#2372,#2144,#1382,.T.);
#3058=EDGE_CURVE('',#2371,#2145,#1383,.T.);
#3059=EDGE_CURVE('',#2387,#2432,#890,.T.);
#3060=EDGE_CURVE('',#2432,#2433,#1384,.T.);
#3061=EDGE_CURVE('',#2386,#2433,#891,.T.);
#3062=EDGE_CURVE('',#2060,#2428,#849,.T.);
#3063=EDGE_CURVE('',#2434,#2435,#1385,.T.);
#3064=EDGE_CURVE('',#2244,#2434,#1386,.T.);
#3065=EDGE_CURVE('',#2422,#2436,#850,.T.);
#3066=EDGE_CURVE('',#2437,#2436,#851,.T.);
#3067=EDGE_CURVE('',#2437,#2435,#852,.T.);
#3068=EDGE_CURVE('',#2438,#2439,#853,.T.);
#3069=EDGE_CURVE('',#2434,#2439,#1387,.T.);
#3070=EDGE_CURVE('',#2435,#2440,#1388,.T.);
#3071=EDGE_CURVE('',#2440,#2438,#854,.T.);
#3072=EDGE_CURVE('',#2437,#2440,#855,.T.);
#3073=EDGE_CURVE('',#2441,#2438,#1389,.T.);
#3074=EDGE_CURVE('',#2442,#2441,#892,.T.);
#3075=EDGE_CURVE('',#2442,#2443,#1390,.T.);
#3076=EDGE_CURVE('',#2439,#2443,#856,.T.);
#3077=EDGE_CURVE('',#2425,#2444,#1391,.T.);
#3078=EDGE_CURVE('',#2445,#2402,#970,.T.);
#3079=EDGE_CURVE('',#2444,#2445,#971,.T.);
#3080=EDGE_CURVE('',#2404,#2297,#28,.T.);
#3081=EDGE_CURVE('',#2300,#2405,#29,.T.);
#3082=EDGE_CURVE('',#2446,#2447,#1392,.T.);
#3083=EDGE_CURVE('',#2447,#2257,#1393,.T.);
#3084=EDGE_CURVE('',#2256,#2446,#1394,.T.);
#3085=EDGE_CURVE('',#2256,#2253,#1395,.T.);
#3086=EDGE_CURVE('',#2433,#2384,#1396,.T.);
#3087=EDGE_CURVE('',#2182,#2448,#1397,.T.);
#3088=EDGE_CURVE('',#2448,#2265,#1398,.T.);
#3089=EDGE_CURVE('',#2181,#2416,#1399,.T.);
#3090=EDGE_CURVE('',#2265,#2416,#1400,.T.);
#3091=EDGE_CURVE('',#2371,#2449,#972,.T.);
#3092=EDGE_CURVE('',#2449,#2450,#973,.T.);
#3093=EDGE_CURVE('',#2450,#2146,#1401,.T.);
#3094=EDGE_CURVE('',#2451,#2450,#1402,.T.);
#3095=EDGE_CURVE('',#2451,#2147,#1403,.T.);
#3096=EDGE_CURVE('',#2268,#2451,#1404,.T.);
#3097=EDGE_CURVE('',#2268,#2148,#1405,.T.);
#3098=EDGE_CURVE('',#2267,#2149,#1406,.T.);
#3099=EDGE_CURVE('',#2269,#2150,#1407,.T.);
#3100=EDGE_CURVE('',#2452,#2269,#1408,.T.);
#3101=EDGE_CURVE('',#2452,#2151,#1409,.T.);
#3102=EDGE_CURVE('',#2453,#2452,#1410,.T.);
#3103=EDGE_CURVE('',#2453,#2152,#1411,.T.);
#3104=EDGE_CURVE('',#2453,#2454,#974,.T.);
#3105=EDGE_CURVE('',#2454,#2455,#975,.T.);
#3106=EDGE_CURVE('',#2455,#2153,#1412,.T.);
#3107=EDGE_CURVE('',#2391,#2455,#1413,.T.);
#3108=EDGE_CURVE('',#2391,#2154,#1414,.T.);
#3109=EDGE_CURVE('',#2390,#2155,#1415,.T.);
#3110=EDGE_CURVE('',#2456,#2390,#1416,.T.);
#3111=EDGE_CURVE('',#2456,#2156,#1417,.T.);
#3112=EDGE_CURVE('',#2427,#2456,#1418,.T.);
#3113=EDGE_CURVE('',#2427,#2157,#1419,.T.);
#3114=EDGE_CURVE('',#2385,#2432,#1420,.T.);
#3115=EDGE_CURVE('',#2379,#2432,#1421,.T.);
#3116=EDGE_CURVE('',#2378,#2433,#1422,.T.);
#3117=EDGE_CURVE('',#2263,#2411,#857,.T.);
#3118=EDGE_CURVE('',#2180,#2414,#858,.T.);
#3119=EDGE_CURVE('',#2441,#2457,#1423,.T.);
#3120=EDGE_CURVE('',#2246,#2457,#1424,.T.);
#3121=EDGE_CURVE('',#2245,#2441,#1425,.T.);
#3122=EDGE_CURVE('',#2421,#2458,#1426,.T.);
#3123=EDGE_CURVE('',#2459,#2417,#1427,.T.);
#3124=EDGE_CURVE('',#2459,#2458,#1428,.T.);
#3125=EDGE_CURVE('',#2460,#2179,#1429,.T.);
#3126=EDGE_CURVE('',#2460,#2461,#1430,.T.);
#3127=EDGE_CURVE('',#2415,#2461,#1431,.T.);
#3128=EDGE_CURVE('',#2462,#2463,#1432,.T.);
#3129=EDGE_CURVE('',#2463,#2453,#1433,.T.);
#3130=EDGE_CURVE('',#2464,#2452,#1434,.T.);
#3131=EDGE_CURVE('',#2464,#2462,#1435,.T.);
#3132=EDGE_CURVE('',#2465,#2466,#30,.T.);
#3133=EDGE_CURVE('',#2466,#2467,#976,.T.);
#3134=EDGE_CURVE('',#2467,#2468,#977,.T.);
#3135=EDGE_CURVE('',#2468,#2469,#31,.T.);
#3136=EDGE_CURVE('',#2469,#2465,#978,.T.);
#3137=EDGE_CURVE('',#2470,#2465,#1436,.T.);
#3138=EDGE_CURVE('',#2469,#2471,#1437,.T.);
#3139=EDGE_CURVE('',#2471,#2470,#979,.T.);
#3140=EDGE_CURVE('',#2472,#2470,#32,.T.);
#3141=EDGE_CURVE('',#2471,#2059,#33,.T.);
#3142=EDGE_CURVE('',#2057,#2472,#980,.T.);
#3143=EDGE_CURVE('',#2429,#2472,#893,.T.);
#3144=EDGE_CURVE('',#2473,#2474,#859,.T.);
#3145=EDGE_CURVE('',#2475,#2474,#860,.T.);
#3146=EDGE_CURVE('',#2475,#2463,#894,.T.);
#3147=EDGE_CURVE('',#2463,#2473,#861,.T.);
#3148=EDGE_CURVE('',#2473,#2462,#1438,.T.);
#3149=EDGE_CURVE('',#2464,#2476,#1439,.T.);
#3150=EDGE_CURVE('',#2457,#2476,#1440,.T.);
#3151=EDGE_CURVE('',#2466,#2468,#895,.T.);
#3152=EDGE_CURVE('',#2467,#2445,#1441,.T.);
#3153=EDGE_CURVE('',#2234,#2444,#896,.T.);
#3154=EDGE_CURVE('',#2474,#2477,#1442,.T.);
#3155=EDGE_CURVE('',#2233,#2477,#1443,.T.);
#3156=EDGE_CURVE('',#2475,#2233,#1444,.T.);
#3157=EDGE_CURVE('',#2477,#2478,#1445,.T.);
#3158=EDGE_CURVE('',#2478,#2456,#1446,.T.);
#3159=EDGE_CURVE('',#2479,#2478,#1447,.T.);
#3160=EDGE_CURVE('',#2459,#2479,#1448,.T.);
#3161=EDGE_CURVE('',#2301,#2480,#897,.T.);
#3162=EDGE_CURVE('',#2480,#2481,#898,.T.);
#3163=EDGE_CURVE('',#2481,#2482,#862,.T.);
#3164=EDGE_CURVE('',#2482,#2483,#899,.T.);
#3165=EDGE_CURVE('',#2483,#2430,#1449,.T.);
#3166=EDGE_CURVE('',#2483,#2302,#900,.T.);
#3167=EDGE_CURVE('',#2484,#2482,#863,.T.);
#3168=EDGE_CURVE('',#2481,#2484,#864,.T.);
#3169=EDGE_CURVE('',#2480,#2484,#1450,.T.);
#3170=EDGE_CURVE('',#2485,#2486,#865,.T.);
#3171=EDGE_CURVE('',#2487,#2486,#1451,.T.);
#3172=EDGE_CURVE('',#2488,#2487,#901,.T.);
#3173=EDGE_CURVE('',#2488,#2485,#866,.T.);
#3174=EDGE_CURVE('',#2403,#2489,#1452,.T.);
#3175=EDGE_CURVE('',#2489,#2485,#1453,.T.);
#3176=EDGE_CURVE('',#2488,#2238,#1454,.T.);
#3177=EDGE_CURVE('',#2238,#2406,#1455,.T.);
#3178=EDGE_CURVE('',#2490,#2451,#1456,.T.);
#3179=EDGE_CURVE('',#2491,#2490,#1457,.T.);
#3180=EDGE_CURVE('',#2491,#2446,#1458,.T.);
#3181=EDGE_CURVE('',#2490,#2492,#1459,.T.);
#3182=EDGE_CURVE('',#2450,#2487,#1460,.T.);
#3183=EDGE_CURVE('',#2487,#2492,#1461,.T.);
#3184=EDGE_CURVE('',#2492,#2486,#1462,.T.);
#3185=EDGE_CURVE('',#2493,#2494,#1463,.T.);
#3186=EDGE_CURVE('',#2494,#2495,#902,.T.);
#3187=EDGE_CURVE('',#2495,#2238,#1464,.T.);
#3188=EDGE_CURVE('',#2496,#2431,#1465,.T.);
#3189=EDGE_CURVE('',#2496,#2493,#1466,.T.);
#3190=EDGE_CURVE('',#2403,#2494,#1467,.T.);
#3191=EDGE_CURVE('',#2406,#2495,#1468,.T.);
#3192=EDGE_CURVE('',#2489,#2493,#1469,.T.);
#3193=EDGE_CURVE('',#2496,#2497,#1470,.T.);
#3194=EDGE_CURVE('',#2461,#2497,#1471,.T.);
#3195=EDGE_CURVE('',#2498,#2413,#867,.T.);
#3196=EDGE_CURVE('',#2499,#2498,#1472,.T.);
#3197=EDGE_CURVE('',#2500,#2499,#903,.T.);
#3198=EDGE_CURVE('',#2500,#2412,#1473,.T.);
#3199=EDGE_CURVE('',#2499,#2488,#904,.T.);
#3200=EDGE_CURVE('',#2370,#2501,#981,.T.);
#3201=EDGE_CURVE('',#2501,#2257,#982,.T.);
#3202=EDGE_CURVE('',#2500,#2447,#34,.F.);
#3203=EDGE_CURVE('',#2502,#2242,#1474,.T.);
#3204=EDGE_CURVE('',#2503,#2498,#868,.T.);
#3205=EDGE_CURVE('',#2503,#2504,#1475,.T.);
#3206=EDGE_CURVE('',#2504,#2502,#1476,.T.);
#3207=EDGE_CURVE('',#2243,#2504,#1477,.T.);
#3208=EDGE_CURVE('',#2505,#2506,#1478,.T.);
#3209=EDGE_CURVE('',#2458,#2505,#1479,.T.);
#3210=EDGE_CURVE('',#2479,#2506,#1480,.T.);
#3211=EDGE_CURVE('',#2506,#2507,#905,.T.);
#3212=EDGE_CURVE('',#2476,#2507,#1481,.T.);
#3213=EDGE_CURVE('',#2508,#2436,#1482,.T.);
#3214=EDGE_CURVE('',#2507,#2508,#1483,.T.);
#3215=EDGE_CURVE('',#2505,#2508,#906,.T.);
#3216=EDGE_CURVE('',#2509,#2510,#1484,.T.);
#3217=EDGE_CURVE('',#2264,#2509,#1485,.T.);
#3218=EDGE_CURVE('',#2491,#2510,#1486,.T.);
#3219=EDGE_CURVE('',#2510,#2511,#907,.T.);
#3220=EDGE_CURVE('',#2511,#2497,#1487,.T.);
#3221=EDGE_CURVE('',#2511,#2460,#1488,.T.);
#3222=EDGE_CURVE('',#2509,#2460,#908,.T.);
#3223=EDGE_CURVE('',#2503,#2369,#869,.T.);
#3224=EDGE_CURVE('',#2443,#2512,#870,.T.);
#3225=EDGE_CURVE('',#2475,#2442,#909,.T.);
#3226=EDGE_CURVE('',#2229,#2513,#1489,.T.);
#3227=EDGE_CURVE('',#2512,#2513,#1490,.T.);
#3228=EDGE_CURVE('',#2245,#2514,#983,.T.);
#3229=EDGE_CURVE('',#2515,#2512,#871,.T.);
#3230=EDGE_CURVE('',#2515,#2516,#872,.T.);
#3231=EDGE_CURVE('',#2514,#2516,#984,.T.);
#3232=EDGE_CURVE('',#2455,#2516,#1491,.T.);
#3233=EDGE_CURVE('',#2513,#2205,#1492,.T.);
#3234=EDGE_CURVE('',#2169,#2504,#1493,.T.);
#3235=EDGE_CURVE('',#2515,#2272,#1494,.T.);
#3236=EDGE_CURVE('',#2166,#2517,#1495,.T.);
#3237=EDGE_CURVE('',#2517,#2518,#1496,.T.);
#3238=EDGE_CURVE('',#2167,#2518,#1497,.T.);
#3239=EDGE_CURVE('',#2518,#2072,#1498,.T.);
#3240=EDGE_CURVE('',#2168,#2074,#1499,.T.);
#3241=EDGE_CURVE('',#2068,#2519,#1500,.T.);
#3242=EDGE_CURVE('',#2165,#2519,#1501,.T.);
#3243=EDGE_CURVE('',#2519,#2517,#1502,.T.);
#3244=EDGE_CURVE('',#2135,#2174,#1503,.T.);
#3245=EDGE_CURVE('',#2175,#2134,#1504,.T.);
#3246=EDGE_CURVE('',#2520,#2097,#1505,.T.);
#3247=EDGE_CURVE('',#2520,#2521,#1506,.T.);
#3248=EDGE_CURVE('',#2098,#2521,#1507,.T.);
#3249=EDGE_CURVE('',#2520,#2522,#1508,.T.);
#3250=EDGE_CURVE('',#2523,#2522,#1509,.T.);
#3251=EDGE_CURVE('',#2521,#2523,#1510,.T.);
#3252=EDGE_CURVE('',#2522,#2100,#1511,.T.);
#3253=EDGE_CURVE('',#2099,#2523,#1512,.T.);
#3254=EDGE_CURVE('',#2080,#2524,#1513,.T.);
#3255=EDGE_CURVE('',#2525,#2524,#1514,.T.);
#3256=EDGE_CURVE('',#2077,#2525,#1515,.T.);
#3257=EDGE_CURVE('',#2526,#2527,#1516,.T.);
#3258=EDGE_CURVE('',#2079,#2527,#1517,.T.);
#3259=EDGE_CURVE('',#2078,#2526,#1518,.T.);
#3260=EDGE_CURVE('',#2525,#2526,#1519,.T.);
#3261=EDGE_CURVE('',#2527,#2524,#1520,.T.);
#3262=ORIENTED_EDGE('',*,*,#2528,.F.);
#3263=ORIENTED_EDGE('',*,*,#2529,.F.);
#3264=ORIENTED_EDGE('',*,*,#2530,.T.);
#3265=ORIENTED_EDGE('',*,*,#2531,.T.);
#3266=ORIENTED_EDGE('',*,*,#2532,.T.);
#3267=ORIENTED_EDGE('',*,*,#2533,.T.);
#3268=ORIENTED_EDGE('',*,*,#2532,.F.);
#3269=ORIENTED_EDGE('',*,*,#2534,.T.);
#3270=ORIENTED_EDGE('',*,*,#2535,.T.);
#3271=ORIENTED_EDGE('',*,*,#2536,.F.);
#3272=ORIENTED_EDGE('',*,*,#2537,.T.);
#3273=ORIENTED_EDGE('',*,*,#2538,.T.);
#3274=ORIENTED_EDGE('',*,*,#2537,.F.);
#3275=ORIENTED_EDGE('',*,*,#2538,.F.);
#3276=ORIENTED_EDGE('',*,*,#2539,.F.);
#3277=ORIENTED_EDGE('',*,*,#2540,.T.);
#3278=ORIENTED_EDGE('',*,*,#2541,.T.);
#3279=ORIENTED_EDGE('',*,*,#2540,.F.);
#3280=ORIENTED_EDGE('',*,*,#2541,.F.);
#3281=ORIENTED_EDGE('',*,*,#2542,.F.);
#3282=ORIENTED_EDGE('',*,*,#2543,.T.);
#3283=ORIENTED_EDGE('',*,*,#2544,.T.);
#3284=ORIENTED_EDGE('',*,*,#2545,.F.);
#3285=ORIENTED_EDGE('',*,*,#2546,.F.);
#3286=ORIENTED_EDGE('',*,*,#2545,.T.);
#3287=ORIENTED_EDGE('',*,*,#2547,.T.);
#3288=ORIENTED_EDGE('',*,*,#2548,.F.);
#3289=ORIENTED_EDGE('',*,*,#2547,.F.);
#3290=ORIENTED_EDGE('',*,*,#2544,.F.);
#3291=ORIENTED_EDGE('',*,*,#2549,.F.);
#3292=ORIENTED_EDGE('',*,*,#2550,.F.);
#3293=ORIENTED_EDGE('',*,*,#2551,.F.);
#3294=ORIENTED_EDGE('',*,*,#2552,.T.);
#3295=ORIENTED_EDGE('',*,*,#2553,.F.);
#3296=ORIENTED_EDGE('',*,*,#2552,.F.);
#3297=ORIENTED_EDGE('',*,*,#2554,.T.);
#3298=ORIENTED_EDGE('',*,*,#2555,.T.);
#3299=ORIENTED_EDGE('',*,*,#2556,.T.);
#3300=ORIENTED_EDGE('',*,*,#2557,.F.);
#3301=ORIENTED_EDGE('',*,*,#2558,.F.);
#3302=ORIENTED_EDGE('',*,*,#2559,.F.);
#3303=ORIENTED_EDGE('',*,*,#2560,.F.);
#3304=ORIENTED_EDGE('',*,*,#2561,.F.);
#3305=ORIENTED_EDGE('',*,*,#2562,.T.);
#3306=ORIENTED_EDGE('',*,*,#2563,.F.);
#3307=ORIENTED_EDGE('',*,*,#2564,.F.);
#3308=ORIENTED_EDGE('',*,*,#2565,.F.);
#3309=ORIENTED_EDGE('',*,*,#2566,.F.);
#3310=ORIENTED_EDGE('',*,*,#2567,.T.);
#3311=ORIENTED_EDGE('',*,*,#2568,.F.);
#3312=ORIENTED_EDGE('',*,*,#2569,.T.);
#3313=ORIENTED_EDGE('',*,*,#2570,.F.);
#3314=ORIENTED_EDGE('',*,*,#2571,.F.);
#3315=ORIENTED_EDGE('',*,*,#2572,.F.);
#3316=ORIENTED_EDGE('',*,*,#2573,.T.);
#3317=ORIENTED_EDGE('',*,*,#2574,.T.);
#3318=ORIENTED_EDGE('',*,*,#2575,.T.);
#3319=ORIENTED_EDGE('',*,*,#2576,.T.);
#3320=ORIENTED_EDGE('',*,*,#2577,.T.);
#3321=ORIENTED_EDGE('',*,*,#2578,.F.);
#3322=ORIENTED_EDGE('',*,*,#2579,.F.);
#3323=ORIENTED_EDGE('',*,*,#2580,.F.);
#3324=ORIENTED_EDGE('',*,*,#2581,.F.);
#3325=ORIENTED_EDGE('',*,*,#2582,.F.);
#3326=ORIENTED_EDGE('',*,*,#2583,.F.);
#3327=ORIENTED_EDGE('',*,*,#2584,.T.);
#3328=ORIENTED_EDGE('',*,*,#2585,.T.);
#3329=ORIENTED_EDGE('',*,*,#2586,.T.);
#3330=ORIENTED_EDGE('',*,*,#2587,.F.);
#3331=ORIENTED_EDGE('',*,*,#2588,.F.);
#3332=ORIENTED_EDGE('',*,*,#2589,.F.);
#3333=ORIENTED_EDGE('',*,*,#2590,.F.);
#3334=ORIENTED_EDGE('',*,*,#2591,.F.);
#3335=ORIENTED_EDGE('',*,*,#2592,.F.);
#3336=ORIENTED_EDGE('',*,*,#2593,.F.);
#3337=ORIENTED_EDGE('',*,*,#2594,.F.);
#3338=ORIENTED_EDGE('',*,*,#2595,.F.);
#3339=ORIENTED_EDGE('',*,*,#2596,.F.);
#3340=ORIENTED_EDGE('',*,*,#2597,.F.);
#3341=ORIENTED_EDGE('',*,*,#2598,.F.);
#3342=ORIENTED_EDGE('',*,*,#2599,.F.);
#3343=ORIENTED_EDGE('',*,*,#2600,.F.);
#3344=ORIENTED_EDGE('',*,*,#2601,.F.);
#3345=ORIENTED_EDGE('',*,*,#2602,.F.);
#3346=ORIENTED_EDGE('',*,*,#2603,.F.);
#3347=ORIENTED_EDGE('',*,*,#2604,.F.);
#3348=ORIENTED_EDGE('',*,*,#2605,.F.);
#3349=ORIENTED_EDGE('',*,*,#2606,.F.);
#3350=ORIENTED_EDGE('',*,*,#2600,.T.);
#3351=ORIENTED_EDGE('',*,*,#2607,.F.);
#3352=ORIENTED_EDGE('',*,*,#2608,.F.);
#3353=ORIENTED_EDGE('',*,*,#2609,.F.);
#3354=ORIENTED_EDGE('',*,*,#2595,.T.);
#3355=ORIENTED_EDGE('',*,*,#2610,.F.);
#3356=ORIENTED_EDGE('',*,*,#2611,.T.);
#3357=ORIENTED_EDGE('',*,*,#2612,.T.);
#3358=ORIENTED_EDGE('',*,*,#2604,.T.);
#3359=ORIENTED_EDGE('',*,*,#2613,.F.);
#3360=ORIENTED_EDGE('',*,*,#2593,.T.);
#3361=ORIENTED_EDGE('',*,*,#2614,.F.);
#3362=ORIENTED_EDGE('',*,*,#2601,.T.);
#3363=ORIENTED_EDGE('',*,*,#2609,.T.);
#3364=ORIENTED_EDGE('',*,*,#2615,.T.);
#3365=ORIENTED_EDGE('',*,*,#2616,.T.);
#3366=ORIENTED_EDGE('',*,*,#2617,.T.);
#3367=ORIENTED_EDGE('',*,*,#2605,.T.);
#3368=ORIENTED_EDGE('',*,*,#2614,.T.);
#3369=ORIENTED_EDGE('',*,*,#2592,.T.);
#3370=ORIENTED_EDGE('',*,*,#2618,.T.);
#3371=ORIENTED_EDGE('',*,*,#2619,.T.);
#3372=ORIENTED_EDGE('',*,*,#2620,.T.);
#3373=ORIENTED_EDGE('',*,*,#2621,.T.);
#3374=ORIENTED_EDGE('',*,*,#2622,.T.);
#3375=ORIENTED_EDGE('',*,*,#2623,.T.);
#3376=ORIENTED_EDGE('',*,*,#2551,.T.);
#3377=ORIENTED_EDGE('',*,*,#2591,.T.);
#3378=ORIENTED_EDGE('',*,*,#2624,.F.);
#3379=ORIENTED_EDGE('',*,*,#2618,.F.);
#3380=ORIENTED_EDGE('',*,*,#2587,.T.);
#3381=ORIENTED_EDGE('',*,*,#2625,.F.);
#3382=ORIENTED_EDGE('',*,*,#2626,.F.);
#3383=ORIENTED_EDGE('',*,*,#2627,.F.);
#3384=ORIENTED_EDGE('',*,*,#2628,.F.);
#3385=ORIENTED_EDGE('',*,*,#2629,.F.);
#3386=ORIENTED_EDGE('',*,*,#2630,.F.);
#3387=ORIENTED_EDGE('',*,*,#2631,.F.);
#3388=ORIENTED_EDGE('',*,*,#2632,.F.);
#3389=ORIENTED_EDGE('',*,*,#2633,.F.);
#3390=ORIENTED_EDGE('',*,*,#2634,.F.);
#3391=ORIENTED_EDGE('',*,*,#2635,.F.);
#3392=ORIENTED_EDGE('',*,*,#2636,.F.);
#3393=ORIENTED_EDGE('',*,*,#2637,.F.);
#3394=ORIENTED_EDGE('',*,*,#2638,.F.);
#3395=ORIENTED_EDGE('',*,*,#2639,.F.);
#3396=ORIENTED_EDGE('',*,*,#2640,.F.);
#3397=ORIENTED_EDGE('',*,*,#2641,.F.);
#3398=ORIENTED_EDGE('',*,*,#2642,.F.);
#3399=ORIENTED_EDGE('',*,*,#2583,.T.);
#3400=ORIENTED_EDGE('',*,*,#2643,.T.);
#3401=ORIENTED_EDGE('',*,*,#2644,.T.);
#3402=ORIENTED_EDGE('',*,*,#2580,.T.);
#3403=ORIENTED_EDGE('',*,*,#2645,.T.);
#3404=ORIENTED_EDGE('',*,*,#2646,.F.);
#3405=ORIENTED_EDGE('',*,*,#2647,.F.);
#3406=ORIENTED_EDGE('',*,*,#2596,.T.);
#3407=ORIENTED_EDGE('',*,*,#2612,.F.);
#3408=ORIENTED_EDGE('',*,*,#2648,.F.);
#3409=ORIENTED_EDGE('',*,*,#2649,.F.);
#3410=ORIENTED_EDGE('',*,*,#2650,.F.);
#3411=ORIENTED_EDGE('',*,*,#2645,.F.);
#3412=ORIENTED_EDGE('',*,*,#2579,.T.);
#3413=ORIENTED_EDGE('',*,*,#2651,.T.);
#3414=ORIENTED_EDGE('',*,*,#2652,.T.);
#3415=ORIENTED_EDGE('',*,*,#2653,.T.);
#3416=ORIENTED_EDGE('',*,*,#2654,.T.);
#3417=ORIENTED_EDGE('',*,*,#2655,.T.);
#3418=ORIENTED_EDGE('',*,*,#2656,.T.);
#3419=ORIENTED_EDGE('',*,*,#2657,.T.);
#3420=ORIENTED_EDGE('',*,*,#2578,.T.);
#3421=ORIENTED_EDGE('',*,*,#2658,.T.);
#3422=ORIENTED_EDGE('',*,*,#2659,.F.);
#3423=ORIENTED_EDGE('',*,*,#2651,.F.);
#3424=ORIENTED_EDGE('',*,*,#2599,.T.);
#3425=ORIENTED_EDGE('',*,*,#2660,.T.);
#3426=ORIENTED_EDGE('',*,*,#2581,.T.);
#3427=ORIENTED_EDGE('',*,*,#2647,.T.);
#3428=ORIENTED_EDGE('',*,*,#2661,.T.);
#3429=ORIENTED_EDGE('',*,*,#2662,.T.);
#3430=ORIENTED_EDGE('',*,*,#2663,.T.);
#3431=ORIENTED_EDGE('',*,*,#2664,.T.);
#3432=ORIENTED_EDGE('',*,*,#2665,.T.);
#3433=ORIENTED_EDGE('',*,*,#2610,.T.);
#3434=ORIENTED_EDGE('',*,*,#2594,.T.);
#3435=ORIENTED_EDGE('',*,*,#2613,.T.);
#3436=ORIENTED_EDGE('',*,*,#2603,.T.);
#3437=ORIENTED_EDGE('',*,*,#2666,.T.);
#3438=ORIENTED_EDGE('',*,*,#2667,.T.);
#3439=ORIENTED_EDGE('',*,*,#2668,.T.);
#3440=ORIENTED_EDGE('',*,*,#2607,.T.);
#3441=ORIENTED_EDGE('',*,*,#2553,.T.);
#3442=ORIENTED_EDGE('',*,*,#2669,.F.);
#3443=ORIENTED_EDGE('',*,*,#2670,.F.);
#3444=ORIENTED_EDGE('',*,*,#2669,.T.);
#3445=ORIENTED_EDGE('',*,*,#2671,.F.);
#3446=ORIENTED_EDGE('',*,*,#2662,.F.);
#3447=ORIENTED_EDGE('',*,*,#2672,.T.);
#3448=ORIENTED_EDGE('',*,*,#2649,.T.);
#3449=ORIENTED_EDGE('',*,*,#2673,.T.);
#3450=ORIENTED_EDGE('',*,*,#2664,.F.);
#3451=ORIENTED_EDGE('',*,*,#2674,.T.);
#3452=ORIENTED_EDGE('',*,*,#2670,.T.);
#3453=ORIENTED_EDGE('',*,*,#2674,.F.);
#3454=ORIENTED_EDGE('',*,*,#2663,.F.);
#3455=ORIENTED_EDGE('',*,*,#2671,.T.);
#3456=ORIENTED_EDGE('',*,*,#2675,.F.);
#3457=ORIENTED_EDGE('',*,*,#2622,.F.);
#3458=ORIENTED_EDGE('',*,*,#2676,.F.);
#3459=ORIENTED_EDGE('',*,*,#2677,.F.);
#3460=ORIENTED_EDGE('',*,*,#2678,.T.);
#3461=ORIENTED_EDGE('',*,*,#2679,.F.);
#3462=ORIENTED_EDGE('',*,*,#2680,.F.);
#3463=ORIENTED_EDGE('',*,*,#2681,.F.);
#3464=ORIENTED_EDGE('',*,*,#2644,.F.);
#3465=ORIENTED_EDGE('',*,*,#2682,.T.);
#3466=ORIENTED_EDGE('',*,*,#2683,.T.);
#3467=ORIENTED_EDGE('',*,*,#2684,.T.);
#3468=ORIENTED_EDGE('',*,*,#2685,.T.);
#3469=ORIENTED_EDGE('',*,*,#2686,.T.);
#3470=ORIENTED_EDGE('',*,*,#2687,.T.);
#3471=ORIENTED_EDGE('',*,*,#2688,.T.);
#3472=ORIENTED_EDGE('',*,*,#2689,.T.);
#3473=ORIENTED_EDGE('',*,*,#2690,.T.);
#3474=ORIENTED_EDGE('',*,*,#2691,.T.);
#3475=ORIENTED_EDGE('',*,*,#2692,.T.);
#3476=ORIENTED_EDGE('',*,*,#2602,.T.);
#3477=ORIENTED_EDGE('',*,*,#2623,.F.);
#3478=ORIENTED_EDGE('',*,*,#2675,.T.);
#3479=ORIENTED_EDGE('',*,*,#2643,.F.);
#3480=ORIENTED_EDGE('',*,*,#2582,.T.);
#3481=ORIENTED_EDGE('',*,*,#2660,.F.);
#3482=ORIENTED_EDGE('',*,*,#2568,.T.);
#3483=ORIENTED_EDGE('',*,*,#2693,.F.);
#3484=ORIENTED_EDGE('',*,*,#2694,.T.);
#3485=ORIENTED_EDGE('',*,*,#2695,.T.);
#3486=ORIENTED_EDGE('',*,*,#2696,.F.);
#3487=ORIENTED_EDGE('',*,*,#2697,.F.);
#3488=ORIENTED_EDGE('',*,*,#2698,.F.);
#3489=ORIENTED_EDGE('',*,*,#2566,.T.);
#3490=ORIENTED_EDGE('',*,*,#2699,.F.);
#3491=ORIENTED_EDGE('',*,*,#2700,.T.);
#3492=ORIENTED_EDGE('',*,*,#2701,.T.);
#3493=ORIENTED_EDGE('',*,*,#2702,.T.);
#3494=ORIENTED_EDGE('',*,*,#2703,.T.);
#3495=ORIENTED_EDGE('',*,*,#2704,.T.);
#3496=ORIENTED_EDGE('',*,*,#2705,.F.);
#3497=ORIENTED_EDGE('',*,*,#2597,.T.);
#3498=ORIENTED_EDGE('',*,*,#2653,.F.);
#3499=ORIENTED_EDGE('',*,*,#2706,.F.);
#3500=ORIENTED_EDGE('',*,*,#2707,.T.);
#3501=ORIENTED_EDGE('',*,*,#2571,.T.);
#3502=ORIENTED_EDGE('',*,*,#2708,.F.);
#3503=ORIENTED_EDGE('',*,*,#2709,.T.);
#3504=ORIENTED_EDGE('',*,*,#2710,.T.);
#3505=ORIENTED_EDGE('',*,*,#2570,.T.);
#3506=ORIENTED_EDGE('',*,*,#2711,.T.);
#3507=ORIENTED_EDGE('',*,*,#2712,.F.);
#3508=ORIENTED_EDGE('',*,*,#2713,.T.);
#3509=ORIENTED_EDGE('',*,*,#2714,.T.);
#3510=ORIENTED_EDGE('',*,*,#2708,.T.);
#3511=ORIENTED_EDGE('',*,*,#2565,.T.);
#3512=ORIENTED_EDGE('',*,*,#2715,.T.);
#3513=ORIENTED_EDGE('',*,*,#2716,.F.);
#3514=ORIENTED_EDGE('',*,*,#2717,.T.);
#3515=ORIENTED_EDGE('',*,*,#2699,.T.);
#3516=ORIENTED_EDGE('',*,*,#2564,.T.);
#3517=ORIENTED_EDGE('',*,*,#2718,.T.);
#3518=ORIENTED_EDGE('',*,*,#2719,.T.);
#3519=ORIENTED_EDGE('',*,*,#2720,.T.);
#3520=ORIENTED_EDGE('',*,*,#2715,.F.);
#3521=ORIENTED_EDGE('',*,*,#2563,.T.);
#3522=ORIENTED_EDGE('',*,*,#2721,.F.);
#3523=ORIENTED_EDGE('',*,*,#2722,.T.);
#3524=ORIENTED_EDGE('',*,*,#2723,.T.);
#3525=ORIENTED_EDGE('',*,*,#2724,.T.);
#3526=ORIENTED_EDGE('',*,*,#2725,.T.);
#3527=ORIENTED_EDGE('',*,*,#2726,.T.);
#3528=ORIENTED_EDGE('',*,*,#2718,.F.);
#3529=ORIENTED_EDGE('',*,*,#2561,.T.);
#3530=ORIENTED_EDGE('',*,*,#2727,.T.);
#3531=ORIENTED_EDGE('',*,*,#2728,.F.);
#3532=ORIENTED_EDGE('',*,*,#2729,.F.);
#3533=ORIENTED_EDGE('',*,*,#2730,.T.);
#3534=ORIENTED_EDGE('',*,*,#2731,.F.);
#3535=ORIENTED_EDGE('',*,*,#2732,.F.);
#3536=ORIENTED_EDGE('',*,*,#2560,.T.);
#3537=ORIENTED_EDGE('',*,*,#2733,.T.);
#3538=ORIENTED_EDGE('',*,*,#2734,.T.);
#3539=ORIENTED_EDGE('',*,*,#2735,.T.);
#3540=ORIENTED_EDGE('',*,*,#2736,.F.);
#3541=ORIENTED_EDGE('',*,*,#2727,.F.);
#3542=ORIENTED_EDGE('',*,*,#2559,.T.);
#3543=ORIENTED_EDGE('',*,*,#2737,.T.);
#3544=ORIENTED_EDGE('',*,*,#2738,.T.);
#3545=ORIENTED_EDGE('',*,*,#2733,.F.);
#3546=ORIENTED_EDGE('',*,*,#2558,.T.);
#3547=ORIENTED_EDGE('',*,*,#2739,.F.);
#3548=ORIENTED_EDGE('',*,*,#2740,.T.);
#3549=ORIENTED_EDGE('',*,*,#2741,.F.);
#3550=ORIENTED_EDGE('',*,*,#2742,.F.);
#3551=ORIENTED_EDGE('',*,*,#2743,.T.);
#3552=ORIENTED_EDGE('',*,*,#2744,.F.);
#3553=ORIENTED_EDGE('',*,*,#2745,.F.);
#3554=ORIENTED_EDGE('',*,*,#2746,.T.);
#3555=ORIENTED_EDGE('',*,*,#2737,.F.);
#3556=ORIENTED_EDGE('',*,*,#2572,.T.);
#3557=ORIENTED_EDGE('',*,*,#2710,.F.);
#3558=ORIENTED_EDGE('',*,*,#2747,.T.);
#3559=ORIENTED_EDGE('',*,*,#2748,.F.);
#3560=ORIENTED_EDGE('',*,*,#2749,.F.);
#3561=ORIENTED_EDGE('',*,*,#2750,.F.);
#3562=ORIENTED_EDGE('',*,*,#2751,.F.);
#3563=ORIENTED_EDGE('',*,*,#2752,.F.);
#3564=ORIENTED_EDGE('',*,*,#2753,.T.);
#3565=ORIENTED_EDGE('',*,*,#2754,.T.);
#3566=ORIENTED_EDGE('',*,*,#2755,.F.);
#3567=ORIENTED_EDGE('',*,*,#2756,.T.);
#3568=ORIENTED_EDGE('',*,*,#2757,.F.);
#3569=ORIENTED_EDGE('',*,*,#2758,.F.);
#3570=ORIENTED_EDGE('',*,*,#2759,.T.);
#3571=ORIENTED_EDGE('',*,*,#2758,.T.);
#3572=ORIENTED_EDGE('',*,*,#2760,.F.);
#3573=ORIENTED_EDGE('',*,*,#2761,.F.);
#3574=ORIENTED_EDGE('',*,*,#2762,.T.);
#3575=ORIENTED_EDGE('',*,*,#2763,.T.);
#3576=ORIENTED_EDGE('',*,*,#2761,.T.);
#3577=ORIENTED_EDGE('',*,*,#2764,.F.);
#3578=ORIENTED_EDGE('',*,*,#2765,.F.);
#3579=ORIENTED_EDGE('',*,*,#2766,.T.);
#3580=ORIENTED_EDGE('',*,*,#2765,.T.);
#3581=ORIENTED_EDGE('',*,*,#2767,.F.);
#3582=ORIENTED_EDGE('',*,*,#2768,.F.);
#3583=ORIENTED_EDGE('',*,*,#2769,.T.);
#3584=ORIENTED_EDGE('',*,*,#2770,.T.);
#3585=ORIENTED_EDGE('',*,*,#2771,.F.);
#3586=ORIENTED_EDGE('',*,*,#2772,.F.);
#3587=ORIENTED_EDGE('',*,*,#2773,.T.);
#3588=ORIENTED_EDGE('',*,*,#2676,.T.);
#3589=ORIENTED_EDGE('',*,*,#2621,.F.);
#3590=ORIENTED_EDGE('',*,*,#2774,.T.);
#3591=ORIENTED_EDGE('',*,*,#2769,.F.);
#3592=ORIENTED_EDGE('',*,*,#2775,.F.);
#3593=ORIENTED_EDGE('',*,*,#2776,.F.);
#3594=ORIENTED_EDGE('',*,*,#2773,.F.);
#3595=ORIENTED_EDGE('',*,*,#2777,.T.);
#3596=ORIENTED_EDGE('',*,*,#2778,.F.);
#3597=ORIENTED_EDGE('',*,*,#2779,.F.);
#3598=ORIENTED_EDGE('',*,*,#2780,.F.);
#3599=ORIENTED_EDGE('',*,*,#2781,.T.);
#3600=ORIENTED_EDGE('',*,*,#2782,.F.);
#3601=ORIENTED_EDGE('',*,*,#2783,.T.);
#3602=ORIENTED_EDGE('',*,*,#2784,.T.);
#3603=ORIENTED_EDGE('',*,*,#2585,.F.);
#3604=ORIENTED_EDGE('',*,*,#2785,.T.);
#3605=ORIENTED_EDGE('',*,*,#2767,.T.);
#3606=ORIENTED_EDGE('',*,*,#2786,.T.);
#3607=ORIENTED_EDGE('',*,*,#2787,.T.);
#3608=ORIENTED_EDGE('',*,*,#2788,.F.);
#3609=ORIENTED_EDGE('',*,*,#2764,.T.);
#3610=ORIENTED_EDGE('',*,*,#2789,.T.);
#3611=ORIENTED_EDGE('',*,*,#2790,.T.);
#3612=ORIENTED_EDGE('',*,*,#2786,.F.);
#3613=ORIENTED_EDGE('',*,*,#2791,.T.);
#3614=ORIENTED_EDGE('',*,*,#2792,.F.);
#3615=ORIENTED_EDGE('',*,*,#2793,.F.);
#3616=ORIENTED_EDGE('',*,*,#2794,.F.);
#3617=ORIENTED_EDGE('',*,*,#2795,.F.);
#3618=ORIENTED_EDGE('',*,*,#2796,.T.);
#3619=ORIENTED_EDGE('',*,*,#2797,.F.);
#3620=ORIENTED_EDGE('',*,*,#2798,.F.);
#3621=ORIENTED_EDGE('',*,*,#2799,.T.);
#3622=ORIENTED_EDGE('',*,*,#2800,.T.);
#3623=ORIENTED_EDGE('',*,*,#2801,.F.);
#3624=ORIENTED_EDGE('',*,*,#2802,.T.);
#3625=ORIENTED_EDGE('',*,*,#2803,.F.);
#3626=ORIENTED_EDGE('',*,*,#2804,.T.);
#3627=ORIENTED_EDGE('',*,*,#2805,.T.);
#3628=ORIENTED_EDGE('',*,*,#2806,.T.);
#3629=ORIENTED_EDGE('',*,*,#2807,.F.);
#3630=ORIENTED_EDGE('',*,*,#2808,.F.);
#3631=ORIENTED_EDGE('',*,*,#2809,.T.);
#3632=ORIENTED_EDGE('',*,*,#2808,.T.);
#3633=ORIENTED_EDGE('',*,*,#2810,.F.);
#3634=ORIENTED_EDGE('',*,*,#2811,.F.);
#3635=ORIENTED_EDGE('',*,*,#2812,.T.);
#3636=ORIENTED_EDGE('',*,*,#2811,.T.);
#3637=ORIENTED_EDGE('',*,*,#2813,.F.);
#3638=ORIENTED_EDGE('',*,*,#2814,.T.);
#3639=ORIENTED_EDGE('',*,*,#2815,.F.);
#3640=ORIENTED_EDGE('',*,*,#2800,.F.);
#3641=ORIENTED_EDGE('',*,*,#2816,.T.);
#3642=ORIENTED_EDGE('',*,*,#2809,.F.);
#3643=ORIENTED_EDGE('',*,*,#2812,.F.);
#3644=ORIENTED_EDGE('',*,*,#2817,.F.);
#3645=ORIENTED_EDGE('',*,*,#2818,.T.);
#3646=ORIENTED_EDGE('',*,*,#2805,.F.);
#3647=ORIENTED_EDGE('',*,*,#2819,.T.);
#3648=ORIENTED_EDGE('',*,*,#2816,.F.);
#3649=ORIENTED_EDGE('',*,*,#2799,.F.);
#3650=ORIENTED_EDGE('',*,*,#2820,.T.);
#3651=ORIENTED_EDGE('',*,*,#2821,.T.);
#3652=ORIENTED_EDGE('',*,*,#2822,.F.);
#3653=ORIENTED_EDGE('',*,*,#2796,.F.);
#3654=ORIENTED_EDGE('',*,*,#2823,.F.);
#3655=ORIENTED_EDGE('',*,*,#2824,.T.);
#3656=ORIENTED_EDGE('',*,*,#2825,.T.);
#3657=ORIENTED_EDGE('',*,*,#2826,.T.);
#3658=ORIENTED_EDGE('',*,*,#2827,.F.);
#3659=ORIENTED_EDGE('',*,*,#2828,.T.);
#3660=ORIENTED_EDGE('',*,*,#2829,.T.);
#3661=ORIENTED_EDGE('',*,*,#2830,.T.);
#3662=ORIENTED_EDGE('',*,*,#2825,.F.);
#3663=ORIENTED_EDGE('',*,*,#2831,.T.);
#3664=ORIENTED_EDGE('',*,*,#2823,.T.);
#3665=ORIENTED_EDGE('',*,*,#2798,.T.);
#3666=ORIENTED_EDGE('',*,*,#2832,.F.);
#3667=ORIENTED_EDGE('',*,*,#2833,.F.);
#3668=ORIENTED_EDGE('',*,*,#2834,.T.);
#3669=ORIENTED_EDGE('',*,*,#2835,.T.);
#3670=ORIENTED_EDGE('',*,*,#2836,.F.);
#3671=ORIENTED_EDGE('',*,*,#2837,.F.);
#3672=ORIENTED_EDGE('',*,*,#2719,.F.);
#3673=ORIENTED_EDGE('',*,*,#2726,.F.);
#3674=ORIENTED_EDGE('',*,*,#2838,.T.);
#3675=ORIENTED_EDGE('',*,*,#2839,.F.);
#3676=ORIENTED_EDGE('',*,*,#2802,.F.);
#3677=ORIENTED_EDGE('',*,*,#2840,.F.);
#3678=ORIENTED_EDGE('',*,*,#2841,.T.);
#3679=ORIENTED_EDGE('',*,*,#2842,.T.);
#3680=ORIENTED_EDGE('',*,*,#2814,.F.);
#3681=ORIENTED_EDGE('',*,*,#2819,.F.);
#3682=ORIENTED_EDGE('',*,*,#2843,.T.);
#3683=ORIENTED_EDGE('',*,*,#2844,.T.);
#3684=ORIENTED_EDGE('',*,*,#2845,.F.);
#3685=ORIENTED_EDGE('',*,*,#2821,.F.);
#3686=ORIENTED_EDGE('',*,*,#2831,.F.);
#3687=ORIENTED_EDGE('',*,*,#2846,.F.);
#3688=ORIENTED_EDGE('',*,*,#2847,.F.);
#3689=ORIENTED_EDGE('',*,*,#2848,.F.);
#3690=ORIENTED_EDGE('',*,*,#2849,.F.);
#3691=ORIENTED_EDGE('',*,*,#2850,.F.);
#3692=ORIENTED_EDGE('',*,*,#2851,.F.);
#3693=ORIENTED_EDGE('',*,*,#2852,.F.);
#3694=ORIENTED_EDGE('',*,*,#2853,.F.);
#3695=ORIENTED_EDGE('',*,*,#2854,.F.);
#3696=ORIENTED_EDGE('',*,*,#2855,.F.);
#3697=ORIENTED_EDGE('',*,*,#2856,.F.);
#3698=ORIENTED_EDGE('',*,*,#2857,.F.);
#3699=ORIENTED_EDGE('',*,*,#2858,.F.);
#3700=ORIENTED_EDGE('',*,*,#2847,.T.);
#3701=ORIENTED_EDGE('',*,*,#2859,.F.);
#3702=ORIENTED_EDGE('',*,*,#2860,.F.);
#3703=ORIENTED_EDGE('',*,*,#2861,.T.);
#3704=ORIENTED_EDGE('',*,*,#2848,.T.);
#3705=ORIENTED_EDGE('',*,*,#2861,.F.);
#3706=ORIENTED_EDGE('',*,*,#2862,.T.);
#3707=ORIENTED_EDGE('',*,*,#2863,.T.);
#3708=ORIENTED_EDGE('',*,*,#2849,.T.);
#3709=ORIENTED_EDGE('',*,*,#2863,.F.);
#3710=ORIENTED_EDGE('',*,*,#2864,.T.);
#3711=ORIENTED_EDGE('',*,*,#2865,.T.);
#3712=ORIENTED_EDGE('',*,*,#2850,.T.);
#3713=ORIENTED_EDGE('',*,*,#2865,.F.);
#3714=ORIENTED_EDGE('',*,*,#2866,.F.);
#3715=ORIENTED_EDGE('',*,*,#2867,.T.);
#3716=ORIENTED_EDGE('',*,*,#2851,.T.);
#3717=ORIENTED_EDGE('',*,*,#2867,.F.);
#3718=ORIENTED_EDGE('',*,*,#2868,.T.);
#3719=ORIENTED_EDGE('',*,*,#2869,.T.);
#3720=ORIENTED_EDGE('',*,*,#2870,.F.);
#3721=ORIENTED_EDGE('',*,*,#2871,.T.);
#3722=ORIENTED_EDGE('',*,*,#2852,.T.);
#3723=ORIENTED_EDGE('',*,*,#2869,.F.);
#3724=ORIENTED_EDGE('',*,*,#2872,.T.);
#3725=ORIENTED_EDGE('',*,*,#2873,.F.);
#3726=ORIENTED_EDGE('',*,*,#2874,.T.);
#3727=ORIENTED_EDGE('',*,*,#2853,.T.);
#3728=ORIENTED_EDGE('',*,*,#2871,.F.);
#3729=ORIENTED_EDGE('',*,*,#2875,.F.);
#3730=ORIENTED_EDGE('',*,*,#2876,.T.);
#3731=ORIENTED_EDGE('',*,*,#2854,.T.);
#3732=ORIENTED_EDGE('',*,*,#2874,.F.);
#3733=ORIENTED_EDGE('',*,*,#2846,.T.);
#3734=ORIENTED_EDGE('',*,*,#2877,.F.);
#3735=ORIENTED_EDGE('',*,*,#2878,.F.);
#3736=ORIENTED_EDGE('',*,*,#2859,.T.);
#3737=ORIENTED_EDGE('',*,*,#2879,.F.);
#3738=ORIENTED_EDGE('',*,*,#2880,.F.);
#3739=ORIENTED_EDGE('',*,*,#2877,.T.);
#3740=ORIENTED_EDGE('',*,*,#2858,.T.);
#3741=ORIENTED_EDGE('',*,*,#2881,.F.);
#3742=ORIENTED_EDGE('',*,*,#2882,.F.);
#3743=ORIENTED_EDGE('',*,*,#2881,.T.);
#3744=ORIENTED_EDGE('',*,*,#2857,.T.);
#3745=ORIENTED_EDGE('',*,*,#2883,.F.);
#3746=ORIENTED_EDGE('',*,*,#2884,.F.);
#3747=ORIENTED_EDGE('',*,*,#2883,.T.);
#3748=ORIENTED_EDGE('',*,*,#2856,.T.);
#3749=ORIENTED_EDGE('',*,*,#2885,.F.);
#3750=ORIENTED_EDGE('',*,*,#2886,.F.);
#3751=ORIENTED_EDGE('',*,*,#2885,.T.);
#3752=ORIENTED_EDGE('',*,*,#2855,.T.);
#3753=ORIENTED_EDGE('',*,*,#2876,.F.);
#3754=ORIENTED_EDGE('',*,*,#2687,.F.);
#3755=ORIENTED_EDGE('',*,*,#2887,.T.);
#3756=ORIENTED_EDGE('',*,*,#2888,.T.);
#3757=ORIENTED_EDGE('',*,*,#2889,.F.);
#3758=ORIENTED_EDGE('',*,*,#2890,.F.);
#3759=ORIENTED_EDGE('',*,*,#2686,.F.);
#3760=ORIENTED_EDGE('',*,*,#2891,.T.);
#3761=ORIENTED_EDGE('',*,*,#2892,.T.);
#3762=ORIENTED_EDGE('',*,*,#2887,.F.);
#3763=ORIENTED_EDGE('',*,*,#2893,.T.);
#3764=ORIENTED_EDGE('',*,*,#2894,.F.);
#3765=ORIENTED_EDGE('',*,*,#2895,.T.);
#3766=ORIENTED_EDGE('',*,*,#2896,.T.);
#3767=ORIENTED_EDGE('',*,*,#2897,.T.);
#3768=ORIENTED_EDGE('',*,*,#2896,.F.);
#3769=ORIENTED_EDGE('',*,*,#2898,.F.);
#3770=ORIENTED_EDGE('',*,*,#2899,.T.);
#3771=ORIENTED_EDGE('',*,*,#2900,.T.);
#3772=ORIENTED_EDGE('',*,*,#2899,.F.);
#3773=ORIENTED_EDGE('',*,*,#2901,.T.);
#3774=ORIENTED_EDGE('',*,*,#2902,.T.);
#3775=ORIENTED_EDGE('',*,*,#2903,.T.);
#3776=ORIENTED_EDGE('',*,*,#2902,.F.);
#3777=ORIENTED_EDGE('',*,*,#2904,.T.);
#3778=ORIENTED_EDGE('',*,*,#2905,.T.);
#3779=ORIENTED_EDGE('',*,*,#2906,.T.);
#3780=ORIENTED_EDGE('',*,*,#2905,.F.);
#3781=ORIENTED_EDGE('',*,*,#2907,.F.);
#3782=ORIENTED_EDGE('',*,*,#2908,.T.);
#3783=ORIENTED_EDGE('',*,*,#2682,.F.);
#3784=ORIENTED_EDGE('',*,*,#2909,.T.);
#3785=ORIENTED_EDGE('',*,*,#2894,.T.);
#3786=ORIENTED_EDGE('',*,*,#2910,.T.);
#3787=ORIENTED_EDGE('',*,*,#2911,.F.);
#3788=ORIENTED_EDGE('',*,*,#2683,.F.);
#3789=ORIENTED_EDGE('',*,*,#2911,.T.);
#3790=ORIENTED_EDGE('',*,*,#2912,.T.);
#3791=ORIENTED_EDGE('',*,*,#2913,.F.);
#3792=ORIENTED_EDGE('',*,*,#2684,.F.);
#3793=ORIENTED_EDGE('',*,*,#2913,.T.);
#3794=ORIENTED_EDGE('',*,*,#2914,.T.);
#3795=ORIENTED_EDGE('',*,*,#2915,.F.);
#3796=ORIENTED_EDGE('',*,*,#2685,.F.);
#3797=ORIENTED_EDGE('',*,*,#2915,.T.);
#3798=ORIENTED_EDGE('',*,*,#2916,.T.);
#3799=ORIENTED_EDGE('',*,*,#2891,.F.);
#3800=ORIENTED_EDGE('',*,*,#2917,.T.);
#3801=ORIENTED_EDGE('',*,*,#2918,.F.);
#3802=ORIENTED_EDGE('',*,*,#2872,.F.);
#3803=ORIENTED_EDGE('',*,*,#2868,.F.);
#3804=ORIENTED_EDGE('',*,*,#2866,.T.);
#3805=ORIENTED_EDGE('',*,*,#2864,.F.);
#3806=ORIENTED_EDGE('',*,*,#2862,.F.);
#3807=ORIENTED_EDGE('',*,*,#2860,.T.);
#3808=ORIENTED_EDGE('',*,*,#2919,.T.);
#3809=ORIENTED_EDGE('',*,*,#2880,.T.);
#3810=ORIENTED_EDGE('',*,*,#2920,.F.);
#3811=ORIENTED_EDGE('',*,*,#2921,.F.);
#3812=ORIENTED_EDGE('',*,*,#2922,.F.);
#3813=ORIENTED_EDGE('',*,*,#2878,.T.);
#3814=ORIENTED_EDGE('',*,*,#2923,.T.);
#3815=ORIENTED_EDGE('',*,*,#2919,.F.);
#3816=ORIENTED_EDGE('',*,*,#2924,.F.);
#3817=ORIENTED_EDGE('',*,*,#2923,.F.);
#3818=ORIENTED_EDGE('',*,*,#2917,.F.);
#3819=ORIENTED_EDGE('',*,*,#2922,.T.);
#3820=ORIENTED_EDGE('',*,*,#2925,.F.);
#3821=ORIENTED_EDGE('',*,*,#2926,.T.);
#3822=ORIENTED_EDGE('',*,*,#2688,.F.);
#3823=ORIENTED_EDGE('',*,*,#2890,.T.);
#3824=ORIENTED_EDGE('',*,*,#2689,.F.);
#3825=ORIENTED_EDGE('',*,*,#2926,.F.);
#3826=ORIENTED_EDGE('',*,*,#2927,.T.);
#3827=ORIENTED_EDGE('',*,*,#2690,.F.);
#3828=ORIENTED_EDGE('',*,*,#2927,.F.);
#3829=ORIENTED_EDGE('',*,*,#2928,.T.);
#3830=ORIENTED_EDGE('',*,*,#2929,.T.);
#3831=ORIENTED_EDGE('',*,*,#2691,.F.);
#3832=ORIENTED_EDGE('',*,*,#2929,.F.);
#3833=ORIENTED_EDGE('',*,*,#2930,.F.);
#3834=ORIENTED_EDGE('',*,*,#2931,.F.);
#3835=ORIENTED_EDGE('',*,*,#2932,.F.);
#3836=ORIENTED_EDGE('',*,*,#2888,.F.);
#3837=ORIENTED_EDGE('',*,*,#2892,.F.);
#3838=ORIENTED_EDGE('',*,*,#2916,.F.);
#3839=ORIENTED_EDGE('',*,*,#2914,.F.);
#3840=ORIENTED_EDGE('',*,*,#2912,.F.);
#3841=ORIENTED_EDGE('',*,*,#2910,.F.);
#3842=ORIENTED_EDGE('',*,*,#2893,.F.);
#3843=ORIENTED_EDGE('',*,*,#2897,.F.);
#3844=ORIENTED_EDGE('',*,*,#2900,.F.);
#3845=ORIENTED_EDGE('',*,*,#2903,.F.);
#3846=ORIENTED_EDGE('',*,*,#2906,.F.);
#3847=ORIENTED_EDGE('',*,*,#2933,.T.);
#3848=ORIENTED_EDGE('',*,*,#2931,.T.);
#3849=ORIENTED_EDGE('',*,*,#2908,.F.);
#3850=ORIENTED_EDGE('',*,*,#2934,.T.);
#3851=ORIENTED_EDGE('',*,*,#2934,.F.);
#3852=ORIENTED_EDGE('',*,*,#2907,.T.);
#3853=ORIENTED_EDGE('',*,*,#2904,.F.);
#3854=ORIENTED_EDGE('',*,*,#2901,.F.);
#3855=ORIENTED_EDGE('',*,*,#2898,.T.);
#3856=ORIENTED_EDGE('',*,*,#2895,.F.);
#3857=ORIENTED_EDGE('',*,*,#2909,.F.);
#3858=ORIENTED_EDGE('',*,*,#2692,.F.);
#3859=ORIENTED_EDGE('',*,*,#2930,.T.);
#3860=ORIENTED_EDGE('',*,*,#2933,.F.);
#3861=ORIENTED_EDGE('',*,*,#2928,.F.);
#3862=ORIENTED_EDGE('',*,*,#2889,.T.);
#3863=ORIENTED_EDGE('',*,*,#2932,.T.);
#3864=ORIENTED_EDGE('',*,*,#2935,.F.);
#3865=ORIENTED_EDGE('',*,*,#2936,.F.);
#3866=ORIENTED_EDGE('',*,*,#2937,.T.);
#3867=ORIENTED_EDGE('',*,*,#2700,.F.);
#3868=ORIENTED_EDGE('',*,*,#2717,.F.);
#3869=ORIENTED_EDGE('',*,*,#2938,.T.);
#3870=ORIENTED_EDGE('',*,*,#2935,.T.);
#3871=ORIENTED_EDGE('',*,*,#2716,.T.);
#3872=ORIENTED_EDGE('',*,*,#2720,.F.);
#3873=ORIENTED_EDGE('',*,*,#2837,.T.);
#3874=ORIENTED_EDGE('',*,*,#2939,.T.);
#3875=ORIENTED_EDGE('',*,*,#2940,.F.);
#3876=ORIENTED_EDGE('',*,*,#2711,.F.);
#3877=ORIENTED_EDGE('',*,*,#2569,.F.);
#3878=ORIENTED_EDGE('',*,*,#2698,.T.);
#3879=ORIENTED_EDGE('',*,*,#2941,.F.);
#3880=ORIENTED_EDGE('',*,*,#2942,.T.);
#3881=ORIENTED_EDGE('',*,*,#2943,.T.);
#3882=ORIENTED_EDGE('',*,*,#2944,.T.);
#3883=ORIENTED_EDGE('',*,*,#2945,.F.);
#3884=ORIENTED_EDGE('',*,*,#2946,.T.);
#3885=ORIENTED_EDGE('',*,*,#2834,.F.);
#3886=ORIENTED_EDGE('',*,*,#2936,.T.);
#3887=ORIENTED_EDGE('',*,*,#2938,.F.);
#3888=ORIENTED_EDGE('',*,*,#2947,.T.);
#3889=ORIENTED_EDGE('',*,*,#2803,.T.);
#3890=ORIENTED_EDGE('',*,*,#2841,.F.);
#3891=ORIENTED_EDGE('',*,*,#2948,.T.);
#3892=ORIENTED_EDGE('',*,*,#2793,.T.);
#3893=ORIENTED_EDGE('',*,*,#2949,.T.);
#3894=ORIENTED_EDGE('',*,*,#2946,.F.);
#3895=ORIENTED_EDGE('',*,*,#2950,.T.);
#3896=ORIENTED_EDGE('',*,*,#2951,.F.);
#3897=ORIENTED_EDGE('',*,*,#2835,.F.);
#3898=ORIENTED_EDGE('',*,*,#2952,.T.);
#3899=ORIENTED_EDGE('',*,*,#2953,.F.);
#3900=ORIENTED_EDGE('',*,*,#2954,.T.);
#3901=ORIENTED_EDGE('',*,*,#2948,.F.);
#3902=ORIENTED_EDGE('',*,*,#2840,.T.);
#3903=ORIENTED_EDGE('',*,*,#2804,.F.);
#3904=ORIENTED_EDGE('',*,*,#2947,.F.);
#3905=ORIENTED_EDGE('',*,*,#2940,.T.);
#3906=ORIENTED_EDGE('',*,*,#2955,.F.);
#3907=ORIENTED_EDGE('',*,*,#2806,.F.);
#3908=ORIENTED_EDGE('',*,*,#2818,.F.);
#3909=ORIENTED_EDGE('',*,*,#2956,.F.);
#3910=ORIENTED_EDGE('',*,*,#2794,.T.);
#3911=ORIENTED_EDGE('',*,*,#2957,.T.);
#3912=ORIENTED_EDGE('',*,*,#2958,.T.);
#3913=ORIENTED_EDGE('',*,*,#2959,.T.);
#3914=ORIENTED_EDGE('',*,*,#2960,.T.);
#3915=ORIENTED_EDGE('',*,*,#2961,.T.);
#3916=ORIENTED_EDGE('',*,*,#2791,.F.);
#3917=ORIENTED_EDGE('',*,*,#2962,.T.);
#3918=ORIENTED_EDGE('',*,*,#2963,.F.);
#3919=ORIENTED_EDGE('',*,*,#2962,.F.);
#3920=ORIENTED_EDGE('',*,*,#2964,.T.);
#3921=ORIENTED_EDGE('',*,*,#2963,.T.);
#3922=ORIENTED_EDGE('',*,*,#2964,.F.);
#3923=ORIENTED_EDGE('',*,*,#2965,.T.);
#3924=ORIENTED_EDGE('',*,*,#2961,.F.);
#3925=ORIENTED_EDGE('',*,*,#2965,.F.);
#3926=ORIENTED_EDGE('',*,*,#2966,.F.);
#3927=ORIENTED_EDGE('',*,*,#2960,.F.);
#3928=ORIENTED_EDGE('',*,*,#2967,.T.);
#3929=ORIENTED_EDGE('',*,*,#2968,.F.);
#3930=ORIENTED_EDGE('',*,*,#2969,.F.);
#3931=ORIENTED_EDGE('',*,*,#2970,.F.);
#3932=ORIENTED_EDGE('',*,*,#2971,.F.);
#3933=ORIENTED_EDGE('',*,*,#2972,.F.);
#3934=ORIENTED_EDGE('',*,*,#2973,.F.);
#3935=ORIENTED_EDGE('',*,*,#2971,.T.);
#3936=ORIENTED_EDGE('',*,*,#2974,.T.);
#3937=ORIENTED_EDGE('',*,*,#2968,.T.);
#3938=ORIENTED_EDGE('',*,*,#2953,.T.);
#3939=ORIENTED_EDGE('',*,*,#2838,.F.);
#3940=ORIENTED_EDGE('',*,*,#2725,.F.);
#3941=ORIENTED_EDGE('',*,*,#2975,.T.);
#3942=ORIENTED_EDGE('',*,*,#2976,.T.);
#3943=ORIENTED_EDGE('',*,*,#2977,.T.);
#3944=ORIENTED_EDGE('',*,*,#2978,.F.);
#3945=ORIENTED_EDGE('',*,*,#2954,.F.);
#3946=ORIENTED_EDGE('',*,*,#2975,.F.);
#3947=ORIENTED_EDGE('',*,*,#2724,.F.);
#3948=ORIENTED_EDGE('',*,*,#2979,.F.);
#3949=ORIENTED_EDGE('',*,*,#2729,.T.);
#3950=ORIENTED_EDGE('',*,*,#2980,.F.);
#3951=ORIENTED_EDGE('',*,*,#2730,.F.);
#3952=ORIENTED_EDGE('',*,*,#2979,.T.);
#3953=ORIENTED_EDGE('',*,*,#2723,.F.);
#3954=ORIENTED_EDGE('',*,*,#2981,.T.);
#3955=ORIENTED_EDGE('',*,*,#2694,.F.);
#3956=ORIENTED_EDGE('',*,*,#2982,.T.);
#3957=ORIENTED_EDGE('',*,*,#2704,.F.);
#3958=ORIENTED_EDGE('',*,*,#2701,.F.);
#3959=ORIENTED_EDGE('',*,*,#2937,.F.);
#3960=ORIENTED_EDGE('',*,*,#2833,.T.);
#3961=ORIENTED_EDGE('',*,*,#2983,.T.);
#3962=ORIENTED_EDGE('',*,*,#2836,.T.);
#3963=ORIENTED_EDGE('',*,*,#2951,.T.);
#3964=ORIENTED_EDGE('',*,*,#2984,.F.);
#3965=ORIENTED_EDGE('',*,*,#2703,.F.);
#3966=ORIENTED_EDGE('',*,*,#2985,.T.);
#3967=ORIENTED_EDGE('',*,*,#2695,.F.);
#3968=ORIENTED_EDGE('',*,*,#2981,.F.);
#3969=ORIENTED_EDGE('',*,*,#2986,.F.);
#3970=ORIENTED_EDGE('',*,*,#2696,.T.);
#3971=ORIENTED_EDGE('',*,*,#2985,.F.);
#3972=ORIENTED_EDGE('',*,*,#2702,.F.);
#3973=ORIENTED_EDGE('',*,*,#2983,.F.);
#3974=ORIENTED_EDGE('',*,*,#2984,.T.);
#3975=ORIENTED_EDGE('',*,*,#2950,.F.);
#3976=ORIENTED_EDGE('',*,*,#2945,.T.);
#3977=ORIENTED_EDGE('',*,*,#2987,.T.);
#3978=ORIENTED_EDGE('',*,*,#2982,.F.);
#3979=ORIENTED_EDGE('',*,*,#2693,.T.);
#3980=ORIENTED_EDGE('',*,*,#2567,.F.);
#3981=ORIENTED_EDGE('',*,*,#2705,.T.);
#3982=ORIENTED_EDGE('',*,*,#2732,.T.);
#3983=ORIENTED_EDGE('',*,*,#2988,.F.);
#3984=ORIENTED_EDGE('',*,*,#2721,.T.);
#3985=ORIENTED_EDGE('',*,*,#2562,.F.);
#3986=ORIENTED_EDGE('',*,*,#2988,.T.);
#3987=ORIENTED_EDGE('',*,*,#2731,.T.);
#3988=ORIENTED_EDGE('',*,*,#2980,.T.);
#3989=ORIENTED_EDGE('',*,*,#2722,.F.);
#3990=ORIENTED_EDGE('',*,*,#2989,.T.);
#3991=ORIENTED_EDGE('',*,*,#2990,.T.);
#3992=ORIENTED_EDGE('',*,*,#2991,.T.);
#3993=ORIENTED_EDGE('',*,*,#2992,.F.);
#3994=ORIENTED_EDGE('',*,*,#2993,.F.);
#3995=ORIENTED_EDGE('',*,*,#2994,.T.);
#3996=ORIENTED_EDGE('',*,*,#2995,.F.);
#3997=ORIENTED_EDGE('',*,*,#2996,.T.);
#3998=ORIENTED_EDGE('',*,*,#2997,.T.);
#3999=ORIENTED_EDGE('',*,*,#2998,.T.);
#4000=ORIENTED_EDGE('',*,*,#2999,.T.);
#4001=ORIENTED_EDGE('',*,*,#2993,.T.);
#4002=ORIENTED_EDGE('',*,*,#3000,.T.);
#4003=ORIENTED_EDGE('',*,*,#2742,.T.);
#4004=ORIENTED_EDGE('',*,*,#3001,.F.);
#4005=ORIENTED_EDGE('',*,*,#2845,.T.);
#4006=ORIENTED_EDGE('',*,*,#3002,.F.);
#4007=ORIENTED_EDGE('',*,*,#2822,.T.);
#4008=ORIENTED_EDGE('',*,*,#3001,.T.);
#4009=ORIENTED_EDGE('',*,*,#2741,.T.);
#4010=ORIENTED_EDGE('',*,*,#2752,.T.);
#4011=ORIENTED_EDGE('',*,*,#3003,.F.);
#4012=ORIENTED_EDGE('',*,*,#2820,.F.);
#4013=ORIENTED_EDGE('',*,*,#3004,.T.);
#4014=ORIENTED_EDGE('',*,*,#3005,.T.);
#4015=ORIENTED_EDGE('',*,*,#3006,.F.);
#4016=ORIENTED_EDGE('',*,*,#3007,.T.);
#4017=ORIENTED_EDGE('',*,*,#3008,.T.);
#4018=ORIENTED_EDGE('',*,*,#3009,.T.);
#4019=ORIENTED_EDGE('',*,*,#3010,.T.);
#4020=ORIENTED_EDGE('',*,*,#2748,.T.);
#4021=ORIENTED_EDGE('',*,*,#3011,.T.);
#4022=ORIENTED_EDGE('',*,*,#3012,.F.);
#4023=ORIENTED_EDGE('',*,*,#3013,.T.);
#4024=ORIENTED_EDGE('',*,*,#2992,.T.);
#4025=ORIENTED_EDGE('',*,*,#3014,.T.);
#4026=ORIENTED_EDGE('',*,*,#3009,.F.);
#4027=ORIENTED_EDGE('',*,*,#3015,.T.);
#4028=ORIENTED_EDGE('',*,*,#3003,.T.);
#4029=ORIENTED_EDGE('',*,*,#2751,.T.);
#4030=ORIENTED_EDGE('',*,*,#3016,.F.);
#4031=ORIENTED_EDGE('',*,*,#2843,.F.);
#4032=ORIENTED_EDGE('',*,*,#3000,.F.);
#4033=ORIENTED_EDGE('',*,*,#2844,.F.);
#4034=ORIENTED_EDGE('',*,*,#2832,.T.);
#4035=ORIENTED_EDGE('',*,*,#2797,.T.);
#4036=ORIENTED_EDGE('',*,*,#3002,.T.);
#4037=ORIENTED_EDGE('',*,*,#3017,.T.);
#4038=ORIENTED_EDGE('',*,*,#3018,.F.);
#4039=ORIENTED_EDGE('',*,*,#3019,.F.);
#4040=ORIENTED_EDGE('',*,*,#2779,.T.);
#4041=ORIENTED_EDGE('',*,*,#2778,.T.);
#4042=ORIENTED_EDGE('',*,*,#3020,.T.);
#4043=ORIENTED_EDGE('',*,*,#3021,.T.);
#4044=ORIENTED_EDGE('',*,*,#3016,.T.);
#4045=ORIENTED_EDGE('',*,*,#3022,.T.);
#4046=ORIENTED_EDGE('',*,*,#3004,.F.);
#4047=ORIENTED_EDGE('',*,*,#2801,.T.);
#4048=ORIENTED_EDGE('',*,*,#2815,.T.);
#4049=ORIENTED_EDGE('',*,*,#2842,.F.);
#4050=ORIENTED_EDGE('',*,*,#3023,.T.);
#4051=ORIENTED_EDGE('',*,*,#3024,.F.);
#4052=ORIENTED_EDGE('',*,*,#3025,.T.);
#4053=ORIENTED_EDGE('',*,*,#3026,.T.);
#4054=ORIENTED_EDGE('',*,*,#3027,.T.);
#4055=ORIENTED_EDGE('',*,*,#3028,.T.);
#4056=ORIENTED_EDGE('',*,*,#3029,.T.);
#4057=ORIENTED_EDGE('',*,*,#3030,.T.);
#4058=ORIENTED_EDGE('',*,*,#3031,.T.);
#4059=ORIENTED_EDGE('',*,*,#3032,.T.);
#4060=ORIENTED_EDGE('',*,*,#3033,.F.);
#4061=ORIENTED_EDGE('',*,*,#2619,.F.);
#4062=ORIENTED_EDGE('',*,*,#2624,.T.);
#4063=ORIENTED_EDGE('',*,*,#3034,.F.);
#4064=ORIENTED_EDGE('',*,*,#3035,.F.);
#4065=ORIENTED_EDGE('',*,*,#3027,.F.);
#4066=ORIENTED_EDGE('',*,*,#2918,.T.);
#4067=ORIENTED_EDGE('',*,*,#2925,.T.);
#4068=ORIENTED_EDGE('',*,*,#2921,.T.);
#4069=ORIENTED_EDGE('',*,*,#2924,.T.);
#4070=ORIENTED_EDGE('',*,*,#2920,.T.);
#4071=ORIENTED_EDGE('',*,*,#2879,.T.);
#4072=ORIENTED_EDGE('',*,*,#2882,.T.);
#4073=ORIENTED_EDGE('',*,*,#2884,.T.);
#4074=ORIENTED_EDGE('',*,*,#2886,.T.);
#4075=ORIENTED_EDGE('',*,*,#2875,.T.);
#4076=ORIENTED_EDGE('',*,*,#2873,.T.);
#4077=ORIENTED_EDGE('',*,*,#2870,.T.);
#4078=ORIENTED_EDGE('',*,*,#2713,.F.);
#4079=ORIENTED_EDGE('',*,*,#3036,.T.);
#4080=ORIENTED_EDGE('',*,*,#2990,.F.);
#4081=ORIENTED_EDGE('',*,*,#3037,.F.);
#4082=ORIENTED_EDGE('',*,*,#3038,.T.);
#4083=ORIENTED_EDGE('',*,*,#2735,.F.);
#4084=ORIENTED_EDGE('',*,*,#3039,.T.);
#4085=ORIENTED_EDGE('',*,*,#3040,.T.);
#4086=ORIENTED_EDGE('',*,*,#2589,.T.);
#4087=ORIENTED_EDGE('',*,*,#3041,.T.);
#4088=ORIENTED_EDGE('',*,*,#3042,.F.);
#4089=ORIENTED_EDGE('',*,*,#2590,.T.);
#4090=ORIENTED_EDGE('',*,*,#3040,.F.);
#4091=ORIENTED_EDGE('',*,*,#3043,.F.);
#4092=ORIENTED_EDGE('',*,*,#3034,.T.);
#4093=ORIENTED_EDGE('',*,*,#3043,.T.);
#4094=ORIENTED_EDGE('',*,*,#3044,.F.);
#4095=ORIENTED_EDGE('',*,*,#3028,.F.);
#4096=ORIENTED_EDGE('',*,*,#3035,.T.);
#4097=ORIENTED_EDGE('',*,*,#3045,.T.);
#4098=ORIENTED_EDGE('',*,*,#3046,.F.);
#4099=ORIENTED_EDGE('',*,*,#2535,.F.);
#4100=ORIENTED_EDGE('',*,*,#3047,.F.);
#4101=ORIENTED_EDGE('',*,*,#2995,.T.);
#4102=ORIENTED_EDGE('',*,*,#3048,.T.);
#4103=ORIENTED_EDGE('',*,*,#3012,.T.);
#4104=ORIENTED_EDGE('',*,*,#3049,.T.);
#4105=ORIENTED_EDGE('',*,*,#2714,.F.);
#4106=ORIENTED_EDGE('',*,*,#3039,.F.);
#4107=ORIENTED_EDGE('',*,*,#2734,.F.);
#4108=ORIENTED_EDGE('',*,*,#2738,.F.);
#4109=ORIENTED_EDGE('',*,*,#2746,.F.);
#4110=ORIENTED_EDGE('',*,*,#3050,.F.);
#4111=ORIENTED_EDGE('',*,*,#2997,.F.);
#4112=ORIENTED_EDGE('',*,*,#2996,.F.);
#4113=ORIENTED_EDGE('',*,*,#3049,.F.);
#4114=ORIENTED_EDGE('',*,*,#3011,.F.);
#4115=ORIENTED_EDGE('',*,*,#2747,.F.);
#4116=ORIENTED_EDGE('',*,*,#2709,.F.);
#4117=ORIENTED_EDGE('',*,*,#2533,.F.);
#4118=ORIENTED_EDGE('',*,*,#3051,.F.);
#4119=ORIENTED_EDGE('',*,*,#2586,.F.);
#4120=ORIENTED_EDGE('',*,*,#2784,.F.);
#4121=ORIENTED_EDGE('',*,*,#3052,.T.);
#4122=ORIENTED_EDGE('',*,*,#2625,.T.);
#4123=ORIENTED_EDGE('',*,*,#3052,.F.);
#4124=ORIENTED_EDGE('',*,*,#3053,.F.);
#4125=ORIENTED_EDGE('',*,*,#3054,.T.);
#4126=ORIENTED_EDGE('',*,*,#2626,.T.);
#4127=ORIENTED_EDGE('',*,*,#3054,.F.);
#4128=ORIENTED_EDGE('',*,*,#3055,.F.);
#4129=ORIENTED_EDGE('',*,*,#3056,.T.);
#4130=ORIENTED_EDGE('',*,*,#2627,.T.);
#4131=ORIENTED_EDGE('',*,*,#3056,.F.);
#4132=ORIENTED_EDGE('',*,*,#2987,.F.);
#4133=ORIENTED_EDGE('',*,*,#3057,.T.);
#4134=ORIENTED_EDGE('',*,*,#2628,.T.);
#4135=ORIENTED_EDGE('',*,*,#2944,.F.);
#4136=ORIENTED_EDGE('',*,*,#3058,.T.);
#4137=ORIENTED_EDGE('',*,*,#2629,.T.);
#4138=ORIENTED_EDGE('',*,*,#3057,.F.);
#4139=ORIENTED_EDGE('',*,*,#3059,.T.);
#4140=ORIENTED_EDGE('',*,*,#3060,.T.);
#4141=ORIENTED_EDGE('',*,*,#3061,.F.);
#4142=ORIENTED_EDGE('',*,*,#2969,.T.);
#4143=ORIENTED_EDGE('',*,*,#3062,.T.);
#4144=ORIENTED_EDGE('',*,*,#3047,.T.);
#4145=ORIENTED_EDGE('',*,*,#2534,.F.);
#4146=ORIENTED_EDGE('',*,*,#2531,.F.);
#4147=ORIENTED_EDGE('',*,*,#3063,.F.);
#4148=ORIENTED_EDGE('',*,*,#3064,.F.);
#4149=ORIENTED_EDGE('',*,*,#2759,.F.);
#4150=ORIENTED_EDGE('',*,*,#2763,.F.);
#4151=ORIENTED_EDGE('',*,*,#2762,.F.);
#4152=ORIENTED_EDGE('',*,*,#2766,.F.);
#4153=ORIENTED_EDGE('',*,*,#2774,.F.);
#4154=ORIENTED_EDGE('',*,*,#2620,.F.);
#4155=ORIENTED_EDGE('',*,*,#3033,.T.);
#4156=ORIENTED_EDGE('',*,*,#3032,.F.);
#4157=ORIENTED_EDGE('',*,*,#3065,.T.);
#4158=ORIENTED_EDGE('',*,*,#3066,.F.);
#4159=ORIENTED_EDGE('',*,*,#3067,.T.);
#4160=ORIENTED_EDGE('',*,*,#3068,.T.);
#4161=ORIENTED_EDGE('',*,*,#3069,.F.);
#4162=ORIENTED_EDGE('',*,*,#3063,.T.);
#4163=ORIENTED_EDGE('',*,*,#3070,.T.);
#4164=ORIENTED_EDGE('',*,*,#3071,.T.);
#4165=ORIENTED_EDGE('',*,*,#3070,.F.);
#4166=ORIENTED_EDGE('',*,*,#3067,.F.);
#4167=ORIENTED_EDGE('',*,*,#3072,.T.);
#4168=ORIENTED_EDGE('',*,*,#3068,.F.);
#4169=ORIENTED_EDGE('',*,*,#3073,.F.);
#4170=ORIENTED_EDGE('',*,*,#3074,.F.);
#4171=ORIENTED_EDGE('',*,*,#3075,.T.);
#4172=ORIENTED_EDGE('',*,*,#3076,.F.);
#4173=ORIENTED_EDGE('',*,*,#3077,.F.);
#4174=ORIENTED_EDGE('',*,*,#3037,.T.);
#4175=ORIENTED_EDGE('',*,*,#2989,.F.);
#4176=ORIENTED_EDGE('',*,*,#3013,.F.);
#4177=ORIENTED_EDGE('',*,*,#3048,.F.);
#4178=ORIENTED_EDGE('',*,*,#2994,.F.);
#4179=ORIENTED_EDGE('',*,*,#2999,.F.);
#4180=ORIENTED_EDGE('',*,*,#3078,.F.);
#4181=ORIENTED_EDGE('',*,*,#3079,.F.);
#4182=ORIENTED_EDGE('',*,*,#3080,.T.);
#4183=ORIENTED_EDGE('',*,*,#2827,.T.);
#4184=ORIENTED_EDGE('',*,*,#3081,.T.);
#4185=ORIENTED_EDGE('',*,*,#3006,.T.);
#4186=ORIENTED_EDGE('',*,*,#3082,.T.);
#4187=ORIENTED_EDGE('',*,*,#3083,.T.);
#4188=ORIENTED_EDGE('',*,*,#2771,.T.);
#4189=ORIENTED_EDGE('',*,*,#3084,.T.);
#4190=ORIENTED_EDGE('',*,*,#3085,.F.);
#4191=ORIENTED_EDGE('',*,*,#2770,.F.);
#4192=ORIENTED_EDGE('',*,*,#2776,.T.);
#4193=ORIENTED_EDGE('',*,*,#2775,.T.);
#4194=ORIENTED_EDGE('',*,*,#2768,.T.);
#4195=ORIENTED_EDGE('',*,*,#3086,.T.);
#4196=ORIENTED_EDGE('',*,*,#2974,.F.);
#4197=ORIENTED_EDGE('',*,*,#2970,.T.);
#4198=ORIENTED_EDGE('',*,*,#3061,.T.);
#4199=ORIENTED_EDGE('',*,*,#2661,.F.);
#4200=ORIENTED_EDGE('',*,*,#2646,.T.);
#4201=ORIENTED_EDGE('',*,*,#2650,.T.);
#4202=ORIENTED_EDGE('',*,*,#2672,.F.);
#4203=ORIENTED_EDGE('',*,*,#3087,.T.);
#4204=ORIENTED_EDGE('',*,*,#3088,.T.);
#4205=ORIENTED_EDGE('',*,*,#2785,.F.);
#4206=ORIENTED_EDGE('',*,*,#2584,.F.);
#4207=ORIENTED_EDGE('',*,*,#2681,.T.);
#4208=ORIENTED_EDGE('',*,*,#3088,.F.);
#4209=ORIENTED_EDGE('',*,*,#3087,.F.);
#4210=ORIENTED_EDGE('',*,*,#2680,.T.);
#4211=ORIENTED_EDGE('',*,*,#3089,.T.);
#4212=ORIENTED_EDGE('',*,*,#3090,.F.);
#4213=ORIENTED_EDGE('',*,*,#3058,.F.);
#4214=ORIENTED_EDGE('',*,*,#3091,.T.);
#4215=ORIENTED_EDGE('',*,*,#3092,.T.);
#4216=ORIENTED_EDGE('',*,*,#3093,.T.);
#4217=ORIENTED_EDGE('',*,*,#2630,.T.);
#4218=ORIENTED_EDGE('',*,*,#3093,.F.);
#4219=ORIENTED_EDGE('',*,*,#3094,.F.);
#4220=ORIENTED_EDGE('',*,*,#3095,.T.);
#4221=ORIENTED_EDGE('',*,*,#2631,.T.);
#4222=ORIENTED_EDGE('',*,*,#3095,.F.);
#4223=ORIENTED_EDGE('',*,*,#3096,.F.);
#4224=ORIENTED_EDGE('',*,*,#3097,.T.);
#4225=ORIENTED_EDGE('',*,*,#2632,.T.);
#4226=ORIENTED_EDGE('',*,*,#3097,.F.);
#4227=ORIENTED_EDGE('',*,*,#2787,.F.);
#4228=ORIENTED_EDGE('',*,*,#3098,.T.);
#4229=ORIENTED_EDGE('',*,*,#2633,.T.);
#4230=ORIENTED_EDGE('',*,*,#3098,.F.);
#4231=ORIENTED_EDGE('',*,*,#2790,.F.);
#4232=ORIENTED_EDGE('',*,*,#3099,.T.);
#4233=ORIENTED_EDGE('',*,*,#2634,.T.);
#4234=ORIENTED_EDGE('',*,*,#3099,.F.);
#4235=ORIENTED_EDGE('',*,*,#3100,.F.);
#4236=ORIENTED_EDGE('',*,*,#3101,.T.);
#4237=ORIENTED_EDGE('',*,*,#2635,.T.);
#4238=ORIENTED_EDGE('',*,*,#3101,.F.);
#4239=ORIENTED_EDGE('',*,*,#3102,.F.);
#4240=ORIENTED_EDGE('',*,*,#3103,.T.);
#4241=ORIENTED_EDGE('',*,*,#2636,.T.);
#4242=ORIENTED_EDGE('',*,*,#3103,.F.);
#4243=ORIENTED_EDGE('',*,*,#3104,.T.);
#4244=ORIENTED_EDGE('',*,*,#3105,.T.);
#4245=ORIENTED_EDGE('',*,*,#3106,.T.);
#4246=ORIENTED_EDGE('',*,*,#2637,.T.);
#4247=ORIENTED_EDGE('',*,*,#3106,.F.);
#4248=ORIENTED_EDGE('',*,*,#3107,.F.);
#4249=ORIENTED_EDGE('',*,*,#3108,.T.);
#4250=ORIENTED_EDGE('',*,*,#2638,.T.);
#4251=ORIENTED_EDGE('',*,*,#3108,.F.);
#4252=ORIENTED_EDGE('',*,*,#2977,.F.);
#4253=ORIENTED_EDGE('',*,*,#3109,.T.);
#4254=ORIENTED_EDGE('',*,*,#2639,.T.);
#4255=ORIENTED_EDGE('',*,*,#3109,.F.);
#4256=ORIENTED_EDGE('',*,*,#3110,.F.);
#4257=ORIENTED_EDGE('',*,*,#3111,.T.);
#4258=ORIENTED_EDGE('',*,*,#2640,.T.);
#4259=ORIENTED_EDGE('',*,*,#3111,.F.);
#4260=ORIENTED_EDGE('',*,*,#3112,.F.);
#4261=ORIENTED_EDGE('',*,*,#3113,.T.);
#4262=ORIENTED_EDGE('',*,*,#2641,.T.);
#4263=ORIENTED_EDGE('',*,*,#3113,.F.);
#4264=ORIENTED_EDGE('',*,*,#3041,.F.);
#4265=ORIENTED_EDGE('',*,*,#2588,.T.);
#4266=ORIENTED_EDGE('',*,*,#2642,.T.);
#4267=ORIENTED_EDGE('',*,*,#2973,.T.);
#4268=ORIENTED_EDGE('',*,*,#3114,.T.);
#4269=ORIENTED_EDGE('',*,*,#3059,.F.);
#4270=ORIENTED_EDGE('',*,*,#2972,.T.);
#4271=ORIENTED_EDGE('',*,*,#3114,.F.);
#4272=ORIENTED_EDGE('',*,*,#2967,.F.);
#4273=ORIENTED_EDGE('',*,*,#2959,.F.);
#4274=ORIENTED_EDGE('',*,*,#3115,.T.);
#4275=ORIENTED_EDGE('',*,*,#3115,.F.);
#4276=ORIENTED_EDGE('',*,*,#2958,.F.);
#4277=ORIENTED_EDGE('',*,*,#3116,.T.);
#4278=ORIENTED_EDGE('',*,*,#3060,.F.);
#4279=ORIENTED_EDGE('',*,*,#3116,.F.);
#4280=ORIENTED_EDGE('',*,*,#2957,.F.);
#4281=ORIENTED_EDGE('',*,*,#2966,.T.);
#4282=ORIENTED_EDGE('',*,*,#3086,.F.);
#4283=ORIENTED_EDGE('',*,*,#3117,.F.);
#4284=ORIENTED_EDGE('',*,*,#2780,.T.);
#4285=ORIENTED_EDGE('',*,*,#3019,.T.);
#4286=ORIENTED_EDGE('',*,*,#3118,.T.);
#4287=ORIENTED_EDGE('',*,*,#3025,.F.);
#4288=ORIENTED_EDGE('',*,*,#3089,.F.);
#4289=ORIENTED_EDGE('',*,*,#2679,.T.);
#4290=ORIENTED_EDGE('',*,*,#3119,.T.);
#4291=ORIENTED_EDGE('',*,*,#3120,.F.);
#4292=ORIENTED_EDGE('',*,*,#2757,.T.);
#4293=ORIENTED_EDGE('',*,*,#3121,.T.);
#4294=ORIENTED_EDGE('',*,*,#3122,.F.);
#4295=ORIENTED_EDGE('',*,*,#3030,.F.);
#4296=ORIENTED_EDGE('',*,*,#3026,.F.);
#4297=ORIENTED_EDGE('',*,*,#3123,.F.);
#4298=ORIENTED_EDGE('',*,*,#3124,.T.);
#4299=ORIENTED_EDGE('',*,*,#3125,.F.);
#4300=ORIENTED_EDGE('',*,*,#3126,.T.);
#4301=ORIENTED_EDGE('',*,*,#3127,.F.);
#4302=ORIENTED_EDGE('',*,*,#3023,.F.);
#4303=ORIENTED_EDGE('',*,*,#3118,.F.);
#4304=ORIENTED_EDGE('',*,*,#2678,.F.);
#4305=ORIENTED_EDGE('',*,*,#3128,.T.);
#4306=ORIENTED_EDGE('',*,*,#3129,.T.);
#4307=ORIENTED_EDGE('',*,*,#3102,.T.);
#4308=ORIENTED_EDGE('',*,*,#3130,.F.);
#4309=ORIENTED_EDGE('',*,*,#3131,.T.);
#4310=ORIENTED_EDGE('',*,*,#3132,.T.);
#4311=ORIENTED_EDGE('',*,*,#3133,.T.);
#4312=ORIENTED_EDGE('',*,*,#3134,.T.);
#4313=ORIENTED_EDGE('',*,*,#3135,.T.);
#4314=ORIENTED_EDGE('',*,*,#3136,.T.);
#4315=ORIENTED_EDGE('',*,*,#3137,.T.);
#4316=ORIENTED_EDGE('',*,*,#3136,.F.);
#4317=ORIENTED_EDGE('',*,*,#3138,.T.);
#4318=ORIENTED_EDGE('',*,*,#3139,.T.);
#4319=ORIENTED_EDGE('',*,*,#3140,.T.);
#4320=ORIENTED_EDGE('',*,*,#3139,.F.);
#4321=ORIENTED_EDGE('',*,*,#3141,.T.);
#4322=ORIENTED_EDGE('',*,*,#2529,.T.);
#4323=ORIENTED_EDGE('',*,*,#3142,.T.);
#4324=ORIENTED_EDGE('',*,*,#2528,.T.);
#4325=ORIENTED_EDGE('',*,*,#3046,.T.);
#4326=ORIENTED_EDGE('',*,*,#3143,.T.);
#4327=ORIENTED_EDGE('',*,*,#3142,.F.);
#4328=ORIENTED_EDGE('',*,*,#3144,.T.);
#4329=ORIENTED_EDGE('',*,*,#3145,.F.);
#4330=ORIENTED_EDGE('',*,*,#3146,.T.);
#4331=ORIENTED_EDGE('',*,*,#3147,.T.);
#4332=ORIENTED_EDGE('',*,*,#3148,.F.);
#4333=ORIENTED_EDGE('',*,*,#3147,.F.);
#4334=ORIENTED_EDGE('',*,*,#3128,.F.);
#4335=ORIENTED_EDGE('',*,*,#3149,.F.);
#4336=ORIENTED_EDGE('',*,*,#3130,.T.);
#4337=ORIENTED_EDGE('',*,*,#3100,.T.);
#4338=ORIENTED_EDGE('',*,*,#2789,.F.);
#4339=ORIENTED_EDGE('',*,*,#2760,.T.);
#4340=ORIENTED_EDGE('',*,*,#3120,.T.);
#4341=ORIENTED_EDGE('',*,*,#3150,.T.);
#4342=ORIENTED_EDGE('',*,*,#3151,.T.);
#4343=ORIENTED_EDGE('',*,*,#3134,.F.);
#4344=ORIENTED_EDGE('',*,*,#3152,.T.);
#4345=ORIENTED_EDGE('',*,*,#3078,.T.);
#4346=ORIENTED_EDGE('',*,*,#2998,.F.);
#4347=ORIENTED_EDGE('',*,*,#3050,.T.);
#4348=ORIENTED_EDGE('',*,*,#2745,.T.);
#4349=ORIENTED_EDGE('',*,*,#3153,.T.);
#4350=ORIENTED_EDGE('',*,*,#3079,.T.);
#4351=ORIENTED_EDGE('',*,*,#3152,.F.);
#4352=ORIENTED_EDGE('',*,*,#3133,.F.);
#4353=ORIENTED_EDGE('',*,*,#3145,.T.);
#4354=ORIENTED_EDGE('',*,*,#3154,.T.);
#4355=ORIENTED_EDGE('',*,*,#3155,.F.);
#4356=ORIENTED_EDGE('',*,*,#3156,.F.);
#4357=ORIENTED_EDGE('',*,*,#3132,.F.);
#4358=ORIENTED_EDGE('',*,*,#3137,.F.);
#4359=ORIENTED_EDGE('',*,*,#3140,.F.);
#4360=ORIENTED_EDGE('',*,*,#3143,.F.);
#4361=ORIENTED_EDGE('',*,*,#3045,.F.);
#4362=ORIENTED_EDGE('',*,*,#3062,.F.);
#4363=ORIENTED_EDGE('',*,*,#2530,.F.);
#4364=ORIENTED_EDGE('',*,*,#3141,.F.);
#4365=ORIENTED_EDGE('',*,*,#3138,.F.);
#4366=ORIENTED_EDGE('',*,*,#3135,.F.);
#4367=ORIENTED_EDGE('',*,*,#3151,.F.);
#4368=ORIENTED_EDGE('',*,*,#3155,.T.);
#4369=ORIENTED_EDGE('',*,*,#3157,.T.);
#4370=ORIENTED_EDGE('',*,*,#3158,.T.);
#4371=ORIENTED_EDGE('',*,*,#3110,.T.);
#4372=ORIENTED_EDGE('',*,*,#2976,.F.);
#4373=ORIENTED_EDGE('',*,*,#2728,.T.);
#4374=ORIENTED_EDGE('',*,*,#2736,.T.);
#4375=ORIENTED_EDGE('',*,*,#3038,.F.);
#4376=ORIENTED_EDGE('',*,*,#3077,.T.);
#4377=ORIENTED_EDGE('',*,*,#3153,.F.);
#4378=ORIENTED_EDGE('',*,*,#2744,.T.);
#4379=ORIENTED_EDGE('',*,*,#3042,.T.);
#4380=ORIENTED_EDGE('',*,*,#3112,.T.);
#4381=ORIENTED_EDGE('',*,*,#3158,.F.);
#4382=ORIENTED_EDGE('',*,*,#3159,.F.);
#4383=ORIENTED_EDGE('',*,*,#3160,.F.);
#4384=ORIENTED_EDGE('',*,*,#3123,.T.);
#4385=ORIENTED_EDGE('',*,*,#3029,.F.);
#4386=ORIENTED_EDGE('',*,*,#3044,.T.);
#4387=ORIENTED_EDGE('',*,*,#3161,.T.);
#4388=ORIENTED_EDGE('',*,*,#3162,.T.);
#4389=ORIENTED_EDGE('',*,*,#3163,.T.);
#4390=ORIENTED_EDGE('',*,*,#3164,.T.);
#4391=ORIENTED_EDGE('',*,*,#3165,.T.);
#4392=ORIENTED_EDGE('',*,*,#3051,.T.);
#4393=ORIENTED_EDGE('',*,*,#3165,.F.);
#4394=ORIENTED_EDGE('',*,*,#3166,.T.);
#4395=ORIENTED_EDGE('',*,*,#2829,.F.);
#4396=ORIENTED_EDGE('',*,*,#3167,.T.);
#4397=ORIENTED_EDGE('',*,*,#3163,.F.);
#4398=ORIENTED_EDGE('',*,*,#3168,.T.);
#4399=ORIENTED_EDGE('',*,*,#3169,.T.);
#4400=ORIENTED_EDGE('',*,*,#3168,.F.);
#4401=ORIENTED_EDGE('',*,*,#3162,.F.);
#4402=ORIENTED_EDGE('',*,*,#3170,.T.);
#4403=ORIENTED_EDGE('',*,*,#3171,.F.);
#4404=ORIENTED_EDGE('',*,*,#3172,.F.);
#4405=ORIENTED_EDGE('',*,*,#3173,.T.);
#4406=ORIENTED_EDGE('',*,*,#3005,.F.);
#4407=ORIENTED_EDGE('',*,*,#3174,.T.);
#4408=ORIENTED_EDGE('',*,*,#3175,.T.);
#4409=ORIENTED_EDGE('',*,*,#3173,.F.);
#4410=ORIENTED_EDGE('',*,*,#3176,.T.);
#4411=ORIENTED_EDGE('',*,*,#3177,.T.);
#4412=ORIENTED_EDGE('',*,*,#3007,.F.);
#4413=ORIENTED_EDGE('',*,*,#3081,.F.);
#4414=ORIENTED_EDGE('',*,*,#2826,.F.);
#4415=ORIENTED_EDGE('',*,*,#2830,.F.);
#4416=ORIENTED_EDGE('',*,*,#3166,.F.);
#4417=ORIENTED_EDGE('',*,*,#3164,.F.);
#4418=ORIENTED_EDGE('',*,*,#3167,.F.);
#4419=ORIENTED_EDGE('',*,*,#3169,.F.);
#4420=ORIENTED_EDGE('',*,*,#3161,.F.);
#4421=ORIENTED_EDGE('',*,*,#2828,.F.);
#4422=ORIENTED_EDGE('',*,*,#2824,.F.);
#4423=ORIENTED_EDGE('',*,*,#3080,.F.);
#4424=ORIENTED_EDGE('',*,*,#2788,.T.);
#4425=ORIENTED_EDGE('',*,*,#3096,.T.);
#4426=ORIENTED_EDGE('',*,*,#3178,.F.);
#4427=ORIENTED_EDGE('',*,*,#3179,.F.);
#4428=ORIENTED_EDGE('',*,*,#3180,.T.);
#4429=ORIENTED_EDGE('',*,*,#3084,.F.);
#4430=ORIENTED_EDGE('',*,*,#3085,.T.);
#4431=ORIENTED_EDGE('',*,*,#3181,.F.);
#4432=ORIENTED_EDGE('',*,*,#3178,.T.);
#4433=ORIENTED_EDGE('',*,*,#3094,.T.);
#4434=ORIENTED_EDGE('',*,*,#3182,.T.);
#4435=ORIENTED_EDGE('',*,*,#3183,.T.);
#4436=ORIENTED_EDGE('',*,*,#3184,.F.);
#4437=ORIENTED_EDGE('',*,*,#3183,.F.);
#4438=ORIENTED_EDGE('',*,*,#3171,.T.);
#4439=ORIENTED_EDGE('',*,*,#3185,.T.);
#4440=ORIENTED_EDGE('',*,*,#3186,.T.);
#4441=ORIENTED_EDGE('',*,*,#3187,.T.);
#4442=ORIENTED_EDGE('',*,*,#2749,.T.);
#4443=ORIENTED_EDGE('',*,*,#3010,.F.);
#4444=ORIENTED_EDGE('',*,*,#3014,.F.);
#4445=ORIENTED_EDGE('',*,*,#2991,.F.);
#4446=ORIENTED_EDGE('',*,*,#3036,.F.);
#4447=ORIENTED_EDGE('',*,*,#2712,.T.);
#4448=ORIENTED_EDGE('',*,*,#2941,.T.);
#4449=ORIENTED_EDGE('',*,*,#2697,.T.);
#4450=ORIENTED_EDGE('',*,*,#2986,.T.);
#4451=ORIENTED_EDGE('',*,*,#3055,.T.);
#4452=ORIENTED_EDGE('',*,*,#3188,.F.);
#4453=ORIENTED_EDGE('',*,*,#3189,.T.);
#4454=ORIENTED_EDGE('',*,*,#3186,.F.);
#4455=ORIENTED_EDGE('',*,*,#3190,.F.);
#4456=ORIENTED_EDGE('',*,*,#3015,.F.);
#4457=ORIENTED_EDGE('',*,*,#3008,.F.);
#4458=ORIENTED_EDGE('',*,*,#3191,.T.);
#4459=ORIENTED_EDGE('',*,*,#3187,.F.);
#4460=ORIENTED_EDGE('',*,*,#3191,.F.);
#4461=ORIENTED_EDGE('',*,*,#3177,.F.);
#4462=ORIENTED_EDGE('',*,*,#3192,.F.);
#4463=ORIENTED_EDGE('',*,*,#3174,.F.);
#4464=ORIENTED_EDGE('',*,*,#3190,.T.);
#4465=ORIENTED_EDGE('',*,*,#3185,.F.);
#4466=ORIENTED_EDGE('',*,*,#3193,.F.);
#4467=ORIENTED_EDGE('',*,*,#3188,.T.);
#4468=ORIENTED_EDGE('',*,*,#3053,.T.);
#4469=ORIENTED_EDGE('',*,*,#2783,.F.);
#4470=ORIENTED_EDGE('',*,*,#3090,.T.);
#4471=ORIENTED_EDGE('',*,*,#3024,.T.);
#4472=ORIENTED_EDGE('',*,*,#3127,.T.);
#4473=ORIENTED_EDGE('',*,*,#3194,.T.);
#4474=ORIENTED_EDGE('',*,*,#3195,.F.);
#4475=ORIENTED_EDGE('',*,*,#3196,.F.);
#4476=ORIENTED_EDGE('',*,*,#3197,.F.);
#4477=ORIENTED_EDGE('',*,*,#3198,.T.);
#4478=ORIENTED_EDGE('',*,*,#3021,.F.);
#4479=ORIENTED_EDGE('',*,*,#3199,.T.);
#4480=ORIENTED_EDGE('',*,*,#3172,.T.);
#4481=ORIENTED_EDGE('',*,*,#3182,.F.);
#4482=ORIENTED_EDGE('',*,*,#3092,.F.);
#4483=ORIENTED_EDGE('',*,*,#3091,.F.);
#4484=ORIENTED_EDGE('',*,*,#2943,.F.);
#4485=ORIENTED_EDGE('',*,*,#3200,.T.);
#4486=ORIENTED_EDGE('',*,*,#3201,.T.);
#4487=ORIENTED_EDGE('',*,*,#3083,.F.);
#4488=ORIENTED_EDGE('',*,*,#3202,.F.);
#4489=ORIENTED_EDGE('',*,*,#3197,.T.);
#4490=ORIENTED_EDGE('',*,*,#3203,.T.);
#4491=ORIENTED_EDGE('',*,*,#2753,.F.);
#4492=ORIENTED_EDGE('',*,*,#3022,.F.);
#4493=ORIENTED_EDGE('',*,*,#2750,.T.);
#4494=ORIENTED_EDGE('',*,*,#3176,.F.);
#4495=ORIENTED_EDGE('',*,*,#3199,.F.);
#4496=ORIENTED_EDGE('',*,*,#3196,.T.);
#4497=ORIENTED_EDGE('',*,*,#3204,.F.);
#4498=ORIENTED_EDGE('',*,*,#3205,.T.);
#4499=ORIENTED_EDGE('',*,*,#3206,.T.);
#4500=ORIENTED_EDGE('',*,*,#3203,.F.);
#4501=ORIENTED_EDGE('',*,*,#3206,.F.);
#4502=ORIENTED_EDGE('',*,*,#3207,.F.);
#4503=ORIENTED_EDGE('',*,*,#2754,.F.);
#4504=ORIENTED_EDGE('',*,*,#3208,.F.);
#4505=ORIENTED_EDGE('',*,*,#3209,.F.);
#4506=ORIENTED_EDGE('',*,*,#3124,.F.);
#4507=ORIENTED_EDGE('',*,*,#3160,.T.);
#4508=ORIENTED_EDGE('',*,*,#3210,.T.);
#4509=ORIENTED_EDGE('',*,*,#3211,.F.);
#4510=ORIENTED_EDGE('',*,*,#3210,.F.);
#4511=ORIENTED_EDGE('',*,*,#3159,.T.);
#4512=ORIENTED_EDGE('',*,*,#3157,.F.);
#4513=ORIENTED_EDGE('',*,*,#3154,.F.);
#4514=ORIENTED_EDGE('',*,*,#3144,.F.);
#4515=ORIENTED_EDGE('',*,*,#3148,.T.);
#4516=ORIENTED_EDGE('',*,*,#3131,.F.);
#4517=ORIENTED_EDGE('',*,*,#3149,.T.);
#4518=ORIENTED_EDGE('',*,*,#3212,.T.);
#4519=ORIENTED_EDGE('',*,*,#3213,.F.);
#4520=ORIENTED_EDGE('',*,*,#3214,.F.);
#4521=ORIENTED_EDGE('',*,*,#3212,.F.);
#4522=ORIENTED_EDGE('',*,*,#3150,.F.);
#4523=ORIENTED_EDGE('',*,*,#3119,.F.);
#4524=ORIENTED_EDGE('',*,*,#3073,.T.);
#4525=ORIENTED_EDGE('',*,*,#3071,.F.);
#4526=ORIENTED_EDGE('',*,*,#3072,.F.);
#4527=ORIENTED_EDGE('',*,*,#3066,.T.);
#4528=ORIENTED_EDGE('',*,*,#3208,.T.);
#4529=ORIENTED_EDGE('',*,*,#3211,.T.);
#4530=ORIENTED_EDGE('',*,*,#3214,.T.);
#4531=ORIENTED_EDGE('',*,*,#3215,.F.);
#4532=ORIENTED_EDGE('',*,*,#3213,.T.);
#4533=ORIENTED_EDGE('',*,*,#3065,.F.);
#4534=ORIENTED_EDGE('',*,*,#3031,.F.);
#4535=ORIENTED_EDGE('',*,*,#3122,.T.);
#4536=ORIENTED_EDGE('',*,*,#3209,.T.);
#4537=ORIENTED_EDGE('',*,*,#3215,.T.);
#4538=ORIENTED_EDGE('',*,*,#3216,.F.);
#4539=ORIENTED_EDGE('',*,*,#3217,.F.);
#4540=ORIENTED_EDGE('',*,*,#2781,.F.);
#4541=ORIENTED_EDGE('',*,*,#3117,.T.);
#4542=ORIENTED_EDGE('',*,*,#3018,.T.);
#4543=ORIENTED_EDGE('',*,*,#3198,.F.);
#4544=ORIENTED_EDGE('',*,*,#3202,.T.);
#4545=ORIENTED_EDGE('',*,*,#3082,.F.);
#4546=ORIENTED_EDGE('',*,*,#3180,.F.);
#4547=ORIENTED_EDGE('',*,*,#3218,.T.);
#4548=ORIENTED_EDGE('',*,*,#3219,.F.);
#4549=ORIENTED_EDGE('',*,*,#3218,.F.);
#4550=ORIENTED_EDGE('',*,*,#3179,.T.);
#4551=ORIENTED_EDGE('',*,*,#3181,.T.);
#4552=ORIENTED_EDGE('',*,*,#3184,.T.);
#4553=ORIENTED_EDGE('',*,*,#3170,.F.);
#4554=ORIENTED_EDGE('',*,*,#3175,.F.);
#4555=ORIENTED_EDGE('',*,*,#3192,.T.);
#4556=ORIENTED_EDGE('',*,*,#3189,.F.);
#4557=ORIENTED_EDGE('',*,*,#3193,.T.);
#4558=ORIENTED_EDGE('',*,*,#3220,.F.);
#4559=ORIENTED_EDGE('',*,*,#3221,.F.);
#4560=ORIENTED_EDGE('',*,*,#3220,.T.);
#4561=ORIENTED_EDGE('',*,*,#3194,.F.);
#4562=ORIENTED_EDGE('',*,*,#3126,.F.);
#4563=ORIENTED_EDGE('',*,*,#3216,.T.);
#4564=ORIENTED_EDGE('',*,*,#3219,.T.);
#4565=ORIENTED_EDGE('',*,*,#3221,.T.);
#4566=ORIENTED_EDGE('',*,*,#3222,.F.);
#4567=ORIENTED_EDGE('',*,*,#3125,.T.);
#4568=ORIENTED_EDGE('',*,*,#2677,.T.);
#4569=ORIENTED_EDGE('',*,*,#2782,.T.);
#4570=ORIENTED_EDGE('',*,*,#3217,.T.);
#4571=ORIENTED_EDGE('',*,*,#3222,.T.);
#4572=ORIENTED_EDGE('',*,*,#3195,.T.);
#4573=ORIENTED_EDGE('',*,*,#3020,.F.);
#4574=ORIENTED_EDGE('',*,*,#2777,.F.);
#4575=ORIENTED_EDGE('',*,*,#2772,.T.);
#4576=ORIENTED_EDGE('',*,*,#3201,.F.);
#4577=ORIENTED_EDGE('',*,*,#3200,.F.);
#4578=ORIENTED_EDGE('',*,*,#2942,.F.);
#4579=ORIENTED_EDGE('',*,*,#3223,.F.);
#4580=ORIENTED_EDGE('',*,*,#3204,.T.);
#4581=ORIENTED_EDGE('',*,*,#3224,.F.);
#4582=ORIENTED_EDGE('',*,*,#3075,.F.);
#4583=ORIENTED_EDGE('',*,*,#3225,.F.);
#4584=ORIENTED_EDGE('',*,*,#3156,.T.);
#4585=ORIENTED_EDGE('',*,*,#2743,.F.);
#4586=ORIENTED_EDGE('',*,*,#3017,.F.);
#4587=ORIENTED_EDGE('',*,*,#2740,.F.);
#4588=ORIENTED_EDGE('',*,*,#3226,.T.);
#4589=ORIENTED_EDGE('',*,*,#3227,.F.);
#4590=ORIENTED_EDGE('',*,*,#3228,.F.);
#4591=ORIENTED_EDGE('',*,*,#2756,.F.);
#4592=ORIENTED_EDGE('',*,*,#3064,.T.);
#4593=ORIENTED_EDGE('',*,*,#3069,.T.);
#4594=ORIENTED_EDGE('',*,*,#3076,.T.);
#4595=ORIENTED_EDGE('',*,*,#3224,.T.);
#4596=ORIENTED_EDGE('',*,*,#3229,.F.);
#4597=ORIENTED_EDGE('',*,*,#3230,.T.);
#4598=ORIENTED_EDGE('',*,*,#3231,.F.);
#4599=ORIENTED_EDGE('',*,*,#3074,.T.);
#4600=ORIENTED_EDGE('',*,*,#3121,.F.);
#4601=ORIENTED_EDGE('',*,*,#3228,.T.);
#4602=ORIENTED_EDGE('',*,*,#3231,.T.);
#4603=ORIENTED_EDGE('',*,*,#3232,.F.);
#4604=ORIENTED_EDGE('',*,*,#3105,.F.);
#4605=ORIENTED_EDGE('',*,*,#3104,.F.);
#4606=ORIENTED_EDGE('',*,*,#3129,.F.);
#4607=ORIENTED_EDGE('',*,*,#3146,.F.);
#4608=ORIENTED_EDGE('',*,*,#3225,.T.);
#4609=ORIENTED_EDGE('',*,*,#3227,.T.);
#4610=ORIENTED_EDGE('',*,*,#3233,.T.);
#4611=ORIENTED_EDGE('',*,*,#2706,.T.);
#4612=ORIENTED_EDGE('',*,*,#2652,.F.);
#4613=ORIENTED_EDGE('',*,*,#2659,.T.);
#4614=ORIENTED_EDGE('',*,*,#3234,.T.);
#4615=ORIENTED_EDGE('',*,*,#3205,.F.);
#4616=ORIENTED_EDGE('',*,*,#3223,.T.);
#4617=ORIENTED_EDGE('',*,*,#2949,.F.);
#4618=ORIENTED_EDGE('',*,*,#2792,.T.);
#4619=ORIENTED_EDGE('',*,*,#3235,.F.);
#4620=ORIENTED_EDGE('',*,*,#3229,.T.);
#4621=ORIENTED_EDGE('',*,*,#3232,.T.);
#4622=ORIENTED_EDGE('',*,*,#3230,.F.);
#4623=ORIENTED_EDGE('',*,*,#3235,.T.);
#4624=ORIENTED_EDGE('',*,*,#2795,.T.);
#4625=ORIENTED_EDGE('',*,*,#2956,.T.);
#4626=ORIENTED_EDGE('',*,*,#2817,.T.);
#4627=ORIENTED_EDGE('',*,*,#2813,.T.);
#4628=ORIENTED_EDGE('',*,*,#2810,.T.);
#4629=ORIENTED_EDGE('',*,*,#2807,.T.);
#4630=ORIENTED_EDGE('',*,*,#2955,.T.);
#4631=ORIENTED_EDGE('',*,*,#2939,.F.);
#4632=ORIENTED_EDGE('',*,*,#2839,.T.);
#4633=ORIENTED_EDGE('',*,*,#2952,.F.);
#4634=ORIENTED_EDGE('',*,*,#2978,.T.);
#4635=ORIENTED_EDGE('',*,*,#3107,.T.);
#4636=ORIENTED_EDGE('',*,*,#2655,.F.);
#4637=ORIENTED_EDGE('',*,*,#3236,.T.);
#4638=ORIENTED_EDGE('',*,*,#3237,.T.);
#4639=ORIENTED_EDGE('',*,*,#3238,.F.);
#4640=ORIENTED_EDGE('',*,*,#2656,.F.);
#4641=ORIENTED_EDGE('',*,*,#3238,.T.);
#4642=ORIENTED_EDGE('',*,*,#3239,.T.);
#4643=ORIENTED_EDGE('',*,*,#2548,.T.);
#4644=ORIENTED_EDGE('',*,*,#2550,.T.);
#4645=ORIENTED_EDGE('',*,*,#3240,.F.);
#4646=ORIENTED_EDGE('',*,*,#2657,.F.);
#4647=ORIENTED_EDGE('',*,*,#3240,.T.);
#4648=ORIENTED_EDGE('',*,*,#2549,.T.);
#4649=ORIENTED_EDGE('',*,*,#2543,.F.);
#4650=ORIENTED_EDGE('',*,*,#3241,.T.);
#4651=ORIENTED_EDGE('',*,*,#3242,.F.);
#4652=ORIENTED_EDGE('',*,*,#2654,.F.);
#4653=ORIENTED_EDGE('',*,*,#3242,.T.);
#4654=ORIENTED_EDGE('',*,*,#3243,.T.);
#4655=ORIENTED_EDGE('',*,*,#3236,.F.);
#4656=ORIENTED_EDGE('',*,*,#2546,.T.);
#4657=ORIENTED_EDGE('',*,*,#3239,.F.);
#4658=ORIENTED_EDGE('',*,*,#3237,.F.);
#4659=ORIENTED_EDGE('',*,*,#3243,.F.);
#4660=ORIENTED_EDGE('',*,*,#3241,.F.);
#4661=ORIENTED_EDGE('',*,*,#2542,.T.);
#4662=ORIENTED_EDGE('',*,*,#2536,.T.);
#4663=ORIENTED_EDGE('',*,*,#2539,.T.);
#4664=ORIENTED_EDGE('',*,*,#2667,.F.);
#4665=ORIENTED_EDGE('',*,*,#3244,.F.);
#4666=ORIENTED_EDGE('',*,*,#2616,.F.);
#4667=ORIENTED_EDGE('',*,*,#3245,.F.);
#4668=ORIENTED_EDGE('',*,*,#2668,.F.);
#4669=ORIENTED_EDGE('',*,*,#3245,.T.);
#4670=ORIENTED_EDGE('',*,*,#2615,.F.);
#4671=ORIENTED_EDGE('',*,*,#2608,.T.);
#4672=ORIENTED_EDGE('',*,*,#2665,.F.);
#4673=ORIENTED_EDGE('',*,*,#2673,.F.);
#4674=ORIENTED_EDGE('',*,*,#2648,.T.);
#4675=ORIENTED_EDGE('',*,*,#2611,.F.);
#4676=ORIENTED_EDGE('',*,*,#2606,.T.);
#4677=ORIENTED_EDGE('',*,*,#2617,.F.);
#4678=ORIENTED_EDGE('',*,*,#3244,.T.);
#4679=ORIENTED_EDGE('',*,*,#2666,.F.);
#4680=ORIENTED_EDGE('',*,*,#2574,.F.);
#4681=ORIENTED_EDGE('',*,*,#3246,.F.);
#4682=ORIENTED_EDGE('',*,*,#3247,.T.);
#4683=ORIENTED_EDGE('',*,*,#3248,.F.);
#4684=ORIENTED_EDGE('',*,*,#3247,.F.);
#4685=ORIENTED_EDGE('',*,*,#3249,.T.);
#4686=ORIENTED_EDGE('',*,*,#3250,.F.);
#4687=ORIENTED_EDGE('',*,*,#3251,.F.);
#4688=ORIENTED_EDGE('',*,*,#3252,.F.);
#4689=ORIENTED_EDGE('',*,*,#3249,.F.);
#4690=ORIENTED_EDGE('',*,*,#3246,.T.);
#4691=ORIENTED_EDGE('',*,*,#2573,.F.);
#4692=ORIENTED_EDGE('',*,*,#2755,.T.);
#4693=ORIENTED_EDGE('',*,*,#3207,.T.);
#4694=ORIENTED_EDGE('',*,*,#3234,.F.);
#4695=ORIENTED_EDGE('',*,*,#2658,.F.);
#4696=ORIENTED_EDGE('',*,*,#2577,.F.);
#4697=ORIENTED_EDGE('',*,*,#3252,.T.);
#4698=ORIENTED_EDGE('',*,*,#2576,.F.);
#4699=ORIENTED_EDGE('',*,*,#3253,.T.);
#4700=ORIENTED_EDGE('',*,*,#3250,.T.);
#4701=ORIENTED_EDGE('',*,*,#3251,.T.);
#4702=ORIENTED_EDGE('',*,*,#3253,.F.);
#4703=ORIENTED_EDGE('',*,*,#2575,.F.);
#4704=ORIENTED_EDGE('',*,*,#3248,.T.);
#4705=ORIENTED_EDGE('',*,*,#3254,.T.);
#4706=ORIENTED_EDGE('',*,*,#3255,.F.);
#4707=ORIENTED_EDGE('',*,*,#3256,.F.);
#4708=ORIENTED_EDGE('',*,*,#2598,.T.);
#4709=ORIENTED_EDGE('',*,*,#2707,.F.);
#4710=ORIENTED_EDGE('',*,*,#3233,.F.);
#4711=ORIENTED_EDGE('',*,*,#3226,.F.);
#4712=ORIENTED_EDGE('',*,*,#2739,.T.);
#4713=ORIENTED_EDGE('',*,*,#2557,.T.);
#4714=ORIENTED_EDGE('',*,*,#3257,.T.);
#4715=ORIENTED_EDGE('',*,*,#3258,.F.);
#4716=ORIENTED_EDGE('',*,*,#2555,.F.);
#4717=ORIENTED_EDGE('',*,*,#3259,.T.);
#4718=ORIENTED_EDGE('',*,*,#2554,.F.);
#4719=ORIENTED_EDGE('',*,*,#3256,.T.);
#4720=ORIENTED_EDGE('',*,*,#3260,.T.);
#4721=ORIENTED_EDGE('',*,*,#3259,.F.);
#4722=ORIENTED_EDGE('',*,*,#3260,.F.);
#4723=ORIENTED_EDGE('',*,*,#3255,.T.);
#4724=ORIENTED_EDGE('',*,*,#3261,.F.);
#4725=ORIENTED_EDGE('',*,*,#3257,.F.);
#4726=ORIENTED_EDGE('',*,*,#3261,.T.);
#4727=ORIENTED_EDGE('',*,*,#3254,.F.);
#4728=ORIENTED_EDGE('',*,*,#2556,.F.);
#4729=ORIENTED_EDGE('',*,*,#3258,.T.);
#4730=CYLINDRICAL_SURFACE('',#5030,0.2);
#4731=CYLINDRICAL_SURFACE('',#5035,0.25);
#4732=CYLINDRICAL_SURFACE('',#5039,0.25);
#4733=CYLINDRICAL_SURFACE('',#5046,0.25);
#4734=CYLINDRICAL_SURFACE('',#5056,0.249999999999999);
#4735=CYLINDRICAL_SURFACE('',#5089,0.699999999999999);
#4736=CYLINDRICAL_SURFACE('',#5090,0.25);
#4737=CYLINDRICAL_SURFACE('',#5096,0.15);
#4738=CYLINDRICAL_SURFACE('',#5098,0.200040976900119);
#4739=CYLINDRICAL_SURFACE('',#5114,0.400040976900119);
#4740=CYLINDRICAL_SURFACE('',#5118,0.400040976900119);
#4741=CYLINDRICAL_SURFACE('',#5184,0.22);
#4742=CYLINDRICAL_SURFACE('',#5193,0.200000002980232);
#4743=CYLINDRICAL_SURFACE('',#5197,0.225);
#4744=CYLINDRICAL_SURFACE('',#5200,0.15);
#4745=CYLINDRICAL_SURFACE('',#5216,0.275);
#4746=CYLINDRICAL_SURFACE('',#5222,0.35);
#4747=CYLINDRICAL_SURFACE('',#5240,0.275);
#4748=CYLINDRICAL_SURFACE('',#5246,0.15);
#4749=CYLINDRICAL_SURFACE('',#5255,0.15);
#4750=CYLINDRICAL_SURFACE('',#5261,0.15);
#4751=CYLINDRICAL_SURFACE('',#5277,0.2);
#4752=CYLINDRICAL_SURFACE('',#5282,0.35);
#4753=CYLINDRICAL_SURFACE('',#5288,0.2);
#4754=CYLINDRICAL_SURFACE('',#5315,0.15);
#4755=CYLINDRICAL_SURFACE('',#5317,0.15);
#4756=CYLINDRICAL_SURFACE('',#5322,0.15);
#4757=CYLINDRICAL_SURFACE('',#5324,0.15);
#4758=ADVANCED_FACE('',(#275),#4730,.F.);
#4759=ADVANCED_FACE('',(#276),#4731,.F.);
#4760=ADVANCED_FACE('',(#277),#104,.F.);
#4761=ADVANCED_FACE('',(#278),#4732,.F.);
#4762=ADVANCED_FACE('',(#279),#105,.F.);
#4763=ADVANCED_FACE('',(#280),#106,.F.);
#4764=ADVANCED_FACE('',(#281),#107,.F.);
#4765=ADVANCED_FACE('',(#282),#108,.F.);
#4766=ADVANCED_FACE('',(#283),#4733,.F.);
#4767=ADVANCED_FACE('',(#284),#109,.F.);
#4768=ADVANCED_FACE('',(#285),#110,.F.);
#4769=ADVANCED_FACE('',(#286),#111,.F.);
#4770=ADVANCED_FACE('',(#287),#112,.T.);
#4771=ADVANCED_FACE('',(#288),#113,.F.);
#4772=ADVANCED_FACE('',(#289),#4734,.F.);
#4773=ADVANCED_FACE('',(#290,#91),#114,.T.);
#4774=ADVANCED_FACE('',(#291),#45,.F.);
#4775=ADVANCED_FACE('',(#292),#115,.F.);
#4776=ADVANCED_FACE('',(#293),#46,.F.);
#4777=ADVANCED_FACE('',(#294),#116,.F.);
#4778=ADVANCED_FACE('',(#295,#92),#117,.T.);
#4779=ADVANCED_FACE('',(#296),#118,.F.);
#4780=ADVANCED_FACE('',(#297,#93),#119,.T.);
#4781=ADVANCED_FACE('',(#298),#120,.T.);
#4782=ADVANCED_FACE('',(#299),#121,.F.);
#4783=ADVANCED_FACE('',(#300),#4735,.T.);
#4784=ADVANCED_FACE('',(#301,#94),#47,.F.);
#4785=ADVANCED_FACE('',(#302),#4736,.F.);
#4786=ADVANCED_FACE('',(#303),#122,.F.);
#4787=ADVANCED_FACE('',(#304),#123,.F.);
#4788=ADVANCED_FACE('',(#305),#124,.F.);
#4789=ADVANCED_FACE('',(#306),#125,.T.);
#4790=ADVANCED_FACE('',(#307),#126,.F.);
#4791=ADVANCED_FACE('',(#308),#4737,.T.);
#4792=ADVANCED_FACE('',(#309),#4738,.T.);
#4793=ADVANCED_FACE('',(#310),#127,.F.);
#4794=ADVANCED_FACE('',(#311),#128,.F.);
#4795=ADVANCED_FACE('',(#312),#129,.F.);
#4796=ADVANCED_FACE('',(#313),#130,.T.);
#4797=ADVANCED_FACE('',(#314),#131,.F.);
#4798=ADVANCED_FACE('',(#315),#132,.F.);
#4799=ADVANCED_FACE('',(#316),#48,.T.);
#4800=ADVANCED_FACE('',(#317),#49,.T.);
#4801=ADVANCED_FACE('',(#318),#50,.T.);
#4802=ADVANCED_FACE('',(#319),#51,.T.);
#4803=ADVANCED_FACE('',(#320),#52,.T.);
#4804=ADVANCED_FACE('',(#321),#53,.F.);
#4805=ADVANCED_FACE('',(#322),#133,.F.);
#4806=ADVANCED_FACE('',(#323),#134,.F.);
#4807=ADVANCED_FACE('',(#324),#135,.F.);
#4808=ADVANCED_FACE('',(#325),#136,.F.);
#4809=ADVANCED_FACE('',(#326),#137,.F.);
#4810=ADVANCED_FACE('',(#327),#138,.F.);
#4811=ADVANCED_FACE('',(#328),#139,.F.);
#4812=ADVANCED_FACE('',(#329),#4739,.F.);
#4813=ADVANCED_FACE('',(#330),#4740,.F.);
#4814=ADVANCED_FACE('',(#331),#140,.T.);
#4815=ADVANCED_FACE('',(#332),#141,.T.);
#4816=ADVANCED_FACE('',(#333),#142,.F.);
#4817=ADVANCED_FACE('',(#334),#143,.F.);
#4818=ADVANCED_FACE('',(#335),#144,.T.);
#4819=ADVANCED_FACE('',(#336),#145,.T.);
#4820=ADVANCED_FACE('',(#337),#146,.T.);
#4821=ADVANCED_FACE('',(#338),#35,.F.);
#4822=ADVANCED_FACE('',(#339),#147,.F.);
#4823=ADVANCED_FACE('',(#340),#148,.F.);
#4824=ADVANCED_FACE('',(#341),#149,.F.);
#4825=ADVANCED_FACE('',(#342),#150,.F.);
#4826=ADVANCED_FACE('',(#343),#151,.T.);
#4827=ADVANCED_FACE('',(#344),#152,.T.);
#4828=ADVANCED_FACE('',(#345),#153,.F.);
#4829=ADVANCED_FACE('',(#346),#154,.T.);
#4830=ADVANCED_FACE('',(#347),#155,.T.);
#4831=ADVANCED_FACE('',(#348),#156,.T.);
#4832=ADVANCED_FACE('',(#349),#36,.T.);
#4833=ADVANCED_FACE('',(#350),#157,.T.);
#4834=ADVANCED_FACE('',(#351),#158,.T.);
#4835=ADVANCED_FACE('',(#352),#159,.T.);
#4836=ADVANCED_FACE('',(#353),#160,.T.);
#4837=ADVANCED_FACE('',(#354),#161,.T.);
#4838=ADVANCED_FACE('',(#355),#162,.T.);
#4839=ADVANCED_FACE('',(#356),#37,.T.);
#4840=ADVANCED_FACE('',(#357),#163,.T.);
#4841=ADVANCED_FACE('',(#358),#164,.T.);
#4842=ADVANCED_FACE('',(#359),#165,.T.);
#4843=ADVANCED_FACE('',(#360),#166,.T.);
#4844=ADVANCED_FACE('',(#361),#167,.T.);
#4845=ADVANCED_FACE('',(#362),#168,.T.);
#4846=ADVANCED_FACE('',(#363),#169,.T.);
#4847=ADVANCED_FACE('',(#364),#170,.T.);
#4848=ADVANCED_FACE('',(#365),#38,.T.);
#4849=ADVANCED_FACE('',(#366),#171,.T.);
#4850=ADVANCED_FACE('',(#367),#172,.T.);
#4851=ADVANCED_FACE('',(#368),#39,.T.);
#4852=ADVANCED_FACE('',(#369),#173,.T.);
#4853=ADVANCED_FACE('',(#370),#174,.T.);
#4854=ADVANCED_FACE('',(#371),#175,.T.);
#4855=ADVANCED_FACE('',(#372),#176,.T.);
#4856=ADVANCED_FACE('',(#373),#177,.T.);
#4857=ADVANCED_FACE('',(#374),#178,.T.);
#4858=ADVANCED_FACE('',(#375),#179,.T.);
#4859=ADVANCED_FACE('',(#376),#180,.T.);
#4860=ADVANCED_FACE('',(#377),#181,.T.);
#4861=ADVANCED_FACE('',(#378),#182,.T.);
#4862=ADVANCED_FACE('',(#379),#183,.F.);
#4863=ADVANCED_FACE('',(#380),#184,.T.);
#4864=ADVANCED_FACE('',(#381),#185,.T.);
#4865=ADVANCED_FACE('',(#382),#186,.T.);
#4866=ADVANCED_FACE('',(#383),#187,.F.);
#4867=ADVANCED_FACE('',(#384),#4741,.T.);
#4868=ADVANCED_FACE('',(#385),#188,.T.);
#4869=ADVANCED_FACE('',(#386),#189,.F.);
#4870=ADVANCED_FACE('',(#387),#190,.T.);
#4871=ADVANCED_FACE('',(#388),#191,.F.);
#4872=ADVANCED_FACE('',(#389,#95,#96),#192,.F.);
#4873=ADVANCED_FACE('',(#390),#4742,.F.);
#4874=ADVANCED_FACE('',(#391,#97),#193,.T.);
#4875=ADVANCED_FACE('',(#392),#4743,.T.);
#4876=ADVANCED_FACE('',(#393),#194,.T.);
#4877=ADVANCED_FACE('',(#394),#195,.T.);
#4878=ADVANCED_FACE('',(#395),#4744,.T.);
#4879=ADVANCED_FACE('',(#396),#196,.T.);
#4880=ADVANCED_FACE('',(#397),#197,.T.);
#4881=ADVANCED_FACE('',(#398),#198,.T.);
#4882=ADVANCED_FACE('',(#399),#199,.T.);
#4883=ADVANCED_FACE('',(#400),#200,.T.);
#4884=ADVANCED_FACE('',(#401),#201,.T.);
#4885=ADVANCED_FACE('',(#402),#202,.T.);
#4886=ADVANCED_FACE('',(#403),#203,.F.);
#4887=ADVANCED_FACE('',(#404),#204,.F.);
#4888=ADVANCED_FACE('',(#405),#205,.F.);
#4889=ADVANCED_FACE('',(#406),#206,.T.);
#4890=ADVANCED_FACE('',(#407),#207,.F.);
#4891=ADVANCED_FACE('',(#408),#208,.T.);
#4892=ADVANCED_FACE('',(#409),#4745,.F.);
#4893=ADVANCED_FACE('',(#410),#209,.T.);
#4894=ADVANCED_FACE('',(#411),#210,.T.);
#4895=ADVANCED_FACE('',(#412),#211,.T.);
#4896=ADVANCED_FACE('',(#413),#4746,.T.);
#4897=ADVANCED_FACE('',(#414),#212,.T.);
#4898=ADVANCED_FACE('',(#415),#213,.T.);
#4899=ADVANCED_FACE('',(#416),#54,.T.);
#4900=ADVANCED_FACE('',(#417),#214,.T.);
#4901=ADVANCED_FACE('',(#418),#215,.F.);
#4902=ADVANCED_FACE('',(#419),#55,.T.);
#4903=ADVANCED_FACE('',(#420,#98),#56,.F.);
#4904=ADVANCED_FACE('',(#421),#216,.T.);
#4905=ADVANCED_FACE('',(#422),#217,.F.);
#4906=ADVANCED_FACE('',(#423),#57,.T.);
#4907=ADVANCED_FACE('',(#424),#58,.T.);
#4908=ADVANCED_FACE('',(#425),#218,.T.);
#4909=ADVANCED_FACE('',(#426),#4747,.F.);
#4910=ADVANCED_FACE('',(#427,#99,#100),#219,.F.);
#4911=ADVANCED_FACE('',(#428),#59,.F.);
#4912=ADVANCED_FACE('',(#429),#60,.F.);
#4913=ADVANCED_FACE('',(#430),#61,.F.);
#4914=ADVANCED_FACE('',(#431),#62,.F.);
#4915=ADVANCED_FACE('',(#432),#63,.F.);
#4916=ADVANCED_FACE('',(#433),#4748,.T.);
#4917=ADVANCED_FACE('',(#434),#64,.T.);
#4918=ADVANCED_FACE('',(#435),#65,.F.);
#4919=ADVANCED_FACE('',(#436),#66,.T.);
#4920=ADVANCED_FACE('',(#437),#67,.T.);
#4921=ADVANCED_FACE('',(#438),#15,.F.);
#4922=ADVANCED_FACE('',(#439),#220,.T.);
#4923=ADVANCED_FACE('',(#440),#40,.T.);
#4924=ADVANCED_FACE('',(#441),#221,.F.);
#4925=ADVANCED_FACE('',(#442),#68,.T.);
#4926=ADVANCED_FACE('',(#443),#4749,.T.);
#4927=ADVANCED_FACE('',(#444),#222,.F.);
#4928=ADVANCED_FACE('',(#445),#69,.T.);
#4929=ADVANCED_FACE('',(#446),#70,.T.);
#4930=ADVANCED_FACE('',(#447),#71,.F.);
#4931=ADVANCED_FACE('',(#448),#72,.F.);
#4932=ADVANCED_FACE('',(#449),#73,.F.);
#4933=ADVANCED_FACE('',(#450),#74,.F.);
#4934=ADVANCED_FACE('',(#451),#75,.F.);
#4935=ADVANCED_FACE('',(#452),#76,.F.);
#4936=ADVANCED_FACE('',(#453),#77,.F.);
#4937=ADVANCED_FACE('',(#454),#78,.F.);
#4938=ADVANCED_FACE('',(#455),#79,.F.);
#4939=ADVANCED_FACE('',(#456),#80,.F.);
#4940=ADVANCED_FACE('',(#457),#81,.F.);
#4941=ADVANCED_FACE('',(#458),#82,.F.);
#4942=ADVANCED_FACE('',(#459),#83,.F.);
#4943=ADVANCED_FACE('',(#460),#4750,.T.);
#4944=ADVANCED_FACE('',(#461),#223,.T.);
#4945=ADVANCED_FACE('',(#462),#224,.T.);
#4946=ADVANCED_FACE('',(#463),#225,.T.);
#4947=ADVANCED_FACE('',(#464),#84,.T.);
#4948=ADVANCED_FACE('',(#465),#85,.T.);
#4949=ADVANCED_FACE('',(#466),#226,.F.);
#4950=ADVANCED_FACE('',(#467),#227,.T.);
#4951=ADVANCED_FACE('',(#468),#228,.T.);
#4952=ADVANCED_FACE('',(#469),#229,.F.);
#4953=ADVANCED_FACE('',(#470),#41,.T.);
#4954=ADVANCED_FACE('',(#471),#230,.T.);
#4955=ADVANCED_FACE('',(#472),#42,.F.);
#4956=ADVANCED_FACE('',(#473),#4751,.F.);
#4957=ADVANCED_FACE('',(#474),#86,.T.);
#4958=ADVANCED_FACE('',(#475),#231,.T.);
#4959=ADVANCED_FACE('',(#476),#232,.F.);
#4960=ADVANCED_FACE('',(#477),#4752,.T.);
#4961=ADVANCED_FACE('',(#478,#101),#233,.T.);
#4962=ADVANCED_FACE('',(#479),#234,.F.);
#4963=ADVANCED_FACE('',(#480),#235,.F.);
#4964=ADVANCED_FACE('',(#481),#4753,.F.);
#4965=ADVANCED_FACE('',(#482),#87,.T.);
#4966=ADVANCED_FACE('',(#483),#236,.T.);
#4967=ADVANCED_FACE('',(#484),#88,.T.);
#4968=ADVANCED_FACE('',(#485),#237,.T.);
#4969=ADVANCED_FACE('',(#486),#238,.F.);
#4970=ADVANCED_FACE('',(#487),#239,.F.);
#4971=ADVANCED_FACE('',(#488),#240,.T.);
#4972=ADVANCED_FACE('',(#489),#241,.F.);
#4973=ADVANCED_FACE('',(#490),#16,.T.);
#4974=ADVANCED_FACE('',(#491),#242,.T.);
#4975=ADVANCED_FACE('',(#492),#243,.T.);
#4976=ADVANCED_FACE('',(#493),#244,.F.);
#4977=ADVANCED_FACE('',(#494),#17,.F.);
#4978=ADVANCED_FACE('',(#495),#43,.F.);
#4979=ADVANCED_FACE('',(#496),#245,.T.);
#4980=ADVANCED_FACE('',(#497),#246,.T.);
#4981=ADVANCED_FACE('',(#498),#247,.T.);
#4982=ADVANCED_FACE('',(#499),#248,.T.);
#4983=ADVANCED_FACE('',(#500),#249,.T.);
#4984=ADVANCED_FACE('',(#501),#4754,.T.);
#4985=ADVANCED_FACE('',(#502),#4755,.T.);
#4986=ADVANCED_FACE('',(#503),#250,.T.);
#4987=ADVANCED_FACE('',(#504),#251,.T.);
#4988=ADVANCED_FACE('',(#505),#252,.T.);
#4989=ADVANCED_FACE('',(#506),#4756,.T.);
#4990=ADVANCED_FACE('',(#507),#4757,.T.);
#4991=ADVANCED_FACE('',(#508),#89,.T.);
#4992=ADVANCED_FACE('',(#509),#253,.T.);
#4993=ADVANCED_FACE('',(#510),#90,.T.);
#4994=ADVANCED_FACE('',(#511),#44,.F.);
#4995=ADVANCED_FACE('',(#512),#254,.F.);
#4996=ADVANCED_FACE('',(#513),#255,.F.);
#4997=ADVANCED_FACE('',(#514),#256,.F.);
#4998=ADVANCED_FACE('',(#515),#257,.F.);
#4999=ADVANCED_FACE('',(#516),#258,.F.);
#5000=ADVANCED_FACE('',(#517),#259,.F.);
#5001=ADVANCED_FACE('',(#518,#102,#103),#260,.F.);
#5002=ADVANCED_FACE('',(#519),#261,.T.);
#5003=ADVANCED_FACE('',(#520),#262,.F.);
#5004=ADVANCED_FACE('',(#521),#263,.F.);
#5005=ADVANCED_FACE('',(#522),#264,.F.);
#5006=ADVANCED_FACE('',(#523),#265,.T.);
#5007=ADVANCED_FACE('',(#524),#266,.T.);
#5008=ADVANCED_FACE('',(#525),#267,.T.);
#5009=ADVANCED_FACE('',(#526),#268,.T.);
#5010=ADVANCED_FACE('',(#527),#269,.T.);
#5011=ADVANCED_FACE('',(#528),#270,.T.);
#5012=ADVANCED_FACE('',(#529),#271,.T.);
#5013=ADVANCED_FACE('',(#530),#272,.T.);
#5014=ADVANCED_FACE('',(#531),#273,.T.);
#5015=ADVANCED_FACE('',(#532),#274,.T.);
#5016=CLOSED_SHELL('',(#4758,#4759,#4760,#4761,#4762,#4763,#4764,#4765,
#4766,#4767,#4768,#4769,#4770,#4771,#4772,#4773,#4774,#4775,#4776,#4777,
#4778,#4779,#4780,#4781,#4782,#4783,#4784,#4785,#4786,#4787,#4788,#4789,
#4790,#4791,#4792,#4793,#4794,#4795,#4796,#4797,#4798,#4799,#4800,#4801,
#4802,#4803,#4804,#4805,#4806,#4807,#4808,#4809,#4810,#4811,#4812,#4813,
#4814,#4815,#4816,#4817,#4818,#4819,#4820,#4821,#4822,#4823,#4824,#4825,
#4826,#4827,#4828,#4829,#4830,#4831,#4832,#4833,#4834,#4835,#4836,#4837,
#4838,#4839,#4840,#4841,#4842,#4843,#4844,#4845,#4846,#4847,#4848,#4849,
#4850,#4851,#4852,#4853,#4854,#4855,#4856,#4857,#4858,#4859,#4860,#4861,
#4862,#4863,#4864,#4865,#4866,#4867,#4868,#4869,#4870,#4871,#4872,#4873,
#4874,#4875,#4876,#4877,#4878,#4879,#4880,#4881,#4882,#4883,#4884,#4885,
#4886,#4887,#4888,#4889,#4890,#4891,#4892,#4893,#4894,#4895,#4896,#4897,
#4898,#4899,#4900,#4901,#4902,#4903,#4904,#4905,#4906,#4907,#4908,#4909,
#4910,#4911,#4912,#4913,#4914,#4915,#4916,#4917,#4918,#4919,#4920,#4921,
#4922,#4923,#4924,#4925,#4926,#4927,#4928,#4929,#4930,#4931,#4932,#4933,
#4934,#4935,#4936,#4937,#4938,#4939,#4940,#4941,#4942,#4943,#4944,#4945,
#4946,#4947,#4948,#4949,#4950,#4951,#4952,#4953,#4954,#4955,#4956,#4957,
#4958,#4959,#4960,#4961,#4962,#4963,#4964,#4965,#4966,#4967,#4968,#4969,
#4970,#4971,#4972,#4973,#4974,#4975,#4976,#4977,#4978,#4979,#4980,#4981,
#4982,#4983,#4984,#4985,#4986,#4987,#4988,#4989,#4990,#4991,#4992,#4993,
#4994,#4995,#4996,#4997,#4998,#4999,#5000,#5001,#5002,#5003,#5004,#5005,
#5006,#5007,#5008,#5009,#5010,#5011,#5012,#5013,#5014,#5015));
#5017=DERIVED_UNIT_ELEMENT(#5019,1.);
#5018=DERIVED_UNIT_ELEMENT(#9387,-3.);
#5019=(
MASS_UNIT()
NAMED_UNIT(*)
SI_UNIT(.KILO.,.GRAM.)
);
#5020=DERIVED_UNIT((#5017,#5018));
#5021=MEASURE_REPRESENTATION_ITEM('density measure',
POSITIVE_RATIO_MEASURE(7850.),#5020);
#5022=PROPERTY_DEFINITION_REPRESENTATION(#5027,#5024);
#5023=PROPERTY_DEFINITION_REPRESENTATION(#5028,#5025);
#5024=REPRESENTATION('material name',(#5026),#9384);
#5025=REPRESENTATION('density',(#5021),#9384);
#5026=DESCRIPTIVE_REPRESENTATION_ITEM('Steel','Steel');
#5027=PROPERTY_DEFINITION('material property','material name',#9394);
#5028=PROPERTY_DEFINITION('material property','density of part',#9394);
#5029=AXIS2_PLACEMENT_3D('',#6531,#5351,#5352);
#5030=AXIS2_PLACEMENT_3D('',#6532,#5353,#5354);
#5031=AXIS2_PLACEMENT_3D('',#6537,#5356,#5357);
#5032=AXIS2_PLACEMENT_3D('',#6539,#5358,#5359);
#5033=AXIS2_PLACEMENT_3D('',#6571,#5361,#5362);
#5034=AXIS2_PLACEMENT_3D('',#6594,#5363,#5364);
#5035=AXIS2_PLACEMENT_3D('',#6595,#5365,#5366);
#5036=AXIS2_PLACEMENT_3D('',#6597,#5367,#5368);
#5037=AXIS2_PLACEMENT_3D('',#6600,#5370,#5371);
#5038=AXIS2_PLACEMENT_3D('',#6601,#5372,#5373);
#5039=AXIS2_PLACEMENT_3D('',#6602,#5374,#5375);
#5040=AXIS2_PLACEMENT_3D('',#6604,#5376,#5377);
#5041=AXIS2_PLACEMENT_3D('',#6607,#5379,#5380);
#5042=AXIS2_PLACEMENT_3D('',#6608,#5381,#5382);
#5043=AXIS2_PLACEMENT_3D('',#6609,#5383,#5384);
#5044=AXIS2_PLACEMENT_3D('',#6618,#5389,#5390);
#5045=AXIS2_PLACEMENT_3D('',#6624,#5394,#5395);
#5046=AXIS2_PLACEMENT_3D('',#6628,#5398,#5399);
#5047=AXIS2_PLACEMENT_3D('',#6630,#5400,#5401);
#5048=AXIS2_PLACEMENT_3D('',#6633,#5403,#5404);
#5049=AXIS2_PLACEMENT_3D('',#6634,#5405,#5406);
#5050=AXIS2_PLACEMENT_3D('',#6657,#5417,#5418);
#5051=AXIS2_PLACEMENT_3D('',#6659,#5419,#5420);
#5052=AXIS2_PLACEMENT_3D('',#6743,#5452,#5453);
#5053=AXIS2_PLACEMENT_3D('',#6752,#5458,#5459);
#5054=AXIS2_PLACEMENT_3D('',#6761,#5464,#5465);
#5055=AXIS2_PLACEMENT_3D('',#6767,#5469,#5470);
#5056=AXIS2_PLACEMENT_3D('',#6773,#5474,#5475);
#5057=AXIS2_PLACEMENT_3D('',#6774,#5476,#5477);
#5058=AXIS2_PLACEMENT_3D('',#6775,#5478,#5479);
#5059=AXIS2_PLACEMENT_3D('',#6776,#5480,#5481);
#5060=AXIS2_PLACEMENT_3D('',#6792,#5490,#5491);
#5061=AXIS2_PLACEMENT_3D('',#6810,#5493,#5494);
#5062=AXIS2_PLACEMENT_3D('',#6812,#5495,#5496);
#5063=AXIS2_PLACEMENT_3D('',#6814,#5497,#5498);
#5064=AXIS2_PLACEMENT_3D('',#6816,#5499,#5500);
#5065=AXIS2_PLACEMENT_3D('',#6818,#5501,#5502);
#5066=AXIS2_PLACEMENT_3D('',#6820,#5503,#5504);
#5067=AXIS2_PLACEMENT_3D('',#6822,#5505,#5506);
#5068=AXIS2_PLACEMENT_3D('',#6824,#5507,#5508);
#5069=AXIS2_PLACEMENT_3D('',#6826,#5509,#5510);
#5070=AXIS2_PLACEMENT_3D('',#6828,#5511,#5512);
#5071=AXIS2_PLACEMENT_3D('',#6830,#5513,#5514);
#5072=AXIS2_PLACEMENT_3D('',#6832,#5515,#5516);
#5073=AXIS2_PLACEMENT_3D('',#6834,#5517,#5518);
#5074=AXIS2_PLACEMENT_3D('',#6836,#5519,#5520);
#5075=AXIS2_PLACEMENT_3D('',#6838,#5521,#5522);
#5076=AXIS2_PLACEMENT_3D('',#6840,#5523,#5524);
#5077=AXIS2_PLACEMENT_3D('',#6842,#5525,#5526);
#5078=AXIS2_PLACEMENT_3D('',#6844,#5527,#5528);
#5079=AXIS2_PLACEMENT_3D('',#6845,#5529,#5530);
#5080=AXIS2_PLACEMENT_3D('',#6871,#5532,#5533);
#5081=AXIS2_PLACEMENT_3D('',#6877,#5537,#5538);
#5082=AXIS2_PLACEMENT_3D('',#6896,#5549,#5550);
#5083=AXIS2_PLACEMENT_3D('',#6900,#5553,#5554);
#5084=AXIS2_PLACEMENT_3D('',#6901,#5555,#5556);
#5085=AXIS2_PLACEMENT_3D('',#6907,#5559,#5560);
#5086=AXIS2_PLACEMENT_3D('',#6916,#5566,#5567);
#5087=AXIS2_PLACEMENT_3D('',#6920,#5569,#5570);
#5088=AXIS2_PLACEMENT_3D('',#6921,#5571,#5572);
#5089=AXIS2_PLACEMENT_3D('',#6926,#5577,#5578);
#5090=AXIS2_PLACEMENT_3D('',#7060,#5583,#5584);
#5091=AXIS2_PLACEMENT_3D('',#7061,#5585,#5586);
#5092=AXIS2_PLACEMENT_3D('',#7073,#5593,#5594);
#5093=AXIS2_PLACEMENT_3D('',#7087,#5602,#5603);
#5094=AXIS2_PLACEMENT_3D('',#7091,#5606,#5607);
#5095=AXIS2_PLACEMENT_3D('',#7097,#5611,#5612);
#5096=AXIS2_PLACEMENT_3D('',#7105,#5617,#5618);
#5097=AXIS2_PLACEMENT_3D('',#7128,#5620,#5621);
#5098=AXIS2_PLACEMENT_3D('',#7129,#5622,#5623);
#5099=AXIS2_PLACEMENT_3D('',#7133,#5625,#5626);
#5100=AXIS2_PLACEMENT_3D('',#7138,#5627,#5628);
#5101=AXIS2_PLACEMENT_3D('',#7150,#5635,#5636);
#5102=AXIS2_PLACEMENT_3D('',#7162,#5643,#5644);
#5103=AXIS2_PLACEMENT_3D('',#7170,#5649,#5650);
#5104=AXIS2_PLACEMENT_3D('',#7174,#5653,#5654);
#5105=AXIS2_PLACEMENT_3D('',#7190,#5663,#5664);
#5106=AXIS2_PLACEMENT_3D('',#7381,#5698,#5699);
#5107=AXIS2_PLACEMENT_3D('',#7387,#5703,#5704);
#5108=AXIS2_PLACEMENT_3D('',#7393,#5708,#5709);
#5109=AXIS2_PLACEMENT_3D('',#7397,#5712,#5713);
#5110=AXIS2_PLACEMENT_3D('',#7399,#5714,#5715);
#5111=AXIS2_PLACEMENT_3D('',#7400,#5716,#5717);
#5112=AXIS2_PLACEMENT_3D('',#7409,#5722,#5723);
#5113=AXIS2_PLACEMENT_3D('',#7416,#5727,#5728);
#5114=AXIS2_PLACEMENT_3D('',#7423,#5732,#5733);
#5115=AXIS2_PLACEMENT_3D('',#7426,#5734,#5735);
#5116=AXIS2_PLACEMENT_3D('',#7428,#5736,#5737);
#5117=AXIS2_PLACEMENT_3D('',#7429,#5738,#5739);
#5118=AXIS2_PLACEMENT_3D('',#7430,#5740,#5741);
#5119=AXIS2_PLACEMENT_3D('',#7433,#5742,#5743);
#5120=AXIS2_PLACEMENT_3D('',#7435,#5744,#5745);
#5121=AXIS2_PLACEMENT_3D('',#7437,#5746,#5747);
#5122=AXIS2_PLACEMENT_3D('',#7439,#5749,#5750);
#5123=AXIS2_PLACEMENT_3D('',#7445,#5754,#5755);
#5124=AXIS2_PLACEMENT_3D('',#7449,#5758,#5759);
#5125=AXIS2_PLACEMENT_3D('',#7455,#5763,#5764);
#5126=AXIS2_PLACEMENT_3D('',#7459,#5767,#5768);
#5127=AXIS2_PLACEMENT_3D('',#7463,#5771,#5772);
#5128=AXIS2_PLACEMENT_3D('',#7469,#5776,#5777);
#5129=AXIS2_PLACEMENT_3D('',#7474,#5779,#5780);
#5130=AXIS2_PLACEMENT_3D('',#7477,#5782,#5783);
#5131=AXIS2_PLACEMENT_3D('',#7478,#5784,#5785);
#5132=AXIS2_PLACEMENT_3D('',#7484,#5786,#5787);
#5133=AXIS2_PLACEMENT_3D('',#7488,#5788,#5789);
#5134=AXIS2_PLACEMENT_3D('',#7492,#5792,#5793);
#5135=AXIS2_PLACEMENT_3D('',#7501,#5798,#5799);
#5136=AXIS2_PLACEMENT_3D('',#7507,#5803,#5804);
#5137=AXIS2_PLACEMENT_3D('',#7511,#5807,#5808);
#5138=AXIS2_PLACEMENT_3D('',#7515,#5811,#5812);
#5139=AXIS2_PLACEMENT_3D('',#7519,#5815,#5816);
#5140=AXIS2_PLACEMENT_3D('',#7530,#5821,#5822);
#5141=AXIS2_PLACEMENT_3D('',#7544,#5829,#5830);
#5142=AXIS2_PLACEMENT_3D('',#7546,#5832,#5833);
#5143=AXIS2_PLACEMENT_3D('',#7552,#5837,#5838);
#5144=AXIS2_PLACEMENT_3D('',#7556,#5841,#5842);
#5145=AXIS2_PLACEMENT_3D('',#7562,#5844,#5845);
#5146=AXIS2_PLACEMENT_3D('',#7564,#5846,#5847);
#5147=AXIS2_PLACEMENT_3D('',#7568,#5848,#5849);
#5148=AXIS2_PLACEMENT_3D('',#7572,#5852,#5853);
#5149=AXIS2_PLACEMENT_3D('',#7581,#5856,#5857);
#5150=AXIS2_PLACEMENT_3D('',#7588,#5859,#5860);
#5151=AXIS2_PLACEMENT_3D('',#7595,#5862,#5863);
#5152=AXIS2_PLACEMENT_3D('',#7599,#5866,#5867);
#5153=AXIS2_PLACEMENT_3D('',#7610,#5869,#5870);
#5154=AXIS2_PLACEMENT_3D('',#7637,#5871,#5872);
#5155=AXIS2_PLACEMENT_3D('',#7644,#5874,#5875);
#5156=AXIS2_PLACEMENT_3D('',#7649,#5876,#5877);
#5157=AXIS2_PLACEMENT_3D('',#7657,#5882,#5883);
#5158=AXIS2_PLACEMENT_3D('',#7661,#5886,#5887);
#5159=AXIS2_PLACEMENT_3D('',#7670,#5892,#5893);
#5160=AXIS2_PLACEMENT_3D('',#7676,#5897,#5898);
#5161=AXIS2_PLACEMENT_3D('',#7682,#5902,#5903);
#5162=AXIS2_PLACEMENT_3D('',#7690,#5906,#5907);
#5163=AXIS2_PLACEMENT_3D('',#7692,#5908,#5909);
#5164=AXIS2_PLACEMENT_3D('',#7694,#5910,#5911);
#5165=AXIS2_PLACEMENT_3D('',#7698,#5912,#5913);
#5166=AXIS2_PLACEMENT_3D('',#7703,#5917,#5918);
#5167=AXIS2_PLACEMENT_3D('',#7709,#5920,#5921);
#5168=AXIS2_PLACEMENT_3D('',#7711,#5922,#5923);
#5169=AXIS2_PLACEMENT_3D('',#7715,#5924,#5925);
#5170=AXIS2_PLACEMENT_3D('',#7717,#5927,#5928);
#5171=AXIS2_PLACEMENT_3D('',#7727,#5930,#5931);
#5172=AXIS2_PLACEMENT_3D('',#7734,#5933,#5934);
#5173=AXIS2_PLACEMENT_3D('',#7743,#5937,#5938);
#5174=AXIS2_PLACEMENT_3D('',#7748,#5939,#5940);
#5175=AXIS2_PLACEMENT_3D('',#7753,#5941,#5942);
#5176=AXIS2_PLACEMENT_3D('',#7755,#5944,#5945);
#5177=AXIS2_PLACEMENT_3D('',#7757,#5947,#5948);
#5178=AXIS2_PLACEMENT_3D('',#7761,#5951,#5952);
#5179=AXIS2_PLACEMENT_3D('',#7763,#5954,#5955);
#5180=AXIS2_PLACEMENT_3D('',#7767,#5958,#5959);
#5181=AXIS2_PLACEMENT_3D('',#7770,#5962,#5963);
#5182=AXIS2_PLACEMENT_3D('',#7771,#5964,#5965);
#5183=AXIS2_PLACEMENT_3D('',#7772,#5966,#5967);
#5184=AXIS2_PLACEMENT_3D('',#7777,#5971,#5972);
#5185=AXIS2_PLACEMENT_3D('',#7779,#5973,#5974);
#5186=AXIS2_PLACEMENT_3D('',#7781,#5975,#5976);
#5187=AXIS2_PLACEMENT_3D('',#7783,#5978,#5979);
#5188=AXIS2_PLACEMENT_3D('',#7785,#5981,#5982);
#5189=AXIS2_PLACEMENT_3D('',#7808,#5990,#5991);
#5190=AXIS2_PLACEMENT_3D('',#7812,#5994,#5995);
#5191=AXIS2_PLACEMENT_3D('',#7818,#5999,#6000);
#5192=AXIS2_PLACEMENT_3D('',#7830,#6007,#6008);
#5193=AXIS2_PLACEMENT_3D('',#7831,#6009,#6010);
#5194=AXIS2_PLACEMENT_3D('',#7834,#6012,#6013);
#5195=AXIS2_PLACEMENT_3D('',#7835,#6014,#6015);
#5196=AXIS2_PLACEMENT_3D('',#7837,#6016,#6017);
#5197=AXIS2_PLACEMENT_3D('',#7838,#6018,#6019);
#5198=AXIS2_PLACEMENT_3D('',#7840,#6021,#6022);
#5199=AXIS2_PLACEMENT_3D('',#7846,#6026,#6027);
#5200=AXIS2_PLACEMENT_3D('',#7855,#6032,#6033);
#5201=AXIS2_PLACEMENT_3D('',#7856,#6034,#6035);
#5202=AXIS2_PLACEMENT_3D('',#7857,#6036,#6037);
#5203=AXIS2_PLACEMENT_3D('',#7858,#6038,#6039);
#5204=AXIS2_PLACEMENT_3D('',#7860,#6041,#6042);
#5205=AXIS2_PLACEMENT_3D('',#7867,#6047,#6048);
#5206=AXIS2_PLACEMENT_3D('',#7869,#6050,#6051);
#5207=AXIS2_PLACEMENT_3D('',#7872,#6054,#6055);
#5208=AXIS2_PLACEMENT_3D('',#7874,#6057,#6058);
#5209=AXIS2_PLACEMENT_3D('',#7876,#6060,#6061);
#5210=AXIS2_PLACEMENT_3D('',#7878,#6063,#6064);
#5211=AXIS2_PLACEMENT_3D('',#7882,#6067,#6068);
#5212=AXIS2_PLACEMENT_3D('',#7883,#6069,#6070);
#5213=AXIS2_PLACEMENT_3D('',#7885,#6072,#6073);
#5214=AXIS2_PLACEMENT_3D('',#7886,#6074,#6075);
#5215=AXIS2_PLACEMENT_3D('',#7895,#6080,#6081);
#5216=AXIS2_PLACEMENT_3D('',#7904,#6086,#6087);
#5217=AXIS2_PLACEMENT_3D('',#7906,#6088,#6089);
#5218=AXIS2_PLACEMENT_3D('',#7909,#6091,#6092);
#5219=AXIS2_PLACEMENT_3D('',#7910,#6093,#6094);
#5220=AXIS2_PLACEMENT_3D('',#7913,#6097,#6098);
#5221=AXIS2_PLACEMENT_3D('',#7915,#6100,#6101);
#5222=AXIS2_PLACEMENT_3D('',#7918,#6104,#6105);
#5223=AXIS2_PLACEMENT_3D('',#7921,#6106,#6107);
#5224=AXIS2_PLACEMENT_3D('',#7923,#6108,#6109);
#5225=AXIS2_PLACEMENT_3D('',#7925,#6110,#6111);
#5226=AXIS2_PLACEMENT_3D('',#7927,#6112,#6113);
#5227=AXIS2_PLACEMENT_3D('',#7930,#6115,#6116);
#5228=AXIS2_PLACEMENT_3D('',#7932,#6117,#6118);
#5229=AXIS2_PLACEMENT_3D('',#7935,#6120,#6121);
#5230=AXIS2_PLACEMENT_3D('',#7936,#6122,#6123);
#5231=AXIS2_PLACEMENT_3D('',#7937,#6124,#6125);
#5232=AXIS2_PLACEMENT_3D('',#7938,#6126,#6127);
#5233=AXIS2_PLACEMENT_3D('',#7940,#6129,#6130);
#5234=AXIS2_PLACEMENT_3D('',#7973,#6134,#6135);
#5235=AXIS2_PLACEMENT_3D('',#7975,#6137,#6138);
#5236=AXIS2_PLACEMENT_3D('',#8061,#6147,#6148);
#5237=AXIS2_PLACEMENT_3D('',#8067,#6153,#6154);
#5238=AXIS2_PLACEMENT_3D('',#8107,#6160,#6161);
#5239=AXIS2_PLACEMENT_3D('',#8111,#6163,#6164);
#5240=AXIS2_PLACEMENT_3D('',#8116,#6165,#6166);
#5241=AXIS2_PLACEMENT_3D('',#8117,#6167,#6168);
#5242=AXIS2_PLACEMENT_3D('',#8118,#6169,#6170);
#5243=AXIS2_PLACEMENT_3D('',#8119,#6171,#6172);
#5244=AXIS2_PLACEMENT_3D('',#8120,#6173,#6174);
#5245=AXIS2_PLACEMENT_3D('',#8122,#6175,#6176);
#5246=AXIS2_PLACEMENT_3D('',#8211,#6184,#6185);
#5247=AXIS2_PLACEMENT_3D('',#8213,#6186,#6187);
#5248=AXIS2_PLACEMENT_3D('',#8216,#6189,#6190);
#5249=AXIS2_PLACEMENT_3D('',#8337,#6196,#6197);
#5250=AXIS2_PLACEMENT_3D('',#8346,#6199,#6200);
#5251=AXIS2_PLACEMENT_3D('',#8350,#6202,#6203);
#5252=AXIS2_PLACEMENT_3D('',#8351,#6204,#6205);
#5253=AXIS2_PLACEMENT_3D('',#8352,#6206,#6207);
#5254=AXIS2_PLACEMENT_3D('',#8359,#6208,#6209);
#5255=AXIS2_PLACEMENT_3D('',#8382,#6214,#6215);
#5256=AXIS2_PLACEMENT_3D('',#8384,#6217,#6218);
#5257=AXIS2_PLACEMENT_3D('',#8493,#6223,#6224);
#5258=AXIS2_PLACEMENT_3D('',#8495,#6225,#6226);
#5259=AXIS2_PLACEMENT_3D('',#8677,#6238,#6239);
#5260=AXIS2_PLACEMENT_3D('',#8679,#6240,#6241);
#5261=AXIS2_PLACEMENT_3D('',#8769,#6250,#6251);
#5262=AXIS2_PLACEMENT_3D('',#8771,#6253,#6254);
#5263=AXIS2_PLACEMENT_3D('',#8773,#6256,#6257);
#5264=AXIS2_PLACEMENT_3D('',#8775,#6259,#6260);
#5265=AXIS2_PLACEMENT_3D('',#8824,#6261,#6262);
#5266=AXIS2_PLACEMENT_3D('',#8829,#6266,#6267);
#5267=AXIS2_PLACEMENT_3D('',#8835,#6271,#6272);
#5268=AXIS2_PLACEMENT_3D('',#8841,#6276,#6277);
#5269=AXIS2_PLACEMENT_3D('',#8849,#6282,#6283);
#5270=AXIS2_PLACEMENT_3D('',#8856,#6284,#6285);
#5271=AXIS2_PLACEMENT_3D('',#8858,#6286,#6287);
#5272=AXIS2_PLACEMENT_3D('',#8863,#6288,#6289);
#5273=AXIS2_PLACEMENT_3D('',#8864,#6290,#6291);
#5274=AXIS2_PLACEMENT_3D('',#8869,#6294,#6295);
#5275=AXIS2_PLACEMENT_3D('',#8870,#6296,#6297);
#5276=AXIS2_PLACEMENT_3D('',#8878,#6298,#6299);
#5277=AXIS2_PLACEMENT_3D('',#8879,#6300,#6301);
#5278=AXIS2_PLACEMENT_3D('',#8880,#6302,#6303);
#5279=AXIS2_PLACEMENT_3D('',#8917,#6304,#6305);
#5280=AXIS2_PLACEMENT_3D('',#8922,#6306,#6307);
#5281=AXIS2_PLACEMENT_3D('',#8924,#6309,#6310);
#5282=AXIS2_PLACEMENT_3D('',#8928,#6313,#6314);
#5283=AXIS2_PLACEMENT_3D('',#8929,#6315,#6316);
#5284=AXIS2_PLACEMENT_3D('',#8931,#6318,#6319);
#5285=AXIS2_PLACEMENT_3D('',#8932,#6320,#6321);
#5286=AXIS2_PLACEMENT_3D('',#8937,#6325,#6326);
#5287=AXIS2_PLACEMENT_3D('',#8941,#6329,#6330);
#5288=AXIS2_PLACEMENT_3D('',#8945,#6333,#6334);
#5289=AXIS2_PLACEMENT_3D('',#8947,#6335,#6336);
#5290=AXIS2_PLACEMENT_3D('',#8949,#6337,#6338);
#5291=AXIS2_PLACEMENT_3D('',#8993,#6339,#6340);
#5292=AXIS2_PLACEMENT_3D('',#8995,#6342,#6343);
#5293=AXIS2_PLACEMENT_3D('',#9021,#6344,#6345);
#5294=AXIS2_PLACEMENT_3D('',#9048,#6348,#6349);
#5295=AXIS2_PLACEMENT_3D('',#9055,#6350,#6351);
#5296=AXIS2_PLACEMENT_3D('',#9061,#6356,#6357);
#5297=AXIS2_PLACEMENT_3D('',#9067,#6361,#6362);
#5298=AXIS2_PLACEMENT_3D('',#9072,#6366,#6367);
#5299=AXIS2_PLACEMENT_3D('',#9074,#6369,#6370);
#5300=AXIS2_PLACEMENT_3D('',#9079,#6372,#6373);
#5301=AXIS2_PLACEMENT_3D('',#9092,#6379,#6380);
#5302=AXIS2_PLACEMENT_3D('',#9093,#6381,#6382);
#5303=AXIS2_PLACEMENT_3D('',#9095,#6384,#6385);
#5304=AXIS2_PLACEMENT_3D('',#9117,#6389,#6390);
#5305=AXIS2_PLACEMENT_3D('',#9119,#6392,#6393);
#5306=AXIS2_PLACEMENT_3D('',#9120,#6394,#6395);
#5307=AXIS2_PLACEMENT_3D('',#9122,#6396,#6397);
#5308=AXIS2_PLACEMENT_3D('',#9123,#6398,#6399);
#5309=AXIS2_PLACEMENT_3D('',#9127,#6400,#6401);
#5310=AXIS2_PLACEMENT_3D('',#9146,#6405,#6406);
#5311=AXIS2_PLACEMENT_3D('',#9148,#6408,#6409);
#5312=AXIS2_PLACEMENT_3D('',#9154,#6413,#6414);
#5313=AXIS2_PLACEMENT_3D('',#9156,#6415,#6416);
#5314=AXIS2_PLACEMENT_3D('',#9158,#6418,#6419);
#5315=AXIS2_PLACEMENT_3D('',#9162,#6422,#6423);
#5316=AXIS2_PLACEMENT_3D('',#9163,#6424,#6425);
#5317=AXIS2_PLACEMENT_3D('',#9164,#6426,#6427);
#5318=AXIS2_PLACEMENT_3D('',#9165,#6428,#6429);
#5319=AXIS2_PLACEMENT_3D('',#9171,#6433,#6434);
#5320=AXIS2_PLACEMENT_3D('',#9173,#6435,#6436);
#5321=AXIS2_PLACEMENT_3D('',#9175,#6438,#6439);
#5322=AXIS2_PLACEMENT_3D('',#9177,#6441,#6442);
#5323=AXIS2_PLACEMENT_3D('',#9178,#6443,#6444);
#5324=AXIS2_PLACEMENT_3D('',#9179,#6445,#6446);
#5325=AXIS2_PLACEMENT_3D('',#9230,#6447,#6448);
#5326=AXIS2_PLACEMENT_3D('',#9244,#6449,#6450);
#5327=AXIS2_PLACEMENT_3D('',#9305,#6453,#6454);
#5328=AXIS2_PLACEMENT_3D('',#9318,#6455,#6456);
#5329=AXIS2_PLACEMENT_3D('',#9319,#6457,#6458);
#5330=AXIS2_PLACEMENT_3D('',#9321,#6460,#6461);
#5331=AXIS2_PLACEMENT_3D('',#9325,#6465,#6466);
#5332=AXIS2_PLACEMENT_3D('',#9326,#6467,#6468);
#5333=AXIS2_PLACEMENT_3D('',#9332,#6472,#6473);
#5334=AXIS2_PLACEMENT_3D('',#9335,#6476,#6477);
#5335=AXIS2_PLACEMENT_3D('',#9339,#6480,#6481);
#5336=AXIS2_PLACEMENT_3D('',#9341,#6483,#6484);
#5337=AXIS2_PLACEMENT_3D('',#9342,#6485,#6486);
#5338=AXIS2_PLACEMENT_3D('',#9345,#6489,#6490);
#5339=AXIS2_PLACEMENT_3D('',#9346,#6491,#6492);
#5340=AXIS2_PLACEMENT_3D('',#9347,#6493,#6494);
#5341=AXIS2_PLACEMENT_3D('',#9348,#6495,#6496);
#5342=AXIS2_PLACEMENT_3D('',#9354,#6500,#6501);
#5343=AXIS2_PLACEMENT_3D('',#9360,#6505,#6506);
#5344=AXIS2_PLACEMENT_3D('',#9362,#6508,#6509);
#5345=AXIS2_PLACEMENT_3D('',#9364,#6511,#6512);
#5346=AXIS2_PLACEMENT_3D('',#9365,#6513,#6514);
#5347=AXIS2_PLACEMENT_3D('',#9371,#6518,#6519);
#5348=AXIS2_PLACEMENT_3D('',#9377,#6523,#6524);
#5349=AXIS2_PLACEMENT_3D('',#9379,#6526,#6527);
#5350=AXIS2_PLACEMENT_3D('',#9381,#6529,#6530);
#5351=DIRECTION('axis',(0.,0.,1.));
#5352=DIRECTION('refdir',(1.,0.,0.));
#5353=DIRECTION('center_axis',(0.,1.,0.));
#5354=DIRECTION('ref_axis',(1.,0.,0.));
#5355=DIRECTION('',(0.,-1.,0.));
#5356=DIRECTION('center_axis',(0.,-1.,0.));
#5357=DIRECTION('ref_axis',(1.,0.,0.));
#5358=DIRECTION('center_axis',(0.895405926129812,0.436520631287234,0.0877380528175148));
#5359=DIRECTION('ref_axis',(0.434439990413552,-0.899694247208792,0.042569428806102));
#5360=DIRECTION('',(0.,-1.,0.));
#5361=DIRECTION('center_axis',(0.,-1.,0.));
#5362=DIRECTION('ref_axis',(1.,0.,0.));
#5363=DIRECTION('center_axis',(0.438304669013539,-0.898826421423939,0.000285080984031873));
#5364=DIRECTION('ref_axis',(0.898826231302978,0.438304761724346,0.000584612222065099));
#5365=DIRECTION('center_axis',(0.,0.,-1.));
#5366=DIRECTION('ref_axis',(1.,0.,0.));
#5367=DIRECTION('center_axis',(0.,0.,-1.));
#5368=DIRECTION('ref_axis',(1.,0.,0.));
#5369=DIRECTION('',(0.,0.,-1.));
#5370=DIRECTION('center_axis',(0.,0.,-1.));
#5371=DIRECTION('ref_axis',(1.,0.,0.));
#5372=DIRECTION('center_axis',(0.,0.,-1.));
#5373=DIRECTION('ref_axis',(1.,0.,0.));
#5374=DIRECTION('center_axis',(0.,0.,-1.));
#5375=DIRECTION('ref_axis',(1.,0.,0.));
#5376=DIRECTION('center_axis',(0.,0.,-1.));
#5377=DIRECTION('ref_axis',(1.,0.,0.));
#5378=DIRECTION('',(0.,0.,-1.));
#5379=DIRECTION('center_axis',(0.,0.,-1.));
#5380=DIRECTION('ref_axis',(1.,0.,0.));
#5381=DIRECTION('center_axis',(0.,0.,-1.));
#5382=DIRECTION('ref_axis',(1.,0.,0.));
#5383=DIRECTION('center_axis',(1.,-3.13353527444042E-14,0.));
#5384=DIRECTION('ref_axis',(-3.13353527444042E-14,-1.,0.));
#5385=DIRECTION('',(-3.13353527444042E-14,-1.,0.));
#5386=DIRECTION('',(0.,0.,-1.));
#5387=DIRECTION('',(-3.13353527444042E-14,-1.,0.));
#5388=DIRECTION('',(0.,0.,-1.));
#5389=DIRECTION('center_axis',(-5.81739782088677E-14,-1.,0.));
#5390=DIRECTION('ref_axis',(-1.,5.81739782088677E-14,0.));
#5391=DIRECTION('',(-1.,5.81739782088677E-14,0.));
#5392=DIRECTION('',(-1.,5.81739782088677E-14,0.));
#5393=DIRECTION('',(0.,0.,-1.));
#5394=DIRECTION('center_axis',(0.,0.,-1.));
#5395=DIRECTION('ref_axis',(-1.,0.,0.));
#5396=DIRECTION('',(1.,-3.29652543183585E-14,0.));
#5397=DIRECTION('',(5.81942265253357E-14,1.,0.));
#5398=DIRECTION('center_axis',(0.,0.,1.));
#5399=DIRECTION('ref_axis',(1.,0.,0.));
#5400=DIRECTION('center_axis',(0.,0.,1.));
#5401=DIRECTION('ref_axis',(1.,0.,0.));
#5402=DIRECTION('',(0.,0.,1.));
#5403=DIRECTION('center_axis',(0.,0.,-1.));
#5404=DIRECTION('ref_axis',(1.,0.,0.));
#5405=DIRECTION('center_axis',(0.,1.,0.));
#5406=DIRECTION('ref_axis',(0.,0.,1.));
#5407=DIRECTION('',(-3.55271362586094E-15,0.,-1.));
#5408=DIRECTION('',(-1.,0.,0.));
#5409=DIRECTION('',(1.77635681293047E-15,0.,1.));
#5410=DIRECTION('',(1.,0.,0.));
#5411=DIRECTION('',(-1.01838812294359E-16,0.,1.));
#5412=DIRECTION('',(-0.999999999999981,0.,-1.95654225960226E-7));
#5413=DIRECTION('',(0.,0.,1.));
#5414=DIRECTION('',(0.474126638780095,0.,0.880456660148067));
#5415=DIRECTION('',(-0.351690162371571,0.,0.936116461606705));
#5416=DIRECTION('',(0.,0.,-1.));
#5417=DIRECTION('center_axis',(0.,1.,0.));
#5418=DIRECTION('ref_axis',(-0.999590331812909,0.,0.0286211206307331));
#5419=DIRECTION('center_axis',(0.,1.,0.));
#5420=DIRECTION('ref_axis',(-0.0202328063944795,0.,0.999795295820801));
#5421=DIRECTION('',(0.,0.,1.));
#5422=DIRECTION('',(-0.349995080121044,0.,-0.936751537971016));
#5423=DIRECTION('',(0.474126638780095,0.,-0.880456660148068));
#5424=DIRECTION('',(-0.930043279117211,0.,-0.367449995195135));
#5425=DIRECTION('',(0.,0.,-1.));
#5426=DIRECTION('',(-0.999999999999981,0.,-1.95654225960226E-7));
#5427=DIRECTION('',(-5.06649779200406E-17,0.,-1.));
#5428=DIRECTION('',(-0.999999447772071,0.,-0.00105093080317167));
#5429=DIRECTION('',(-1.77635681293047E-15,0.,-1.));
#5430=DIRECTION('',(-1.,0.,0.));
#5431=DIRECTION('',(1.77635681293047E-15,0.,1.));
#5432=DIRECTION('',(-0.999999447772071,0.,-0.00105093080317167));
#5433=DIRECTION('',(0.,0.,-1.));
#5434=DIRECTION('',(1.,0.,0.));
#5435=DIRECTION('',(0.,0.,-1.));
#5436=DIRECTION('',(1.,0.,0.));
#5437=DIRECTION('',(0.,0.,1.));
#5438=DIRECTION('',(0.79364267843583,-4.26579126734823E-8,-0.608384170541279));
#5439=DIRECTION('',(0.0389334775949995,-6.52906454719501E-10,-0.999241804731147));
#5440=DIRECTION('',(0.543027034795248,2.53368336484666E-7,-0.839715213320216));
#5441=DIRECTION('',(-1.,0.,0.));
#5442=DIRECTION('',(-0.543027035253142,2.58748119639085E-7,-0.839715213024104));
#5443=DIRECTION('',(-0.0389334771190217,0.,-0.999241804749693));
#5444=DIRECTION('',(-0.793642679091061,-6.18111175928457E-8,-0.608384169686522));
#5445=DIRECTION('',(-1.,0.,0.));
#5446=DIRECTION('',(0.,0.,-1.));
#5447=DIRECTION('',(1.,0.,0.));
#5448=DIRECTION('',(0.,0.,1.));
#5449=DIRECTION('',(1.,0.,0.));
#5450=DIRECTION('',(0.,0.,1.));
#5451=DIRECTION('',(1.,0.,0.));
#5452=DIRECTION('center_axis',(0.,1.,0.));
#5453=DIRECTION('ref_axis',(0.,0.,1.));
#5454=DIRECTION('',(1.,0.,0.));
#5455=DIRECTION('',(0.,0.,1.));
#5456=DIRECTION('',(-1.,0.,0.));
#5457=DIRECTION('',(0.,0.,-1.));
#5458=DIRECTION('center_axis',(0.,1.,0.));
#5459=DIRECTION('ref_axis',(0.,0.,1.));
#5460=DIRECTION('',(1.,0.,0.));
#5461=DIRECTION('',(0.,0.,1.));
#5462=DIRECTION('',(-1.,0.,0.));
#5463=DIRECTION('',(0.,0.,-1.));
#5464=DIRECTION('center_axis',(-0.866025403784439,0.5,0.));
#5465=DIRECTION('ref_axis',(0.,0.,1.));
#5466=DIRECTION('',(-0.5,-0.866025403784439,0.));
#5467=DIRECTION('',(0.,0.,1.));
#5468=DIRECTION('',(0.5,0.866025403784439,0.));
#5469=DIRECTION('center_axis',(0.866025403784439,-0.5,0.));
#5470=DIRECTION('ref_axis',(-0.5,-0.866025403784439,0.));
#5471=DIRECTION('',(-0.5,-0.866025403784439,0.));
#5472=DIRECTION('',(0.,0.,-1.));
#5473=DIRECTION('',(-0.5,-0.866025403784439,0.));
#5474=DIRECTION('center_axis',(0.,0.,-1.));
#5475=DIRECTION('ref_axis',(-1.,0.,0.));
#5476=DIRECTION('center_axis',(0.,0.,-1.));
#5477=DIRECTION('ref_axis',(-1.,0.,0.));
#5478=DIRECTION('center_axis',(0.,0.,1.));
#5479=DIRECTION('ref_axis',(-1.,0.,0.));
#5480=DIRECTION('center_axis',(0.,0.,-1.));
#5481=DIRECTION('ref_axis',(0.5,-0.866025403784439,0.));
#5482=DIRECTION('',(0.,-1.,0.));
#5483=DIRECTION('',(1.,0.,0.));
#5484=DIRECTION('',(0.499999999999999,-0.866025403784439,0.));
#5485=DIRECTION('',(0.5,0.866025403784439,0.));
#5486=DIRECTION('',(-0.5,0.866025403784439,0.));
#5487=DIRECTION('',(-1.,0.,0.));
#5488=DIRECTION('',(-1.,0.,0.));
#5489=DIRECTION('',(-0.5,-0.866025403784439,0.));
#5490=DIRECTION('center_axis',(0.,0.,1.));
#5491=DIRECTION('ref_axis',(-1.,0.,0.));
#5492=DIRECTION('',(-0.84815588653208,-0.00836339880817185,-0.529680701650869));
#5493=DIRECTION('center_axis',(0.,0.,1.));
#5494=DIRECTION('ref_axis',(1.,0.,0.));
#5495=DIRECTION('center_axis',(0.,0.,1.));
#5496=DIRECTION('ref_axis',(1.,0.,0.));
#5497=DIRECTION('center_axis',(0.,0.,1.));
#5498=DIRECTION('ref_axis',(1.,0.,0.));
#5499=DIRECTION('center_axis',(0.,0.,1.));
#5500=DIRECTION('ref_axis',(1.,0.,0.));
#5501=DIRECTION('center_axis',(0.,0.,1.));
#5502=DIRECTION('ref_axis',(1.,0.,0.));
#5503=DIRECTION('center_axis',(0.,0.,1.));
#5504=DIRECTION('ref_axis',(1.,0.,0.));
#5505=DIRECTION('center_axis',(0.,0.,1.));
#5506=DIRECTION('ref_axis',(1.,0.,0.));
#5507=DIRECTION('center_axis',(0.,0.,1.));
#5508=DIRECTION('ref_axis',(1.,0.,0.));
#5509=DIRECTION('center_axis',(0.,0.,1.));
#5510=DIRECTION('ref_axis',(1.,0.,0.));
#5511=DIRECTION('center_axis',(0.,0.,1.));
#5512=DIRECTION('ref_axis',(1.,0.,0.));
#5513=DIRECTION('center_axis',(0.,0.,1.));
#5514=DIRECTION('ref_axis',(1.,0.,0.));
#5515=DIRECTION('center_axis',(0.,0.,1.));
#5516=DIRECTION('ref_axis',(1.,0.,0.));
#5517=DIRECTION('center_axis',(0.,0.,1.));
#5518=DIRECTION('ref_axis',(1.,0.,0.));
#5519=DIRECTION('center_axis',(0.,0.,1.));
#5520=DIRECTION('ref_axis',(1.,0.,0.));
#5521=DIRECTION('center_axis',(0.,0.,1.));
#5522=DIRECTION('ref_axis',(1.,0.,0.));
#5523=DIRECTION('center_axis',(0.,0.,1.));
#5524=DIRECTION('ref_axis',(1.,0.,0.));
#5525=DIRECTION('center_axis',(0.,0.,1.));
#5526=DIRECTION('ref_axis',(1.,0.,0.));
#5527=DIRECTION('center_axis',(0.,0.,1.));
#5528=DIRECTION('ref_axis',(1.,0.,0.));
#5529=DIRECTION('center_axis',(0.,0.,1.));
#5530=DIRECTION('ref_axis',(1.,0.,0.));
#5531=DIRECTION('',(0.848702630032069,-0.00834956298848134,-0.528804435093494));
#5532=DIRECTION('center_axis',(-0.866025403784439,-0.5,0.));
#5533=DIRECTION('ref_axis',(-0.5,0.866025403784439,0.));
#5534=DIRECTION('',(-0.5,0.866025403784439,0.));
#5535=DIRECTION('',(0.,0.,-1.));
#5536=DIRECTION('',(-0.5,0.866025403784439,0.));
#5537=DIRECTION('center_axis',(0.,0.,1.));
#5538=DIRECTION('ref_axis',(-1.,0.,0.));
#5539=DIRECTION('',(0.5,-0.866025403784439,0.));
#5540=DIRECTION('',(1.,0.,0.));
#5541=DIRECTION('',(0.5,0.866025403784439,0.));
#5542=DIRECTION('',(0.,1.,0.));
#5543=DIRECTION('',(1.,0.,0.));
#5544=DIRECTION('',(0.,-1.,0.));
#5545=DIRECTION('',(0.,-1.,0.));
#5546=DIRECTION('',(-1.,6.09036630651506E-14,0.));
#5547=DIRECTION('',(6.21724893790062E-14,1.,0.));
#5548=DIRECTION('',(1.,-6.25954314836272E-14,0.));
#5549=DIRECTION('center_axis',(-1.,0.,0.));
#5550=DIRECTION('ref_axis',(0.,-1.,-2.55351295663786E-14));
#5551=DIRECTION('',(0.,0.999999662712607,0.000821324949513341));
#5552=DIRECTION('',(0.,2.54611146980703E-14,-1.));
#5553=DIRECTION('center_axis',(0.,0.,1.));
#5554=DIRECTION('ref_axis',(1.,0.,0.));
#5555=DIRECTION('center_axis',(0.,0.,-1.));
#5556=DIRECTION('ref_axis',(-1.,0.,0.));
#5557=DIRECTION('',(0.5,0.866025403784439,0.));
#5558=DIRECTION('',(1.,0.,0.));
#5559=DIRECTION('center_axis',(0.,0.,-1.));
#5560=DIRECTION('ref_axis',(1.,0.,0.));
#5561=DIRECTION('',(1.,0.,0.));
#5562=DIRECTION('',(0.5,-0.866025403784439,0.));
#5563=DIRECTION('',(-0.499999999999999,0.866025403784439,0.));
#5564=DIRECTION('',(-1.,0.,0.));
#5565=DIRECTION('',(0.,1.,0.));
#5566=DIRECTION('center_axis',(0.,0.,1.));
#5567=DIRECTION('ref_axis',(-1.,0.,0.));
#5568=DIRECTION('',(-1.,0.,0.));
#5569=DIRECTION('center_axis',(0.,0.,-1.));
#5570=DIRECTION('ref_axis',(1.,0.,0.));
#5571=DIRECTION('center_axis',(0.,1.,0.));
#5572=DIRECTION('ref_axis',(1.,0.,0.));
#5573=DIRECTION('',(0.,0.,1.));
#5574=DIRECTION('',(0.,0.,-1.));
#5575=DIRECTION('',(0.,0.,1.));
#5576=DIRECTION('',(0.,0.,1.));
#5577=DIRECTION('center_axis',(0.,0.,1.));
#5578=DIRECTION('ref_axis',(1.,0.,0.));
#5579=DIRECTION('',(0.286873279607566,-0.888932075304126,-0.357076304090175));
#5580=DIRECTION('',(0.658504607868518,0.752576694706878,0.));
#5581=DIRECTION('',(0.658504607868518,0.752576694706878,0.));
#5582=DIRECTION('',(0.658504607868518,0.752576694706878,0.));
#5583=DIRECTION('center_axis',(0.,0.,-1.));
#5584=DIRECTION('ref_axis',(-1.,0.,0.));
#5585=DIRECTION('center_axis',(-0.880456660148068,0.,-0.474126638780095));
#5586=DIRECTION('ref_axis',(0.474126638780095,0.,-0.880456660148068));
#5587=DIRECTION('',(2.5840541028455E-14,-1.,-4.79860750049207E-14));
#5588=DIRECTION('',(-0.474126638780095,-4.43502933315105E-14,0.880456660148068));
#5589=DIRECTION('',(1.5909515876593E-29,1.,-2.95440881561068E-29));
#5590=DIRECTION('',(0.474115371753992,-0.00689397794220775,-0.880435737197614));
#5591=DIRECTION('',(0.462059568715864,-0.22417525870788,-0.858048022165056));
#5592=DIRECTION('',(0.,1.,0.));
#5593=DIRECTION('center_axis',(1.,0.,0.));
#5594=DIRECTION('ref_axis',(0.,0.,-1.));
#5595=DIRECTION('',(0.,-1.,0.));
#5596=DIRECTION('',(0.,0.,-1.));
#5597=DIRECTION('',(0.,-1.,0.));
#5598=DIRECTION('',(0.,0.00782994864858729,0.999969345482231));
#5599=DIRECTION('',(0.,-1.,0.));
#5600=DIRECTION('',(0.,1.86514846298832E-14,-1.));
#5601=DIRECTION('',(0.,1.,0.));
#5602=DIRECTION('center_axis',(1.,0.,0.));
#5603=DIRECTION('ref_axis',(0.,1.,0.));
#5604=DIRECTION('',(0.,-2.48689957516035E-14,1.));
#5605=DIRECTION('',(0.,-0.999999110485917,-0.00133380185011115));
#5606=DIRECTION('center_axis',(1.95654051922863E-7,0.00133380251671925,
-0.999999110485008));
#5607=DIRECTION('ref_axis',(-0.999999999999981,0.,-1.95654225960226E-7));
#5608=DIRECTION('',(0.,-0.999999110485028,-0.00133380251671928));
#5609=DIRECTION('',(0.999999999999981,0.,1.95654225960226E-7));
#5610=DIRECTION('',(-6.75770750592838E-20,-0.999999110485028,-0.00133380251671942));
#5611=DIRECTION('center_axis',(-1.,0.,0.));
#5612=DIRECTION('ref_axis',(0.,-2.12524457732902E-15,1.));
#5613=DIRECTION('',(0.,1.,0.));
#5614=DIRECTION('',(0.,0.0013338025167194,-0.999999110485028));
#5615=DIRECTION('',(0.,-1.,0.));
#5616=DIRECTION('',(0.,0.,1.));
#5617=DIRECTION('center_axis',(0.,1.,0.));
#5618=DIRECTION('ref_axis',(-0.0202328063944795,0.,0.999795295820801));
#5619=DIRECTION('',(0.,1.,0.));
#5620=DIRECTION('center_axis',(0.,1.,0.));
#5621=DIRECTION('ref_axis',(-0.0202328063944795,0.,0.999795295820801));
#5622=DIRECTION('center_axis',(0.,1.,0.));
#5623=DIRECTION('ref_axis',(-0.999590331812909,0.,0.0286211206307331));
#5624=DIRECTION('',(0.,1.,0.));
#5625=DIRECTION('center_axis',(0.,1.,0.));
#5626=DIRECTION('ref_axis',(-0.999590331812909,0.,0.0286211206307331));
#5627=DIRECTION('center_axis',(-1.,0.,0.));
#5628=DIRECTION('ref_axis',(0.,0.,1.));
#5629=DIRECTION('',(0.,-1.,0.));
#5630=DIRECTION('',(0.,0.,1.));
#5631=DIRECTION('',(0.,1.,0.));
#5632=DIRECTION('',(0.,-0.0078299486485873,-0.999969345482231));
#5633=DIRECTION('',(0.,1.,0.));
#5634=DIRECTION('',(0.,0.,-1.));
#5635=DIRECTION('center_axis',(0.880456660148067,0.,-0.474126638780095));
#5636=DIRECTION('ref_axis',(-0.474126638780095,0.,-0.880456660148067));
#5637=DIRECTION('',(0.,1.,0.));
#5638=DIRECTION('',(0.462059569924173,0.22417524762891,0.858048024408894));
#5639=DIRECTION('',(0.474115371753992,0.00689397794220775,0.880435737197614));
#5640=DIRECTION('',(-7.19760119822416E-30,-1.,-1.33659984352945E-29));
#5641=DIRECTION('',(0.474126638780095,-1.93724463196902E-14,0.880456660148067));
#5642=DIRECTION('',(1.82302269718013E-14,1.,3.38536657519005E-14));
#5643=DIRECTION('center_axis',(1.,0.,0.));
#5644=DIRECTION('ref_axis',(0.,2.51236217486975E-16,-1.));
#5645=DIRECTION('',(0.,0.999999110485028,0.00133380251671928));
#5646=DIRECTION('',(0.,0.,-1.));
#5647=DIRECTION('',(0.,1.,0.));
#5648=DIRECTION('',(0.,-0.0013338018501117,0.999999110485917));
#5649=DIRECTION('center_axis',(1.95654051922863E-7,0.00133380251671926,
-0.999999110485009));
#5650=DIRECTION('ref_axis',(-0.999999999999981,0.,-1.95654225960226E-7));
#5651=DIRECTION('',(-1.35832864137918E-19,0.999999110485028,0.00133380251671928));
#5652=DIRECTION('',(0.999999999999981,0.,1.95654225960226E-7));
#5653=DIRECTION('center_axis',(1.,0.,1.01838812294359E-16));
#5654=DIRECTION('ref_axis',(-1.01838812294359E-16,0.,1.));
#5655=DIRECTION('',(1.35832796251338E-19,-0.999999110485917,-0.00133380185011115));
#5656=DIRECTION('',(3.37620556511986E-16,0.00133380185011186,-0.999999110485917));
#5657=DIRECTION('',(-1.35832796251338E-19,0.999999110485917,0.00133380185011115));
#5658=DIRECTION('',(0.,-1.,0.));
#5659=DIRECTION('',(3.37620556511986E-16,0.00133380185011186,-0.999999110485917));
#5660=DIRECTION('',(-3.37620556511986E-16,-0.00133380185011186,0.999999110485917));
#5661=DIRECTION('',(0.,1.,0.));
#5662=DIRECTION('',(-1.01838812294359E-16,0.,1.));
#5663=DIRECTION('center_axis',(-1.,0.,5.06649779200406E-17));
#5664=DIRECTION('ref_axis',(-5.06649779200406E-17,4.05319823360324E-16,
-1.));
#5665=DIRECTION('',(-5.06649779200406E-17,0.,-1.));
#5666=DIRECTION('',(0.,-1.,0.));
#5667=DIRECTION('',(-5.06649328527841E-17,0.0013338025167196,-0.999999110485028));
#5668=DIRECTION('',(-5.06649328527841E-17,0.0013338025167196,-0.999999110485028));
#5669=DIRECTION('',(0.,1.,0.));
#5670=DIRECTION('',(-6.75770750592838E-20,-0.999999110485028,-0.00133380251671942));
#5671=DIRECTION('',(5.06649328527841E-17,-0.00133380251671942,0.999999110485028));
#5672=DIRECTION('',(3.40439482160448E-16,-0.00133380251671974,0.999999110485028));
#5673=DIRECTION('',(4.16124104322719E-20,0.999999662712607,0.000821324949513341));
#5674=DIRECTION('',(0.0481264361119095,-0.730314475983746,-0.681413686621976));
#5675=DIRECTION('',(-0.894427190999916,-0.447213595499958,0.));
#5676=DIRECTION('',(0.345873824853998,-0.687008601777664,-0.639054362604908));
#5677=DIRECTION('',(0.658504607868518,-0.752576694706878,0.));
#5678=DIRECTION('',(0.894427190999916,-0.447213595499958,0.));
#5679=DIRECTION('',(0.0988242512618697,-0.739691098091522,-0.6656506942584));
#5680=DIRECTION('',(0.658504607868518,-0.752576694706878,0.));
#5681=DIRECTION('',(0.658504607868518,-0.752576694706878,0.));
#5682=DIRECTION('',(0.707106781186548,-0.707106781186548,0.));
#5683=DIRECTION('',(1.20007793347136E-9,-0.705494265406837,-0.70871562807523));
#5684=DIRECTION('',(0.658504607868518,-0.752576694706878,0.));
#5685=DIRECTION('',(0.707106781186548,0.707106781186548,0.));
#5686=DIRECTION('',(-0.0988051008374933,-0.739681711777811,-0.665663967261216));
#5687=DIRECTION('',(0.658504607868518,0.752576694706878,0.));
#5688=DIRECTION('',(-0.345841960880527,-0.686989455714341,-0.639092188836342));
#5689=DIRECTION('',(-0.894427190999916,0.447213595499957,0.));
#5690=DIRECTION('',(-0.047710617869636,-0.730098056155321,-0.68167479441499));
#5691=DIRECTION('',(0.658504607868518,0.752576694706878,0.));
#5692=DIRECTION('',(0.00172100438530533,-0.358649333076808,-0.933470778346846));
#5693=DIRECTION('',(0.658504607868518,0.752576694706878,0.));
#5694=DIRECTION('',(0.658504607868518,0.752576694706878,0.));
#5695=DIRECTION('',(0.658504607868518,0.752576694706878,0.));
#5696=DIRECTION('',(0.658504607868518,0.752576694706878,0.));
#5697=DIRECTION('',(0.658504607868518,0.752576694706878,0.));
#5698=DIRECTION('center_axis',(0.96078056166434,0.274771431823937,0.0374349112644802));
#5699=DIRECTION('ref_axis',(0.0389334774085593,0.,-0.999241804738411));
#5700=DIRECTION('',(0.0422112488975389,-0.0114883641174464,-0.999042655724176));
#5701=DIRECTION('',(0.27496416298909,-0.961454475818647,0.));
#5702=DIRECTION('',(-0.27496416298909,0.961454475818647,0.));
#5703=DIRECTION('center_axis',(0.706576291914263,-0.706576291914263,0.0387283798961638));
#5704=DIRECTION('ref_axis',(0.0547291716788666,0.,-0.998501235736514));
#5705=DIRECTION('',(1.72931281431288E-10,-0.0547291715064533,-0.998501235745964));
#5706=DIRECTION('',(-0.707106781186547,-0.707106781186548,0.));
#5707=DIRECTION('',(0.0078213223920781,-0.0469279333145001,-0.998867656894981));
#5708=DIRECTION('center_axis',(-0.70657629192096,-0.70657629192096,0.0387283796517858));
#5709=DIRECTION('ref_axis',(0.05472917133404,0.,0.998501235755414));
#5710=DIRECTION('',(-0.00782132204610978,-0.0469279333146271,-0.998867656897684));
#5711=DIRECTION('',(-0.707106781186547,0.707106781186548,0.));
#5712=DIRECTION('center_axis',(0.,1.,0.));
#5713=DIRECTION('ref_axis',(0.,0.,1.));
#5714=DIRECTION('center_axis',(0.,-1.,0.));
#5715=DIRECTION('ref_axis',(2.22044604925031E-16,1.40868018789466E-31,-1.));
#5716=DIRECTION('center_axis',(0.,2.54611146980703E-14,-1.));
#5717=DIRECTION('ref_axis',(-1.,0.,0.));
#5718=DIRECTION('',(1.,0.,-2.55351295663786E-14));
#5719=DIRECTION('',(-0.130812882890908,0.991407075660533,2.52423292658713E-14));
#5720=DIRECTION('',(-1.,0.,0.));
#5721=DIRECTION('',(-0.132163693001116,-0.991227904294621,-2.52377673631732E-14));
#5722=DIRECTION('center_axis',(-1.95653877900816E-7,0.,0.999999999999981));
#5723=DIRECTION('ref_axis',(0.999999999999981,0.,1.95653877900816E-7));
#5724=DIRECTION('',(-0.999999999999981,2.60963736456555E-10,-1.95653877900816E-7));
#5725=DIRECTION('',(-0.898826077798566,-0.438305466392122,-1.75858807679673E-7));
#5726=DIRECTION('',(0.,1.,0.));
#5727=DIRECTION('center_axis',(-1.95653877900816E-7,0.,0.999999999999981));
#5728=DIRECTION('ref_axis',(0.999999999999981,0.,1.95653877900816E-7));
#5729=DIRECTION('',(-0.999999999999981,2.60963866881285E-10,-1.95653877900816E-7));
#5730=DIRECTION('',(0.,1.,0.));
#5731=DIRECTION('',(-0.898826068235719,0.4383054860025,-1.75858805808665E-7));
#5732=DIRECTION('center_axis',(0.,-1.,0.));
#5733=DIRECTION('ref_axis',(-0.999897551480954,0.,-0.014313858403433));
#5734=DIRECTION('center_axis',(-0.130812882891051,0.991407075660514,0.));
#5735=DIRECTION('ref_axis',(-0.991407075660514,-0.130812882891051,-1.11776662693001E-16));
#5736=DIRECTION('center_axis',(-0.991400463902989,-0.130812010491379,-0.0036521341899253));
#5737=DIRECTION('ref_axis',(-0.130811122909511,0.991407190770373,-0.0004818837511126));
#5738=DIRECTION('center_axis',(2.66453525910033E-14,-1.,0.));
#5739=DIRECTION('ref_axis',(-0.999897551480954,0.,-0.014313858403433));
#5740=DIRECTION('center_axis',(0.,-1.,0.));
#5741=DIRECTION('ref_axis',(-0.999897551480954,0.,-0.014313858403433));
#5742=DIRECTION('center_axis',(0.991227904294621,-0.132163693001116,0.));
#5743=DIRECTION('ref_axis',(-0.132163693001116,-0.991227904294621,2.86554970814991E-19));
#5744=DIRECTION('center_axis',(2.66453525910033E-14,-1.,0.));
#5745=DIRECTION('ref_axis',(-0.999897551480954,0.,-0.014313858403433));
#5746=DIRECTION('center_axis',(0.991221402331953,-0.132162826072941,-0.00362201097336122));
#5747=DIRECTION('ref_axis',(-0.132161943738658,-0.991228019884635,0.000482931471572339));
#5748=DIRECTION('',(0.,1.,0.));
#5749=DIRECTION('center_axis',(0.,0.,-1.));
#5750=DIRECTION('ref_axis',(-1.,0.,0.));
#5751=DIRECTION('',(-0.132163693001116,-0.991227904294621,0.));
#5752=DIRECTION('',(-0.132163693001116,-0.991227904294621,0.));
#5753=DIRECTION('',(-1.,0.,0.));
#5754=DIRECTION('center_axis',(0.,1.,0.));
#5755=DIRECTION('ref_axis',(1.,0.,0.));
#5756=DIRECTION('',(0.,0.,-1.));
#5757=DIRECTION('',(-0.00365406435320782,0.,-0.999993323884566));
#5758=DIRECTION('center_axis',(-1.,0.,0.));
#5759=DIRECTION('ref_axis',(0.,-2.12524457732902E-15,1.));
#5760=DIRECTION('',(0.,1.,0.));
#5761=DIRECTION('',(0.,0.0013338025167194,-0.999999110485028));
#5762=DIRECTION('',(0.,-0.999999110485028,-0.00133380251671942));
#5763=DIRECTION('center_axis',(-0.991227904294621,0.132163693001116,0.));
#5764=DIRECTION('ref_axis',(0.132163693001116,0.991227904294621,0.));
#5765=DIRECTION('',(0.132163693001116,0.991227904294621,0.));
#5766=DIRECTION('',(0.,0.,-1.));
#5767=DIRECTION('center_axis',(1.95654051938024E-7,0.00133380251671939,
-0.999999110485008));
#5768=DIRECTION('ref_axis',(0.999999999999981,-2.60963866881285E-10,1.95653877900816E-7));
#5769=DIRECTION('',(-0.999999999999981,0.,-1.95654225975388E-7));
#5770=DIRECTION('',(0.,-0.999999110485028,-0.00133380251671942));
#5771=DIRECTION('center_axis',(1.9565405193785E-7,0.00133380185011113,-0.999999110485898));
#5772=DIRECTION('ref_axis',(0.999999999999981,-2.60963736456555E-10,1.95653877900816E-7));
#5773=DIRECTION('',(-0.999999999999981,0.,-1.9565422597504E-7));
#5774=DIRECTION('',(0.,-0.999999110485917,-0.00133380185011115));
#5775=DIRECTION('',(0.,0.999999110485917,0.00133380185011115));
#5776=DIRECTION('center_axis',(0.,1.,0.));
#5777=DIRECTION('ref_axis',(0.,0.,1.));
#5778=DIRECTION('',(0.096227604970433,0.,0.995359356233544));
#5779=DIRECTION('center_axis',(0.,-1.,0.));
#5780=DIRECTION('ref_axis',(1.,0.,0.));
#5781=DIRECTION('',(0.096227604970433,0.,0.995359356233544));
#5782=DIRECTION('center_axis',(0.,-1.,0.));
#5783=DIRECTION('ref_axis',(1.,0.,0.));
#5784=DIRECTION('center_axis',(0.,1.,0.));
#5785=DIRECTION('ref_axis',(1.,0.,0.));
#5786=DIRECTION('center_axis',(0.,-1.,0.));
#5787=DIRECTION('ref_axis',(1.,0.,0.));
#5788=DIRECTION('center_axis',(1.,0.,0.));
#5789=DIRECTION('ref_axis',(0.,2.51236217486975E-16,-1.));
#5790=DIRECTION('',(0.,-1.,0.));
#5791=DIRECTION('',(0.,-0.0013338018501117,0.999999110485917));
#5792=DIRECTION('center_axis',(-0.00368378827985203,0.,0.999993214828935));
#5793=DIRECTION('ref_axis',(0.,-1.,0.));
#5794=DIRECTION('',(0.,-1.,0.));
#5795=DIRECTION('',(0.130811122909511,-0.991407190770373,0.000481883751112023));
#5796=DIRECTION('',(-0.999989854373427,-0.00259247860674969,-0.00368377590056142));
#5797=DIRECTION('',(0.,-1.,0.));
#5798=DIRECTION('center_axis',(0.,1.,0.));
#5799=DIRECTION('ref_axis',(1.,0.,0.));
#5800=DIRECTION('',(1.,0.,0.));
#5801=DIRECTION('',(0.351690162371572,0.,-0.936116461606705));
#5802=DIRECTION('',(-0.00365406435320782,0.,-0.999993323884566));
#5803=DIRECTION('center_axis',(0.130812882891051,-0.991407075660514,0.));
#5804=DIRECTION('ref_axis',(0.,0.,-1.));
#5805=DIRECTION('',(0.,0.,-1.));
#5806=DIRECTION('',(0.00362075167715362,0.000477746202089102,-0.999993330935691));
#5807=DIRECTION('center_axis',(-1.95654225975388E-7,0.,0.999999999999981));
#5808=DIRECTION('ref_axis',(0.999999999999981,0.,1.95654225975388E-7));
#5809=DIRECTION('',(-0.898826068235719,0.438305486002501,-1.75859118667164E-7));
#5810=DIRECTION('',(0.,1.,0.));
#5811=DIRECTION('center_axis',(-1.9565422597504E-7,0.,0.999999999999981));
#5812=DIRECTION('ref_axis',(0.999999999999981,0.,1.9565422597504E-7));
#5813=DIRECTION('',(-0.898826077798566,-0.438305466392122,-1.75859120537863E-7));
#5814=DIRECTION('',(0.,1.,0.));
#5815=DIRECTION('center_axis',(0.,0.,1.));
#5816=DIRECTION('ref_axis',(-1.,0.,0.));
#5817=DIRECTION('',(-1.,0.,0.));
#5818=DIRECTION('',(0.,1.,0.));
#5819=DIRECTION('',(-1.,0.,0.));
#5820=DIRECTION('',(0.,1.,0.));
#5821=DIRECTION('center_axis',(0.,0.,1.));
#5822=DIRECTION('ref_axis',(0.,-1.,0.));
#5823=DIRECTION('',(0.,1.,0.));
#5824=DIRECTION('',(1.,0.,0.));
#5825=DIRECTION('',(0.,-1.,0.));
#5826=DIRECTION('',(1.,0.,0.));
#5827=DIRECTION('',(0.,-1.,0.));
#5828=DIRECTION('',(-1.,0.,0.));
#5829=DIRECTION('center_axis',(0.,0.,1.));
#5830=DIRECTION('ref_axis',(0.,1.,0.));
#5831=DIRECTION('',(0.,-1.,0.));
#5832=DIRECTION('center_axis',(0.996194698091746,0.,-0.0871557427476586));
#5833=DIRECTION('ref_axis',(0.,-1.,0.));
#5834=DIRECTION('',(-0.086826593864248,-0.086826593864248,-0.992432509138967));
#5835=DIRECTION('',(0.,1.,0.));
#5836=DIRECTION('',(-0.086826593864248,-0.086826593864248,-0.992432509138967));
#5837=DIRECTION('center_axis',(0.,0.996194698091746,-0.0871557427476586));
#5838=DIRECTION('ref_axis',(1.,0.,0.));
#5839=DIRECTION('',(1.,0.,0.));
#5840=DIRECTION('',(-0.086826593864248,-0.086826593864248,-0.992432509138967));
#5841=DIRECTION('center_axis',(0.996194698091746,0.,-0.0871557427476586));
#5842=DIRECTION('ref_axis',(0.,-1.,0.));
#5843=DIRECTION('',(0.,-1.,0.));
#5844=DIRECTION('center_axis',(0.,0.,1.));
#5845=DIRECTION('ref_axis',(1.,-2.46852987317314E-14,0.));
#5846=DIRECTION('center_axis',(0.,0.,1.));
#5847=DIRECTION('ref_axis',(0.,-1.,0.));
#5848=DIRECTION('center_axis',(0.996194698091746,0.,-0.0871557427476586));
#5849=DIRECTION('ref_axis',(0.,-1.,0.));
#5850=DIRECTION('',(0.,-1.,0.));
#5851=DIRECTION('',(-0.086826593864248,0.086826593864248,-0.992432509138967));
#5852=DIRECTION('center_axis',(0.,-0.996194698091746,-0.0871557427476586));
#5853=DIRECTION('ref_axis',(-1.,0.,0.));
#5854=DIRECTION('',(0.086826593864248,0.086826593864248,-0.992432509138967));
#5855=DIRECTION('',(-1.,0.,0.));
#5856=DIRECTION('center_axis',(-0.996194698091746,0.,-0.0871557427476586));
#5857=DIRECTION('ref_axis',(0.,1.,0.));
#5858=DIRECTION('',(0.086826593864248,0.086826593864248,-0.992432509138967));
#5859=DIRECTION('center_axis',(0.,-0.996194698091746,-0.0871557427476586));
#5860=DIRECTION('ref_axis',(-1.,0.,0.));
#5861=DIRECTION('',(0.086826593864248,0.086826593864248,-0.992432509138967));
#5862=DIRECTION('center_axis',(0.,0.996194698091746,-0.0871557427476586));
#5863=DIRECTION('ref_axis',(1.,0.,0.));
#5864=DIRECTION('',(0.086826593864248,-0.086826593864248,-0.992432509138967));
#5865=DIRECTION('',(-1.,0.,0.));
#5866=DIRECTION('center_axis',(-0.996194698091746,0.,-0.0871557427476586));
#5867=DIRECTION('ref_axis',(0.,1.,0.));
#5868=DIRECTION('',(0.,-1.,0.));
#5869=DIRECTION('center_axis',(0.,0.,1.));
#5870=DIRECTION('ref_axis',(0.,1.,0.));
#5871=DIRECTION('center_axis',(0.,0.996194697833974,-0.0871557456939988));
#5872=DIRECTION('ref_axis',(1.,0.,0.));
#5873=DIRECTION('',(0.0868265938419505,-0.0868265967996305,-0.992432508884105));
#5874=DIRECTION('center_axis',(-0.996194698091746,0.,-0.0871557427476586));
#5875=DIRECTION('ref_axis',(0.,1.,0.));
#5876=DIRECTION('center_axis',(0.996194698091746,0.,-0.0871557427476582));
#5877=DIRECTION('ref_axis',(0.,-1.,0.));
#5878=DIRECTION('',(-0.0868265938642476,-0.086826593864248,-0.992432509138967));
#5879=DIRECTION('',(0.,1.,0.));
#5880=DIRECTION('',(-0.0868265938642476,-0.086826593864248,-0.992432509138967));
#5881=DIRECTION('',(0.,1.,0.));
#5882=DIRECTION('center_axis',(0.,0.996194698091746,-0.0871557427476586));
#5883=DIRECTION('ref_axis',(1.,0.,0.));
#5884=DIRECTION('',(-0.0868265938642476,-0.086826593864248,-0.992432509138967));
#5885=DIRECTION('',(-1.,0.,0.));
#5886=DIRECTION('center_axis',(-0.996194698091746,0.,-0.0871557427476582));
#5887=DIRECTION('ref_axis',(0.,1.,0.));
#5888=DIRECTION('',(0.,-1.,0.));
#5889=DIRECTION('',(0.0868265938642476,0.086826593864248,-0.992432509138967));
#5890=DIRECTION('',(0.,1.,0.));
#5891=DIRECTION('',(0.0868265938642476,0.086826593864248,-0.992432509138967));
#5892=DIRECTION('center_axis',(0.,-0.996194698091746,-0.0871557427476586));
#5893=DIRECTION('ref_axis',(-1.,0.,0.));
#5894=DIRECTION('',(1.,0.,0.));
#5895=DIRECTION('',(1.,0.,0.));
#5896=DIRECTION('',(0.0868265938642476,0.086826593864248,-0.992432509138967));
#5897=DIRECTION('center_axis',(-0.996194698091746,0.,-0.0871557427476582));
#5898=DIRECTION('ref_axis',(0.,1.,0.));
#5899=DIRECTION('',(0.,-1.,0.));
#5900=DIRECTION('',(0.,1.,0.));
#5901=DIRECTION('',(0.08682659384195,-0.0868265967996305,-0.992432508884105));
#5902=DIRECTION('center_axis',(0.,0.996194697833974,-0.0871557456939988));
#5903=DIRECTION('ref_axis',(1.,0.,0.));
#5904=DIRECTION('',(-1.,0.,0.));
#5905=DIRECTION('',(1.,0.,0.));
#5906=DIRECTION('center_axis',(0.,0.,1.));
#5907=DIRECTION('ref_axis',(0.,1.,0.));
#5908=DIRECTION('center_axis',(0.,0.,1.));
#5909=DIRECTION('ref_axis',(0.,1.,0.));
#5910=DIRECTION('center_axis',(0.,0.,1.));
#5911=DIRECTION('ref_axis',(0.,1.,0.));
#5912=DIRECTION('center_axis',(0.,-0.996194698091746,-0.0871557427476586));
#5913=DIRECTION('ref_axis',(-1.,0.,0.));
#5914=DIRECTION('',(-1.,0.,0.));
#5915=DIRECTION('',(1.,0.,0.));
#5916=DIRECTION('',(-0.0868265938642476,0.086826593864248,-0.992432509138967));
#5917=DIRECTION('center_axis',(0.996194698091746,0.,-0.0871557427476582));
#5918=DIRECTION('ref_axis',(0.,-1.,0.));
#5919=DIRECTION('',(0.,1.,0.));
#5920=DIRECTION('center_axis',(0.,0.,1.));
#5921=DIRECTION('ref_axis',(1.,1.07187543957223E-15,0.));
#5922=DIRECTION('center_axis',(0.,0.,1.));
#5923=DIRECTION('ref_axis',(0.,-1.,0.));
#5924=DIRECTION('center_axis',(0.996194698091746,0.,-0.0871557427476582));
#5925=DIRECTION('ref_axis',(0.,-1.,0.));
#5926=DIRECTION('',(0.,1.,0.));
#5927=DIRECTION('center_axis',(0.,0.,1.));
#5928=DIRECTION('ref_axis',(-1.,0.,0.));
#5929=DIRECTION('',(-0.0075959043510688,-0.999971150702404,0.));
#5930=DIRECTION('center_axis',(0.,0.,1.));
#5931=DIRECTION('ref_axis',(-1.,0.,0.));
#5932=DIRECTION('',(-0.0075959043510688,0.999971150702404,0.));
#5933=DIRECTION('center_axis',(0.,0.0871557427476587,0.996194698091746));
#5934=DIRECTION('ref_axis',(-1.,0.,0.));
#5935=DIRECTION('',(0.,-0.996194698091746,0.0871557427476587));
#5936=DIRECTION('',(0.,-0.996194698091746,0.0871557427476587));
#5937=DIRECTION('center_axis',(-0.996223440096615,-0.00756743627848785,
-0.0864961924609292));
#5938=DIRECTION('ref_axis',(0.086826593864248,-0.086826593864248,-0.992432509138967));
#5939=DIRECTION('center_axis',(0.996223440096615,-0.00756743627848785,-0.0864961924609292));
#5940=DIRECTION('ref_axis',(0.086826593864248,0.086826593864248,0.992432509138967));
#5941=DIRECTION('center_axis',(0.,0.,1.));
#5942=DIRECTION('ref_axis',(-1.,0.,0.));
#5943=DIRECTION('',(-0.00759590435106876,-0.999971150702404,0.));
#5944=DIRECTION('center_axis',(0.996223440096615,-0.00756743627848781,-0.0864961924609287));
#5945=DIRECTION('ref_axis',(0.0868265938642476,0.086826593864248,0.992432509138967));
#5946=DIRECTION('',(0.,-0.996194698091746,0.0871557427476587));
#5947=DIRECTION('center_axis',(0.,0.0871557427476587,0.996194698091746));
#5948=DIRECTION('ref_axis',(-1.,0.,0.));
#5949=DIRECTION('',(-1.,0.,0.));
#5950=DIRECTION('',(0.,-0.996194698091746,0.0871557427476587));
#5951=DIRECTION('center_axis',(-0.996223427114671,-0.0075674492604198,-0.0864963408450904));
#5952=DIRECTION('ref_axis',(0.0868267428152127,-0.0868265927327971,-0.992432496206424));
#5953=DIRECTION('',(-0.00759591748006375,0.999971150602674,0.));
#5954=DIRECTION('center_axis',(0.,0.,1.));
#5955=DIRECTION('ref_axis',(-1.,0.,0.));
#5956=DIRECTION('',(0.,-1.,0.));
#5957=DIRECTION('',(-1.,0.,0.));
#5958=DIRECTION('center_axis',(-0.996194698091746,0.,-0.0871557427476582));
#5959=DIRECTION('ref_axis',(0.,1.,0.));
#5960=DIRECTION('',(0.0868265938642476,-0.086826593864248,-0.992432509138967));
#5961=DIRECTION('',(0.,1.,0.));
#5962=DIRECTION('center_axis',(0.,0.,1.));
#5963=DIRECTION('ref_axis',(-1.,0.,0.));
#5964=DIRECTION('center_axis',(0.,0.996194698091746,-0.0871557427476586));
#5965=DIRECTION('ref_axis',(1.,0.,0.));
#5966=DIRECTION('center_axis',(0.,1.,0.));
#5967=DIRECTION('ref_axis',(1.,0.,0.));
#5968=DIRECTION('',(1.,0.,0.));
#5969=DIRECTION('',(-0.00368378827985644,0.,0.999993214828935));
#5970=DIRECTION('',(0.349995080121039,0.,0.936751537971018));
#5971=DIRECTION('center_axis',(1.,0.,0.));
#5972=DIRECTION('ref_axis',(0.,-0.545454545454575,0.838140405208425));
#5973=DIRECTION('center_axis',(0.991400463902989,0.130812010491379,0.0036521341899253));
#5974=DIRECTION('ref_axis',(0.130862982439412,-0.991014307237567,-0.0276680804810767));
#5975=DIRECTION('center_axis',(-0.991221402331953,0.132162826072941,0.00362201097336122));
#5976=DIRECTION('ref_axis',(-0.13221244857833,-0.990849373147802,-0.0271548922577405));
#5977=DIRECTION('',(1.,2.66453525910033E-14,0.));
#5978=DIRECTION('center_axis',(-0.367449995195135,0.,0.930043279117211));
#5979=DIRECTION('ref_axis',(0.,-1.,0.));
#5980=DIRECTION('',(0.846848276675328,-0.413405187978287,0.334580553596088));
#5981=DIRECTION('center_axis',(0.991400463902989,0.130812010491379,0.0036521341899253));
#5982=DIRECTION('ref_axis',(0.00368378827985644,0.,-0.999993214828935));
#5983=DIRECTION('',(0.00650903010782517,-0.0214188015634897,-0.999749402333725));
#5984=DIRECTION('',(0.130812882890907,-0.991407075660533,9.16623406018108E-15));
#5985=DIRECTION('',(0.00471678369263586,-0.00782986154756457,-0.99995822173716));
#5986=DIRECTION('',(0.130783027366154,-0.991384237623266,0.00728650431133386));
#5987=DIRECTION('',(-0.00368378827985643,-9.81558375873799E-17,0.999993214828935));
#5988=DIRECTION('',(-0.00368378827985644,0.,0.999993214828935));
#5989=DIRECTION('',(-0.00368378827985308,-2.54609419400515E-14,0.999993214828935));
#5990=DIRECTION('center_axis',(-0.00370148929527387,0.00686130628514449,
0.999969610264761));
#5991=DIRECTION('ref_axis',(0.999989854373427,0.00259247860674969,0.00368377590056142));
#5992=DIRECTION('',(-0.999993149458606,-2.89824847011871E-5,-0.00370137756424799));
#5993=DIRECTION('',(-0.00256712430729594,0.999973100403573,-0.00687083270470432));
#5994=DIRECTION('center_axis',(0.00365406435320713,0.,0.999993323884566));
#5995=DIRECTION('ref_axis',(0.,1.,0.));
#5996=DIRECTION('',(0.132161943738658,0.991228019884635,-0.000482931471572248));
#5997=DIRECTION('',(0.,1.,0.));
#5998=DIRECTION('',(-0.999993323475245,2.86120133200047E-5,0.00365406435171143));
#5999=DIRECTION('center_axis',(0.,1.,0.));
#6000=DIRECTION('ref_axis',(0.,0.,1.));
#6001=DIRECTION('',(-0.00365406435320783,-9.7363833081439E-17,-0.999993323884566));
#6002=DIRECTION('',(-0.00365406435320782,0.,-0.999993323884566));
#6003=DIRECTION('',(-0.999993214828935,0.,-0.00368378827985875));
#6004=DIRECTION('',(0.,0.,1.));
#6005=DIRECTION('',(0.999993214828935,0.,0.00368378827985595));
#6006=DIRECTION('',(0.0036837882798566,0.,-0.999993214828935));
#6007=DIRECTION('center_axis',(0.,1.,0.));
#6008=DIRECTION('ref_axis',(2.22044604925031E-16,1.40868018789466E-31,-1.));
#6009=DIRECTION('center_axis',(-6.34413156928661E-16,1.,0.));
#6010=DIRECTION('ref_axis',(2.22044604925031E-16,1.40868018789466E-31,-1.));
#6011=DIRECTION('',(6.34413156928661E-16,-1.,0.));
#6012=DIRECTION('center_axis',(-6.93889390390723E-16,1.,-1.54074395550979E-31));
#6013=DIRECTION('ref_axis',(2.22044604925031E-16,0.,-1.));
#6014=DIRECTION('center_axis',(6.93889390390723E-16,-1.,1.54074395550979E-31));
#6015=DIRECTION('ref_axis',(2.22044604925031E-16,0.,-1.));
#6016=DIRECTION('center_axis',(6.93889390390723E-16,-1.,1.54074395550979E-31));
#6017=DIRECTION('ref_axis',(2.22044604925031E-16,0.,-1.));
#6018=DIRECTION('center_axis',(8.88178419700125E-16,-1.,0.));
#6019=DIRECTION('ref_axis',(2.22044604925031E-16,1.97215226305253E-31,-1.));
#6020=DIRECTION('',(-8.88178419700125E-16,1.,0.));
#6021=DIRECTION('center_axis',(0.984801070923138,-0.173648177666931,0.00362782325845829));
#6022=DIRECTION('ref_axis',(-0.0036837882798566,0.,0.999993214828935));
#6023=DIRECTION('',(-0.171716960374969,-0.970287525247814,0.170456457396173));
#6024=DIRECTION('',(-0.170456457396176,-0.970287525247814,-0.171716960374966));
#6025=DIRECTION('',(-0.0036837882798566,0.,0.999993214828935));
#6026=DIRECTION('center_axis',(0.,-1.,0.));
#6027=DIRECTION('ref_axis',(1.,0.,0.));
#6028=DIRECTION('',(0.,0.,1.));
#6029=DIRECTION('',(-0.999993214828935,0.,-0.00368378827985875));
#6030=DIRECTION('',(0.0036837882798566,0.,-0.999993214828935));
#6031=DIRECTION('',(0.999993214828935,0.,0.00368378827985595));
#6032=DIRECTION('center_axis',(0.0036837882798566,0.,-0.999993214828935));
#6033=DIRECTION('ref_axis',(0.642783248262646,-0.766044443118981,0.00236789346298888));
#6034=DIRECTION('center_axis',(-0.709706815019218,0.,0.704497151672935));
#6035=DIRECTION('ref_axis',(-0.704497151672935,0.,-0.709706815019217));
#6036=DIRECTION('center_axis',(0.704497151672938,0.,0.709706815019214));
#6037=DIRECTION('ref_axis',(-0.709706815019214,0.,0.704497151672938));
#6038=DIRECTION('center_axis',(0.936116461606704,0.,0.351690162371574));
#6039=DIRECTION('ref_axis',(0.,-1.,0.));
#6040=DIRECTION('',(0.351680714870641,-0.00732977161418109,-0.936091314582161));
#6041=DIRECTION('center_axis',(0.,0.999969345482231,-0.0078299486485873));
#6042=DIRECTION('ref_axis',(0.,0.0078299486485873,0.999969345482231));
#6043=DIRECTION('',(-0.0187885594307991,-0.00782856650164752,-0.999792830330886));
#6044=DIRECTION('',(-1.,0.,0.));
#6045=DIRECTION('',(-0.0046979178259528,-0.00782986224293633,-0.999958310543673));
#6046=DIRECTION('',(-0.351680714870641,0.00732977161418109,0.936091314582161));
#6047=DIRECTION('center_axis',(0.936116461606705,0.,0.351690162371572));
#6048=DIRECTION('ref_axis',(0.351690162371572,0.,-0.936116461606705));
#6049=DIRECTION('',(-0.351690162371572,0.,0.936116461606705));
#6050=DIRECTION('center_axis',(4.99201500388057E-14,-1.,-1.86514846298834E-14));
#6051=DIRECTION('ref_axis',(0.349995080121039,0.,0.936751537971018));
#6052=DIRECTION('',(-0.349995080121035,6.46603071767628E-15,-0.936751537971019));
#6053=DIRECTION('',(0.349995080121039,0.,0.936751537971018));
#6054=DIRECTION('center_axis',(-0.936751537971018,0.,0.349995080121039));
#6055=DIRECTION('ref_axis',(0.349995080121039,0.,0.936751537971018));
#6056=DIRECTION('',(0.349985665394632,0.00733474398092583,0.936726339732694));
#6057=DIRECTION('center_axis',(0.936751537971018,8.25470853019531E-14,-0.349995080121039));
#6058=DIRECTION('ref_axis',(-0.349995080121039,-2.24036497082767E-28,-0.936751537971018));
#6059=DIRECTION('',(-0.349985665394628,-0.00733474398092584,-0.936726339732696));
#6060=DIRECTION('center_axis',(-0.936751537971019,-5.32907051820075E-14,
0.349995080121035));
#6061=DIRECTION('ref_axis',(0.349995080121035,0.,0.936751537971019));
#6062=DIRECTION('',(-0.349985665394628,-0.00733474398092584,-0.936726339732696));
#6063=DIRECTION('center_axis',(0.,-0.999969345482231,0.00782994864858729));
#6064=DIRECTION('ref_axis',(0.,-0.00782994864858729,-0.999969345482231));
#6065=DIRECTION('',(0.0187885597769867,-0.00782856650159659,-0.999792830324381));
#6066=DIRECTION('',(-1.,0.,0.));
#6067=DIRECTION('center_axis',(0.936751537971016,0.,-0.349995080121044));
#6068=DIRECTION('ref_axis',(-0.349995080121044,0.,-0.936751537971016));
#6069=DIRECTION('center_axis',(-0.936116461606705,0.,-0.351690162371571));
#6070=DIRECTION('ref_axis',(-0.351690162371571,0.,0.936116461606705));
#6071=DIRECTION('',(0.351690162371569,2.94653966115679E-14,-0.936116461606706));
#6072=DIRECTION('center_axis',(0.,-1.,0.));
#6073=DIRECTION('ref_axis',(0.351690162371574,0.,-0.936116461606704));
#6074=DIRECTION('center_axis',(1.,0.,0.));
#6075=DIRECTION('ref_axis',(0.,0.,-1.));
#6076=DIRECTION('',(0.,0.00133380185011125,-0.999999110485917));
#6077=DIRECTION('',(0.,-1.,0.));
#6078=DIRECTION('',(0.,-0.0013338025167194,0.999999110485028));
#6079=DIRECTION('',(0.,-1.,0.));
#6080=DIRECTION('center_axis',(8.23913209228381E-16,0.,1.));
#6081=DIRECTION('ref_axis',(0.,1.,0.));
#6082=DIRECTION('',(0.,-1.,0.));
#6083=DIRECTION('',(-1.,0.,8.23913209228381E-16));
#6084=DIRECTION('',(0.,1.,0.));
#6085=DIRECTION('',(1.,0.,-8.23913209228381E-16));
#6086=DIRECTION('center_axis',(0.,-1.,0.));
#6087=DIRECTION('ref_axis',(0.697115339440115,0.,-0.716958997096273));
#6088=DIRECTION('center_axis',(0.,-1.,0.));
#6089=DIRECTION('ref_axis',(0.697115339440115,0.,-0.716958997096273));
#6090=DIRECTION('',(0.,1.,0.));
#6091=DIRECTION('center_axis',(1.09893696279991E-18,0.999999110485917,0.00133380185011125));
#6092=DIRECTION('ref_axis',(-3.81556063235086E-11,0.00133380185011125,-0.999999110485917));
#6093=DIRECTION('center_axis',(0.,0.,1.));
#6094=DIRECTION('ref_axis',(0.,1.,0.));
#6095=DIRECTION('',(-0.898826077706172,-0.438305466581628,0.));
#6096=DIRECTION('',(-1.,0.,0.));
#6097=DIRECTION('center_axis',(0.,0.00133380185011115,-0.999999110485917));
#6098=DIRECTION('ref_axis',(0.,-0.999999110485917,-0.00133380185011115));
#6099=DIRECTION('',(-0.898826231302978,-0.438304761724345,-0.000584612222121265));
#6100=DIRECTION('center_axis',(0.,0.00133380251671942,-0.999999110485028));
#6101=DIRECTION('ref_axis',(0.,0.999999110485028,0.00133380251671942));
#6102=DIRECTION('',(1.,0.,0.));
#6103=DIRECTION('',(0.898826221925112,-0.438304780954996,-0.000584612539949534));
#6104=DIRECTION('center_axis',(0.,1.,0.));
#6105=DIRECTION('ref_axis',(1.,0.,0.));
#6106=DIRECTION('center_axis',(0.895496899362105,-0.436566570907672,-0.0865732776252174));
#6107=DIRECTION('ref_axis',(0.434540620971746,0.899671956418514,-0.0420097555286));
#6108=DIRECTION('center_axis',(0.,1.,0.));
#6109=DIRECTION('ref_axis',(1.,0.,0.));
#6110=DIRECTION('center_axis',(0.895496899362105,-0.436566570907672,-0.0865732776252174));
#6111=DIRECTION('ref_axis',(0.434540620971746,0.899671956418514,-0.0420097555286));
#6112=DIRECTION('center_axis',(-0.436545692706993,-0.895333537161991,-0.0883499598866321));
#6113=DIRECTION('ref_axis',(0.877542103298609,-0.44539629234312,0.177600674844594));
#6114=DIRECTION('',(0.,-1.,0.));
#6115=DIRECTION('center_axis',(0.438305170834008,0.89882542240573,0.0011988566768971));
#6116=DIRECTION('ref_axis',(0.898822060200191,-0.438306810393314,0.00245846706796323));
#6117=DIRECTION('center_axis',(0.,1.,0.));
#6118=DIRECTION('ref_axis',(1.,0.,0.));
#6119=DIRECTION('',(0.,-1.,0.));
#6120=DIRECTION('center_axis',(1.09893696279991E-18,0.999999110485917,0.00133380185011125));
#6121=DIRECTION('ref_axis',(0.,0.00133380185011125,-0.999999110485917));
#6122=DIRECTION('center_axis',(0.438305170834008,0.89882542240573,0.0011988566768971));
#6123=DIRECTION('ref_axis',(0.898822060200191,-0.438306810393314,0.00245846706796323));
#6124=DIRECTION('center_axis',(-0.436545692706993,-0.895333537161991,-0.0883499598866321));
#6125=DIRECTION('ref_axis',(0.877542103298609,-0.44539629234312,0.177600674844594));
#6126=DIRECTION('center_axis',(0.,0.,1.));
#6127=DIRECTION('ref_axis',(0.,-1.,0.));
#6128=DIRECTION('',(0.89882606832814,-0.438305485813008,0.));
#6129=DIRECTION('center_axis',(0.43830515160295,-0.898825431784387,-0.00119885609024089));
#6130=DIRECTION('ref_axis',(0.898826231302978,0.438304761724345,0.00058461222212176));
#6131=DIRECTION('',(3.37620556511986E-16,0.00133380185011186,-0.999999110485917));
#6132=DIRECTION('',(0.494804786891846,-0.750170307867623,-0.438648757051368));
#6133=DIRECTION('',(0.418428258681664,-0.731308550207371,-0.538614515892604));
#6134=DIRECTION('center_axis',(-0.438305170834008,-0.89882542240573,-0.00119885667689726));
#6135=DIRECTION('ref_axis',(0.898825607537612,-0.438306040870066,0.000584612222121349));
#6136=DIRECTION('',(3.40439482160448E-16,-0.00133380251671974,0.999999110485028));
#6137=DIRECTION('center_axis',(-0.438305170834008,-0.89882542240573,-0.0011988566768971));
#6138=DIRECTION('ref_axis',(0.,0.0013338025167194,-0.999999110485028));
#6139=DIRECTION('',(0.00105093045111329,0.000821324521073962,-0.999999110485214));
#6140=DIRECTION('',(0.0447907261444347,-0.0205096622187751,-0.998785835205489));
#6141=DIRECTION('',(0.89882606832814,-0.438305485813008,0.));
#6142=DIRECTION('',(0.658504607868518,-0.752576694706878,0.));
#6143=DIRECTION('',(-0.143022381497281,-0.0122797052998001,-0.989643272714263));
#6144=DIRECTION('',(-0.285664295655938,-0.889267255807773,-0.357210943191148));
#6145=DIRECTION('',(0.658504607868518,-0.752576694706878,0.));
#6146=DIRECTION('',(0.658504607868518,-0.752576694706878,0.));
#6147=DIRECTION('center_axis',(0.,0.,-1.));
#6148=DIRECTION('ref_axis',(-1.,8.88178419700127E-15,0.));
#6149=DIRECTION('',(0.89882606832814,-0.438305485813008,0.));
#6150=DIRECTION('',(-1.,0.,8.23913209228381E-16));
#6151=DIRECTION('',(0.898826077706172,0.438305466581628,0.));
#6152=DIRECTION('',(-1.,0.,0.));
#6153=DIRECTION('center_axis',(-0.960780562603813,0.274771428571922,0.0374349110222692));
#6154=DIRECTION('ref_axis',(0.0389334771190218,0.,0.999241804749693));
#6155=DIRECTION('',(-0.274964159732297,-0.96145447675005,0.));
#6156=DIRECTION('',(0.274964159732295,0.96145447675005,0.));
#6157=DIRECTION('',(-0.0422112485196039,-0.0114883639544575,-0.999042655742019));
#6158=DIRECTION('',(-0.550416408634833,-0.00189102662349817,-0.834888136892507));
#6159=DIRECTION('',(-0.275899809110232,-0.961186399889708,0.));
#6160=DIRECTION('center_axis',(-0.438304669013539,0.898826421423939,-0.000285080984031873));
#6161=DIRECTION('ref_axis',(-0.000650417264308701,-2.48689904912804E-14,
0.999999788478669));
#6162=DIRECTION('',(0.0789857244283936,0.0382007353170397,-0.99614354345032));
#6163=DIRECTION('center_axis',(0.438304669013539,-0.898826421423939,0.000285080984031873));
#6164=DIRECTION('ref_axis',(0.898826231302978,0.438304761724346,0.000584612222065099));
#6165=DIRECTION('center_axis',(0.,1.,0.));
#6166=DIRECTION('ref_axis',(-0.697115339440117,0.,-0.716958997096271));
#6167=DIRECTION('center_axis',(1.09893696279991E-18,0.999999110485917,0.00133380185011125));
#6168=DIRECTION('ref_axis',(3.81522756573974E-11,0.00133380185011125,-0.999999110485917));
#6169=DIRECTION('center_axis',(0.,-1.,0.));
#6170=DIRECTION('ref_axis',(-0.697115339440117,0.,-0.716958997096271));
#6171=DIRECTION('center_axis',(0.,1.,0.));
#6172=DIRECTION('ref_axis',(1.,0.,0.));
#6173=DIRECTION('center_axis',(0.,1.,0.));
#6174=DIRECTION('ref_axis',(1.,0.,0.));
#6175=DIRECTION('center_axis',(0.,-1.,0.));
#6176=DIRECTION('ref_axis',(1.,0.,0.));
#6177=DIRECTION('',(0.56968136601235,-0.155927414738545,-0.806938524641906));
#6178=DIRECTION('',(0.27589972200449,-0.961186424892614,0.));
#6179=DIRECTION('',(0.580565726318181,-0.265840625281409,-0.769592229284205));
#6180=DIRECTION('',(-0.89882606832814,0.438305485813008,0.));
#6181=DIRECTION('',(0.286501663328757,-0.10536518890498,-0.952268330816936));
#6182=DIRECTION('',(0.0560983268852192,-0.105688813553816,-0.992815618536627));
#6183=DIRECTION('',(0.0875588001872538,-0.323339901243109,-0.942223309398502));
#6184=DIRECTION('center_axis',(0.,0.,1.));
#6185=DIRECTION('ref_axis',(-0.642787609686536,-0.766044443118981,0.));
#6186=DIRECTION('center_axis',(-0.705803163679565,0.,-0.70840799977126));
#6187=DIRECTION('ref_axis',(0.70840799977126,0.,-0.705803163679565));
#6188=DIRECTION('',(0.,0.,-1.));
#6189=DIRECTION('center_axis',(0.708407999771267,0.,-0.705803163679558));
#6190=DIRECTION('ref_axis',(0.705803163679558,0.,0.708407999771267));
#6191=DIRECTION('',(0.658504607868518,-0.752576694706878,0.));
#6192=DIRECTION('',(0.658504607868518,-0.752576694706878,0.));
#6193=DIRECTION('',(-0.416989459843703,-0.732145782354452,-0.538592929548694));
#6194=DIRECTION('',(-0.493582080824203,-0.751146080222565,-0.438356356923822));
#6195=DIRECTION('',(-2.77555756156289E-16,-0.00133380185011189,0.999999110485917));
#6196=DIRECTION('center_axis',(1.80628081936085E-16,0.00133380185011191,
-0.999999110485917));
#6197=DIRECTION('ref_axis',(0.438487291754662,0.898736589884848,0.00119873759264565));
#6198=DIRECTION('',(-2.77555756156289E-16,-0.00133380185011189,0.999999110485917));
#6199=DIRECTION('center_axis',(1.09893696279991E-18,0.999999110485917,0.00133380185011125));
#6200=DIRECTION('ref_axis',(-9.18423043899731E-16,0.00133380185011125,-0.999999110485917));
#6201=DIRECTION('',(-3.37620556511986E-16,-0.00133380185011186,0.999999110485917));
#6202=DIRECTION('center_axis',(1.09893696279991E-18,0.999999110485917,0.00133380185011125));
#6203=DIRECTION('ref_axis',(0.,0.00133380185011125,-0.999999110485917));
#6204=DIRECTION('center_axis',(1.09893696279991E-18,0.999999110485917,0.00133380185011125));
#6205=DIRECTION('ref_axis',(0.,0.00133380185011125,-0.999999110485917));
#6206=DIRECTION('center_axis',(0.,-1.,0.));
#6207=DIRECTION('ref_axis',(1.,0.,0.));
#6208=DIRECTION('center_axis',(0.447079300491214,0.894158600982428,-0.0245050068645884));
#6209=DIRECTION('ref_axis',(0.,0.0273953742969315,0.999624676299625));
#6210=DIRECTION('',(0.838222475141246,-0.409233364069823,0.360431874145695));
#6211=DIRECTION('',(-0.0167243525202324,0.0357464858676398,0.999220938922366));
#6212=DIRECTION('',(0.0234661201712946,-0.03911019999714,-0.998959325228155));
#6213=DIRECTION('',(0.894427190999916,0.447213595499958,0.));
#6214=DIRECTION('center_axis',(-0.999993214828935,0.,-0.00368378827985875));
#6215=DIRECTION('ref_axis',(0.00236789346300434,-0.766044443118981,-0.642783248262646));
#6216=DIRECTION('',(0.999993214828935,-7.53078925898528E-20,0.00368378827985875));
#6217=DIRECTION('center_axis',(-0.866025403784439,0.5,0.));
#6218=DIRECTION('ref_axis',(0.5,0.866025403784439,0.));
#6219=DIRECTION('',(0.540547506551043,-0.017881881098228,-0.841123434158054));
#6220=DIRECTION('',(0.540547506551043,-0.017881881098228,-0.841123434158054));
#6221=DIRECTION('',(0.156056561413354,0.00295377793297299,-0.987743704022335));
#6222=DIRECTION('',(-0.27589972200449,0.961186424892614,0.));
#6223=DIRECTION('center_axis',(6.63062025406393E-15,8.74888400621007E-16,
1.));
#6224=DIRECTION('ref_axis',(0.991407075660532,0.130812882890915,-6.68809050979007E-15));
#6225=DIRECTION('center_axis',(6.63062025406393E-15,8.74888400621007E-16,
1.));
#6226=DIRECTION('ref_axis',(0.991407075660532,0.130812882890915,-6.68809050979007E-15));
#6227=DIRECTION('',(0.23459951817312,-0.495936752842935,-0.836068061375715));
#6228=DIRECTION('',(0.894427190999917,-0.447213595499956,0.));
#6229=DIRECTION('',(0.319847319997531,-0.517351780967815,-0.793753630933319));
#6230=DIRECTION('',(-0.894427190999916,-0.447213595499958,0.));
#6231=DIRECTION('',(0.104339686668734,-0.615842613293117,-0.78092964179763));
#6232=DIRECTION('',(2.68630348650059E-8,-0.679700488279286,-0.733489772411927));
#6233=DIRECTION('',(-0.104340334652799,-0.615842525618955,-0.780929624360485));
#6234=DIRECTION('',(-0.894427190999916,0.447213595499958,0.));
#6235=DIRECTION('',(-0.319848961178796,-0.517351111947105,-0.793753405661946));
#6236=DIRECTION('',(0.894427190999916,0.447213595499957,0.));
#6237=DIRECTION('',(-0.234601763442874,-0.495935830066636,-0.836067978722789));
#6238=DIRECTION('center_axis',(0.,0.,1.));
#6239=DIRECTION('ref_axis',(-0.447213595499957,0.894427190999916,0.));
#6240=DIRECTION('center_axis',(0.,0.,1.));
#6241=DIRECTION('ref_axis',(-0.447213595499957,0.894427190999916,0.));
#6242=DIRECTION('',(-0.0876148407860076,-0.323709407308993,-0.942091216015574));
#6243=DIRECTION('',(0.132163693001116,0.991227904294621,0.));
#6244=DIRECTION('',(-0.0557718506048503,-0.105687920972662,-0.992834107009115));
#6245=DIRECTION('',(-0.286500202248485,-0.105366945599918,-0.952268576025966));
#6246=DIRECTION('',(-0.898826077706172,-0.438305466581628,0.));
#6247=DIRECTION('',(-0.580565721424437,-0.265840651050913,-0.76959222407438));
#6248=DIRECTION('',(0.275899809110232,0.961186399889708,0.));
#6249=DIRECTION('',(-0.569681362127767,-0.155927433678393,-0.806938523724529));
#6250=DIRECTION('center_axis',(0.999993214828935,0.,0.00368378827985595));
#6251=DIRECTION('ref_axis',(-0.00236789346300048,-0.766044443118981,0.642783248262646));
#6252=DIRECTION('',(-0.999993214828935,0.,-0.00368378827985595));
#6253=DIRECTION('center_axis',(-0.00362782325845764,-0.173648177666929,
0.984801070923138));
#6254=DIRECTION('ref_axis',(-0.999993214828935,0.,-0.00368378827985595));
#6255=DIRECTION('',(0.17110625312762,-0.970391782585574,-0.170477090633959));
#6256=DIRECTION('center_axis',(-0.984807753012208,-0.173648177666931,0.));
#6257=DIRECTION('ref_axis',(0.,0.,-1.));
#6258=DIRECTION('',(0.171069356412534,-0.970182530916107,0.17170070472138));
#6259=DIRECTION('center_axis',(0.00362782325846041,-0.173648177666928,-0.984801070923139));
#6260=DIRECTION('ref_axis',(0.999993214828935,0.,0.00368378827985875));
#6261=DIRECTION('center_axis',(-0.447079300489518,0.894158600979035,-0.0245050070193554));
#6262=DIRECTION('ref_axis',(0.,0.0273953744699274,0.999624676294884));
#6263=DIRECTION('',(0.894420492649499,0.447226594135272,0.00059651218928303));
#6264=DIRECTION('',(-0.0234661198254639,-0.0391101999974576,-0.998959325236266));
#6265=DIRECTION('',(-0.0167243526988341,-0.0357464861296578,-0.999220938910003));
#6266=DIRECTION('center_axis',(0.898826231302978,0.438304761724345,0.00058461222212119));
#6267=DIRECTION('ref_axis',(-2.77491450994904E-16,0.00133380185011155,-0.999999110485917));
#6268=DIRECTION('',(-3.02301505196225E-16,0.0013338018501116,-0.999999110485917));
#6269=DIRECTION('',(0.0242387527055698,-0.051037787004472,0.998402537639486));
#6270=DIRECTION('',(-0.43830515160295,0.898825431784387,0.00119885609024095));
#6271=DIRECTION('center_axis',(-0.898825607537612,0.438306040870066,-0.000584612222121467));
#6272=DIRECTION('ref_axis',(-0.00105093045111329,-0.000821324521073955,
0.999999110485213));
#6273=DIRECTION('',(-0.00105093045111336,-0.000821324521074107,0.999999110485213));
#6274=DIRECTION('',(-0.438305170834008,-0.89882542240573,-0.00119885667689701));
#6275=DIRECTION('',(0.0247218034331849,0.0493647529195231,-0.998474813705486));
#6276=DIRECTION('center_axis',(-0.447079300489518,0.894158600979035,-0.0245050070193554));
#6277=DIRECTION('ref_axis',(0.,0.0273953744699274,0.999624676294884));
#6278=DIRECTION('',(-0.011492667333164,0.021651092198313,0.999699529260762));
#6279=DIRECTION('',(-0.0167243526988341,-0.0357464861296578,-0.999220938910003));
#6280=DIRECTION('',(-0.0234661198254639,-0.0391101999974576,-0.998959325236266));
#6281=DIRECTION('',(-0.894420492649499,-0.447226594135272,-0.000596512189283074));
#6282=DIRECTION('center_axis',(0.,-1.,0.));
#6283=DIRECTION('ref_axis',(-0.995233579527396,0.,-0.0975198553171964));
#6284=DIRECTION('center_axis',(0.,1.,0.));
#6285=DIRECTION('ref_axis',(1.,0.,0.));
#6286=DIRECTION('center_axis',(0.,1.,0.));
#6287=DIRECTION('ref_axis',(1.,0.,0.));
#6288=DIRECTION('center_axis',(0.,-1.,0.));
#6289=DIRECTION('ref_axis',(1.,0.,0.));
#6290=DIRECTION('center_axis',(0.,1.,0.));
#6291=DIRECTION('ref_axis',(0.,0.,1.));
#6292=DIRECTION('',(0.0975198553171958,0.,-0.995233579527396));
#6293=DIRECTION('',(0.0975198553171958,0.,-0.995233579527396));
#6294=DIRECTION('center_axis',(0.,-1.,0.));
#6295=DIRECTION('ref_axis',(1.,0.,0.));
#6296=DIRECTION('center_axis',(0.,1.,0.));
#6297=DIRECTION('ref_axis',(-0.995233579527396,0.,-0.0975198553171969));
#6298=DIRECTION('center_axis',(0.,-1.,0.));
#6299=DIRECTION('ref_axis',(1.,0.,0.));
#6300=DIRECTION('center_axis',(0.,1.,0.));
#6301=DIRECTION('ref_axis',(1.,0.,0.));
#6302=DIRECTION('center_axis',(0.895405926129812,0.436520631287234,0.0877380528175148));
#6303=DIRECTION('ref_axis',(0.434439990413552,-0.899694247208792,0.042569428806102));
#6304=DIRECTION('center_axis',(2.20418301666303E-16,0.00133380185011193,
-0.999999110485917));
#6305=DIRECTION('ref_axis',(0.438487291751189,0.898736589886543,0.00119873759264686));
#6306=DIRECTION('center_axis',(-0.894420492649499,-0.447226594135272,-0.000596512189283541));
#6307=DIRECTION('ref_axis',(-0.0389784006602019,0.0766250866931302,0.996297786995055));
#6308=DIRECTION('',(-0.44722699194998,0.894419697049874,0.00119297970787383));
#6309=DIRECTION('center_axis',(-0.446750925019941,-0.893501850039881,0.0454758723845623));
#6310=DIRECTION('ref_axis',(0.,-0.0508304326758369,-0.998707298017786));
#6311=DIRECTION('',(-0.894414887139388,0.447237804550113,0.000596527141768035));
#6312=DIRECTION('',(-0.0521419716058179,-0.0247404053933784,-0.99833317441525));
#6313=DIRECTION('center_axis',(0.,1.,0.));
#6314=DIRECTION('ref_axis',(1.,0.,0.));
#6315=DIRECTION('center_axis',(-0.895405926129812,-0.436520631287234,-0.0877380528175148));
#6316=DIRECTION('ref_axis',(0.434439990413552,-0.899694247208792,0.042569428806102));
#6317=DIRECTION('',(0.,-1.,0.));
#6318=DIRECTION('center_axis',(-0.438305151602951,0.898825431784387,0.00119885609024084));
#6319=DIRECTION('ref_axis',(0.898822069581808,0.438306791160724,-0.00245846599844931));
#6320=DIRECTION('center_axis',(-0.895405926129812,-0.436520631287234,-0.0877380528175148));
#6321=DIRECTION('ref_axis',(-0.43830515160295,0.898825431784387,0.00119885609024095));
#6322=DIRECTION('',(0.43830515160295,-0.898825431784387,-0.00119885609024095));
#6323=DIRECTION('',(0.0783378677902896,0.039529503389307,-0.996142859650094));
#6324=DIRECTION('',(0.43830515160295,-0.898825431784387,-0.00119885609024095));
#6325=DIRECTION('center_axis',(0.43830515160295,-0.898825431784387,-0.00119885609024084));
#6326=DIRECTION('ref_axis',(0.,0.0013338018501117,-0.999999110485917));
#6327=DIRECTION('',(0.898826231302978,0.438304761724345,0.000584612222121804));
#6328=DIRECTION('',(-0.0447907266135594,-0.0205096619271229,-0.99878583519044));
#6329=DIRECTION('center_axis',(-0.960513467000332,0.275706649848153,0.0374128713213917));
#6330=DIRECTION('ref_axis',(0.0389213935630607,0.,0.999242275488337));
#6331=DIRECTION('',(-0.275945716560677,-0.961172366410066,-0.00128201462096433));
#6332=DIRECTION('',(-0.0600643111272249,-0.0741748777677543,-0.995434762320942));
#6333=DIRECTION('center_axis',(0.,1.,0.));
#6334=DIRECTION('ref_axis',(1.,0.,0.));
#6335=DIRECTION('center_axis',(-0.895496899362105,0.436566570907672,0.0865732776252174));
#6336=DIRECTION('ref_axis',(0.434540620971746,0.899671956418514,-0.0420097555286));
#6337=DIRECTION('center_axis',(-0.438305948158861,-0.898825797658705,-0.000285082013905868));
#6338=DIRECTION('ref_axis',(0.898825607537612,-0.438306040870067,0.000584612222178002));
#6339=DIRECTION('center_axis',(-0.895496899362105,0.436566570907672,0.0865732776252174));
#6340=DIRECTION('ref_axis',(0.434540620971746,0.899671956418514,-0.0420097555286));
#6341=DIRECTION('',(0.,-1.,0.));
#6342=DIRECTION('center_axis',(-0.895496899362105,0.436566570907672,0.0865732776252174));
#6343=DIRECTION('ref_axis',(0.434540620971746,0.899671956418514,-0.0420097555286));
#6344=DIRECTION('center_axis',(0.438305948158861,0.898825797658705,0.000285082013905868));
#6345=DIRECTION('ref_axis',(0.000650417715707519,2.48689904912731E-14,-0.999999788478375));
#6346=DIRECTION('',(0.0776898382865558,-0.0382008727154051,0.996245442825607));
#6347=DIRECTION('',(-0.0379291253537251,-0.0771367845165301,-0.996298799519678));
#6348=DIRECTION('center_axis',(-0.00105093045111411,-0.000821324521073461,
0.999999110485213));
#6349=DIRECTION('ref_axis',(0.00173453518141271,0.999998156906979,0.000823146615335256));
#6350=DIRECTION('center_axis',(0.895496899362105,-0.436566570907672,-0.0865732776252174));
#6351=DIRECTION('ref_axis',(-0.438305170834008,-0.89882542240573,-0.00119885667689701));
#6352=DIRECTION('',(-0.0389424433793197,0.11691367966022,-0.992378293601768));
#6353=DIRECTION('',(0.438305170834008,0.89882542240573,0.00119885667689701));
#6354=DIRECTION('',(-0.438305170834008,-0.89882542240573,-0.00119885667689701));
#6355=DIRECTION('',(-0.0389424433793197,0.11691367966022,-0.992378293601768));
#6356=DIRECTION('center_axis',(0.446750925016797,-0.893501850033593,0.0454758725389886));
#6357=DIRECTION('ref_axis',(0.,-0.0508304328483569,-0.998707298009006));
#6358=DIRECTION('',(0.0234661201712946,-0.03911019999714,-0.998959325228155));
#6359=DIRECTION('',(-0.894399810370695,-0.447266442028655,-0.00130730405534695));
#6360=DIRECTION('',(-0.0527940229480943,0.0244130458829113,0.998306963980356));
#6361=DIRECTION('center_axis',(0.447079300491214,0.894158600982428,-0.0245050068645884));
#6362=DIRECTION('ref_axis',(0.,0.0273953742969315,0.999624676299625));
#6363=DIRECTION('',(0.894433322222773,-0.447200966147217,0.000572690604887376));
#6364=DIRECTION('',(-0.0167243525202324,0.0357464858676398,0.999220938922366));
#6365=DIRECTION('',(-0.0104465865152258,-0.0221741328160168,-0.999699543194873));
#6366=DIRECTION('center_axis',(0.89443332222277,-0.447200966147223,0.000572690604888057));
#6367=DIRECTION('ref_axis',(-0.0379291253537251,-0.0771367845165301,-0.996298799519678));
#6368=DIRECTION('',(-0.447200097990514,-0.8944331284691,-0.00120459713309853));
#6369=DIRECTION('center_axis',(-0.438305170834008,-0.89882542240573,-0.0011988566768971));
#6370=DIRECTION('ref_axis',(0.,0.0013338025167194,-0.999999110485028));
#6371=DIRECTION('',(0.0767002273816469,-0.03873113541396,0.996301648231673));
#6372=DIRECTION('center_axis',(0.438305170834008,0.89882542240573,0.0011988566768971));
#6373=DIRECTION('ref_axis',(0.883307188557367,-0.430983844163021,0.184448737359044));
#6374=DIRECTION('',(0.0767002273816469,-0.03873113541396,0.996301648231673));
#6375=DIRECTION('',(0.0447907261444347,-0.0205096622187751,-0.998785835205489));
#6376=DIRECTION('',(0.898825607537612,-0.438306040870066,0.000584612222122417));
#6377=DIRECTION('',(-0.436545692706991,-0.895333537161992,-0.0883499598866294));
#6378=DIRECTION('',(-0.436545692706991,-0.895333537161992,-0.0883499598866294));
#6379=DIRECTION('center_axis',(0.898838886721431,-0.429777906297315,-0.0859046388507308));
#6380=DIRECTION('ref_axis',(0.0389424433793197,-0.11691367966022,0.992378293601768));
#6381=DIRECTION('center_axis',(0.898838886721431,-0.429777906297315,-0.0859046388507308));
#6382=DIRECTION('ref_axis',(0.0389424433793197,-0.11691367966022,0.992378293601768));
#6383=DIRECTION('',(-0.431465132694548,-0.902128822686577,-0.00119438143220225));
#6384=DIRECTION('center_axis',(0.960513491900362,0.275706562778889,0.0374128736937497));
#6385=DIRECTION('ref_axis',(0.0389213950198789,0.,-0.999242275431592));
#6386=DIRECTION('',(-0.275917661504559,0.961181145569222,0.000499471815861712));
#6387=DIRECTION('',(0.0605382814365151,-0.0758471252345997,-0.99528002595971));
#6388=DIRECTION('',(-0.000360118818137122,-0.00207229198261182,0.999997787957741));
#6389=DIRECTION('center_axis',(0.00105093045111315,0.000821324521073929,
-0.999999110485214));
#6390=DIRECTION('ref_axis',(0.0017345351942168,0.999998156906956,0.000823146615351201));
#6391=DIRECTION('',(-0.00105093045111318,-0.000821324521074196,0.999999110485214));
#6392=DIRECTION('center_axis',(-0.0251203199913637,0.0189497982453056,0.999504814730771));
#6393=DIRECTION('ref_axis',(-0.602226004869954,-0.798325647250779,1.46350371359388E-15));
#6394=DIRECTION('center_axis',(-0.898826221925112,0.438304780954996,0.000584612539949982));
#6395=DIRECTION('ref_axis',(0.00316890351593199,0.00516465223646793,0.999981642040384));
#6396=DIRECTION('center_axis',(7.07266160433486E-15,9.33214293995742E-16,
1.));
#6397=DIRECTION('ref_axis',(0.991407075660532,0.130812882890915,-7.13396321044274E-15));
#6398=DIRECTION('center_axis',(7.07266160433486E-15,9.33214293995742E-16,
1.));
#6399=DIRECTION('ref_axis',(0.991407075660532,0.130812882890915,-7.13396321044274E-15));
#6400=DIRECTION('center_axis',(0.898826221925112,-0.438304780954996,-0.000584612539949982));
#6401=DIRECTION('ref_axis',(-4.10918689495549E-16,0.0013338025167196,-0.999999110485028));
#6402=DIRECTION('',(-0.438305170834008,-0.89882542240573,-0.00119885667689712));
#6403=DIRECTION('',(-0.000650417624698126,2.48689904912746E-14,-0.999999788478434));
#6404=DIRECTION('',(-0.000650417624698126,2.48689904912746E-14,-0.999999788478434));
#6405=DIRECTION('center_axis',(0.898825607537612,-0.438306040870066,0.000584612222326419));
#6406=DIRECTION('ref_axis',(-0.438305170834008,-0.89882542240573,-0.0011988566768974));
#6407=DIRECTION('',(0.438305170834008,0.89882542240573,0.0011988566768974));
#6408=DIRECTION('center_axis',(0.895405926129812,0.436753128269083,-0.0865732776252799));
#6409=DIRECTION('ref_axis',(0.43830515160295,-0.898825431784387,-0.00119885609024095));
#6410=DIRECTION('',(-0.0779577123367645,-0.0376515552122649,-0.996245429338231));
#6411=DIRECTION('',(-0.43830515160295,0.898825431784387,0.00119885609024095));
#6412=DIRECTION('',(-0.43830515160295,0.898825431784387,0.00119885609024095));
#6413=DIRECTION('center_axis',(2.20418301666303E-16,0.00133380185011193,
-0.999999110485917));
#6414=DIRECTION('ref_axis',(-0.43830515160295,0.898825431784387,0.00119885609024095));
#6415=DIRECTION('center_axis',(-2.20418301666303E-16,-0.00133380185011193,
0.999999110485917));
#6416=DIRECTION('ref_axis',(0.894420492649501,0.447226594135269,0.000596512189283067));
#6417=DIRECTION('',(0.894420492649499,0.447226594135272,0.000596512189283074));
#6418=DIRECTION('center_axis',(-0.44722699194998,0.894419697049874,0.00119297970787377));
#6419=DIRECTION('ref_axis',(-0.894420492649499,-0.447226594135272,-0.00059651218928303));
#6420=DIRECTION('',(3.02398956131491E-16,-0.0013338018501116,0.999999110485917));
#6421=DIRECTION('',(0.0779577123367645,0.0376515552122649,0.996245429338231));
#6422=DIRECTION('center_axis',(-0.0779577123367645,-0.0376515552122649,
-0.996245429338231));
#6423=DIRECTION('ref_axis',(0.318492805353723,0.945981471267421,-0.0606744506084797));
#6424=DIRECTION('center_axis',(0.0390159944158023,0.0181761781032971,0.999073259941083));
#6425=DIRECTION('ref_axis',(0.893569118491654,0.44685907443839,-0.0430255513632758));
#6426=DIRECTION('center_axis',(3.02398956131491E-16,-0.0013338018501116,
0.999999110485917));
#6427=DIRECTION('ref_axis',(0.320929539510706,0.947102230424131,0.00126324783085346));
#6428=DIRECTION('center_axis',(0.438305170834009,0.89882542240573,0.00119885667689726));
#6429=DIRECTION('ref_axis',(0.00105093045111318,0.000821324521074196,-0.999999110485214));
#6430=DIRECTION('',(0.0793847447690194,-0.03738268940951,-0.996142859649393));
#6431=DIRECTION('',(0.00105093045111336,0.000821324521074107,-0.999999110485213));
#6432=DIRECTION('',(-0.898825607537612,0.438306040870067,-0.000584612222122416));
#6433=DIRECTION('center_axis',(0.00105093045111411,0.000821324521073461,
-0.999999110485213));
#6434=DIRECTION('ref_axis',(-0.898825607537612,0.438306040870066,-0.000584612222122417));
#6435=DIRECTION('center_axis',(-0.00105093045111411,-0.000821324521073461,
0.999999110485213));
#6436=DIRECTION('ref_axis',(-0.898825607537612,0.438306040870068,-0.000584612222122424));
#6437=DIRECTION('',(-0.438305170834008,-0.89882542240573,-0.00119885667689701));
#6438=DIRECTION('center_axis',(-0.895313710114019,0.436709737205014,-0.0877380528174549));
#6439=DIRECTION('ref_axis',(0.438305170834008,0.89882542240573,0.00119885667689701));
#6440=DIRECTION('',(-0.0793847447690194,0.03738268940951,0.996142859649393));
#6441=DIRECTION('center_axis',(0.0793847447690194,-0.03738268940951,-0.996142859649393));
#6442=DIRECTION('ref_axis',(-0.323153837185043,0.94436596787382,-0.0611924524294137));
#6443=DIRECTION('center_axis',(-0.0402561525452917,0.0182980981734958,0.9990218324869));
#6444=DIRECTION('ref_axis',(0.897924283822849,-0.43792469622532,0.0442034043619389));
#6445=DIRECTION('center_axis',(0.00105093045111336,0.000821324521074107,
-0.999999110485213));
#6446=DIRECTION('ref_axis',(-0.325637123668105,0.945494725020208,0.000434336419288248));
#6447=DIRECTION('center_axis',(-0.898826231302978,-0.438304761724345,-0.000584612222121878));
#6448=DIRECTION('ref_axis',(-3.40646957270003E-16,-0.00133380185011185,
0.999999110485917));
#6449=DIRECTION('center_axis',(0.898826231302978,0.438304761724345,0.000584612222121878));
#6450=DIRECTION('ref_axis',(-0.00316890347891834,0.00516465318008836,0.999981642035628));
#6451=DIRECTION('',(-0.43830515160295,0.898825431784387,0.00119885609024035));
#6452=DIRECTION('',(0.000650417264308745,2.48689904912804E-14,-0.999999788478669));
#6453=DIRECTION('center_axis',(0.,0.,1.));
#6454=DIRECTION('ref_axis',(-0.447213595499958,0.894427190999916,0.));
#6455=DIRECTION('center_axis',(0.,0.,1.));
#6456=DIRECTION('ref_axis',(-0.447213595499958,0.894427190999916,0.));
#6457=DIRECTION('center_axis',(0.0251203201699225,0.0189497985075686,0.999504814721311));
#6458=DIRECTION('ref_axis',(0.602226007454104,-0.798325645301395,-1.50564289470028E-14));
#6459=DIRECTION('',(0.00651239282750994,0.0214441683662688,0.999748836649855));
#6460=DIRECTION('center_axis',(6.35033028702915E-28,1.,2.48689957516035E-14));
#6461=DIRECTION('ref_axis',(-1.,0.,2.55351295663786E-14));
#6462=DIRECTION('',(1.,-6.35033028702915E-28,-8.47008981992054E-31));
#6463=DIRECTION('',(0.999999447772071,-2.61355936799405E-17,0.00105093080317167));
#6464=DIRECTION('',(-0.00365406435320443,2.54609447167295E-14,-0.999993323884566));
#6465=DIRECTION('center_axis',(-0.991221402331953,0.132162826072941,0.00362201097336122));
#6466=DIRECTION('ref_axis',(0.00365406435320782,0.,0.999993323884566));
#6467=DIRECTION('center_axis',(-6.09036630651506E-14,-1.,0.));
#6468=DIRECTION('ref_axis',(-1.,6.09036630651506E-14,0.));
#6469=DIRECTION('',(0.,0.,-1.));
#6470=DIRECTION('',(-1.,2.79141789048608E-14,0.));
#6471=DIRECTION('',(0.,0.,-1.));
#6472=DIRECTION('center_axis',(-1.,6.21724893790062E-14,0.));
#6473=DIRECTION('ref_axis',(6.21724893790062E-14,1.,0.));
#6474=DIRECTION('',(6.21724893790062E-14,1.,0.));
#6475=DIRECTION('',(0.,0.,-1.));
#6476=DIRECTION('center_axis',(6.25954314836272E-14,1.,0.));
#6477=DIRECTION('ref_axis',(1.,-6.25954314836272E-14,0.));
#6478=DIRECTION('',(1.,-3.12977157418151E-14,0.));
#6479=DIRECTION('',(0.,0.,-1.));
#6480=DIRECTION('center_axis',(1.,0.,0.));
#6481=DIRECTION('ref_axis',(0.,-1.,0.));
#6482=DIRECTION('',(0.,-1.,0.));
#6483=DIRECTION('center_axis',(0.,0.,-1.));
#6484=DIRECTION('ref_axis',(-1.,0.,0.));
#6485=DIRECTION('center_axis',(0.,1.,0.));
#6486=DIRECTION('ref_axis',(0.,0.,1.));
#6487=DIRECTION('',(0.,0.,1.));
#6488=DIRECTION('',(0.,0.,-1.));
#6489=DIRECTION('center_axis',(-1.,0.,0.));
#6490=DIRECTION('ref_axis',(0.,0.,-1.));
#6491=DIRECTION('center_axis',(0.866025403784439,0.5,0.));
#6492=DIRECTION('ref_axis',(0.5,-0.866025403784439,0.));
#6493=DIRECTION('center_axis',(-0.866025403784439,-0.499999999999999,0.));
#6494=DIRECTION('ref_axis',(0.,0.,1.));
#6495=DIRECTION('center_axis',(0.766044443118978,0.642787609686539,-1.36076826554193E-15));
#6496=DIRECTION('ref_axis',(1.77635681293047E-15,0.,1.));
#6497=DIRECTION('',(-0.642787608995961,0.766044442295979,-4.63540461296841E-5));
#6498=DIRECTION('',(-1.77635681293047E-15,0.,-1.));
#6499=DIRECTION('',(0.540716203060936,-0.644400477571772,-0.540716203060937));
#6500=DIRECTION('center_axis',(0.,-1.,0.));
#6501=DIRECTION('ref_axis',(1.,0.,0.));
#6502=DIRECTION('',(-0.999999447772071,0.,-0.00105093080317167));
#6503=DIRECTION('',(1.77635681293047E-15,0.,1.));
#6504=DIRECTION('',(-1.,0.,0.));
#6505=DIRECTION('center_axis',(-0.00105093044870635,-0.000821324495955072,
0.999999110485237));
#6506=DIRECTION('ref_axis',(0.999999447772071,0.,0.00105093080317167));
#6507=DIRECTION('',(0.642787062599458,0.766043791125951,0.00130469618729284));
#6508=DIRECTION('center_axis',(-0.766044443118965,0.642787609686555,1.3607682655419E-15));
#6509=DIRECTION('ref_axis',(-1.77635681293047E-15,0.,-1.));
#6510=DIRECTION('',(-0.540716203060954,-0.644400477571764,-0.540716203060929));
#6511=DIRECTION('center_axis',(0.,0.642787609686539,-0.766044443118978));
#6512=DIRECTION('ref_axis',(1.,0.,0.));
#6513=DIRECTION('center_axis',(0.,-0.00133380185011115,0.999999110485917));
#6514=DIRECTION('ref_axis',(-1.,0.,0.));
#6515=DIRECTION('',(-0.642787274158764,-0.766044043252514,-0.00102175187101951));
#6516=DIRECTION('',(-1.,0.,0.));
#6517=DIRECTION('',(0.642787274158749,-0.766044043252527,-0.00102175187101953));
#6518=DIRECTION('center_axis',(0.,0.642787609686539,-0.766044443118978));
#6519=DIRECTION('ref_axis',(1.,0.,0.));
#6520=DIRECTION('',(-1.,0.,0.));
#6521=DIRECTION('',(-0.540716203060954,-0.644400477571764,-0.540716203060929));
#6522=DIRECTION('',(0.540716203060936,-0.644400477571772,-0.540716203060937));
#6523=DIRECTION('center_axis',(0.766044443118978,0.64278760968654,-2.72153653108385E-15));
#6524=DIRECTION('ref_axis',(3.55271362586094E-15,0.,1.));
#6525=DIRECTION('',(-3.55271362586094E-15,0.,-1.));
#6526=DIRECTION('center_axis',(0.,-1.,0.));
#6527=DIRECTION('ref_axis',(1.,0.,0.));
#6528=DIRECTION('',(1.77635681293047E-15,0.,1.));
#6529=DIRECTION('center_axis',(-0.766044443118965,0.642787609686555,1.3607682655419E-15));
#6530=DIRECTION('ref_axis',(-1.77635681293047E-15,0.,-1.));
#6531=CARTESIAN_POINT('',(0.,0.,0.));
#6532=CARTESIAN_POINT('Origin',(3.24496090727866,17.1914802149139,8.82216582944458));
#6533=CARTESIAN_POINT('',(3.04496090727866,18.0914802149139,8.82216582944458));
#6534=CARTESIAN_POINT('',(3.04496090727866,17.6249929544604,8.82216582944458));
#6535=CARTESIAN_POINT('',(3.04496090727866,17.1914802149139,8.82216582944458));
#6536=CARTESIAN_POINT('',(3.27755035975201,18.0914802149139,9.01949278550352));
#6537=CARTESIAN_POINT('Origin',(3.24496090727866,18.0914802149139,8.82216582944458));
#6538=CARTESIAN_POINT('',(3.4388996557474,17.8099981317184,8.77330109939948));
#6539=CARTESIAN_POINT('Origin',(3.24496090727866,18.1979903508263,8.82216582944458));
#6540=CARTESIAN_POINT('',(3.04496090727866,17.2861184154176,8.8221658294441));
#6541=CARTESIAN_POINT('Ctrl Pts',(3.43889965574739,17.8099981317184,8.77330109939948));
#6542=CARTESIAN_POINT('Ctrl Pts',(3.43678514227232,17.8018872462695,8.76490882757891));
#6543=CARTESIAN_POINT('Ctrl Pts',(3.43412941939051,17.793116719246,8.75666760137319));
#6544=CARTESIAN_POINT('Ctrl Pts',(3.41746669544146,17.7439951338413,8.71452486916591));
#6545=CARTESIAN_POINT('Ctrl Pts',(3.39490521862214,17.6944495350896,8.68489692198668));
#6546=CARTESIAN_POINT('Ctrl Pts',(3.34471056700036,17.6014883484535,8.64678622507981));
#6547=CARTESIAN_POINT('Ctrl Pts',(3.3207607740684,17.561260002481,8.63526148564388));
#6548=CARTESIAN_POINT('Ctrl Pts',(3.28635481193461,17.5080654444501,8.62626549132017));
#6549=CARTESIAN_POINT('Ctrl Pts',(3.2769455686358,17.4939437353825,8.62450623835508));
#6550=CARTESIAN_POINT('Ctrl Pts',(3.26153101640017,17.4714951281372,8.62276602331347));
#6551=CARTESIAN_POINT('Ctrl Pts',(3.25561043782706,17.4630309097574,8.62236073285838));
#6552=CARTESIAN_POINT('Ctrl Pts',(3.24434343720362,17.4472255577577,8.62209622931754));
#6553=CARTESIAN_POINT('Ctrl Pts',(3.2389970109963,17.4398519223145,8.62218253378395));
#6554=CARTESIAN_POINT('Ctrl Pts',(3.22700281568843,17.423598384349,8.62286309130421));
#6555=CARTESIAN_POINT('Ctrl Pts',(3.22031491512629,17.4147317691156,8.62357382342318));
#6556=CARTESIAN_POINT('Ctrl Pts',(3.20129192321377,17.3900985243987,8.6265939558189));
#6557=CARTESIAN_POINT('Ctrl Pts',(3.18869025835786,17.3744748027637,8.62977587964996));
#6558=CARTESIAN_POINT('Ctrl Pts',(3.15158324761359,17.3309287222654,8.64338743220141));
#6559=CARTESIAN_POINT('Ctrl Pts',(3.12925548948214,17.3078747443202,8.65701781610037));
#6560=CARTESIAN_POINT('Ctrl Pts',(3.0979693598935,17.2809480072728,8.68553019084273));
#6561=CARTESIAN_POINT('Ctrl Pts',(3.0862711207594,17.2724836734142,8.69899756735316));
#6562=CARTESIAN_POINT('Ctrl Pts',(3.06845163581084,17.2638917540544,8.72702100140087));
#6563=CARTESIAN_POINT('Ctrl Pts',(3.06197873771947,17.2624379505817,8.74011011708513));
#6564=CARTESIAN_POINT('Ctrl Pts',(3.05199202628694,17.2644058760215,8.76761693571028));
#6565=CARTESIAN_POINT('Ctrl Pts',(3.04871348032709,17.2677368267207,8.78130809464741));
#6566=CARTESIAN_POINT('Ctrl Pts',(3.04554268830489,17.2765195351364,8.80416630175243));
#6567=CARTESIAN_POINT('Ctrl Pts',(3.04496090727866,17.2810151845366,8.81334792566171));
#6568=CARTESIAN_POINT('Ctrl Pts',(3.04496090727866,17.2861184154176,8.82216582944362));
#6569=CARTESIAN_POINT('',(3.04496090727866,17.1914802149139,8.82216582944458));
#6570=CARTESIAN_POINT('',(3.04496090727866,17.1914802149139,8.82216582944458));
#6571=CARTESIAN_POINT('Origin',(3.24496090727866,17.1914802149139,8.82216582944458));
#6572=CARTESIAN_POINT('',(3.28585675136498,17.7425257529931,9.01794001041968));
#6573=CARTESIAN_POINT('Ctrl Pts',(3.04496090727866,17.2861184154176,8.82216582944362));
#6574=CARTESIAN_POINT('Ctrl Pts',(3.04496090727866,17.2903672557298,8.82950742654786));
#6575=CARTESIAN_POINT('Ctrl Pts',(3.0453651175491,17.295038211398,8.83659634904971));
#6576=CARTESIAN_POINT('Ctrl Pts',(3.04850125283279,17.3164603763848,8.86597792286301));
#6577=CARTESIAN_POINT('Ctrl Pts',(3.05471592035935,17.3378651615992,8.88781315189211));
#6578=CARTESIAN_POINT('Ctrl Pts',(3.08148846236389,17.4083962796547,8.94410855467809));
#6579=CARTESIAN_POINT('Ctrl Pts',(3.10883974848481,17.4645435387042,8.97385135959926));
#6580=CARTESIAN_POINT('Ctrl Pts',(3.16031254489836,17.5557916045077,9.0045501450487));
#6581=CARTESIAN_POINT('Ctrl Pts',(3.1795422901362,17.587734227874,9.01227063060389));
#6582=CARTESIAN_POINT('Ctrl Pts',(3.20804996543102,17.632288193532,9.01892691447961));
#6583=CARTESIAN_POINT('Ctrl Pts',(3.21677858635534,17.6455812924862,9.02036915316033));
#6584=CARTESIAN_POINT('Ctrl Pts',(3.2310852088392,17.666792541639,9.02175962347159));
#6585=CARTESIAN_POINT('Ctrl Pts',(3.23659897469274,17.6748323857696,9.02206775493003));
#6586=CARTESIAN_POINT('Ctrl Pts',(3.24558323464713,17.6877084717478,9.02219451613245));
#6587=CARTESIAN_POINT('Ctrl Pts',(3.24905415561484,17.6926297758922,9.02215450813087));
#6588=CARTESIAN_POINT('Ctrl Pts',(3.25254824900727,17.6975284645128,9.02202185823905));
#6589=CARTESIAN_POINT('Ctrl Pts',(3.25910904698758,17.7067266463581,9.02177278385991));
#6590=CARTESIAN_POINT('Ctrl Pts',(3.26573120820715,17.7158164884266,9.0211976861121));
#6591=CARTESIAN_POINT('Ctrl Pts',(3.27684073403676,17.7307185778379,9.01965996746031));
#6592=CARTESIAN_POINT('Ctrl Pts',(3.28133653356083,17.7366561430446,9.01888425200268));
#6593=CARTESIAN_POINT('Ctrl Pts',(3.28585675136498,17.7425257529931,9.01794001041968));
#6594=CARTESIAN_POINT('Origin',(3.24496090727866,17.7225211664858,8.82216582944458));
#6595=CARTESIAN_POINT('Origin',(1.89194685636425,18.8384254105733,14.8));
#6596=CARTESIAN_POINT('',(1.64194685636425,18.8384254105733,14.55));
#6597=CARTESIAN_POINT('Origin',(1.89194685636425,18.8384254105733,14.55));
#6598=CARTESIAN_POINT('',(1.64194685636425,18.8384254105733,14.3));
#6599=CARTESIAN_POINT('',(1.64194685636425,18.8384254105733,14.8));
#6600=CARTESIAN_POINT('Origin',(1.89194685636425,18.8384254105733,14.3));
#6601=CARTESIAN_POINT('Origin',(1.89194685636425,18.8384254105733,14.3));
#6602=CARTESIAN_POINT('Origin',(3.09194685636425,18.7884254105733,14.8));
#6603=CARTESIAN_POINT('',(2.84194685636425,18.7884254105733,14.55));
#6604=CARTESIAN_POINT('Origin',(3.09194685636425,18.7884254105733,14.55));
#6605=CARTESIAN_POINT('',(2.84194685636425,18.7884254105733,14.3));
#6606=CARTESIAN_POINT('',(2.84194685636425,18.7884254105733,14.8));
#6607=CARTESIAN_POINT('Origin',(3.09194685636425,18.7884254105733,14.3));
#6608=CARTESIAN_POINT('Origin',(3.09194685636425,18.7884254105733,14.3));
#6609=CARTESIAN_POINT('Origin',(3.30000004917384,19.9984103460997,14.55));
#6610=CARTESIAN_POINT('',(3.30000004917384,19.9984103460997,14.55));
#6611=CARTESIAN_POINT('',(3.30000004917383,19.8000002950429,14.55));
#6612=CARTESIAN_POINT('',(3.30000004917383,19.5984103460997,14.55));
#6613=CARTESIAN_POINT('',(3.30000004917384,19.9984103460997,14.35));
#6614=CARTESIAN_POINT('',(3.30000004917384,19.9984103460997,14.55));
#6615=CARTESIAN_POINT('',(3.30000004917383,19.8000002950429,14.35));
#6616=CARTESIAN_POINT('',(3.30000004917383,19.8000002950429,14.35));
#6617=CARTESIAN_POINT('',(3.30000004917383,19.8000002950429,14.55));
#6618=CARTESIAN_POINT('Origin',(3.30000004917383,19.8000002950429,14.55));
#6619=CARTESIAN_POINT('',(1.46788518191574,19.800000295043,14.55));
#6620=CARTESIAN_POINT('',(2.90894261554476,19.8000002950429,14.55));
#6621=CARTESIAN_POINT('',(1.46788518191574,19.800000295043,14.35));
#6622=CARTESIAN_POINT('',(1.46788518191574,19.800000295043,14.35));
#6623=CARTESIAN_POINT('',(1.46788518191574,19.800000295043,14.55));
#6624=CARTESIAN_POINT('Origin',(2.38394261554479,19.8992053205713,14.35));
#6625=CARTESIAN_POINT('',(1.46788518191575,19.9984103460998,14.35));
#6626=CARTESIAN_POINT('',(1.46788518191575,19.9984103460998,14.35));
#6627=CARTESIAN_POINT('',(1.46788518191575,19.9984103460998,14.35));
#6628=CARTESIAN_POINT('Origin',(2.49194685636425,22.0884254105733,15.05));
#6629=CARTESIAN_POINT('',(2.24194685636425,22.0884254105733,15.05));
#6630=CARTESIAN_POINT('Origin',(2.49194685636425,22.0884254105733,15.05));
#6631=CARTESIAN_POINT('',(2.24194685636425,22.0884254105733,15.5));
#6632=CARTESIAN_POINT('',(2.24194685636425,22.0884254105733,15.05));
#6633=CARTESIAN_POINT('Origin',(2.49194685636425,22.0884254105733,15.5));
#6634=CARTESIAN_POINT('Origin',(2.49824852132068,17.,7.52484101280113));
#6635=CARTESIAN_POINT('',(4.17794583872253,17.,12.9994438699354));
#6636=CARTESIAN_POINT('',(4.17794583872252,17.,8.49530145227494));
#6637=CARTESIAN_POINT('',(4.17794583872252,17.,10.2621424413682));
#6638=CARTESIAN_POINT('',(3.92794583499723,17.,8.49530145227494));
#6639=CARTESIAN_POINT('',(3.3380971800216,17.,8.49530145227494));
#6640=CARTESIAN_POINT('',(3.92794583499723,17.,12.9994438699354));
#6641=CARTESIAN_POINT('',(3.92794583499723,17.,8.01007123253803));
#6642=CARTESIAN_POINT('',(3.48205412120276,17.,12.9994438702159));
#6643=CARTESIAN_POINT('',(3.54012860777858,17.,12.9994438702159));
#6644=CARTESIAN_POINT('',(3.48205412120276,17.,9.79944123262266));
#6645=CARTESIAN_POINT('',(3.48205412120276,17.,6.19527601793606));
#6646=CARTESIAN_POINT('',(3.68205412120277,17.,9.7994412717535));
#6647=CARTESIAN_POINT('',(3.08564229952687,17.,9.79944115506301));
#6648=CARTESIAN_POINT('',(3.68205412120276,17.,3.89028426782286));
#6649=CARTESIAN_POINT('',(3.68205412120277,17.,10.6249207194862));
#6650=CARTESIAN_POINT('',(3.14797905037511,17.,2.89850292784345));
#6651=CARTESIAN_POINT('',(4.50990313796539,17.,5.4276059890429));
#6652=CARTESIAN_POINT('',(2.64999997138977,17.,4.22400606455446));
#6653=CARTESIAN_POINT('',(2.1238569869843,17.,5.62447489069258));
#6654=CARTESIAN_POINT('',(2.64999997138977,17.,7.76091003551035));
#6655=CARTESIAN_POINT('',(2.64999997138977,17.,6.25675587993652));
#6656=CARTESIAN_POINT('',(2.64987717486444,17.,7.77305224814273));
#6657=CARTESIAN_POINT('Origin',(2.44999997809529,17.,7.76495912446503));
#6658=CARTESIAN_POINT('',(2.34999998480082,17.,7.76698364874641));
#6659=CARTESIAN_POINT('Origin',(2.49999998480082,17.,7.76698364874641));
#6660=CARTESIAN_POINT('',(2.34999998480082,17.,4.20671685463911));
#6661=CARTESIAN_POINT('',(2.34999998480082,17.,8.10883171106701));
#6662=CARTESIAN_POINT('',(1.85913278542675,17.,2.89292523278505));
#6663=CARTESIAN_POINT('',(2.87959865177011,17.,5.62417211035109));
#6664=CARTESIAN_POINT('',(1.32629400434749,17.,3.88241077359646));
#6665=CARTESIAN_POINT('',(0.51178485268163,17.,5.39496026708394));
#6666=CARTESIAN_POINT('',(1.32205416500277,17.,3.88073565913477));
#6667=CARTESIAN_POINT('',(2.45342305279728,17.,4.32772721503163));
#6668=CARTESIAN_POINT('',(1.32205416500277,17.,9.79944081000954));
#6669=CARTESIAN_POINT('',(1.32205416500277,17.,8.37562946003263));
#6670=CARTESIAN_POINT('',(1.52205416500277,17.,9.79944084914039));
#6671=CARTESIAN_POINT('',(1.95115585178853,17.,9.79944093309594));
#6672=CARTESIAN_POINT('',(1.52205416500277,17.,13.0000933665139));
#6673=CARTESIAN_POINT('',(1.52205416500277,17.,8.22095585863853));
#6674=CARTESIAN_POINT('',(1.07794583872252,17.,12.9996266391361));
#6675=CARTESIAN_POINT('',(1.75949731115659,17.,13.0003429029679));
#6676=CARTESIAN_POINT('',(1.07794583872252,17.,8.49530145227494));
#6677=CARTESIAN_POINT('',(1.07794583872252,17.,10.2621424413682));
#6678=CARTESIAN_POINT('',(0.827945834997234,17.,8.49530145227494));
#6679=CARTESIAN_POINT('',(1.7880971800216,17.,8.49530145227494));
#6680=CARTESIAN_POINT('',(0.827945834997235,17.0000001066557,12.9993639063739));
#6681=CARTESIAN_POINT('',(0.827945834997234,17.,8.01007123253803));
#6682=CARTESIAN_POINT('',(0.5,17.0000005663487,12.9990192581813));
#6683=CARTESIAN_POINT('',(1.75949731115659,17.,13.0003429029679));
#6684=CARTESIAN_POINT('',(0.5,17.,14.75));
#6685=CARTESIAN_POINT('',(0.5,17.,11.2749205064006));
#6686=CARTESIAN_POINT('',(-1.36133800821815,17.,14.75));
#6687=CARTESIAN_POINT('',(2.53925286843892,17.,14.75));
#6688=CARTESIAN_POINT('',(-1.36133800821815,17.,15.5));
#6689=CARTESIAN_POINT('',(-1.36133800821815,17.,11.7499205064006));
#6690=CARTESIAN_POINT('',(-2.46562448383288,17.,15.5));
#6691=CARTESIAN_POINT('',(2.54373221265961,17.,15.5));
#6692=CARTESIAN_POINT('',(-2.46562448383288,17.,15.0184509315865));
#6693=CARTESIAN_POINT('',(-2.46562448383288,17.,15.5));
#6694=CARTESIAN_POINT('',(-1.,17.,14.1));
#6695=CARTESIAN_POINT('Ctrl Pts',(-1.00000001351591,17.0000000154468,14.1));
#6696=CARTESIAN_POINT('Ctrl Pts',(-1.10766224741535,17.0000000154468,14.1676639959859));
#6697=CARTESIAN_POINT('Ctrl Pts',(-1.22423598537878,17.0000059067743,14.2408308752867));
#6698=CARTESIAN_POINT('Ctrl Pts',(-1.34090783743499,17.0000050193287,14.3140078439696));
#6699=CARTESIAN_POINT('Ctrl Pts',(-1.48510174489027,17.0000039225411,14.4044467361631));
#6700=CARTESIAN_POINT('Ctrl Pts',(-1.62944795428839,17.,14.4949010391929));
#6701=CARTESIAN_POINT('Ctrl Pts',(-1.75731900298858,17.,14.5750017795997));
#6702=CARTESIAN_POINT('Ctrl Pts',(-1.98768211097519,17.,14.7193054018792));
#6703=CARTESIAN_POINT('Ctrl Pts',(-2.23516203192123,17.0000000711508,14.8742246536644));
#6704=CARTESIAN_POINT('Ctrl Pts',(-2.46562448383288,17.,15.0184509315865));
#6705=CARTESIAN_POINT('',(0.434959994936586,16.9999999228716,13.));
#6706=CARTESIAN_POINT('',(-1.,17.,14.1));
#6707=CARTESIAN_POINT('',(0.84796799815762,16.9999999159455,2.4));
#6708=CARTESIAN_POINT('',(0.434959994936586,16.9999999228716,13.));
#6709=CARTESIAN_POINT('',(2.40000000000205,17.0000006401006,0.));
#6710=CARTESIAN_POINT('',(0.84796799815762,16.9999999159455,2.4));
#6711=CARTESIAN_POINT('',(2.59999999999803,17.0000006277724,0.));
#6712=CARTESIAN_POINT('',(2.54012860866203,17.,0.));
#6713=CARTESIAN_POINT('',(4.15203200369847,16.9999998882413,2.4));
#6714=CARTESIAN_POINT('',(4.15203200369847,16.9999998882413,2.4));
#6715=CARTESIAN_POINT('',(4.56504000186265,16.9999998882413,13.));
#6716=CARTESIAN_POINT('',(4.56504000186265,16.9999998882413,13.));
#6717=CARTESIAN_POINT('',(6.,17.,14.1));
#6718=CARTESIAN_POINT('',(6.,17.,14.1));
#6719=CARTESIAN_POINT('',(7.51253558923877,17.,15.05));
#6720=CARTESIAN_POINT('Ctrl Pts',(7.51253558923877,17.,15.05));
#6721=CARTESIAN_POINT('Ctrl Pts',(7.26860326663487,17.,14.89699756448));
#6722=CARTESIAN_POINT('Ctrl Pts',(7.00223078104161,17.,14.7298738493344));
#6723=CARTESIAN_POINT('Ctrl Pts',(6.75553537093702,17.,14.5749815956338));
#6724=CARTESIAN_POINT('Ctrl Pts',(6.61151563096757,17.,14.4845561511889));
#6725=CARTESIAN_POINT('Ctrl Pts',(6.44653915495204,17.0000054962243,14.3809300914895));
#6726=CARTESIAN_POINT('Ctrl Pts',(6.28448253714598,17.0000051829628,14.2790276418479));
#6727=CARTESIAN_POINT('Ctrl Pts',(6.18685480903821,17.0000049942448,14.2176385743614));
#6728=CARTESIAN_POINT('Ctrl Pts',(6.09028588660461,17.,14.1568750422058));
#6729=CARTESIAN_POINT('Ctrl Pts',(6.,17.,14.1));
#6730=CARTESIAN_POINT('',(7.54408588465908,17.,15.05));
#6731=CARTESIAN_POINT('',(0.0277791974640493,17.,15.05));
#6732=CARTESIAN_POINT('',(7.54408588465908,17.,15.5));
#6733=CARTESIAN_POINT('',(7.54408588465908,17.,15.5));
#6734=CARTESIAN_POINT('',(6.35783505085952,17.,15.5));
#6735=CARTESIAN_POINT('',(2.54373221265961,17.,15.5));
#6736=CARTESIAN_POINT('',(6.35783505085951,17.,14.75));
#6737=CARTESIAN_POINT('',(6.35783505085951,17.,11.7499205064006));
#6738=CARTESIAN_POINT('',(4.5,17.,14.75));
#6739=CARTESIAN_POINT('',(2.53925286843892,17.,14.75));
#6740=CARTESIAN_POINT('',(4.5,17.,12.9994438702159));
#6741=CARTESIAN_POINT('',(4.5,17.,11.2749205064005));
#6742=CARTESIAN_POINT('',(3.54012860777858,17.,12.9994438702159));
#6743=CARTESIAN_POINT('Origin',(2.58025721555716,17.,8.44984101280112));
#6744=CARTESIAN_POINT('',(-4.04370739886078,17.,15.5));
#6745=CARTESIAN_POINT('',(-2.9656175880336,17.,15.5));
#6746=CARTESIAN_POINT('',(2.54373221265961,17.,15.5));
#6747=CARTESIAN_POINT('',(-4.04370739886077,17.,15.05));
#6748=CARTESIAN_POINT('',(-4.04370739886078,17.,11.7499205064006));
#6749=CARTESIAN_POINT('',(-2.9656175880336,17.,15.05));
#6750=CARTESIAN_POINT('',(0.0277791974640493,17.,15.05));
#6751=CARTESIAN_POINT('',(-2.9656175880336,17.,15.5));
#6752=CARTESIAN_POINT('Origin',(2.58025721555716,17.,8.44984101280112));
#6753=CARTESIAN_POINT('',(8.04399447652041,17.,15.5));
#6754=CARTESIAN_POINT('',(9.20740510697689,17.,15.5));
#6755=CARTESIAN_POINT('',(2.54373221265961,17.,15.5));
#6756=CARTESIAN_POINT('',(8.04399447652041,17.,15.05));
#6757=CARTESIAN_POINT('',(8.04399447652041,17.,15.5));
#6758=CARTESIAN_POINT('',(9.20740510697689,17.,15.05));
#6759=CARTESIAN_POINT('',(0.0277791974640493,17.,15.05));
#6760=CARTESIAN_POINT('',(9.20740510697689,17.,12.2499205064006));
#6761=CARTESIAN_POINT('Origin',(-1.14598637780423,22.0190000346303,15.05));
#6762=CARTESIAN_POINT('',(-0.738181083143983,22.7253395245774,15.5));
#6763=CARTESIAN_POINT('',(-1.81257816657056,20.8644291885788,15.5));
#6764=CARTESIAN_POINT('',(-0.738181083143983,22.7253395245774,15.05));
#6765=CARTESIAN_POINT('',(-0.738181083143983,22.7253395245774,15.55));
#6766=CARTESIAN_POINT('',(-1.14598637780423,22.0190000346303,15.05));
#6767=CARTESIAN_POINT('Origin',(6.36649532489117,17.0150000346303,15.05));
#6768=CARTESIAN_POINT('',(6.36649532489117,17.0150000346303,15.5));
#6769=CARTESIAN_POINT('',(5.84424110342225,16.1104291885788,15.5));
#6770=CARTESIAN_POINT('',(6.36649532489117,17.0150000346303,14.75));
#6771=CARTESIAN_POINT('',(6.36649532489117,17.0150000346303,15.05));
#6772=CARTESIAN_POINT('',(4.43237192310593,13.6650000346303,14.75));
#6773=CARTESIAN_POINT('Origin',(7.79404018058974,16.9952198383076,15.5));
#6774=CARTESIAN_POINT('Origin',(7.79404018058974,16.9952198383076,15.5));
#6775=CARTESIAN_POINT('Origin',(7.79404018058974,16.9952198383076,15.05));
#6776=CARTESIAN_POINT('Origin',(-2.52469882062906,17.0150000346303,15.05));
#6777=CARTESIAN_POINT('',(-0.738181083143983,22.7250000346303,15.05));
#6778=CARTESIAN_POINT('',(-0.738181083143982,19.8701697796039,15.05));
#6779=CARTESIAN_POINT('',(5.90207479587248,22.7250000346303,15.05));
#6780=CARTESIAN_POINT('',(5.00972219229555,22.7250000346303,15.05));
#6781=CARTESIAN_POINT('',(7.00630919873583,20.8124099454055,15.05));
#6782=CARTESIAN_POINT('',(7.52119586327042,17.0150000346303,15.05));
#6783=CARTESIAN_POINT('',(5.00972219229555,12.6650000346303,15.05));
#6784=CARTESIAN_POINT('',(5.00972219229555,21.3650000346303,15.05));
#6785=CARTESIAN_POINT('',(7.52119586327042,17.0150000346303,15.05));
#6786=CARTESIAN_POINT('',(2.49824852132068,21.3650000346303,15.05));
#6787=CARTESIAN_POINT('',(5.00972219229555,21.3650000346303,15.05));
#6788=CARTESIAN_POINT('',(-0.013225149654188,21.3650000346303,15.05));
#6789=CARTESIAN_POINT('',(5.00972219229555,21.3650000346303,15.05));
#6790=CARTESIAN_POINT('',(-2.48229197059363,17.0884508534806,15.05));
#6791=CARTESIAN_POINT('',(-0.013225149654188,21.3650000346303,15.05));
#6792=CARTESIAN_POINT('Origin',(-2.71562103593324,16.9986870118307,15.05));
#6793=CARTESIAN_POINT('Ctrl Pts',(7.51253558923877,17.,15.05));
#6794=CARTESIAN_POINT('Ctrl Pts',(7.00634556059573,16.997701144118,14.7333333333333));
#6795=CARTESIAN_POINT('Ctrl Pts',(6.50015553195269,16.9954022882359,14.4166666666667));
#6796=CARTESIAN_POINT('Ctrl Pts',(5.99396550330965,16.9931034323539,14.1));
#6797=CARTESIAN_POINT('Ctrl Pts',(7.51542234724932,17.0050000115434,15.05));
#6798=CARTESIAN_POINT('Ctrl Pts',(7.00894056556836,17.0018007704409,14.7333333333333));
#6799=CARTESIAN_POINT('Ctrl Pts',(6.5024587838874,16.9986015293384,14.4166666666667));
#6800=CARTESIAN_POINT('Ctrl Pts',(5.99597700220643,16.9954022882359,14.1));
#6801=CARTESIAN_POINT('Ctrl Pts',(7.51830910525987,17.0100000230869,15.05));
#6802=CARTESIAN_POINT('Ctrl Pts',(7.01153557054099,17.0059003967639,14.7333333333333));
#6803=CARTESIAN_POINT('Ctrl Pts',(6.5047620358221,17.0018007704409,14.4166666666667));
#6804=CARTESIAN_POINT('Ctrl Pts',(5.99798850110322,16.997701144118,14.1));
#6805=CARTESIAN_POINT('Ctrl Pts',(7.52119586327042,17.0150000346303,15.05));
#6806=CARTESIAN_POINT('Ctrl Pts',(7.01413057551362,17.0100000230869,14.7333333333333));
#6807=CARTESIAN_POINT('Ctrl Pts',(6.50706528775681,17.0050000115434,14.4166666666667));
#6808=CARTESIAN_POINT('Ctrl Pts',(6.,17.,14.1));
#6809=CARTESIAN_POINT('',(7.52119586327042,17.0150000346303,15.05));
#6810=CARTESIAN_POINT('Origin',(2.50000000176691,16.9999999974396,0.));
#6811=CARTESIAN_POINT('',(2.40287674968082,17.0238133207982,0.));
#6812=CARTESIAN_POINT('Origin',(2.5,17.,0.));
#6813=CARTESIAN_POINT('',(2.4090788754762,17.0416335095245,0.));
#6814=CARTESIAN_POINT('Origin',(2.5,17.,0.));
#6815=CARTESIAN_POINT('',(2.42526958192243,17.0664482100131,0.));
#6816=CARTESIAN_POINT('Origin',(2.5,17.,0.));
#6817=CARTESIAN_POINT('',(2.43561028718743,17.0765112075706,0.));
#6818=CARTESIAN_POINT('Origin',(2.5,17.,0.));
#6819=CARTESIAN_POINT('',(2.44697483168382,17.0847840287144,0.));
#6820=CARTESIAN_POINT('Origin',(2.5,17.,0.));
#6821=CARTESIAN_POINT('',(2.46377120462707,17.0932066220063,0.));
#6822=CARTESIAN_POINT('Origin',(2.5,17.,0.));
#6823=CARTESIAN_POINT('',(2.47109298832075,17.0957307927251,0.));
#6824=CARTESIAN_POINT('Origin',(2.5,17.,0.));
#6825=CARTESIAN_POINT('',(2.48866301173659,17.0993552851997,0.));
#6826=CARTESIAN_POINT('Origin',(2.5,17.,0.));
#6827=CARTESIAN_POINT('',(2.5000000915951,17.1,0.));
#6828=CARTESIAN_POINT('Origin',(2.5,17.,0.));
#6829=CARTESIAN_POINT('',(2.51133499707667,17.0993555123849,0.));
#6830=CARTESIAN_POINT('Origin',(2.5,17.,0.));
#6831=CARTESIAN_POINT('',(2.52890178231957,17.0957323716344,0.));
#6832=CARTESIAN_POINT('Origin',(2.5,17.,0.));
#6833=CARTESIAN_POINT('',(2.53622231324211,17.0932091413081,0.));
#6834=CARTESIAN_POINT('Origin',(2.5,17.,0.));
#6835=CARTESIAN_POINT('',(2.55299392570537,17.0848035602928,0.));
#6836=CARTESIAN_POINT('Origin',(2.5,17.,0.));
#6837=CARTESIAN_POINT('',(2.56438149474418,17.0765181229155,0.));
#6838=CARTESIAN_POINT('Origin',(2.5,17.,0.));
#6839=CARTESIAN_POINT('',(2.57473429376412,17.066443850999,0.));
#6840=CARTESIAN_POINT('Origin',(2.5,17.,0.));
#6841=CARTESIAN_POINT('',(2.59092116955591,17.0416334111812,0.));
#6842=CARTESIAN_POINT('Origin',(2.5,17.,0.));
#6843=CARTESIAN_POINT('',(2.59712326595821,17.0238132570139,0.));
#6844=CARTESIAN_POINT('Origin',(2.5,17.,0.));
#6845=CARTESIAN_POINT('Origin',(2.5,17.,0.));
#6846=CARTESIAN_POINT('Ctrl Pts',(-2.47406428467088,17.0145019232887,15.0184509315866));
#6847=CARTESIAN_POINT('Ctrl Pts',(-1.98270952761922,17.009667954008,14.7123006210577));
#6848=CARTESIAN_POINT('Ctrl Pts',(-1.49135477056756,17.0048339847274,14.4061503105289));
#6849=CARTESIAN_POINT('Ctrl Pts',(-1.00000001351591,17.0000000154468,14.1));
#6850=CARTESIAN_POINT('Ctrl Pts',(-2.47125101772484,17.009667948859,15.0184509315866));
#6851=CARTESIAN_POINT('Ctrl Pts',(-1.9801739399113,17.0056909313476,14.7123006210577));
#6852=CARTESIAN_POINT('Ctrl Pts',(-1.48909686209776,17.0017139138362,14.4061503105289));
#6853=CARTESIAN_POINT('Ctrl Pts',(-0.99801978428422,16.9977368963248,14.1));
#6854=CARTESIAN_POINT('Ctrl Pts',(-2.46843775077881,17.0048339744294,15.0184509315866));
#6855=CARTESIAN_POINT('Ctrl Pts',(-1.97763835220338,17.0017139086872,14.7123006210577));
#6856=CARTESIAN_POINT('Ctrl Pts',(-1.48683895362796,16.9985938429451,14.4061503105289));
#6857=CARTESIAN_POINT('Ctrl Pts',(-0.996039555052534,16.9954737772029,14.1));
#6858=CARTESIAN_POINT('Ctrl Pts',(-2.46562448383277,16.9999999999997,15.0184509315866));
#6859=CARTESIAN_POINT('Ctrl Pts',(-1.97510276449546,16.9977368860268,14.7123006210577));
#6860=CARTESIAN_POINT('Ctrl Pts',(-1.48458104515815,16.9954737720539,14.4061503105289));
#6861=CARTESIAN_POINT('Ctrl Pts',(-0.994059325820848,16.993210658081,14.1));
#6862=CARTESIAN_POINT('',(-2.46611681442524,17.0144237030231,15.0134990824807));
#6863=CARTESIAN_POINT('Ctrl Pts',(-2.46562448383277,16.9999999999997,15.0184509315866));
#6864=CARTESIAN_POINT('Ctrl Pts',(-2.46564310761042,17.0035493972222,15.0171698639825));
#6865=CARTESIAN_POINT('Ctrl Pts',(-2.46573742942337,17.0071152958312,15.0159288795191));
#6866=CARTESIAN_POINT('Ctrl Pts',(-2.46590964533868,17.0106962335929,15.0147299861952));
#6867=CARTESIAN_POINT('Ctrl Pts',(-2.46596935398058,17.011937773494,15.0143143202446));
#6868=CARTESIAN_POINT('Ctrl Pts',(-2.46603838810014,17.0131803004253,15.013903989826));
#6869=CARTESIAN_POINT('Ctrl Pts',(-2.46611681442524,17.0144237030231,15.0134990824807));
#6870=CARTESIAN_POINT('',(-2.52469882062906,17.0150000346303,15.05));
#6871=CARTESIAN_POINT('Origin',(0.564125119535435,13.6650000346303,15.05));
#6872=CARTESIAN_POINT('',(-1.36999828224981,17.0150000346303,14.75));
#6873=CARTESIAN_POINT('',(-1.36999828224981,17.0150000346303,14.75));
#6874=CARTESIAN_POINT('',(-1.36999828224981,17.0150000346303,15.5));
#6875=CARTESIAN_POINT('',(-1.36999828224981,17.0150000346303,15.05));
#6876=CARTESIAN_POINT('',(0.121557312222079,14.4315499626914,15.5));
#6877=CARTESIAN_POINT('Origin',(-0.39999991953373,16.6750001147389,14.75));
#6878=CARTESIAN_POINT('',(4.43237192310593,20.3650000346303,14.75));
#6879=CARTESIAN_POINT('',(6.36649532489117,17.0150000346303,14.75));
#6880=CARTESIAN_POINT('',(0.564125119535437,20.3650000346303,14.75));
#6881=CARTESIAN_POINT('',(4.43237192310593,20.3650000346303,14.75));
#6882=CARTESIAN_POINT('',(0.564125119535437,20.3650000346303,14.75));
#6883=CARTESIAN_POINT('',(0.5,18.,14.75));
#6884=CARTESIAN_POINT('',(0.5,17.5075000173151,14.75));
#6885=CARTESIAN_POINT('',(4.5,18.,14.75));
#6886=CARTESIAN_POINT('',(1.99912426066034,18.,14.75));
#6887=CARTESIAN_POINT('',(4.5,16.5075000173151,14.75));
#6888=CARTESIAN_POINT('',(3.56788518191567,19.9984103460997,14.75));
#6889=CARTESIAN_POINT('',(3.56788518191567,18.3984103460996,14.75));
#6890=CARTESIAN_POINT('',(3.56788518191567,18.506705190365,14.75));
#6891=CARTESIAN_POINT('',(1.46788518191565,18.3984103460997,14.75));
#6892=CARTESIAN_POINT('',(3.03306685161822,18.3984103460997,14.75));
#6893=CARTESIAN_POINT('',(1.46788518191575,19.9984103460998,14.75));
#6894=CARTESIAN_POINT('',(1.4678851819156,17.706705190365,14.75));
#6895=CARTESIAN_POINT('',(1.98306685161831,19.9984103460998,14.75));
#6896=CARTESIAN_POINT('Origin',(0.5,18.,14.1));
#6897=CARTESIAN_POINT('',(0.499999967831019,17.9999999748593,12.9998405828851));
#6898=CARTESIAN_POINT('',(0.5,17.824376284302,12.9996963387546));
#6899=CARTESIAN_POINT('',(0.5,18.,14.1));
#6900=CARTESIAN_POINT('Origin',(2.50720720976205,16.8309721439764,15.5));
#6901=CARTESIAN_POINT('Origin',(-2.71562103593324,16.9986870118307,15.5));
#6902=CARTESIAN_POINT('',(0.564125119535437,20.3650000346303,15.5));
#6903=CARTESIAN_POINT('',(-0.925190802826109,17.7854291885788,15.5));
#6904=CARTESIAN_POINT('',(1.79824852132068,20.3650000346303,15.5));
#6905=CARTESIAN_POINT('',(1.53566616464875,20.3650000346303,15.5));
#6906=CARTESIAN_POINT('',(3.19824852132068,20.3650000346303,15.5));
#6907=CARTESIAN_POINT('Origin',(2.49824852132068,20.3650000346303,15.5));
#6908=CARTESIAN_POINT('',(4.43237192310593,20.3650000346303,15.5));
#6909=CARTESIAN_POINT('',(1.53566616464875,20.3650000346303,15.5));
#6910=CARTESIAN_POINT('',(4.95686581668519,19.4565499626914,15.5));
#6911=CARTESIAN_POINT('',(5.90207479587248,22.7250000346303,15.5));
#6912=CARTESIAN_POINT('',(6.95010991011322,20.9097499686491,15.5));
#6913=CARTESIAN_POINT('',(-0.738181083143983,22.7250000346303,15.5));
#6914=CARTESIAN_POINT('',(2.50272786554137,22.7250000346303,15.5));
#6915=CARTESIAN_POINT('',(-0.738181083143982,19.7781558342769,15.5));
#6916=CARTESIAN_POINT('Origin',(2.49824852132068,20.7150000346303,16.9));
#6917=CARTESIAN_POINT('',(3.19824852132068,20.3650000346303,16.9));
#6918=CARTESIAN_POINT('',(1.79824852132068,20.3650000346303,16.9));
#6919=CARTESIAN_POINT('',(1.53118682042806,20.3650000346303,16.9));
#6920=CARTESIAN_POINT('Origin',(2.49824852132068,20.3650000346303,16.9));
#6921=CARTESIAN_POINT('Origin',(0.564125119535437,20.3650000346303,15.05));
#6922=CARTESIAN_POINT('',(1.79824852132068,20.3650000346303,15.5));
#6923=CARTESIAN_POINT('',(0.564125119535437,20.3650000346303,15.05));
#6924=CARTESIAN_POINT('',(4.43237192310593,20.3650000346303,15.05));
#6925=CARTESIAN_POINT('',(3.19824852132068,20.3650000346303,15.5));
#6926=CARTESIAN_POINT('Origin',(2.49824852132068,20.3650000346303,15.5));
#6927=CARTESIAN_POINT('Ctrl Pts',(-0.0132251496541943,21.3650000346303,
15.05));
#6928=CARTESIAN_POINT('Ctrl Pts',(0.241183233563871,20.5766666897535,14.7333333333333));
#6929=CARTESIAN_POINT('Ctrl Pts',(0.495591616781935,19.7883333448768,14.4166666666667));
#6930=CARTESIAN_POINT('Ctrl Pts',(0.75,19.,14.1));
#6931=CARTESIAN_POINT('Ctrl Pts',(-0.850383097442809,19.9149999351003,15.05));
#6932=CARTESIAN_POINT('Ctrl Pts',(-0.511366522753248,19.3877777192577,14.7333333333333));
#6933=CARTESIAN_POINT('Ctrl Pts',(-0.172349948063687,18.8605555034151,14.4166666666667));
#6934=CARTESIAN_POINT('Ctrl Pts',(0.166666626625874,18.3333332875724,14.1));
#6935=CARTESIAN_POINT('Ctrl Pts',(-1.68754104523142,18.4649998355704,15.05));
#6936=CARTESIAN_POINT('Ctrl Pts',(-1.26391627907037,18.1988887487619,14.7333333333333));
#6937=CARTESIAN_POINT('Ctrl Pts',(-0.840291512909308,17.9327776619534,14.4166666666667));
#6938=CARTESIAN_POINT('Ctrl Pts',(-0.416666746748251,17.6666665751449,14.1));
#6939=CARTESIAN_POINT('Ctrl Pts',(-2.52469899302004,17.0149997360404,15.05));
#6940=CARTESIAN_POINT('Ctrl Pts',(-2.01646603538748,17.009999778266,14.7333333333333));
#6941=CARTESIAN_POINT('Ctrl Pts',(-1.50823307775493,17.0049998204917,14.4166666666667));
#6942=CARTESIAN_POINT('Ctrl Pts',(-1.00000012012238,16.9999998627173,14.1));
#6943=CARTESIAN_POINT('Ctrl Pts',(-2.48229197059363,17.0884508534806,15.05));
#6944=CARTESIAN_POINT('Ctrl Pts',(-2.47400052105467,17.0668983426291,15.0372373209495));
#6945=CARTESIAN_POINT('Ctrl Pts',(-2.46850205819892,17.0436995394378,15.0255355158901));
#6946=CARTESIAN_POINT('Ctrl Pts',(-2.46634359718944,17.017753515594,15.0148413596788));
#6947=CARTESIAN_POINT('Ctrl Pts',(-2.46622193057903,17.0160903128459,15.0141658635695));
#6948=CARTESIAN_POINT('Ctrl Pts',(-2.46611681442524,17.0144237030231,15.0134990824806));
#6949=CARTESIAN_POINT('',(0.681521416402118,19.2121940722914,14.185236518277));
#6950=CARTESIAN_POINT('',(-0.013225149654188,21.3650000346303,15.05));
#6951=CARTESIAN_POINT('',(0.660312130917143,19.1800018745761,14.1833788621028));
#6952=CARTESIAN_POINT('Ctrl Pts',(0.681521416402117,19.2121940722915,14.185236518277));
#6953=CARTESIAN_POINT('Ctrl Pts',(0.679285388027214,19.2096002313625,14.1852725468825));
#6954=CARTESIAN_POINT('Ctrl Pts',(0.677134391376652,19.2069254040403,14.1852554405104));
#6955=CARTESIAN_POINT('Ctrl Pts',(0.67507319425616,19.2041732187063,14.1851843264229));
#6956=CARTESIAN_POINT('Ctrl Pts',(0.669380008518436,19.1965714701228,14.1849879038173));
#6957=CARTESIAN_POINT('Ctrl Pts',(0.664443572316094,19.1884754782757,14.1843818525288));
#6958=CARTESIAN_POINT('Ctrl Pts',(0.660312130916946,19.1800018745757,14.1833788621087));
#6959=CARTESIAN_POINT('',(0.349248183966565,18.5419979245332,14.1));
#6960=CARTESIAN_POINT('Ctrl Pts',(0.660312130916863,19.1800018745755,14.1833788621087));
#6961=CARTESIAN_POINT('Ctrl Pts',(0.566717044730887,18.9880379289106,14.1606567654774));
#6962=CARTESIAN_POINT('Ctrl Pts',(0.471401397280691,18.7925422604623,14.1356855021119));
#6963=CARTESIAN_POINT('Ctrl Pts',(0.37788201326509,18.6007279351287,14.108433231593));
#6964=CARTESIAN_POINT('Ctrl Pts',(0.368317385267248,18.5811102624313,14.1056460251507));
#6965=CARTESIAN_POINT('Ctrl Pts',(0.358771528338432,18.5615310414524,14.1028349593072));
#6966=CARTESIAN_POINT('Ctrl Pts',(0.349248183966566,18.5419979245332,14.1));
#6967=CARTESIAN_POINT('',(-0.0505865616008541,18.085043929599,14.1));
#6968=CARTESIAN_POINT('',(-1.,17.,14.1));
#6969=CARTESIAN_POINT('',(-0.446254387293268,17.6328521288077,14.1));
#6970=CARTESIAN_POINT('',(-1.,17.,14.1));
#6971=CARTESIAN_POINT('',(-1.,17.,14.1));
#6972=CARTESIAN_POINT('',(-0.570455305858286,19.3500000655651,14.75));
#6973=CARTESIAN_POINT('',(-0.214019734180784,19.3640198831924,14.5897527512449));
#6974=CARTESIAN_POINT('Ctrl Pts',(-0.214019734180784,19.3640198831924,14.5897527512449));
#6975=CARTESIAN_POINT('Ctrl Pts',(-0.333128254194156,19.3594824617231,14.6416157159583));
#6976=CARTESIAN_POINT('Ctrl Pts',(-0.452102643724053,19.3547940119236,14.6952049423859));
#6977=CARTESIAN_POINT('Ctrl Pts',(-0.570455305858286,19.3500000655651,14.75));
#6978=CARTESIAN_POINT('',(-0.211565393300489,19.4623250725992,14.6178059958755));
#6979=CARTESIAN_POINT('Ctrl Pts',(-0.214019734180784,19.3640198831924,14.5897527512449));
#6980=CARTESIAN_POINT('Ctrl Pts',(-0.213197879376419,19.3967671700457,14.5991466109826));
#6981=CARTESIAN_POINT('Ctrl Pts',(-0.212379650607613,19.4295434979694,14.6084990022437));
#6982=CARTESIAN_POINT('Ctrl Pts',(-0.21156539330049,19.4623250725992,14.6178059958755));
#6983=CARTESIAN_POINT('',(-0.207127476199918,19.6425986017276,14.6685316204504));
#6984=CARTESIAN_POINT('Ctrl Pts',(-0.211565393300487,19.4623250725992,14.6178059958755));
#6985=CARTESIAN_POINT('Ctrl Pts',(-0.203328194038764,19.4615833732066,14.6139046585843));
#6986=CARTESIAN_POINT('Ctrl Pts',(-0.194895170183522,19.4619597554931,14.6102545286032));
#6987=CARTESIAN_POINT('Ctrl Pts',(-0.186502968098182,19.4635590073679,14.6069920371781));
#6988=CARTESIAN_POINT('Ctrl Pts',(-0.177118714491321,19.4653473085816,14.6033438830212));
#6989=CARTESIAN_POINT('Ctrl Pts',(-0.167890173036911,19.4686465213416,14.6002217620638));
#6990=CARTESIAN_POINT('Ctrl Pts',(-0.159230446914908,19.4734999576678,14.5978172354297));
#6991=CARTESIAN_POINT('Ctrl Pts',(-0.151196712365111,19.4780025503076,14.5955865264645));
#6992=CARTESIAN_POINT('Ctrl Pts',(-0.143799730270988,19.4837626928736,14.5940147963825));
#6993=CARTESIAN_POINT('Ctrl Pts',(-0.137363156754266,19.4906601337845,14.5932030561337));
#6994=CARTESIAN_POINT('Ctrl Pts',(-0.133222662403211,19.4950970931471,14.5926808829765));
#6995=CARTESIAN_POINT('Ctrl Pts',(-0.129533284798692,19.4999479402838,14.5924801370701));
#6996=CARTESIAN_POINT('Ctrl Pts',(-0.126356194601199,19.5051428047002,14.5926054455912));
#6997=CARTESIAN_POINT('Ctrl Pts',(-0.123627542323381,19.5096044276764,14.5927130671444));
#6998=CARTESIAN_POINT('Ctrl Pts',(-0.121300185765171,19.514281514911,14.5930602617675));
#6999=CARTESIAN_POINT('Ctrl Pts',(-0.119393073558375,19.5191180747217,14.5936380777482));
#7000=CARTESIAN_POINT('Ctrl Pts',(-0.117240653745012,19.5245767504766,14.5942902169149));
#7001=CARTESIAN_POINT('Ctrl Pts',(-0.11564201748115,19.530191401242,14.595230414326));
#7002=CARTESIAN_POINT('Ctrl Pts',(-0.114595263774623,19.5358767298233,14.5964322251511));
#7003=CARTESIAN_POINT('Ctrl Pts',(-0.113009259912115,19.5444909368074,14.5982531660263));
#7004=CARTESIAN_POINT('Ctrl Pts',(-0.11271029026614,19.5531519568967,14.6006496366385));
#7005=CARTESIAN_POINT('Ctrl Pts',(-0.113591488660148,19.5615934516232,14.6034975580453));
#7006=CARTESIAN_POINT('Ctrl Pts',(-0.114877220016103,19.5739101949751,14.6076528786597));
#7007=CARTESIAN_POINT('Ctrl Pts',(-0.118647019261049,19.5855505920757,14.6126958678681));
#7008=CARTESIAN_POINT('Ctrl Pts',(-0.124382399099129,19.5959276537074,14.6182380375977));
#7009=CARTESIAN_POINT('Ctrl Pts',(-0.130838608723021,19.6076089175583,14.6244767542225));
#7010=CARTESIAN_POINT('Ctrl Pts',(-0.139715668742902,19.6175731370625,14.6312842045848));
#7011=CARTESIAN_POINT('Ctrl Pts',(-0.150249951797521,19.6252598077855,14.6381785327901));
#7012=CARTESIAN_POINT('Ctrl Pts',(-0.157100045952681,19.6302581942841,14.6426616852835));
#7013=CARTESIAN_POINT('Ctrl Pts',(-0.164634574196585,19.6342816198934,14.6471708942036));
#7014=CARTESIAN_POINT('Ctrl Pts',(-0.172639310869178,19.6371972930543,14.6515763894486));
#7015=CARTESIAN_POINT('Ctrl Pts',(-0.180700158120541,19.6401334041278,14.6560127657704));
#7016=CARTESIAN_POINT('Ctrl Pts',(-0.189221720473085,19.6419401109173,14.6603351061512));
#7017=CARTESIAN_POINT('Ctrl Pts',(-0.197960139506999,19.6424884901341,14.6643993141491));
#7018=CARTESIAN_POINT('Ctrl Pts',(-0.200999080330038,19.6426791987716,14.6658127148513));
#7019=CARTESIAN_POINT('Ctrl Pts',(-0.204059109993142,19.6427171984543,14.667192425222));
#7020=CARTESIAN_POINT('Ctrl Pts',(-0.20712747619991,19.6425986017276,14.6685316204504));
#7021=CARTESIAN_POINT('',(-0.204631250705503,19.7453687373736,14.697063608411));
#7022=CARTESIAN_POINT('Ctrl Pts',(-0.207127476199918,19.6425986017275,14.6685316204504));
#7023=CARTESIAN_POINT('Ctrl Pts',(-0.206291695323959,19.6768457408593,14.6780846395762));
#7024=CARTESIAN_POINT('Ctrl Pts',(-0.205459509254083,19.7111101269191,14.6875965698805));
#7025=CARTESIAN_POINT('Ctrl Pts',(-0.204631250705503,19.7453687373736,14.697063608411));
#7026=CARTESIAN_POINT('',(-0.300734422553119,19.7492655670161,14.7416045750397));
#7027=CARTESIAN_POINT('Ctrl Pts',(-0.204631250705502,19.7453687373736,14.697063608411));
#7028=CARTESIAN_POINT('Ctrl Pts',(-0.236711415165689,19.7466586639616,14.7118071156106));
#7029=CARTESIAN_POINT('Ctrl Pts',(-0.26874745037011,19.7479578484545,14.7266570200306));
#7030=CARTESIAN_POINT('Ctrl Pts',(-0.30073442255312,19.7492655670161,14.7416045750397));
#7031=CARTESIAN_POINT('',(-0.299999918043613,19.7796658531073,14.75));
#7032=CARTESIAN_POINT('Ctrl Pts',(-0.300734422553119,19.7492655670161,14.7416045750397));
#7033=CARTESIAN_POINT('Ctrl Pts',(-0.300489305729541,19.75939721109,14.7444062774424));
#7034=CARTESIAN_POINT('Ctrl Pts',(-0.300244468068435,19.7695308170069,14.7472047816461));
#7035=CARTESIAN_POINT('Ctrl Pts',(-0.299999918043614,19.7796658531073,14.75));
#7036=CARTESIAN_POINT('',(-0.301694049068049,19.7769744290366,14.75));
#7037=CARTESIAN_POINT('Ctrl Pts',(-0.299999918043613,19.7796658531073,14.75));
#7038=CARTESIAN_POINT('Ctrl Pts',(-0.300564628385092,19.7787687117504,14.75));
#7039=CARTESIAN_POINT('Ctrl Pts',(-0.30112933872657,19.7778715703935,14.75));
#7040=CARTESIAN_POINT('Ctrl Pts',(-0.301694049068049,19.7769744290366,14.75));
#7041=CARTESIAN_POINT('',(-0.299999918043613,19.8312563305779,14.7647631724567));
#7042=CARTESIAN_POINT('Ctrl Pts',(-0.301694049068049,19.7769744290366,14.75));
#7043=CARTESIAN_POINT('Ctrl Pts',(-0.301128417526039,19.7950655142139,14.754931919593));
#7044=CARTESIAN_POINT('Ctrl Pts',(-0.300563690011215,19.8131603404447,14.7598530997161));
#7045=CARTESIAN_POINT('Ctrl Pts',(-0.299999918043613,19.8312563305779,14.7647631724567));
#7046=CARTESIAN_POINT('',(-0.500000007450581,19.585324983464,14.7862793773348));
#7047=CARTESIAN_POINT('Ctrl Pts',(-0.299999918043611,19.8312563305779,14.7647631724567));
#7048=CARTESIAN_POINT('Ctrl Pts',(-0.36691676365222,19.7494831607794,14.7719173977947));
#7049=CARTESIAN_POINT('Ctrl Pts',(-0.433583157745114,19.6675015407945,14.7790898601608));
#7050=CARTESIAN_POINT('Ctrl Pts',(-0.500000007450581,19.585324983464,14.7862793773348));
#7051=CARTESIAN_POINT('',(-0.495961493907438,19.4683465427328,14.75));
#7052=CARTESIAN_POINT('Ctrl Pts',(-0.50000000745058,19.585324983464,14.7862793773348));
#7053=CARTESIAN_POINT('Ctrl Pts',(-0.49866107822229,19.5463779740173,14.7742656535578));
#7054=CARTESIAN_POINT('Ctrl Pts',(-0.49731456463195,19.5073709610983,14.7621698263547));
#7055=CARTESIAN_POINT('Ctrl Pts',(-0.495961493907439,19.4683465427328,14.75));
#7056=CARTESIAN_POINT('Ctrl Pts',(-0.495961493907438,19.4683465427328,14.75));
#7057=CARTESIAN_POINT('Ctrl Pts',(-0.520792764557721,19.4288977170102,14.75));
#7058=CARTESIAN_POINT('Ctrl Pts',(-0.545624035208004,19.3894488912877,14.75));
#7059=CARTESIAN_POINT('Ctrl Pts',(-0.570455305858286,19.3500000655651,14.75));
#7060=CARTESIAN_POINT('Origin',(-2.71562103593324,16.9986870118307,15.5));
#7061=CARTESIAN_POINT('Origin',(1.32205412120276,17.,3.89028426782286));
#7062=CARTESIAN_POINT('',(1.85913278542675,17.2000002220273,2.89292523278505));
#7063=CARTESIAN_POINT('',(1.85913278542676,17.1500001665205,2.89292523278504));
#7064=CARTESIAN_POINT('',(1.7645966572222,17.2000002220273,3.06847951911763));
#7065=CARTESIAN_POINT('',(1.62515969214526,17.2000002220273,3.32741499021604));
#7066=CARTESIAN_POINT('',(1.7645966572222,17.3372342090042,3.06847951911763));
#7067=CARTESIAN_POINT('',(1.7645966572222,17.228972025453,3.06847951911763));
#7068=CARTESIAN_POINT('',(1.68796330417603,17.3383485129838,3.21078822012753));
#7069=CARTESIAN_POINT('',(-0.312650545085269,17.3674388748859,6.92594287268767));
#7070=CARTESIAN_POINT('',(1.32629400434749,17.5138178990655,3.88241077359646));
#7071=CARTESIAN_POINT('',(-0.291647496712722,18.298786935812,6.88694005717281));
#7072=CARTESIAN_POINT('',(1.32629400434749,17.386915743318,3.88241077359646));
#7073=CARTESIAN_POINT('Origin',(2.34999998480082,17.2,7.7678224093329));
#7074=CARTESIAN_POINT('',(2.34999998480082,17.6,7.76698364874641));
#7075=CARTESIAN_POINT('',(2.34999998480082,17.2,7.76698364874641));
#7076=CARTESIAN_POINT('',(2.34999998480082,17.6,4.3495760056384));
#7077=CARTESIAN_POINT('',(2.34999998480082,17.6,4.06385770363993));
#7078=CARTESIAN_POINT('',(2.34999998480082,17.34726543621,4.3495760056384));
#7079=CARTESIAN_POINT('',(2.34999998480082,17.4,4.3495760056384));
#7080=CARTESIAN_POINT('',(2.34999998480082,17.3495026644237,4.63529430763687));
#7081=CARTESIAN_POINT('',(2.34999998480082,17.3606535212933,6.05937964278644));
#7082=CARTESIAN_POINT('',(2.34999998480082,17.2000002220273,4.63529430763687));
#7083=CARTESIAN_POINT('',(2.34999998480082,17.2725354293779,4.63529430763687));
#7084=CARTESIAN_POINT('',(2.34999998480082,17.2000002220273,4.20671685463917));
#7085=CARTESIAN_POINT('',(2.34999998480082,17.2000002220273,5.95356304673456));
#7086=CARTESIAN_POINT('',(2.34999998480082,17.2,4.20671685463917));
#7087=CARTESIAN_POINT('Origin',(4.5,16.,14.1));
#7088=CARTESIAN_POINT('',(4.5,18.,13.0007776732524));
#7089=CARTESIAN_POINT('',(4.5,18.,14.1));
#7090=CARTESIAN_POINT('',(4.5,16.7092100786962,12.9990560137358));
#7091=CARTESIAN_POINT('Origin',(1.32205475196493,17.4212186261296,9.80000263297303));
#7092=CARTESIAN_POINT('',(1.32205416500277,17.1914802149139,9.79969620702927));
#7093=CARTESIAN_POINT('',(1.32205416500277,17.3096101026916,9.79985376911105));
#7094=CARTESIAN_POINT('',(1.52205416500277,17.1914802149139,9.79969624616012));
#7095=CARTESIAN_POINT('',(1.9120545210188,17.1914802149139,9.79969632246534));
#7096=CARTESIAN_POINT('',(1.52205416500277,16.8760004403041,9.79927545806848));
#7097=CARTESIAN_POINT('Origin',(1.32205416500277,17.2,8.30141790726414));
#7098=CARTESIAN_POINT('',(1.32205416500277,17.5158876577573,3.88073565913477));
#7099=CARTESIAN_POINT('',(1.32205416500277,17.2,3.88073565913477));
#7100=CARTESIAN_POINT('',(1.32205416500277,17.5099913354043,8.30141790726414));
#7101=CARTESIAN_POINT('',(1.32205416500277,17.5068574876434,10.6509748574619));
#7102=CARTESIAN_POINT('',(1.32205416500277,17.1914802149139,8.30141790726414));
#7103=CARTESIAN_POINT('',(1.32205416500277,17.2,8.30141790726414));
#7104=CARTESIAN_POINT('',(1.32205416500277,17.1914802149139,8.67599043857167));
#7105=CARTESIAN_POINT('Origin',(2.49999998480082,17.2,7.76698364874641));
#7106=CARTESIAN_POINT('',(2.64987717485049,17.600082523207,7.77305224848713));
#7107=CARTESIAN_POINT('',(2.64987717486444,17.2,7.77305224814273));
#7108=CARTESIAN_POINT('',(2.34999999107049,17.6,7.76702701811829));
#7109=CARTESIAN_POINT('Ctrl Pts',(2.64987717485049,17.600082523207,7.77305224848712));
#7110=CARTESIAN_POINT('Ctrl Pts',(2.64916195828281,17.6005664710143,7.79071606782292));
#7111=CARTESIAN_POINT('Ctrl Pts',(2.64515347943735,17.6033316626404,7.80883392012818));
#7112=CARTESIAN_POINT('Ctrl Pts',(2.63041265912249,17.6129267748229,7.84373997932612));
#7113=CARTESIAN_POINT('Ctrl Pts',(2.61894702720142,17.6201481058665,7.86016826286172));
#7114=CARTESIAN_POINT('Ctrl Pts',(2.59302610967903,17.6344048478151,7.88608994077018));
#7115=CARTESIAN_POINT('Ctrl Pts',(2.57663022450321,17.6425515903538,7.8974511727391));
#7116=CARTESIAN_POINT('Ctrl Pts',(2.54005931223471,17.6550095209047,7.91289185618046));
#7117=CARTESIAN_POINT('Ctrl Pts',(2.51978936150619,17.6590248188985,7.91698364874641));
#7118=CARTESIAN_POINT('Ctrl Pts',(2.49999998480082,17.6590248188985,7.91698364874641));
#7119=CARTESIAN_POINT('Ctrl Pts',(2.48021060809544,17.6590248188985,7.91698364874641));
#7120=CARTESIAN_POINT('Ctrl Pts',(2.45994065736693,17.6550095209047,7.91289185618046));
#7121=CARTESIAN_POINT('Ctrl Pts',(2.42336974509842,17.6425515903538,7.8974511727391));
#7122=CARTESIAN_POINT('Ctrl Pts',(2.4069738599226,17.6344048478151,7.88608994077018));
#7123=CARTESIAN_POINT('Ctrl Pts',(2.38105294240021,17.6201481058665,7.86016826286172));
#7124=CARTESIAN_POINT('Ctrl Pts',(2.36958731047914,17.6129267748229,7.84373997932612));
#7125=CARTESIAN_POINT('Ctrl Pts',(2.35405120128034,17.60281399226,7.80695068701976));
#7126=CARTESIAN_POINT('Ctrl Pts',(2.35000563788144,17.6,7.78655742793745));
#7127=CARTESIAN_POINT('Ctrl Pts',(2.34999999107049,17.6,7.76702701811829));
#7128=CARTESIAN_POINT('Origin',(2.49999998480082,17.6,7.76698364874641));
#7129=CARTESIAN_POINT('Origin',(2.44999997809529,17.2,7.76495912446503));
#7130=CARTESIAN_POINT('',(2.64999997138977,17.6,7.76091003551036));
#7131=CARTESIAN_POINT('',(2.64999997138977,17.2,7.76091003551035));
#7132=CARTESIAN_POINT('',(2.65003026643932,17.6,7.76702701811829));
#7133=CARTESIAN_POINT('Origin',(2.44999997809529,17.6,7.76495912446503));
#7134=CARTESIAN_POINT('Ctrl Pts',(2.65003026643932,17.6,7.76702701811829));
#7135=CARTESIAN_POINT('Ctrl Pts',(2.65000953555632,17.6,7.76903234585647));
#7136=CARTESIAN_POINT('Ctrl Pts',(2.64995859307256,17.6000274319628,7.77104144944992));
#7137=CARTESIAN_POINT('Ctrl Pts',(2.64987717485049,17.600082523207,7.77305224848713));
#7138=CARTESIAN_POINT('Origin',(2.64999997138977,17.2,4.06367074707192));
#7139=CARTESIAN_POINT('',(2.64999997138977,17.1949291412442,4.22400606455447));
#7140=CARTESIAN_POINT('',(2.64999997138977,17.,4.22400606455447));
#7141=CARTESIAN_POINT('',(2.64999997138977,17.1949291412442,4.65051785262523));
#7142=CARTESIAN_POINT('',(2.64999997138977,17.1949291412442,4.08848114214));
#7143=CARTESIAN_POINT('',(2.64999997138977,17.3496218676534,4.65051785262523));
#7144=CARTESIAN_POINT('',(2.64999997138977,17.1974645706221,4.65051785262523));
#7145=CARTESIAN_POINT('',(2.64999997138977,17.3473954224703,4.36617666057805));
#7146=CARTESIAN_POINT('',(2.64999997138977,17.3465154775618,4.25379815418668));
#7147=CARTESIAN_POINT('',(2.64999997138977,17.6,4.36617666057804));
#7148=CARTESIAN_POINT('',(2.64999997138977,17.,4.36617666057804));
#7149=CARTESIAN_POINT('',(2.64999997138977,17.6,5.88996422526741));
#7150=CARTESIAN_POINT('Origin',(3.68205412120276,17.2,3.89028426782286));
#7151=CARTESIAN_POINT('',(3.68205412120276,17.517878282532,3.89028426782286));
#7152=CARTESIAN_POINT('',(3.68205412120276,17.2,3.89028426782286));
#7153=CARTESIAN_POINT('',(3.31188815074977,17.3382866162373,3.20288333442652));
#7154=CARTESIAN_POINT('',(5.62853463124872,18.4622429894809,7.50491291076913));
#7155=CARTESIAN_POINT('',(3.24236570705579,17.3372757099856,3.07377964445535));
#7156=CARTESIAN_POINT('',(5.56235051890773,17.371009955007,7.38200852670722));
#7157=CARTESIAN_POINT('',(3.24236570705579,17.1949291412442,3.07377964445535));
#7158=CARTESIAN_POINT('',(3.24236570705579,17.2709627422559,3.07377964445535));
#7159=CARTESIAN_POINT('',(3.14797905037511,17.1949291412442,2.89850292784345));
#7160=CARTESIAN_POINT('',(3.16264452352052,17.1949291412442,2.9257368194854));
#7161=CARTESIAN_POINT('',(3.14797905037511,17.0487322853111,2.89850292784345));
#7162=CARTESIAN_POINT('Origin',(3.68205412120277,17.2,12.8000004261712));
#7163=CARTESIAN_POINT('',(3.68205412120277,17.1914802149139,9.79969666877324));
#7164=CARTESIAN_POINT('',(3.68205412120277,17.0790015997683,9.79954664437983));
#7165=CARTESIAN_POINT('',(3.68205412120277,17.1914802149139,8.30141790726414));
#7166=CARTESIAN_POINT('',(3.68205412120277,17.1914802149139,10.9252816980252));
#7167=CARTESIAN_POINT('',(3.68205412120277,17.5119946990891,8.30141790726414));
#7168=CARTESIAN_POINT('',(3.68205412120277,17.2,8.30141790726414));
#7169=CARTESIAN_POINT('',(3.68205412120277,17.5058613420952,12.8998157409882));
#7170=CARTESIAN_POINT('Origin',(3.59102764756354,16.9540014055745,9.7993799008482));
#7171=CARTESIAN_POINT('',(3.48205412120276,17.1914802149139,9.79969662964239));
#7172=CARTESIAN_POINT('',(3.48205412120276,16.9260004403146,9.79934253173592));
#7173=CARTESIAN_POINT('',(3.04654096875714,17.1914802149139,9.7996965444324));
#7174=CARTESIAN_POINT('Origin',(3.48205412120277,17.2,3.940711023071));
#7175=CARTESIAN_POINT('',(3.48205412120276,17.4081993048051,12.9999883276881));
#7176=CARTESIAN_POINT('',(3.48205412120276,16.6869866551699,12.9990263720661));
#7177=CARTESIAN_POINT('',(3.48205412120276,17.4084660648915,12.7999887182397));
#7178=CARTESIAN_POINT('',(3.48205412120277,17.4099909354438,11.6567385451854));
#7179=CARTESIAN_POINT('',(3.48205412120276,17.4,12.7999774261767));
#7180=CARTESIAN_POINT('',(3.48205412120276,17.3129797874295,12.7998613583529));
#7181=CARTESIAN_POINT('',(3.48205412120276,17.4084660799529,12.7999774261767));
#7182=CARTESIAN_POINT('',(3.48205412120276,17.3055507885116,12.7999774261767));
#7183=CARTESIAN_POINT('',(3.48205412120277,17.4117817170441,10.3141253173255));
#7184=CARTESIAN_POINT('',(3.48205412120277,17.4099909354438,11.6567385451854));
#7185=CARTESIAN_POINT('',(3.48205412120276,17.4134282932144,9.07962807504797));
#7186=CARTESIAN_POINT('',(3.48205412120277,17.4099909354438,11.6567385451854));
#7187=CARTESIAN_POINT('',(3.48205412120276,17.1914802149139,9.07962807504797));
#7188=CARTESIAN_POINT('',(3.48205412120276,17.1914802149139,9.07962807504797));
#7189=CARTESIAN_POINT('',(3.48205412120276,17.1914802149139,9.42513548162125));
#7190=CARTESIAN_POINT('Origin',(1.52205416500277,17.2,7.99207070447593));
#7191=CARTESIAN_POINT('',(1.52205416500277,17.1914802149139,9.09200389986451));
#7192=CARTESIAN_POINT('',(1.52205416500277,17.1914802149139,9.07128343487185));
#7193=CARTESIAN_POINT('',(1.52205416500277,17.4114084167931,9.09200389986451));
#7194=CARTESIAN_POINT('',(1.52205416500277,17.1914802149139,9.09200389986451));
#7195=CARTESIAN_POINT('',(1.52205416500277,17.4097740695439,10.3173320687327));
#7196=CARTESIAN_POINT('',(1.52205416500277,17.4098131213846,10.2880535169906));
#7197=CARTESIAN_POINT('',(1.52205416500277,17.4064627084945,12.799977034854));
#7198=CARTESIAN_POINT('',(1.52205416500277,17.4098131213846,10.2880535169906));
#7199=CARTESIAN_POINT('',(1.52205416500277,17.4,12.799977034854));
#7200=CARTESIAN_POINT('',(1.52205416500277,17.3141559828687,12.799977034854));
#7201=CARTESIAN_POINT('',(1.52205416500277,17.4064626969971,12.7999856548232));
#7202=CARTESIAN_POINT('',(1.52205416500277,17.3043711802604,12.7998494847801));
#7203=CARTESIAN_POINT('',(1.52205416500277,17.4061959362555,12.9999856555793));
#7204=CARTESIAN_POINT('',(1.52205416500277,17.409535532918,10.4961714476842));
#7205=CARTESIAN_POINT('',(1.52205413283379,17.4061953632957,13.0004269849632));
#7206=CARTESIAN_POINT('',(1.52205416500277,17.4067506801906,12.5840744282695));
#7207=CARTESIAN_POINT('',(1.52205416500277,17.4218673754256,13.0004398568315));
#7208=CARTESIAN_POINT('Ctrl Pts',(3.14964970053841,20.2575431993847,14.1));
#7209=CARTESIAN_POINT('Ctrl Pts',(3.34809980097982,19.8633620956702,13.7333333333333));
#7210=CARTESIAN_POINT('Ctrl Pts',(3.54654990142123,19.4691809919558,13.3666666666667));
#7211=CARTESIAN_POINT('Ctrl Pts',(3.74500000186265,19.0749998882413,13.));
#7212=CARTESIAN_POINT('Ctrl Pts',(3.20289704069352,20.1966890963503,14.1));
#7213=CARTESIAN_POINT('Ctrl Pts',(3.34382933809643,19.8029083488205,13.7333333333333));
#7214=CARTESIAN_POINT('Ctrl Pts',(3.48476163549935,19.4091276012908,13.3666666666667));
#7215=CARTESIAN_POINT('Ctrl Pts',(3.62569393290226,19.0153468537611,13.));
#7216=CARTESIAN_POINT('Ctrl Pts',(3.25614438084864,20.1358349933158,14.1));
#7217=CARTESIAN_POINT('Ctrl Pts',(3.33955887521305,19.7424546019709,13.7333333333333));
#7218=CARTESIAN_POINT('Ctrl Pts',(3.42297336957746,19.3490742106259,13.3666666666667));
#7219=CARTESIAN_POINT('Ctrl Pts',(3.50638786394187,18.9556938192809,13.));
#7220=CARTESIAN_POINT('Ctrl Pts',(3.30939172100375,20.0749808902814,14.1));
#7221=CARTESIAN_POINT('Ctrl Pts',(3.33528841232966,19.6820008551212,13.7333333333333));
#7222=CARTESIAN_POINT('Ctrl Pts',(3.36118510365557,19.2890208199609,13.3666666666667));
#7223=CARTESIAN_POINT('Ctrl Pts',(3.38708179498148,18.8960407848007,13.));
#7224=CARTESIAN_POINT('',(3.30939172100375,20.0749808902814,14.1));
#7225=CARTESIAN_POINT('',(3.38708179498148,18.8960407848007,13.));
#7226=CARTESIAN_POINT('',(3.30939172100375,20.0749808902814,14.1));
#7227=CARTESIAN_POINT('',(3.74500000186265,19.0749998882413,13.));
#7228=CARTESIAN_POINT('',(3.74500000186265,19.0749998882413,13.));
#7229=CARTESIAN_POINT('',(3.14964970053841,20.2575431993847,14.1));
#7230=CARTESIAN_POINT('',(3.14964970053841,20.2575431993847,14.1));
#7231=CARTESIAN_POINT('',(2.5,21.,14.1));
#7232=CARTESIAN_POINT('Ctrl Pts',(2.75169111129029,20.7123530156682,14.1));
#7233=CARTESIAN_POINT('Ctrl Pts',(2.80612740814774,20.3049019731926,13.7333333333333));
#7234=CARTESIAN_POINT('Ctrl Pts',(2.86056370500519,19.8974509307169,13.3666666666667));
#7235=CARTESIAN_POINT('Ctrl Pts',(2.91500000186265,19.4899998882413,13.));
#7236=CARTESIAN_POINT('Ctrl Pts',(2.884343974373,20.5607497435737,14.1));
#7237=CARTESIAN_POINT('Ctrl Pts',(2.9867848724251,20.1577220140185,13.7333333333333));
#7238=CARTESIAN_POINT('Ctrl Pts',(3.08922577047721,19.7546942844632,13.3666666666667));
#7239=CARTESIAN_POINT('Ctrl Pts',(3.19166666852931,19.351666554908,13.));
#7240=CARTESIAN_POINT('Ctrl Pts',(3.0169968374557,20.4091464714792,14.1));
#7241=CARTESIAN_POINT('Ctrl Pts',(3.16744233670246,20.0105420548443,13.7333333333333));
#7242=CARTESIAN_POINT('Ctrl Pts',(3.31788783594922,19.6119376382095,13.3666666666667));
#7243=CARTESIAN_POINT('Ctrl Pts',(3.46833333519598,19.2133332215746,13.));
#7244=CARTESIAN_POINT('Ctrl Pts',(3.14964970053841,20.2575431993847,14.1));
#7245=CARTESIAN_POINT('Ctrl Pts',(3.34809980097982,19.8633620956702,13.7333333333333));
#7246=CARTESIAN_POINT('Ctrl Pts',(3.54654990142123,19.4691809919558,13.3666666666667));
#7247=CARTESIAN_POINT('Ctrl Pts',(3.74500000186265,19.0749998882413,13.));
#7248=CARTESIAN_POINT('',(2.91500000186265,19.4899998882413,13.));
#7249=CARTESIAN_POINT('',(2.91500000186265,19.4899998882413,13.));
#7250=CARTESIAN_POINT('',(2.75169111129029,20.7123530156682,14.1));
#7251=CARTESIAN_POINT('',(2.75169111129029,20.7123530156682,14.1));
#7252=CARTESIAN_POINT('',(2.79410300656731,20.6638822782088,14.1));
#7253=CARTESIAN_POINT('',(2.5,21.,14.1));
#7254=CARTESIAN_POINT('',(2.5,21.,14.1));
#7255=CARTESIAN_POINT('Ctrl Pts',(2.5,21.,14.1));
#7256=CARTESIAN_POINT('Ctrl Pts',(2.50000000062088,20.6349999627471,13.7333333333333));
#7257=CARTESIAN_POINT('Ctrl Pts',(2.50000000124176,20.2699999254942,13.3666666666667));
#7258=CARTESIAN_POINT('Ctrl Pts',(2.50000000186265,19.9049998882413,13.));
#7259=CARTESIAN_POINT('Ctrl Pts',(2.58389703709676,20.9041176718894,14.1));
#7260=CARTESIAN_POINT('Ctrl Pts',(2.6020424697965,20.5249672995623,13.7333333333333));
#7261=CARTESIAN_POINT('Ctrl Pts',(2.62018790249624,20.1458169272351,13.3666666666667));
#7262=CARTESIAN_POINT('Ctrl Pts',(2.63833333519598,19.766666554908,13.));
#7263=CARTESIAN_POINT('Ctrl Pts',(2.66779407419353,20.8082353437788,14.1));
#7264=CARTESIAN_POINT('Ctrl Pts',(2.70408493897212,20.4149346363774,13.7333333333333));
#7265=CARTESIAN_POINT('Ctrl Pts',(2.74037580375072,20.021633928976,13.3666666666667));
#7266=CARTESIAN_POINT('Ctrl Pts',(2.77666666852931,19.6283332215746,13.));
#7267=CARTESIAN_POINT('Ctrl Pts',(2.75169111129029,20.7123530156682,14.1));
#7268=CARTESIAN_POINT('Ctrl Pts',(2.80612740814774,20.3049019731926,13.7333333333333));
#7269=CARTESIAN_POINT('Ctrl Pts',(2.86056370500519,19.8974509307169,13.3666666666667));
#7270=CARTESIAN_POINT('Ctrl Pts',(2.91500000186265,19.4899998882413,13.));
#7271=CARTESIAN_POINT('',(2.50000000186265,19.9049998882413,13.));
#7272=CARTESIAN_POINT('',(2.50000000186265,19.9049998882413,13.));
#7273=CARTESIAN_POINT('',(2.5,21.,14.1));
#7274=CARTESIAN_POINT('',(2.5,21.,14.1));
#7275=CARTESIAN_POINT('',(2.5,21.,14.1));
#7276=CARTESIAN_POINT('Ctrl Pts',(2.24827399034127,20.7123131318186,14.1));
#7277=CARTESIAN_POINT('Ctrl Pts',(2.19384932751506,20.3048753839595,13.7333333333333));
#7278=CARTESIAN_POINT('Ctrl Pts',(2.13942466468885,19.8974376361004,13.3666666666667));
#7279=CARTESIAN_POINT('Ctrl Pts',(2.08500000186265,19.4899998882413,13.));
#7280=CARTESIAN_POINT('Ctrl Pts',(2.33218266022751,20.8082087545457,14.1));
#7281=CARTESIAN_POINT('Ctrl Pts',(2.29589955188367,20.414916910222,13.7333333333333));
#7282=CARTESIAN_POINT('Ctrl Pts',(2.25961644353982,20.0216250658983,13.3666666666667));
#7283=CARTESIAN_POINT('Ctrl Pts',(2.22333333519598,19.6283332215746,13.));
#7284=CARTESIAN_POINT('Ctrl Pts',(2.41609133011376,20.9041043772729,14.1));
#7285=CARTESIAN_POINT('Ctrl Pts',(2.39794977625227,20.5249584364846,13.7333333333333));
#7286=CARTESIAN_POINT('Ctrl Pts',(2.37980822239079,20.1458124956963,13.3666666666667));
#7287=CARTESIAN_POINT('Ctrl Pts',(2.36166666852931,19.766666554908,13.));
#7288=CARTESIAN_POINT('Ctrl Pts',(2.5,21.,14.1));
#7289=CARTESIAN_POINT('Ctrl Pts',(2.50000000062088,20.6349999627471,13.7333333333333));
#7290=CARTESIAN_POINT('Ctrl Pts',(2.50000000124176,20.2699999254942,13.3666666666667));
#7291=CARTESIAN_POINT('Ctrl Pts',(2.50000000186265,19.9049998882413,13.));
#7292=CARTESIAN_POINT('',(2.08500000186265,19.4899998882413,13.));
#7293=CARTESIAN_POINT('',(2.08500000186265,19.4899998882413,13.));
#7294=CARTESIAN_POINT('',(2.24827399034127,20.7123131318186,14.1));
#7295=CARTESIAN_POINT('',(2.24827399034127,20.7123131318186,14.1));
#7296=CARTESIAN_POINT('',(-1.,17.,14.1));
#7297=CARTESIAN_POINT('Ctrl Pts',(1.68990755772092,20.0741800659668,14.1));
#7298=CARTESIAN_POINT('Ctrl Pts',(1.66424445067604,19.6814669676043,13.7333333333333));
#7299=CARTESIAN_POINT('Ctrl Pts',(1.63858134363116,19.2887538692419,13.3666666666667));
#7300=CARTESIAN_POINT('Ctrl Pts',(1.61291823658629,18.8960407708795,13.));
#7301=CARTESIAN_POINT('Ctrl Pts',(1.74335844578985,20.1352667951884,14.1));
#7302=CARTESIAN_POINT('Ctrl Pts',(1.66010968330826,19.7420758001256,13.7333333333333));
#7303=CARTESIAN_POINT('Ctrl Pts',(1.57686092082666,19.3488848050629,13.3666666666667));
#7304=CARTESIAN_POINT('Ctrl Pts',(1.49361215834507,18.9556938100001,13.));
#7305=CARTESIAN_POINT('Ctrl Pts',(1.79680933385877,20.19635352441,14.1));
#7306=CARTESIAN_POINT('Ctrl Pts',(1.65597491594047,19.8026846326469,13.7333333333333));
#7307=CARTESIAN_POINT('Ctrl Pts',(1.51514049802216,19.4090157408838,13.3666666666667));
#7308=CARTESIAN_POINT('Ctrl Pts',(1.37430608010386,19.0153468491207,13.));
#7309=CARTESIAN_POINT('Ctrl Pts',(1.8502602219277,20.2574402536317,14.1));
#7310=CARTESIAN_POINT('Ctrl Pts',(1.65184014857268,19.8632934651682,13.7333333333333));
#7311=CARTESIAN_POINT('Ctrl Pts',(1.45342007521766,19.4691466767047,13.3666666666667));
#7312=CARTESIAN_POINT('Ctrl Pts',(1.25500000186265,19.0749998882413,13.));
#7313=CARTESIAN_POINT('',(1.8502602219277,20.2574402536317,14.1));
#7314=CARTESIAN_POINT('',(1.25500000186265,19.0749998882413,13.));
#7315=CARTESIAN_POINT('',(1.8502602219277,20.2574402536317,14.1));
#7316=CARTESIAN_POINT('',(1.61291823658629,18.8960407708795,13.));
#7317=CARTESIAN_POINT('',(1.61291823658629,18.8960407708795,13.));
#7318=CARTESIAN_POINT('',(1.68990755772092,20.0741800659668,14.1));
#7319=CARTESIAN_POINT('',(1.68990755772092,20.0741800659668,14.1));
#7320=CARTESIAN_POINT('',(-1.,17.,14.1));
#7321=CARTESIAN_POINT('Ctrl Pts',(2.49824852132068,21.3650000346303,15.05));
#7322=CARTESIAN_POINT('Ctrl Pts',(2.49883234754712,21.2433333564202,14.7333333333333));
#7323=CARTESIAN_POINT('Ctrl Pts',(2.49941617377356,21.1216666782101,14.4166666666667));
#7324=CARTESIAN_POINT('Ctrl Pts',(2.5,21.,14.1));
#7325=CARTESIAN_POINT('Ctrl Pts',(1.66109063099573,21.3650000346303,15.05));
#7326=CARTESIAN_POINT('Ctrl Pts',(1.74628264288604,21.021111134198,14.7333333333333));
#7327=CARTESIAN_POINT('Ctrl Pts',(1.83147465477635,20.6772222337657,14.4166666666667));
#7328=CARTESIAN_POINT('Ctrl Pts',(1.91666666666667,20.3333333333333,14.1));
#7329=CARTESIAN_POINT('Ctrl Pts',(0.823932740670768,21.3650000346303,15.05));
#7330=CARTESIAN_POINT('Ctrl Pts',(0.993732938224956,20.7988889119757,14.7333333333333));
#7331=CARTESIAN_POINT('Ctrl Pts',(1.16353313577915,20.2327777893212,14.4166666666667));
#7332=CARTESIAN_POINT('Ctrl Pts',(1.33333333333334,19.6666666666667,14.1));
#7333=CARTESIAN_POINT('Ctrl Pts',(-0.0132251496541897,21.3650000346303,
15.05));
#7334=CARTESIAN_POINT('Ctrl Pts',(0.241183233563874,20.5766666897535,14.7333333333333));
#7335=CARTESIAN_POINT('Ctrl Pts',(0.495591616781939,19.7883333448768,14.4166666666667));
#7336=CARTESIAN_POINT('Ctrl Pts',(0.750000000000003,19.,14.1));
#7337=CARTESIAN_POINT('',(2.49824852132068,21.3650000346303,15.05));
#7338=CARTESIAN_POINT('',(2.20731095701386,20.6654982365873,14.1));
#7339=CARTESIAN_POINT('',(-1.,17.,14.1));
#7340=CARTESIAN_POINT('',(-1.,17.,14.1));
#7341=CARTESIAN_POINT('',(1.30038856323773,19.6290155008431,14.1));
#7342=CARTESIAN_POINT('Ctrl Pts',(1.68990755772092,20.0741800659668,14.1));
#7343=CARTESIAN_POINT('Ctrl Pts',(1.66376272707822,20.044300259518,14.1));
#7344=CARTESIAN_POINT('Ctrl Pts',(1.63761789643551,20.0144204530692,14.1));
#7345=CARTESIAN_POINT('Ctrl Pts',(1.50777823160778,19.8660322646946,14.1));
#7346=CARTESIAN_POINT('Ctrl Pts',(1.40408339742275,19.7475238827689,14.1));
#7347=CARTESIAN_POINT('Ctrl Pts',(1.30038856323772,19.6290155008431,14.1));
#7348=CARTESIAN_POINT('',(1.05462951726302,19.3481480197292,14.1));
#7349=CARTESIAN_POINT('',(-1.,17.,14.1));
#7350=CARTESIAN_POINT('',(1.0091774891971,19.2962028447967,14.1));
#7351=CARTESIAN_POINT('',(-1.,17.,14.1));
#7352=CARTESIAN_POINT('',(0.935993311435352,19.2125637844975,14.1));
#7353=CARTESIAN_POINT('',(-1.,17.,14.1));
#7354=CARTESIAN_POINT('',(0.860929054446435,19.2491167530886,14.1386322651238));
#7355=CARTESIAN_POINT('Ctrl Pts',(0.935993311435352,19.2125637844975,14.1));
#7356=CARTESIAN_POINT('Ctrl Pts',(0.911099285495576,19.2246856283449,14.1131449205838));
#7357=CARTESIAN_POINT('Ctrl Pts',(0.886071871564442,19.2368728705749,14.1260195347088));
#7358=CARTESIAN_POINT('Ctrl Pts',(0.860929054446435,19.2491167530886,14.1386322651238));
#7359=CARTESIAN_POINT('Ctrl Pts',(0.860929054446362,19.2491167530889,14.1386322651239));
#7360=CARTESIAN_POINT('Ctrl Pts',(0.85222052716476,19.2533570818529,14.1430006832757));
#7361=CARTESIAN_POINT('Ctrl Pts',(0.843047635508971,19.2567820313843,14.1472291717231));
#7362=CARTESIAN_POINT('Ctrl Pts',(0.833519553592764,19.2592973438653,14.1512451925589));
#7363=CARTESIAN_POINT('Ctrl Pts',(0.820823377688569,19.2626489995284,14.1565965431681));
#7364=CARTESIAN_POINT('Ctrl Pts',(0.807594069768438,19.2643572682638,14.1615278129258));
#7365=CARTESIAN_POINT('Ctrl Pts',(0.794162067697868,19.2642661361149,14.1658861467805));
#7366=CARTESIAN_POINT('Ctrl Pts',(0.789145048902906,19.2642320971309,14.1675140383449));
#7367=CARTESIAN_POINT('Ctrl Pts',(0.784099938711107,19.2639465305258,14.1690619987717));
#7368=CARTESIAN_POINT('Ctrl Pts',(0.779044618691414,19.2633995659674,14.1705220628968));
#7369=CARTESIAN_POINT('Ctrl Pts',(0.764089519118839,19.2617814865182,14.1748413551053));
#7370=CARTESIAN_POINT('Ctrl Pts',(0.7492820602447,19.2579052745625,14.1783225722843));
#7371=CARTESIAN_POINT('Ctrl Pts',(0.73516526681882,19.2517469166389,14.1808311763453));
#7372=CARTESIAN_POINT('Ctrl Pts',(0.733518476319385,19.2510285151567,14.1811238168345));
#7373=CARTESIAN_POINT('Ctrl Pts',(0.731881105047727,19.2502790038382,14.1814032216909));
#7374=CARTESIAN_POINT('Ctrl Pts',(0.730254030057625,19.2494983051244,14.1816691773388));
#7375=CARTESIAN_POINT('Ctrl Pts',(0.713836373291926,19.241620829532,14.1843527466687));
#7376=CARTESIAN_POINT('Ctrl Pts',(0.698901734936702,19.2307785716064,14.1855974121725));
#7377=CARTESIAN_POINT('Ctrl Pts',(0.686247331203502,19.2174227213179,14.1853877398602));
#7378=CARTESIAN_POINT('Ctrl Pts',(0.68462899211037,19.2157146760318,14.1853609254083));
#7379=CARTESIAN_POINT('Ctrl Pts',(0.683053396022639,19.2139711688003,14.185310363448));
#7380=CARTESIAN_POINT('Ctrl Pts',(0.681521416402118,19.2121940722915,14.185236518277));
#7381=CARTESIAN_POINT('Origin',(0.26066000013113,17.6094666559874,13.));
#7382=CARTESIAN_POINT('',(0.26066000013113,17.6094666559874,13.));
#7383=CARTESIAN_POINT('',(0.708528002313256,17.4875733024381,2.4));
#7384=CARTESIAN_POINT('',(0.26066000013113,17.6094666559874,13.));
#7385=CARTESIAN_POINT('',(0.84796799815762,16.9999999159455,2.4));
#7386=CARTESIAN_POINT('',(0.434959994936586,16.9999999228716,13.));
#7387=CARTESIAN_POINT('Origin',(2.50000000186265,19.9049998882413,13.));
#7388=CARTESIAN_POINT('',(2.50000000369847,19.3239998882413,2.4));
#7389=CARTESIAN_POINT('',(2.50000000186265,19.9049998882413,13.));
#7390=CARTESIAN_POINT('',(2.16800000369847,18.9919998882413,2.4));
#7391=CARTESIAN_POINT('',(2.16800000369847,18.9919998882413,2.4));
#7392=CARTESIAN_POINT('',(2.08500000186265,19.4899998882413,13.));
#7393=CARTESIAN_POINT('Origin',(2.91500000186265,19.4899998882413,13.));
#7394=CARTESIAN_POINT('',(2.83200000369847,18.9919998882413,2.4));
#7395=CARTESIAN_POINT('',(2.91500000186265,19.4899998882413,13.));
#7396=CARTESIAN_POINT('',(2.50000000369847,19.3239998882413,2.4));
#7397=CARTESIAN_POINT('Origin',(2.50205414310277,18.4,8.12324721469924));
#7398=CARTESIAN_POINT('',(2.50250004695729,18.4,12.2543378801204));
#7399=CARTESIAN_POINT('Origin',(2.50250004695729,18.4,12.0543378771401));
#7400=CARTESIAN_POINT('Origin',(2.5,17.,12.6));
#7401=CARTESIAN_POINT('',(2.17428472720018,18.,12.6));
#7402=CARTESIAN_POINT('',(2.82553839962271,18.,12.6));
#7403=CARTESIAN_POINT('',(1.5,18.,12.6));
#7404=CARTESIAN_POINT('',(2.21386873444678,17.7,12.6));
#7405=CARTESIAN_POINT('',(2.2329652205773,17.5552712007285,12.6));
#7406=CARTESIAN_POINT('',(2.78553840796735,17.7,12.6));
#7407=CARTESIAN_POINT('',(2.50102707155138,17.7,12.6));
#7408=CARTESIAN_POINT('',(2.71820586649762,17.195005833627,12.6));
#7409=CARTESIAN_POINT('Origin',(1.32205416500277,17.2,12.7999999644281));
#7410=CARTESIAN_POINT('',(3.68205412120277,17.4172172159552,12.8000003905516));
#7411=CARTESIAN_POINT('',(3.5,17.4172172159552,12.8000003905516));
#7412=CARTESIAN_POINT('',(2.41102708252973,17.4172172162394,12.8000001774898));
#7413=CARTESIAN_POINT('',(3.68205412120277,17.5059944760652,12.8000004261712));
#7414=CARTESIAN_POINT('',(3.26578865259311,17.3030058947717,12.8000003447272));
#7415=CARTESIAN_POINT('',(3.68205412120277,17.2,12.8000004261712));
#7416=CARTESIAN_POINT('Origin',(1.32205416500277,17.2,12.7999999644281));
#7417=CARTESIAN_POINT('',(1.5,17.417217218533,12.7999999992438));
#7418=CARTESIAN_POINT('',(1.32205416500277,17.417217218533,12.7999999992438));
#7419=CARTESIAN_POINT('',(1.41102710209515,17.4172172185562,12.799999981836));
#7420=CARTESIAN_POINT('',(1.32205416500277,17.5039911099975,12.7999999644281));
#7421=CARTESIAN_POINT('',(1.32205416500277,17.2,12.7999999644281));
#7422=CARTESIAN_POINT('',(1.4729598749623,17.4304031235318,12.7999999939533));
#7423=CARTESIAN_POINT('Origin',(2.44999997809529,17.2,7.76495912446503));
#7424=CARTESIAN_POINT('',(2.22970390822437,17.7,8.09887891243607));
#7425=CARTESIAN_POINT('',(2.23043551307615,17.7000965328391,8.09936042365517));
#7426=CARTESIAN_POINT('Origin',(2.44999997809529,17.7290673374206,7.76495912446503));
#7427=CARTESIAN_POINT('',(2.23044821953231,17.7,8.09936876623856));
#7428=CARTESIAN_POINT('Origin',(2.44999997809529,16.0453934727334,7.76495912446503));
#7429=CARTESIAN_POINT('Origin',(2.44999997809529,17.7,7.76495912446503));
#7430=CARTESIAN_POINT('Origin',(2.44999997809529,17.2,7.76495912446503));
#7431=CARTESIAN_POINT('',(2.77932218114901,17.7711838171537,7.99207070447593));
#7432=CARTESIAN_POINT('',(2.76983100750853,17.7,8.00525247814688));
#7433=CARTESIAN_POINT('Origin',(2.44999997809529,15.301266778986,7.76495912446503));
#7434=CARTESIAN_POINT('',(2.76875400655019,17.7,8.00667931920055));
#7435=CARTESIAN_POINT('Origin',(2.44999997809529,17.7,7.76495912446503));
#7436=CARTESIAN_POINT('',(2.77932218114901,17.77966168492,7.99207070447593));
#7437=CARTESIAN_POINT('Origin',(2.44999997809529,15.3159687920693,7.76495912446503));
#7438=CARTESIAN_POINT('',(2.77932218114901,17.2,7.99207070447593));
#7439=CARTESIAN_POINT('Origin',(3.68205412120277,17.2,7.99207070447593));
#7440=CARTESIAN_POINT('',(2.78316433806032,17.8,7.99207070447593));
#7441=CARTESIAN_POINT('',(2.74504693322656,17.5141194041075,7.99207070447593));
#7442=CARTESIAN_POINT('',(2.78203395592728,17.8,7.99207070447593));
#7443=CARTESIAN_POINT('',(2.72508624011547,17.3728920423098,7.99207070447593));
#7444=CARTESIAN_POINT('',(1.32205416500277,17.8,7.99207070447593));
#7445=CARTESIAN_POINT('Origin',(2.50205414310277,17.8,8.14674430587004));
#7446=CARTESIAN_POINT('',(2.78316433806032,17.8,8.30141790726414));
#7447=CARTESIAN_POINT('',(2.78316433806032,17.8,8.22408110656709));
#7448=CARTESIAN_POINT('',(2.79146404485541,17.8,10.5727658045746));
#7449=CARTESIAN_POINT('Origin',(1.32205416500277,17.2,8.30141790726414));
#7450=CARTESIAN_POINT('',(1.32205416500277,17.4,12.7999770000382));
#7451=CARTESIAN_POINT('',(1.32205416500277,17.5039911406275,12.7999770000382));
#7452=CARTESIAN_POINT('',(1.32205416500277,17.3,12.7999770000382));
#7453=CARTESIAN_POINT('',(1.32205416500277,17.5068574876434,10.6509748574619));
#7454=CARTESIAN_POINT('',(1.32205416500277,17.3056086951415,12.7998511005662));
#7455=CARTESIAN_POINT('Origin',(2.76983100750853,17.7,8.30141790726415));
#7456=CARTESIAN_POINT('',(2.76983100750853,17.7,8.30141790726414));
#7457=CARTESIAN_POINT('',(2.70558553271078,17.2181588384969,8.30141790726415));
#7458=CARTESIAN_POINT('',(2.76983100750853,17.7,8.30141790726414));
#7459=CARTESIAN_POINT('Origin',(1.32205416500277,17.4172172185794,12.7999999644281));
#7460=CARTESIAN_POINT('',(1.5,17.4,12.799977034854));
#7461=CARTESIAN_POINT('',(1.91205393401562,17.4,12.7999771154741));
#7462=CARTESIAN_POINT('',(1.5,17.417217218533,12.7999999992438));
#7463=CARTESIAN_POINT('Origin',(3.5,17.4172172159552,12.8000003905516));
#7464=CARTESIAN_POINT('',(3.68205412120277,17.4,12.7999774617963));
#7465=CARTESIAN_POINT('',(3.5,17.4,12.7999774261767));
#7466=CARTESIAN_POINT('',(3.00102685151423,17.4,12.7999773285505));
#7467=CARTESIAN_POINT('',(3.5,17.4172172159552,12.8000003905516));
#7468=CARTESIAN_POINT('',(3.68205412120277,17.308608801219,12.7998555283182));
#7469=CARTESIAN_POINT('Origin',(1.74496090727866,18.1914802149139,8.82216582944458));
#7470=CARTESIAN_POINT('',(1.73037929003519,18.1914802149139,8.5302648343647));
#7471=CARTESIAN_POINT('',(1.73370609594391,18.1914802149139,8.56467665817182));
#7472=CARTESIAN_POINT('',(1.82904515840319,18.1914802149139,9.55084510601517));
#7473=CARTESIAN_POINT('',(1.78323969426451,18.1914802149139,9.07704242422686));
#7474=CARTESIAN_POINT('Origin',(1.74496090727866,18.1914802149139,8.82216582944458));
#7475=CARTESIAN_POINT('',(1.78656650017323,18.1914802149139,9.11145424803398));
#7476=CARTESIAN_POINT('',(1.82904515840319,18.1914802149139,9.55084510601517));
#7477=CARTESIAN_POINT('Origin',(1.74496090727866,18.1914802149139,8.82216582944458));
#7478=CARTESIAN_POINT('Origin',(1.74496090727866,18.0914802149139,8.82216582944458));
#7479=CARTESIAN_POINT('',(1.69122361360073,18.0914802149139,8.62952029155655));
#7480=CARTESIAN_POINT('Ctrl Pts',(1.73370609594391,18.1914802149139,8.56467665817181));
#7481=CARTESIAN_POINT('Ctrl Pts',(1.70935481171088,18.1348265991956,8.59848126044366));
#7482=CARTESIAN_POINT('Ctrl Pts',(1.69122361360073,18.0914802149139,8.62952029155655));
#7483=CARTESIAN_POINT('',(1.72912238423412,18.0914802149139,9.02153769603505));
#7484=CARTESIAN_POINT('Origin',(1.74496090727866,18.0914802149139,8.82216582944458));
#7485=CARTESIAN_POINT('Ctrl Pts',(1.72912238423412,18.0914802149139,9.02153769603505));
#7486=CARTESIAN_POINT('Ctrl Pts',(1.75286370334153,18.1348265991955,9.0485286494153));
#7487=CARTESIAN_POINT('Ctrl Pts',(1.78323969426451,18.1914802149139,9.07704242422686));
#7488=CARTESIAN_POINT('Origin',(3.68205412120277,17.2,12.8000004261712));
#7489=CARTESIAN_POINT('',(3.68205412120277,17.5059945066951,12.7999774617963));
#7490=CARTESIAN_POINT('',(3.68205412120277,17.3,12.7999774617963));
#7491=CARTESIAN_POINT('',(3.68205412120277,17.5058613420952,12.8998157409882));
#7492=CARTESIAN_POINT('Origin',(2.25835996058669,17.6,4.10430417612412));
#7493=CARTESIAN_POINT('',(2.25835996058669,17.6,4.10430417612412));
#7494=CARTESIAN_POINT('',(2.25835996058669,17.3453449115072,4.10430417612412));
#7495=CARTESIAN_POINT('',(2.25835996058669,17.4,4.10430417612412));
#7496=CARTESIAN_POINT('',(2.29198505863977,17.3451580319875,4.10442804470671));
#7497=CARTESIAN_POINT('',(2.26681000955141,17.5359577448794,4.10433530452667));
#7498=CARTESIAN_POINT('',(2.25835996058669,17.3450708587558,4.10430417612412));
#7499=CARTESIAN_POINT('',(2.27558878358744,17.345115524564,4.10436764389101));
#7500=CARTESIAN_POINT('',(2.25835996058669,17.4,4.10430417612412));
#7501=CARTESIAN_POINT('Origin',(2.50205414310277,17.6,7.7162577034629));
#7502=CARTESIAN_POINT('',(2.75454496522151,17.6,7.76702701811829));
#7503=CARTESIAN_POINT('',(3.38205412120276,17.6,7.76702701811829));
#7504=CARTESIAN_POINT('',(2.74123061733193,17.6,4.12334214711435));
#7505=CARTESIAN_POINT('',(2.13938877725007,17.6,5.72530351556757));
#7506=CARTESIAN_POINT('',(2.76401123218673,17.6,10.3576228183849));
#7507=CARTESIAN_POINT('Origin',(2.22970390822437,17.7,8.30141790726414));
#7508=CARTESIAN_POINT('',(2.22970390822437,17.7,8.30141790726414));
#7509=CARTESIAN_POINT('',(2.22970390822437,17.7,8.30141790726414));
#7510=CARTESIAN_POINT('',(2.22989547286091,17.7000252763198,8.24851083821602));
#7511=CARTESIAN_POINT('Origin',(1.32205416500277,17.4,12.7999770000382));
#7512=CARTESIAN_POINT('',(1.5,17.417217249163,12.799977034854));
#7513=CARTESIAN_POINT('',(1.39194722296132,17.4699083388271,12.799977013713));
#7514=CARTESIAN_POINT('',(1.5,17.4,12.799977034854));
#7515=CARTESIAN_POINT('Origin',(3.5,17.4,12.7999774261767));
#7516=CARTESIAN_POINT('',(3.5,17.4172172465851,12.7999774261767));
#7517=CARTESIAN_POINT('',(3.53822638582034,17.4358580429297,12.7999774336558));
#7518=CARTESIAN_POINT('',(3.5,17.4,12.7999774261767));
#7519=CARTESIAN_POINT('Origin',(5.40000008046627,19.6750001147389,14.25));
#7520=CARTESIAN_POINT('',(5.45625575019342,19.9562558321498,14.25));
#7521=CARTESIAN_POINT('',(5.34374441073912,19.9562558321498,14.25));
#7522=CARTESIAN_POINT('',(5.50000008195639,19.9562558321498,14.25));
#7523=CARTESIAN_POINT('',(5.45625575019342,19.7062557397626,14.25));
#7524=CARTESIAN_POINT('',(5.45625575019342,19.7500000715256,14.25));
#7525=CARTESIAN_POINT('',(5.55625575168354,19.7062557397626,14.25));
#7526=CARTESIAN_POINT('',(5.50000008195639,19.7062557397626,14.25));
#7527=CARTESIAN_POINT('',(5.55625575168354,19.5853714385367,14.25));
#7528=CARTESIAN_POINT('',(5.55625575168354,19.7500000715256,14.25));
#7529=CARTESIAN_POINT('',(5.55625575168354,19.514628698554,14.25));
#7530=CARTESIAN_POINT('Origin',(5.6000000834465,19.5500000685453,14.25));
#7531=CARTESIAN_POINT('',(5.55625575168354,19.3937443973281,14.25));
#7532=CARTESIAN_POINT('',(5.55625575168354,19.4500000670552,14.25));
#7533=CARTESIAN_POINT('',(5.243744409249,19.3937443973281,14.25));
#7534=CARTESIAN_POINT('',(5.6000000834465,19.3937443973281,14.25));
#7535=CARTESIAN_POINT('',(5.243744409249,19.4937443988182,14.25));
#7536=CARTESIAN_POINT('',(5.243744409249,19.3500000655651,14.25));
#7537=CARTESIAN_POINT('',(5.14374440775888,19.4937443988182,14.25));
#7538=CARTESIAN_POINT('',(5.10000007599592,19.4937443988182,14.25));
#7539=CARTESIAN_POINT('',(5.14374440775888,19.6062557382725,14.25));
#7540=CARTESIAN_POINT('',(5.14374440775888,19.6000000692904,14.25));
#7541=CARTESIAN_POINT('',(5.2646287117075,19.6062557382725,14.25));
#7542=CARTESIAN_POINT('',(5.10000007599592,19.6062557382725,14.25));
#7543=CARTESIAN_POINT('',(5.34374441073912,19.6853714373041,14.25));
#7544=CARTESIAN_POINT('Origin',(5.30000007748604,19.6500000715256,14.25));
#7545=CARTESIAN_POINT('',(5.34374441073912,20.0000001639128,14.25));
#7546=CARTESIAN_POINT('Origin',(5.50000008195639,19.7500000715256,14.75));
#7547=CARTESIAN_POINT('',(5.50000008195639,20.0000001639128,14.75));
#7548=CARTESIAN_POINT('',(5.49905772443288,19.9990578063893,14.7392288042184));
#7549=CARTESIAN_POINT('',(5.50000008195639,19.7500000715256,14.75));
#7550=CARTESIAN_POINT('',(5.50000008195639,19.7500000715256,14.75));
#7551=CARTESIAN_POINT('',(5.50037702483211,19.7503770144013,14.7543084767846));
#7552=CARTESIAN_POINT('Origin',(5.6000000834465,19.7500000715256,14.75));
#7553=CARTESIAN_POINT('',(5.6000000834465,19.7500000715256,14.75));
#7554=CARTESIAN_POINT('',(5.50000008195639,19.7500000715256,14.75));
#7555=CARTESIAN_POINT('',(5.59962314057078,19.7496231286499,14.7456915232154));
#7556=CARTESIAN_POINT('Origin',(5.6000000834465,19.6500000700355,14.75));
#7557=CARTESIAN_POINT('',(5.6000000834465,19.6500000700355,14.75));
#7558=CARTESIAN_POINT('',(5.6000000834465,19.7500000715256,14.75));
#7559=CARTESIAN_POINT('Ctrl Pts',(5.60000008344613,19.6500000700351,14.7499999999958));
#7560=CARTESIAN_POINT('Ctrl Pts',(5.56768576769704,19.6176857542859,14.3806456808557));
#7561=CARTESIAN_POINT('Ctrl Pts',(5.55625575168354,19.5853714385367,14.25));
#7562=CARTESIAN_POINT('Origin',(5.6000000834465,19.5500000685453,14.75));
#7563=CARTESIAN_POINT('',(5.6000000834465,19.4500000670552,14.75));
#7564=CARTESIAN_POINT('Origin',(5.6000000834465,19.5500000685453,14.75));
#7565=CARTESIAN_POINT('Ctrl Pts',(5.60000008344613,19.4500000670556,14.7499999999958));
#7566=CARTESIAN_POINT('Ctrl Pts',(5.56768576769704,19.4823143828048,14.3806456808557));
#7567=CARTESIAN_POINT('Ctrl Pts',(5.55625575168354,19.514628698554,14.25));
#7568=CARTESIAN_POINT('Origin',(5.6000000834465,19.3500000655651,14.75));
#7569=CARTESIAN_POINT('',(5.6000000834465,19.3500000655651,14.75));
#7570=CARTESIAN_POINT('',(5.6000000834465,19.4500000670552,14.75));
#7571=CARTESIAN_POINT('',(5.59849231194362,19.351507837068,14.7327660928615));
#7572=CARTESIAN_POINT('Origin',(5.20000007748604,19.3500000655651,14.75));
#7573=CARTESIAN_POINT('',(5.21395350575723,19.3639534938363,14.5905115850574));
#7574=CARTESIAN_POINT('',(5.56805854556027,19.3500000655651,14.75));
#7575=CARTESIAN_POINT('Ctrl Pts',(5.56805854556027,19.3500000655651,14.75));
#7576=CARTESIAN_POINT('Ctrl Pts',(5.45038459257186,19.3547746714212,14.6954260053398));
#7577=CARTESIAN_POINT('Ctrl Pts',(5.3321851965322,19.3594407189551,14.6420928379807));
#7578=CARTESIAN_POINT('Ctrl Pts',(5.21395350574745,19.3639534938367,14.5905115850532));
#7579=CARTESIAN_POINT('',(5.20037702036176,19.3503770084408,14.7456915232154));
#7580=CARTESIAN_POINT('',(5.6000000834465,19.3500000655651,14.75));
#7581=CARTESIAN_POINT('Origin',(5.20000007748604,19.4500000670552,14.75));
#7582=CARTESIAN_POINT('',(5.21151374029382,19.461513729863,14.6183982319107));
#7583=CARTESIAN_POINT('Ctrl Pts',(5.21151374029382,19.461513729863,14.6183982319107));
#7584=CARTESIAN_POINT('Ctrl Pts',(5.21232313632174,19.428982893995,14.6091468034115));
#7585=CARTESIAN_POINT('Ctrl Pts',(5.21313650457471,19.3964550035599,14.5998499619577));
#7586=CARTESIAN_POINT('Ctrl Pts',(5.21395350575723,19.3639534938363,14.5905115850574));
#7587=CARTESIAN_POINT('',(5.19962313461032,19.4496231241795,14.7543084767846));
#7588=CARTESIAN_POINT('Origin',(5.10000007599592,19.4500000670552,14.75));
#7589=CARTESIAN_POINT('',(5.1151608494762,19.4651608405355,14.5767115661701));
#7590=CARTESIAN_POINT('Ctrl Pts',(5.1151608494762,19.4651608405355,14.5767115661701));
#7591=CARTESIAN_POINT('Ctrl Pts',(5.1473259763711,19.4639548221999,14.5904967858598));
#7592=CARTESIAN_POINT('Ctrl Pts',(5.17944419922441,19.4627388977054,14.6043946975042));
#7593=CARTESIAN_POINT('Ctrl Pts',(5.21151374029382,19.461513729863,14.6183982319107));
#7594=CARTESIAN_POINT('',(5.10075396174736,19.4507539528067,14.7413830464307));
#7595=CARTESIAN_POINT('Origin',(5.50000008195639,20.0000001639128,14.75));
#7596=CARTESIAN_POINT('',(5.30000007897615,20.0000001639128,14.75));
#7597=CARTESIAN_POINT('',(5.30075396472759,19.9992462781613,14.7413830464307));
#7598=CARTESIAN_POINT('',(5.50000008195639,20.0000001639128,14.75));
#7599=CARTESIAN_POINT('Origin',(5.30000007897615,20.0000001639128,14.75));
#7600=CARTESIAN_POINT('',(5.30000007897615,19.7758579236128,14.75));
#7601=CARTESIAN_POINT('',(5.30064153386042,19.7493565460063,14.742668137123));
#7602=CARTESIAN_POINT('Ctrl Pts',(5.30000007897616,19.7758579236128,14.75));
#7603=CARTESIAN_POINT('Ctrl Pts',(5.30021367757237,19.7670230328602,14.7475585612804));
#7604=CARTESIAN_POINT('Ctrl Pts',(5.30042749727753,19.7581891223937,14.7451145873422));
#7605=CARTESIAN_POINT('Ctrl Pts',(5.30064153386042,19.7493565460063,14.742668137123));
#7606=CARTESIAN_POINT('',(5.30000007897615,20.0000001639128,14.75));
#7607=CARTESIAN_POINT('Ctrl Pts',(5.30064153386042,19.7493565460063,14.742668137123));
#7608=CARTESIAN_POINT('Ctrl Pts',(5.33242820748632,19.7173639916552,14.3793447950481));
#7609=CARTESIAN_POINT('Ctrl Pts',(5.34374441073912,19.6853714373041,14.25));
#7610=CARTESIAN_POINT('Origin',(5.30000007748604,19.6500000715256,14.75));
#7611=CARTESIAN_POINT('',(5.20729544692769,19.6429708139378,14.6696552208586));
#7612=CARTESIAN_POINT('Ctrl Pts',(5.3006415338604,19.7493565460063,14.742668137123));
#7613=CARTESIAN_POINT('Ctrl Pts',(5.29560423716044,19.7491836687018,14.7403188832258));
#7614=CARTESIAN_POINT('Ctrl Pts',(5.29061743791187,19.7486196447232,14.7378829618466));
#7615=CARTESIAN_POINT('Ctrl Pts',(5.28572625600259,19.7476841956627,14.7353864191247));
#7616=CARTESIAN_POINT('Ctrl Pts',(5.27603595719098,19.7458309051722,14.7304403252317));
#7617=CARTESIAN_POINT('Ctrl Pts',(5.26675206232827,19.7425262620706,14.7252725012197));
#7618=CARTESIAN_POINT('Ctrl Pts',(5.25816843557784,19.7379381613147,14.7200608630509));
#7619=CARTESIAN_POINT('Ctrl Pts',(5.24653464574757,19.7317196942883,14.7129972866757));
#7620=CARTESIAN_POINT('Ctrl Pts',(5.23621956487694,19.7231608467918,14.7058729009045));
#7621=CARTESIAN_POINT('Ctrl Pts',(5.22791623551954,19.7127168667403,14.6991167788488));
#7622=CARTESIAN_POINT('Ctrl Pts',(5.22077299722745,19.7037320565497,14.6933045813918));
#7623=CARTESIAN_POINT('Ctrl Pts',(5.21515290253955,19.6933928261056,14.6877917601511));
#7624=CARTESIAN_POINT('Ctrl Pts',(5.21151045541403,19.6820891422447,14.6828852398213));
#7625=CARTESIAN_POINT('Ctrl Pts',(5.20797427931413,19.6711152515246,14.6781218707658));
#7626=CARTESIAN_POINT('Ctrl Pts',(5.20634673761461,19.6593586492677,14.6739861609465));
#7627=CARTESIAN_POINT('Ctrl Pts',(5.20696817921912,19.6473589290316,14.6707822422598));
#7628=CARTESIAN_POINT('Ctrl Pts',(5.20700604560916,19.6466277483645,14.6705870174248));
#7629=CARTESIAN_POINT('Ctrl Pts',(5.20705226728704,19.6458956491287,14.6703952521886));
#7630=CARTESIAN_POINT('Ctrl Pts',(5.20710692339964,19.6451627467708,14.6702070153566));
#7631=CARTESIAN_POINT('Ctrl Pts',(5.20716141756837,19.6444320159731,14.6700193362627));
#7632=CARTESIAN_POINT('Ctrl Pts',(5.2072242482763,19.6437013208916,14.6698353852948));
#7633=CARTESIAN_POINT('Ctrl Pts',(5.20729544692769,19.6429708139378,14.6696552208586));
#7634=CARTESIAN_POINT('Ctrl Pts',(5.20729544692769,19.6429708139378,14.6696552208586));
#7635=CARTESIAN_POINT('Ctrl Pts',(5.23596207895907,19.6163955178415,14.3658982068648));
#7636=CARTESIAN_POINT('Ctrl Pts',(5.2646287117075,19.6062557382725,14.25));
#7637=CARTESIAN_POINT('Origin',(5.20000007748604,19.6500000715256,14.75));
#7638=CARTESIAN_POINT('',(5.11087726847587,19.6391228786751,14.625673121047));
#7639=CARTESIAN_POINT('Ctrl Pts',(5.20729544692769,19.6429708139378,14.6696552208586));
#7640=CARTESIAN_POINT('Ctrl Pts',(5.17520653332183,19.6416786825772,14.6548855045977));
#7641=CARTESIAN_POINT('Ctrl Pts',(5.14306587216643,19.6403957796552,14.6402219119916));
#7642=CARTESIAN_POINT('Ctrl Pts',(5.11087726847587,19.6391228786751,14.625673121047));
#7643=CARTESIAN_POINT('',(5.10037701887707,19.6496231286316,14.7456915231534));
#7644=CARTESIAN_POINT('Origin',(5.10000007599592,19.6500000700355,14.75));
#7645=CARTESIAN_POINT('Ctrl Pts',(5.11087726847587,19.6391228786751,14.625673121047));
#7646=CARTESIAN_POINT('Ctrl Pts',(5.11229341405776,19.5811214890169,14.6094865244));
#7647=CARTESIAN_POINT('Ctrl Pts',(5.11372187710395,19.5230926882875,14.5931591412423));
#7648=CARTESIAN_POINT('Ctrl Pts',(5.1151608494762,19.4651608405355,14.5767115661701));
#7649=CARTESIAN_POINT('Origin',(-0.299999918043613,19.7500000715256,14.75));
#7650=CARTESIAN_POINT('',(-0.343744249806575,19.7062557397626,14.25));
#7651=CARTESIAN_POINT('',(-0.299622975167893,19.7503770144013,14.7543084767846));
#7652=CARTESIAN_POINT('',(-0.343744249806575,19.9562558321498,14.25));
#7653=CARTESIAN_POINT('',(-0.343744249806575,19.7500000715256,14.25));
#7654=CARTESIAN_POINT('',(-0.299999918043613,20.0000001639128,14.75));
#7655=CARTESIAN_POINT('',(-0.300942275567119,19.9990578063893,14.7392288042184));
#7656=CARTESIAN_POINT('',(-0.299999918043613,19.7500000715256,14.75));
#7657=CARTESIAN_POINT('Origin',(-0.199999916553497,19.7500000715256,14.75));
#7658=CARTESIAN_POINT('',(-0.243744248316459,19.7062557397626,14.25));
#7659=CARTESIAN_POINT('',(-0.200376859429218,19.7496231286499,14.7456915232154));
#7660=CARTESIAN_POINT('',(-0.299999918043613,19.7062557397626,14.25));
#7661=CARTESIAN_POINT('Origin',(-0.599999922513962,19.4500000670552,14.75));
#7662=CARTESIAN_POINT('',(-0.556255590751,19.4937443988182,14.25));
#7663=CARTESIAN_POINT('',(-0.556255590751,19.3937443973281,14.25));
#7664=CARTESIAN_POINT('',(-0.556255590751,19.3500000655651,14.25));
#7665=CARTESIAN_POINT('',(-0.599999922513962,19.3500000655651,14.75));
#7666=CARTESIAN_POINT('',(-0.599622979638242,19.3503770084408,14.7456915232154));
#7667=CARTESIAN_POINT('',(-0.599999922513962,19.4500000670552,14.75));
#7668=CARTESIAN_POINT('',(-0.599999922513962,19.3500000655651,14.75));
#7669=CARTESIAN_POINT('',(-0.600376865389682,19.4496231241795,14.7543084767846));
#7670=CARTESIAN_POINT('Origin',(-0.699999924004078,19.4500000670552,14.75));
#7671=CARTESIAN_POINT('',(-0.656255592241116,19.4937443988182,14.25));
#7672=CARTESIAN_POINT('',(-0.699999924004078,19.4937443988182,14.25));
#7673=CARTESIAN_POINT('',(-0.699999924004078,19.4500000670552,14.75));
#7674=CARTESIAN_POINT('',(-0.699999924004078,19.4500000670552,14.75));
#7675=CARTESIAN_POINT('',(-0.699246038252638,19.4507539528067,14.7413830464307));
#7676=CARTESIAN_POINT('Origin',(-0.699999924004078,19.6500000700355,14.75));
#7677=CARTESIAN_POINT('',(-0.656255592241116,19.6062557382725,14.25));
#7678=CARTESIAN_POINT('',(-0.656255592241116,19.6000000692904,14.25));
#7679=CARTESIAN_POINT('',(-0.699999924004078,19.6500000700355,14.75));
#7680=CARTESIAN_POINT('',(-0.699999924004078,19.6000000692904,14.75));
#7681=CARTESIAN_POINT('',(-0.699622981122934,19.6496231286316,14.7456915231534));
#7682=CARTESIAN_POINT('Origin',(-0.599999922513962,19.6500000715256,14.75));
#7683=CARTESIAN_POINT('',(-0.535371288292502,19.6062557382725,14.25));
#7684=CARTESIAN_POINT('',(-0.699999924004078,19.6062557382725,14.25));
#7685=CARTESIAN_POINT('',(-0.599999922513962,19.6500000715256,14.75));
#7686=CARTESIAN_POINT('',(-0.699999924004078,19.6500000700355,14.75));
#7687=CARTESIAN_POINT('Ctrl Pts',(-0.599999922513592,19.6500000715252,14.7499999999958));
#7688=CARTESIAN_POINT('Ctrl Pts',(-0.567685605884567,19.6176857537955,14.3806456707994));
#7689=CARTESIAN_POINT('Ctrl Pts',(-0.535371288292502,19.6062557382725,14.25));
#7690=CARTESIAN_POINT('Origin',(-0.499999922513962,19.6500000715256,14.75));
#7691=CARTESIAN_POINT('',(-0.456255589260884,19.6853714373041,14.25));
#7692=CARTESIAN_POINT('Origin',(-0.499999922513962,19.6500000715256,14.25));
#7693=CARTESIAN_POINT('',(-0.499999922513962,19.7500000715256,14.75));
#7694=CARTESIAN_POINT('Origin',(-0.499999922513962,19.6500000715256,14.75));
#7695=CARTESIAN_POINT('Ctrl Pts',(-0.499999921034709,19.7500000715364,14.7500000001242));
#7696=CARTESIAN_POINT('Ctrl Pts',(-0.467685604396558,19.7176857544203,14.3806456708221));
#7697=CARTESIAN_POINT('Ctrl Pts',(-0.456255589260884,19.6853714373041,14.25));
#7698=CARTESIAN_POINT('Origin',(-0.599999922513962,19.3500000655651,14.75));
#7699=CARTESIAN_POINT('',(-0.199999916553497,19.3500000655651,14.75));
#7700=CARTESIAN_POINT('',(-0.243744248316459,19.3937443973281,14.25));
#7701=CARTESIAN_POINT('',(-0.199999916553497,19.3937443973281,14.25));
#7702=CARTESIAN_POINT('',(-0.201507688056378,19.351507837068,14.7327660928615));
#7703=CARTESIAN_POINT('Origin',(-0.199999916553497,19.3500000655651,14.75));
#7704=CARTESIAN_POINT('',(-0.243744248316459,19.514628698554,14.25));
#7705=CARTESIAN_POINT('',(-0.243744248316459,19.4500000670552,14.25));
#7706=CARTESIAN_POINT('Ctrl Pts',(-0.211565393300489,19.4623250725992,14.6178059958755));
#7707=CARTESIAN_POINT('Ctrl Pts',(-0.23449399392662,19.4884768855766,14.3557308914897));
#7708=CARTESIAN_POINT('Ctrl Pts',(-0.243744248316459,19.514628698554,14.25));
#7709=CARTESIAN_POINT('Origin',(-0.199999916553497,19.5500000685453,14.75));
#7710=CARTESIAN_POINT('',(-0.243744248316459,19.5853714385367,14.25));
#7711=CARTESIAN_POINT('Origin',(-0.199999916553497,19.5500000685453,14.25));
#7712=CARTESIAN_POINT('Ctrl Pts',(-0.207127476199918,19.6425986017276,14.6685316204504));
#7713=CARTESIAN_POINT('Ctrl Pts',(-0.233623232653381,19.6139850201321,14.3656837383861));
#7714=CARTESIAN_POINT('Ctrl Pts',(-0.243744248316459,19.5853714385367,14.25));
#7715=CARTESIAN_POINT('Origin',(-0.199999916553497,19.6500000700355,14.75));
#7716=CARTESIAN_POINT('',(-0.243744248316459,19.7500000715256,14.25));
#7717=CARTESIAN_POINT('Origin',(5.40000008046627,19.6750001147389,14.75));
#7718=CARTESIAN_POINT('',(5.49593299574273,19.4645841432375,14.75));
#7719=CARTESIAN_POINT('',(5.49859550197204,19.8150926929539,14.75));
#7720=CARTESIAN_POINT('Ctrl Pts',(5.56805854556027,19.3500000655651,14.75));
#7721=CARTESIAN_POINT('Ctrl Pts',(5.54707670341796,19.3833333993951,14.75));
#7722=CARTESIAN_POINT('Ctrl Pts',(5.52609486127567,19.4166667332252,14.75));
#7723=CARTESIAN_POINT('Ctrl Pts',(5.50511301913337,19.4500000670552,14.75));
#7724=CARTESIAN_POINT('Ctrl Pts',(5.50205301133648,19.4548614257826,14.75));
#7725=CARTESIAN_POINT('Ctrl Pts',(5.4989930035396,19.4597227845101,14.75));
#7726=CARTESIAN_POINT('Ctrl Pts',(5.49593299574273,19.4645841432375,14.75));
#7727=CARTESIAN_POINT('Origin',(5.40000008046627,19.6750001147389,14.75));
#7728=CARTESIAN_POINT('',(5.30172348883361,19.773119984984,14.75));
#7729=CARTESIAN_POINT('',(5.30123726289846,19.8371297309474,14.75));
#7730=CARTESIAN_POINT('Ctrl Pts',(5.30172348883361,19.773119984984,14.75));
#7731=CARTESIAN_POINT('Ctrl Pts',(5.30114901888113,19.7740326311936,14.75));
#7732=CARTESIAN_POINT('Ctrl Pts',(5.30057454892864,19.7749452774032,14.75));
#7733=CARTESIAN_POINT('Ctrl Pts',(5.30000007897615,19.7758579236128,14.75));
#7734=CARTESIAN_POINT('Origin',(5.50000008195639,20.0000001639128,14.75));
#7735=CARTESIAN_POINT('',(5.50000008195639,19.5821924056563,14.7865534423806));
#7736=CARTESIAN_POINT('',(5.30000007897615,19.8282593307778,14.7650253759638));
#7737=CARTESIAN_POINT('Ctrl Pts',(5.50000008195639,19.5821924056563,14.7865534423806));
#7738=CARTESIAN_POINT('Ctrl Pts',(5.43358351029621,19.6644142416753,14.7793599638347));
#7739=CARTESIAN_POINT('Ctrl Pts',(5.36691714544008,19.7464410620256,14.7721835469489));
#7740=CARTESIAN_POINT('Ctrl Pts',(5.30000007897616,19.8282593307778,14.7650253759638));
#7741=CARTESIAN_POINT('',(5.50000008195639,20.0000001639128,14.75));
#7742=CARTESIAN_POINT('',(5.30000007897615,20.0000001639128,14.75));
#7743=CARTESIAN_POINT('Origin',(5.30000007897615,20.0000001639128,14.75));
#7744=CARTESIAN_POINT('Ctrl Pts',(5.30000007897615,19.8282593307778,14.7650253759638));
#7745=CARTESIAN_POINT('Ctrl Pts',(5.3005735832587,19.809877283498,14.7600282376446));
#7746=CARTESIAN_POINT('Ctrl Pts',(5.30114807093278,19.7914966105492,14.7550196528348));
#7747=CARTESIAN_POINT('Ctrl Pts',(5.30172348883361,19.773119984984,14.75));
#7748=CARTESIAN_POINT('Origin',(5.45625575019342,19.9562558321498,14.25));
#7749=CARTESIAN_POINT('Ctrl Pts',(5.49593299574273,19.4645841432375,14.75));
#7750=CARTESIAN_POINT('Ctrl Pts',(5.49729393538687,19.5037684004859,14.7622464998062));
#7751=CARTESIAN_POINT('Ctrl Pts',(5.49864988421944,19.542982401883,14.7744329154597));
#7752=CARTESIAN_POINT('Ctrl Pts',(5.50000008195639,19.5821924056563,14.7865534423806));
#7753=CARTESIAN_POINT('Origin',(-0.39999991953373,19.6750001147389,14.75));
#7754=CARTESIAN_POINT('',(-0.301404498027961,19.8150926929539,14.75));
#7755=CARTESIAN_POINT('Origin',(-0.343744249806575,19.9562558321498,14.25));
#7756=CARTESIAN_POINT('',(-0.299999918043613,20.0000001639128,14.75));
#7757=CARTESIAN_POINT('Origin',(-0.299999918043613,20.0000001639128,14.75));
#7758=CARTESIAN_POINT('',(-0.500000007450581,20.0000001639128,14.75));
#7759=CARTESIAN_POINT('',(-0.299999918043613,20.0000001639128,14.75));
#7760=CARTESIAN_POINT('',(-0.500000007450581,20.0000001639128,14.75));
#7761=CARTESIAN_POINT('Origin',(-0.50000000745058,20.0000001639128,14.75));
#7762=CARTESIAN_POINT('',(-0.498762821382528,19.8371297299951,14.75));
#7763=CARTESIAN_POINT('Origin',(-0.39999991953373,19.6750001147389,14.25));
#7764=CARTESIAN_POINT('',(-0.456255600074206,19.9562558321498,14.25));
#7765=CARTESIAN_POINT('',(-0.456255589260884,19.7500000715256,14.25));
#7766=CARTESIAN_POINT('',(-0.299999918043613,19.9562558321498,14.25));
#7767=CARTESIAN_POINT('Origin',(-0.499999921023846,19.95,14.75));
#7768=CARTESIAN_POINT('',(-0.499057563219496,19.9990578061084,14.7392288010084));
#7769=CARTESIAN_POINT('',(-0.499999921023846,19.7500000715256,14.75));
#7770=CARTESIAN_POINT('Origin',(-0.39999991953373,19.6750001147389,14.75));
#7771=CARTESIAN_POINT('Origin',(-0.299999918043613,20.0000001639128,14.75));
#7772=CARTESIAN_POINT('Origin',(2.50205414310277,17.6,7.7162577034629));
#7773=CARTESIAN_POINT('',(2.24486717355812,17.6,7.76702701811829));
#7774=CARTESIAN_POINT('',(3.38205412120276,17.6,7.76702701811829));
#7775=CARTESIAN_POINT('',(2.23532330260464,17.6,10.3577856262793));
#7776=CARTESIAN_POINT('',(2.86437295045106,17.6,5.72628011958466));
#7777=CARTESIAN_POINT('Origin',(3.38205412120276,17.82,7.76702701811829));
#7778=CARTESIAN_POINT('',(2.23099324287067,17.7,7.95141790726414));
#7779=CARTESIAN_POINT('Origin',(2.21583890157729,17.82,7.76702701811829));
#7780=CARTESIAN_POINT('',(2.76855207644661,17.7,7.95141790726414));
#7781=CARTESIAN_POINT('Origin',(2.78387829243544,17.82,7.76702701811829));
#7782=CARTESIAN_POINT('',(3.38205412120276,17.7,7.95141790726414));
#7783=CARTESIAN_POINT('Origin',(1.32205416500277,17.5158876577573,3.88073565913477));
#7784=CARTESIAN_POINT('',(2.69687701051923,16.8447415829033,4.42391322874067));
#7785=CARTESIAN_POINT('Origin',(2.15493494282622,18.1354809200029,13.));
#7786=CARTESIAN_POINT('',(2.17285309893629,18.,12.9886267182823));
#7787=CARTESIAN_POINT('',(2.15493494282622,18.1354809200029,13.));
#7788=CARTESIAN_POINT('Ctrl Pts',(2.17285129554827,18.0002239325492,12.9886267182824));
#7789=CARTESIAN_POINT('Ctrl Pts',(2.16970239253216,18.0240821811229,12.9921032616202));
#7790=CARTESIAN_POINT('Ctrl Pts',(2.16662827992782,18.0474324399545,12.9949237978278));
#7791=CARTESIAN_POINT('Ctrl Pts',(2.1636791811035,18.0698579588729,12.9968881936689));
#7792=CARTESIAN_POINT('Ctrl Pts',(2.16211336156171,18.0817647540836,12.9979311866573));
#7793=CARTESIAN_POINT('Ctrl Pts',(2.16053899932559,18.0937838786159,12.9987551012033));
#7794=CARTESIAN_POINT('Ctrl Pts',(2.15898998088157,18.1055712577598,12.9992924319465));
#7795=CARTESIAN_POINT('Ctrl Pts',(2.15766793581376,18.1156314649314,12.9997510291062));
#7796=CARTESIAN_POINT('Ctrl Pts',(2.15636489259162,18.1255214759079,13.0000008741031));
#7797=CARTESIAN_POINT('Ctrl Pts',(2.15505977872169,18.1353432383013,13.));
#7798=CARTESIAN_POINT('',(2.22394795646933,17.9083847136506,2.4));
#7799=CARTESIAN_POINT('',(2.15493494282622,18.1354809200029,13.));
#7800=CARTESIAN_POINT('',(2.30000002682209,17.3319998882413,2.4));
#7801=CARTESIAN_POINT('',(2.30000002682209,17.3319998882413,2.4));
#7802=CARTESIAN_POINT('',(2.29196027904076,17.3453458706113,4.104426664125));
#7803=CARTESIAN_POINT('',(2.25000003076717,17.4149998882413,13.));
#7804=CARTESIAN_POINT('',(2.24353439807185,17.712432151243,4.10172864284834));
#7805=CARTESIAN_POINT('',(2.22104916880413,17.7,10.6508147886418));
#7806=CARTESIAN_POINT('',(2.22137918606863,17.7,10.5612290143759));
#7807=CARTESIAN_POINT('',(2.17078044566685,18.,13.5512647008921));
#7808=CARTESIAN_POINT('Origin',(2.25835996058669,17.3450708587558,4.10430417612412));
#7809=CARTESIAN_POINT('',(2.25835925707814,17.3453448967635,4.10430229320416));
#7810=CARTESIAN_POINT('',(2.15812957890513,17.3453419918385,4.10393130278062));
#7811=CARTESIAN_POINT('',(2.25835996058669,17.3450708587558,4.10430417612412));
#7812=CARTESIAN_POINT('Origin',(2.74123061733193,17.3449432223465,4.12334214711435));
#7813=CARTESIAN_POINT('',(2.70729707128095,17.3454949533256,4.12346614330317));
#7814=CARTESIAN_POINT('',(2.71598147773421,17.4106288849933,4.12343440971126));
#7815=CARTESIAN_POINT('',(2.74123061730749,17.3449432317445,4.12334214711442));
#7816=CARTESIAN_POINT('',(2.74123061733193,17.2,4.12334214711435));
#7817=CARTESIAN_POINT('',(2.76437602511214,17.345493320171,4.12325757174021));
#7818=CARTESIAN_POINT('Origin',(2.50205414310277,17.7,8.12324721469924));
#7819=CARTESIAN_POINT('',(2.77841166585719,17.7,10.6496527038585));
#7820=CARTESIAN_POINT('',(2.77808796267772,17.7,10.5610661363806));
#7821=CARTESIAN_POINT('',(2.75394790198197,17.7,10.5518498367391));
#7822=CARTESIAN_POINT('',(2.25000003352761,17.7,10.5499933868913));
#7823=CARTESIAN_POINT('',(2.62352953309269,17.7,10.5513693998205));
#7824=CARTESIAN_POINT('',(2.25000003352761,17.7,11.5500001721084));
#7825=CARTESIAN_POINT('',(2.25000003352761,17.7,9.33662030079527));
#7826=CARTESIAN_POINT('',(2.75026411370211,17.7,11.551843051568));
#7827=CARTESIAN_POINT('',(2.36971370472558,17.7,11.5504411749196));
#7828=CARTESIAN_POINT('',(2.75657749729172,17.7,9.83802557005228));
#7829=CARTESIAN_POINT('',(2.50250004695729,17.7,12.2793378771401));
#7830=CARTESIAN_POINT('Origin',(2.50250004695729,17.7,12.0543378771401));
#7831=CARTESIAN_POINT('Origin',(2.50250004695729,17.3350000137463,12.0543378771401));
#7832=CARTESIAN_POINT('',(2.50250004695729,17.5350000137463,12.2543378801204));
#7833=CARTESIAN_POINT('',(2.50250004695729,17.3350000137463,12.2543378801204));
#7834=CARTESIAN_POINT('Origin',(2.50250004695729,17.5350000137463,12.0543378771401));
#7835=CARTESIAN_POINT('Origin',(2.50250004695729,17.5350000137463,12.0543378771401));
#7836=CARTESIAN_POINT('',(2.50250004695729,17.5350000137463,12.2793378771401));
#7837=CARTESIAN_POINT('Origin',(2.50250004695729,17.5350000137463,12.0543378771401));
#7838=CARTESIAN_POINT('Origin',(2.50250004695729,18.0350000137463,12.0543378771401));
#7839=CARTESIAN_POINT('',(2.50250004695729,18.0350000137463,12.2793378771401));
#7840=CARTESIAN_POINT('Origin',(2.75026411370211,17.7,11.551843051568));
#7841=CARTESIAN_POINT('',(2.70509435141388,17.42395277335,10.6003447736567));
#7842=CARTESIAN_POINT('',(2.73925855750706,17.6169977871321,10.5664313528293));
#7843=CARTESIAN_POINT('',(2.70176917678454,17.42395277335,11.502989501));
#7844=CARTESIAN_POINT('',(2.7429694554722,17.6584766925844,11.5444944503044));
#7845=CARTESIAN_POINT('',(2.70251082952677,17.42395277335,11.3016620484845));
#7846=CARTESIAN_POINT('Origin',(2.50197396775479,17.3,11.0509182192297));
#7847=CARTESIAN_POINT('',(2.44639577048759,17.3,10.747113941662));
#7848=CARTESIAN_POINT('',(2.44639577048759,17.3,11.3543265877837));
#7849=CARTESIAN_POINT('',(2.44639577048759,17.3,10.8004558030605));
#7850=CARTESIAN_POINT('',(2.55683001728664,17.3,10.7475207608064));
#7851=CARTESIAN_POINT('',(2.62815838912679,17.3,10.7477835212095));
#7852=CARTESIAN_POINT('',(2.55459318963483,17.3,11.3547251668727));
#7853=CARTESIAN_POINT('',(2.5547906688883,17.3,11.3011178749958));
#7854=CARTESIAN_POINT('',(2.37578952138774,17.3,11.354066487546));
#7855=CARTESIAN_POINT('Origin',(2.5547906688883,17.45,11.3011178749958));
#7856=CARTESIAN_POINT('Origin',(2.55459318963483,17.45,11.3547251668727));
#7857=CARTESIAN_POINT('Origin',(2.55683001728664,17.45,10.7475207608064));
#7858=CARTESIAN_POINT('Origin',(2.74999997138977,16.8,4.10000018998981));
#7859=CARTESIAN_POINT('',(2.83623771830403,17.3435138330254,3.87045559893862));
#7860=CARTESIAN_POINT('Origin',(2.78597844127849,17.342186484436,3.70093879113784));
#7861=CARTESIAN_POINT('',(3.29680000369847,17.3319998882413,2.4));
#7862=CARTESIAN_POINT('',(3.49600000186265,17.4149998882413,13.));
#7863=CARTESIAN_POINT('',(2.69920003140271,17.3319998882413,2.4));
#7864=CARTESIAN_POINT('',(3.29680000369847,17.3319998882413,2.4));
#7865=CARTESIAN_POINT('',(2.74900003649294,17.4149998882413,13.));
#7866=CARTESIAN_POINT('',(2.74522466917312,17.3476371830879,4.39705211293719));
#7867=CARTESIAN_POINT('Origin',(2.92894440209733,17.2674644596085,3.90803341206539));
#7868=CARTESIAN_POINT('',(2.8386181832364,17.1949291412442,4.14846055344523));
#7869=CARTESIAN_POINT('Origin',(2.07857823456922,17.2000002220273,3.62312367413619));
#7870=CARTESIAN_POINT('',(1.98490308077212,17.2000002220273,3.65812318214829));
#7871=CARTESIAN_POINT('',(2.21428910968502,17.2000002220273,3.84349068888806));
#7872=CARTESIAN_POINT('Origin',(2.25632483100371,17.2,4.09885721165204));
#7873=CARTESIAN_POINT('',(2.29694667295777,17.3461535836452,4.20758037688201));
#7874=CARTESIAN_POINT('Origin',(2.34999998480082,17.3450708587558,4.3495760056384));
#7875=CARTESIAN_POINT('',(3.62623247695498,17.3740117847484,7.76537473463931));
#7876=CARTESIAN_POINT('Origin',(2.07479394378085,17.2725355403915,3.89871343314226));
#7877=CARTESIAN_POINT('',(2.19139849240635,17.3461788101727,4.21080207799286));
#7878=CARTESIAN_POINT('Origin',(2.25000003076717,17.4149998882413,13.));
#7879=CARTESIAN_POINT('',(1.70320000369847,17.3319998882413,2.4));
#7880=CARTESIAN_POINT('',(1.50400000186265,17.4149998882413,13.));
#7881=CARTESIAN_POINT('',(2.30000002682209,17.3319998882413,2.4));
#7882=CARTESIAN_POINT('Origin',(2.30316240790226,17.2,4.08135745764599));
#7883=CARTESIAN_POINT('Origin',(2.70319414830944,16.8,4.08241568187123));
#7884=CARTESIAN_POINT('',(3.13263544618834,17.1949291412442,2.93934399192884));
#7885=CARTESIAN_POINT('Origin',(2.74500653707573,17.1949291412442,4.11329153720807));
#7886=CARTESIAN_POINT('Origin',(1.52205416500277,17.3072331361496,8.43306074555267));
#7887=CARTESIAN_POINT('',(1.52205416500277,17.4141316079771,8.55232775902466));
#7888=CARTESIAN_POINT('',(1.52205416500277,17.4144662722993,8.30141790726415));
#7889=CARTESIAN_POINT('',(1.52205416500277,17.4142027986439,8.49895356141291));
#7890=CARTESIAN_POINT('',(1.52205416500277,17.4124629033177,8.30141790726414));
#7891=CARTESIAN_POINT('',(1.52205416500277,17.3608497042245,8.30141790726414));
#7892=CARTESIAN_POINT('',(1.52205416500277,17.4121282388283,8.55232775902466));
#7893=CARTESIAN_POINT('',(1.52205416500277,17.4107955549554,9.5514881824843));
#7894=CARTESIAN_POINT('',(1.52205416500277,17.1914802149139,8.55232775902466));
#7895=CARTESIAN_POINT('Origin',(3.48205412120276,17.2,8.5647035838412));
#7896=CARTESIAN_POINT('',(2.62020701399689,17.4141151010644,8.5647035838412));
#7897=CARTESIAN_POINT('',(2.62020701399689,17.1914802149139,8.5647035838412));
#7898=CARTESIAN_POINT('',(2.62020701399689,17.1914802149139,8.5647035838412));
#7899=CARTESIAN_POINT('',(2.36971480056043,17.4141151010644,8.5647035838412));
#7900=CARTESIAN_POINT('',(3.48205412120276,17.4141151010644,8.5647035838412));
#7901=CARTESIAN_POINT('',(2.36971480056043,17.1914802149139,8.5647035838412));
#7902=CARTESIAN_POINT('',(2.36971480056043,17.1914802149139,8.5647035838412));
#7903=CARTESIAN_POINT('',(2.7549610649692,17.1914802149139,8.5647035838412));
#7904=CARTESIAN_POINT('Origin',(2.62020701399689,17.1914802149139,8.8397035838412));
#7905=CARTESIAN_POINT('',(2.89509872704087,17.1914802149139,8.83198697190669));
#7906=CARTESIAN_POINT('Origin',(2.62020701399689,17.1914802149139,8.8397035838412));
#7907=CARTESIAN_POINT('',(2.89509872704087,17.4137585976698,8.83198697190669));
#7908=CARTESIAN_POINT('',(2.89509872704087,17.1914802149139,8.83198697190669));
#7909=CARTESIAN_POINT('Origin',(2.62020701399689,17.4137483052293,8.8397035838412));
#7910=CARTESIAN_POINT('Origin',(3.5,17.4,12.7999774261767));
#7911=CARTESIAN_POINT('',(4.18495316177904,17.7512292680502,12.7999774261767));
#7912=CARTESIAN_POINT('',(3.5,17.4,12.7999774261767));
#7913=CARTESIAN_POINT('Origin',(3.5,17.4172172159552,12.8000003905516));
#7914=CARTESIAN_POINT('',(4.18839717079806,17.7529080841233,12.8004481360509));
#7915=CARTESIAN_POINT('Origin',(1.5,17.4,12.799977034854));
#7916=CARTESIAN_POINT('',(1.5,17.4,12.799977034854));
#7917=CARTESIAN_POINT('',(1.50539145321071,17.4145881233187,12.7999964925469));
#7918=CARTESIAN_POINT('Origin',(1.74496090727866,17.1914802149139,8.82216582944458));
#7919=CARTESIAN_POINT('',(1.45565184148578,17.6091282781317,8.62518800213894));
#7920=CARTESIAN_POINT('',(1.67666167634663,18.0914802149139,8.47889448625659));
#7921=CARTESIAN_POINT('Origin',(1.74496090727866,18.163505024712,8.82216582944458));
#7922=CARTESIAN_POINT('',(1.74368432148822,18.0914802149139,9.17216350133501));
#7923=CARTESIAN_POINT('Origin',(1.74496090727866,18.0914802149139,8.82216582944458));
#7924=CARTESIAN_POINT('',(1.47197713790838,17.5601161897602,9.04120888836313));
#7925=CARTESIAN_POINT('Origin',(1.74496090727866,18.163505024712,8.82216582944458));
#7926=CARTESIAN_POINT('',(1.39496090727866,17.6192824635789,8.82216582944458));
#7927=CARTESIAN_POINT('Origin',(1.74496090727866,17.4486298675288,8.82216582944458));
#7928=CARTESIAN_POINT('',(1.39496090727866,17.4737443585837,8.82216582944458));
#7929=CARTESIAN_POINT('',(1.39496090727866,17.1914802149139,8.82216582944458));
#7930=CARTESIAN_POINT('Origin',(1.74496090727866,17.3030696024322,8.82216582944458));
#7931=CARTESIAN_POINT('',(2.09482308751645,17.1914802149139,8.83198697190669));
#7932=CARTESIAN_POINT('Origin',(1.74496090727866,17.1914802149139,8.82216582944458));
#7933=CARTESIAN_POINT('',(2.09482308751645,17.4137585976698,8.83198697190669));
#7934=CARTESIAN_POINT('',(2.09482308751645,17.1914802149139,8.83198697190669));
#7935=CARTESIAN_POINT('Origin',(1.74496090727866,17.4137716971394,8.82216582944458));
#7936=CARTESIAN_POINT('Origin',(1.74496090727866,17.3030696024322,8.82216582944458));
#7937=CARTESIAN_POINT('Origin',(1.74496090727866,17.4486298675288,8.82216582944458));
#7938=CARTESIAN_POINT('Origin',(1.5,17.417217249163,12.799977034854));
#7939=CARTESIAN_POINT('',(1.5020525535486,17.4162163375161,12.799977034854));
#7940=CARTESIAN_POINT('Origin',(3.48205412120277,17.4087575563708,12.5814470959862));
#7941=CARTESIAN_POINT('',(3.48205412120277,17.4099909354438,11.6567385451854));
#7942=CARTESIAN_POINT('Ctrl Pts',(1.00917748919705,19.2962028447966,14.1));
#7943=CARTESIAN_POINT('Ctrl Pts',(1.24695730092068,18.9357064242064,13.8892061240562));
#7944=CARTESIAN_POINT('Ctrl Pts',(1.48473711264432,18.5752100036162,13.6784122481124));
#7945=CARTESIAN_POINT('Ctrl Pts',(1.72251692436795,18.2147135830259,13.4676183721686));
#7946=CARTESIAN_POINT('Ctrl Pts',(1.10624784721061,19.4071403968121,14.1));
#7947=CARTESIAN_POINT('Ctrl Pts',(1.31935352276188,19.0714070427364,13.8892061240562));
#7948=CARTESIAN_POINT('Ctrl Pts',(1.53245919831315,18.7356736886607,13.6784122481124));
#7949=CARTESIAN_POINT('Ctrl Pts',(1.74556487386442,18.3999403345849,13.4676183721686));
#7950=CARTESIAN_POINT('Ctrl Pts',(1.20331820522417,19.5180779488276,14.1));
#7951=CARTESIAN_POINT('Ctrl Pts',(1.39174974460307,19.2071076612664,13.8892061240562));
#7952=CARTESIAN_POINT('Ctrl Pts',(1.58018128398198,18.8961373737052,13.6784122481124));
#7953=CARTESIAN_POINT('Ctrl Pts',(1.76861282336088,18.5851670861439,13.4676183721686));
#7954=CARTESIAN_POINT('Ctrl Pts',(1.30038856323773,19.6290155008431,14.1));
#7955=CARTESIAN_POINT('Ctrl Pts',(1.46414596644427,19.3428082797964,13.8892061240562));
#7956=CARTESIAN_POINT('Ctrl Pts',(1.62790336965081,19.0566010587497,13.6784122481124));
#7957=CARTESIAN_POINT('Ctrl Pts',(1.79166077285735,18.7703938377029,13.4676183721686));
#7958=CARTESIAN_POINT('',(1.12506991391876,19.1204990960939,13.9972603551895));
#7959=CARTESIAN_POINT('',(1.62545631047086,18.8769672996724,13.6391064204786));
#7960=CARTESIAN_POINT('Ctrl Pts',(1.12506991391841,19.1204990960943,13.9972603551897));
#7961=CARTESIAN_POINT('Ctrl Pts',(1.31919001356776,19.0259889364369,13.8849586753254));
#7962=CARTESIAN_POINT('Ctrl Pts',(1.48557796230691,18.945009485783,13.7657826860183));
#7963=CARTESIAN_POINT('Ctrl Pts',(1.62545631047086,18.8769672996724,13.6391064204786));
#7964=CARTESIAN_POINT('',(1.0091774891971,19.2962028447967,14.1));
#7965=CARTESIAN_POINT('',(1.79166077285734,18.7703938377029,13.4676183721686));
#7966=CARTESIAN_POINT('',(1.30038856323773,19.6290155008431,14.1));
#7967=CARTESIAN_POINT('Ctrl Pts',(1.79166077285734,18.770393837703,13.4676183721686));
#7968=CARTESIAN_POINT('Ctrl Pts',(1.79146262880491,18.770550857044,13.4678485269295));
#7969=CARTESIAN_POINT('Ctrl Pts',(1.79126440017474,18.7707078197317,13.4680786829771));
#7970=CARTESIAN_POINT('Ctrl Pts',(1.74416360526007,18.8079740953421,13.5227426341159));
#7971=CARTESIAN_POINT('Ctrl Pts',(1.68912485154803,18.8446050608378,13.5811550378618));
#7972=CARTESIAN_POINT('Ctrl Pts',(1.62545631047086,18.8769672996724,13.6391064204786));
#7973=CARTESIAN_POINT('Origin',(1.02693794737448,17.6481902222203,12.5840744282469));
#7974=CARTESIAN_POINT('',(1.52205416500277,17.4067506801906,12.5840744282695));
#7975=CARTESIAN_POINT('Origin',(1.50400000186265,17.4149998882413,13.));
#7976=CARTESIAN_POINT('',(0.12767461621197,18.0861541727587,13.));
#7977=CARTESIAN_POINT('',(0.127781856756978,18.0862379835277,12.8979566635434));
#7978=CARTESIAN_POINT('',(0.129085212161375,18.0872565835237,11.6577658938654));
#7979=CARTESIAN_POINT('',(0.123205705417036,18.0883334020736,13.));
#7980=CARTESIAN_POINT('',(0.123205705417036,18.0883334020736,13.));
#7981=CARTESIAN_POINT('',(1.50400000186265,17.4149998882413,13.));
#7982=CARTESIAN_POINT('Ctrl Pts',(4.66895968250803,18.5211889342765,14.1));
#7983=CARTESIAN_POINT('Ctrl Pts',(4.42867795078092,18.2259492764251,13.7333333333333));
#7984=CARTESIAN_POINT('Ctrl Pts',(4.18839621905382,17.9307096185737,13.3666666666667));
#7985=CARTESIAN_POINT('Ctrl Pts',(3.94811448732672,17.6354699607222,13.));
#7986=CARTESIAN_POINT('Ctrl Pts',(4.79122824865335,18.3814534301105,14.1));
#7987=CARTESIAN_POINT('Ctrl Pts',(4.61337697868552,18.1831104320801,13.7333333333333));
#7988=CARTESIAN_POINT('Ctrl Pts',(4.43552570871769,17.9847674340497,13.3666666666667));
#7989=CARTESIAN_POINT('Ctrl Pts',(4.25767443874986,17.7864244360194,13.));
#7990=CARTESIAN_POINT('Ctrl Pts',(4.91349681479867,18.2417179259444,14.1));
#7991=CARTESIAN_POINT('Ctrl Pts',(4.79807600659011,18.1402715877351,13.7333333333333));
#7992=CARTESIAN_POINT('Ctrl Pts',(4.68265519838155,18.0388252495258,13.3666666666667));
#7993=CARTESIAN_POINT('Ctrl Pts',(4.56723439017299,17.9373789113165,13.));
#7994=CARTESIAN_POINT('Ctrl Pts',(5.035765380944,18.1019824217783,14.1));
#7995=CARTESIAN_POINT('Ctrl Pts',(4.98277503449471,18.0974327433901,13.7333333333333));
#7996=CARTESIAN_POINT('Ctrl Pts',(4.92978468804542,18.0928830650018,13.3666666666667));
#7997=CARTESIAN_POINT('Ctrl Pts',(4.87679434159613,18.0883333866136,13.));
#7998=CARTESIAN_POINT('',(4.88339740952047,18.0826291066025,13.2115593729366));
#7999=CARTESIAN_POINT('',(4.66895968250803,18.5211889342765,14.1));
#8000=CARTESIAN_POINT('Ctrl Pts',(4.88339740952047,18.0826291066025,13.2115593729367));
#8001=CARTESIAN_POINT('Ctrl Pts',(4.884189536407,18.0808677452675,13.3142404901407));
#8002=CARTESIAN_POINT('Ctrl Pts',(4.88336568400355,18.0824402722576,13.4019124225832));
#8003=CARTESIAN_POINT('Ctrl Pts',(4.8776482926523,18.0939228919746,13.5833222837999));
#8004=CARTESIAN_POINT('Ctrl Pts',(4.87124670507553,18.1069370605363,13.6684090877094));
#8005=CARTESIAN_POINT('Ctrl Pts',(4.85432575538131,18.1414744274819,13.7900299696975));
#8006=CARTESIAN_POINT('Ctrl Pts',(4.84470466227466,18.1611392852442,13.8387632344497));
#8007=CARTESIAN_POINT('Ctrl Pts',(4.81595195547063,18.2199773591411,13.93229384271));
#8008=CARTESIAN_POINT('Ctrl Pts',(4.79710861406098,18.258566877213,13.9714993535727));
#8009=CARTESIAN_POINT('Ctrl Pts',(4.74743184864242,18.3603432314055,14.0428614794066));
#8010=CARTESIAN_POINT('Ctrl Pts',(4.71309376389385,18.4307180682994,14.0742415769725));
#8011=CARTESIAN_POINT('Ctrl Pts',(4.66895968250803,18.5211889342765,14.1));
#8012=CARTESIAN_POINT('',(5.03576538094399,18.1019824217783,14.1));
#8013=CARTESIAN_POINT('',(2.5,21.,14.1));
#8014=CARTESIAN_POINT('',(4.87679434159613,18.0883333866136,13.));
#8015=CARTESIAN_POINT('',(5.03576538094399,18.1019824217783,14.1));
#8016=CARTESIAN_POINT('Ctrl Pts',(4.88339740952047,18.0826291066025,13.2115593729366));
#8017=CARTESIAN_POINT('Ctrl Pts',(4.8808944343639,18.0831032383461,13.1438056151914));
#8018=CARTESIAN_POINT('Ctrl Pts',(4.87869502392207,18.0850008198983,13.0733555505923));
#8019=CARTESIAN_POINT('Ctrl Pts',(4.87679434159613,18.0883333866136,13.0000000000002));
#8020=CARTESIAN_POINT('Ctrl Pts',(7.52119586327042,17.0150000346303,15.05));
#8021=CARTESIAN_POINT('Ctrl Pts',(7.01413057551362,17.0100000230869,14.7333333333333));
#8022=CARTESIAN_POINT('Ctrl Pts',(6.50706528775681,17.0050000115434,14.4166666666667));
#8023=CARTESIAN_POINT('Ctrl Pts',(6.,17.,14.1));
#8024=CARTESIAN_POINT('Ctrl Pts',(6.68403797294547,18.4650000346303,15.05));
#8025=CARTESIAN_POINT('Ctrl Pts',(6.26158087085253,18.1988889119758,14.7333333333333));
#8026=CARTESIAN_POINT('Ctrl Pts',(5.8391237687596,17.9327777893212,14.4166666666667));
#8027=CARTESIAN_POINT('Ctrl Pts',(5.41666666666667,17.6666666666667,14.1));
#8028=CARTESIAN_POINT('Ctrl Pts',(5.84688008262051,19.9150000346303,15.05));
#8029=CARTESIAN_POINT('Ctrl Pts',(5.50903116619145,19.3877778008646,14.7333333333333));
#8030=CARTESIAN_POINT('Ctrl Pts',(5.17118224976239,18.860555567099,14.4166666666667));
#8031=CARTESIAN_POINT('Ctrl Pts',(4.83333333333333,18.3333333333333,14.1));
#8032=CARTESIAN_POINT('Ctrl Pts',(5.00972219229555,21.3650000346303,15.05));
#8033=CARTESIAN_POINT('Ctrl Pts',(4.75648146153037,20.5766666897535,14.7333333333333));
#8034=CARTESIAN_POINT('Ctrl Pts',(4.50324073076518,19.7883333448768,14.4166666666667));
#8035=CARTESIAN_POINT('Ctrl Pts',(4.25,19.,14.1));
#8036=CARTESIAN_POINT('',(4.34238334382377,19.1907782508625,14.1875689405251));
#8037=CARTESIAN_POINT('Ctrl Pts',(4.66895968250803,18.5211889342765,14.1));
#8038=CARTESIAN_POINT('Ctrl Pts',(4.58613995123557,18.6909932708214,14.124798776964));
#8039=CARTESIAN_POINT('Ctrl Pts',(4.50153695564064,18.8644564565848,14.1477840724877));
#8040=CARTESIAN_POINT('Ctrl Pts',(4.41763498106157,19.0364852709186,14.168978137988));
#8041=CARTESIAN_POINT('Ctrl Pts',(4.392465535506,19.0880915638346,14.1753360679461));
#8042=CARTESIAN_POINT('Ctrl Pts',(4.36735928872935,19.1395684274753,14.1815328018918));
#8043=CARTESIAN_POINT('Ctrl Pts',(4.34238334382406,19.1907782508619,14.1875689405313));
#8044=CARTESIAN_POINT('',(4.32150230443253,19.2225852478366,14.1894105633609));
#8045=CARTESIAN_POINT('Ctrl Pts',(4.34238334382404,19.190778250862,14.1875689405313));
#8046=CARTESIAN_POINT('Ctrl Pts',(4.33958084444649,19.1965243987869,14.1882462429448));
#8047=CARTESIAN_POINT('Ctrl Pts',(4.33640407574481,19.2021056561656,14.1887417154261));
#8048=CARTESIAN_POINT('Ctrl Pts',(4.33286453572999,19.2074842944287,14.1890496673481));
#8049=CARTESIAN_POINT('Ctrl Pts',(4.32939161348768,19.2127617012045,14.1893518232992));
#8050=CARTESIAN_POINT('Ctrl Pts',(4.32559555487059,19.2178043123365,14.1894711764468));
#8051=CARTESIAN_POINT('Ctrl Pts',(4.32150230443256,19.2225852478366,14.1894105633609));
#8052=CARTESIAN_POINT('',(4.32363402251397,19.2292212437145,14.1920761853447));
#8053=CARTESIAN_POINT('Ctrl Pts',(4.32363402251404,19.2292212437145,14.1920761853447));
#8054=CARTESIAN_POINT('Ctrl Pts',(4.32292344982022,19.2270092450885,14.1911876446834));
#8055=CARTESIAN_POINT('Ctrl Pts',(4.3222128771264,19.2247972464626,14.1902991040222));
#8056=CARTESIAN_POINT('Ctrl Pts',(4.32150230443259,19.2225852478366,14.1894105633609));
#8057=CARTESIAN_POINT('',(5.00972219229555,21.3650000346303,15.05));
#8058=CARTESIAN_POINT('',(5.46453661532976,17.6119581539088,14.1));
#8059=CARTESIAN_POINT('',(2.5,21.,14.1));
#8060=CARTESIAN_POINT('',(2.5,21.,14.1));
#8061=CARTESIAN_POINT('Origin',(1.52205416500277,17.2,8.30141790726414));
#8062=CARTESIAN_POINT('',(1.47510006995228,17.4353596996693,8.30141790726414));
#8063=CARTESIAN_POINT('',(3.48205412120276,17.4144662722993,8.30141790726414));
#8064=CARTESIAN_POINT('',(3.48205412120276,17.4144662722993,8.30141790726414));
#8065=CARTESIAN_POINT('',(3.60940242438485,17.4765666706178,8.30141790726415));
#8066=CARTESIAN_POINT('',(1.9120543007933,17.1914802149139,8.30141790726414));
#8067=CARTESIAN_POINT('Origin',(4.56504000186265,16.9999998882413,13.));
#8068=CARTESIAN_POINT('',(4.73934000186265,17.6094666473298,13.));
#8069=CARTESIAN_POINT('',(4.56504000186265,16.9999998882413,13.));
#8070=CARTESIAN_POINT('',(4.29147200369847,17.4875732955121,2.4));
#8071=CARTESIAN_POINT('',(4.15203200369847,16.9999998882413,2.4));
#8072=CARTESIAN_POINT('',(4.73934000186265,17.6094666473298,13.));
#8073=CARTESIAN_POINT('Ctrl Pts',(5.46453661532976,17.6119581539088,14.1));
#8074=CARTESIAN_POINT('Ctrl Pts',(5.22280441084072,17.6111276517158,13.7333333333333));
#8075=CARTESIAN_POINT('Ctrl Pts',(4.98107220635168,17.6102971495228,13.3666666666667));
#8076=CARTESIAN_POINT('Ctrl Pts',(4.73934000186265,17.6094666473298,13.));
#8077=CARTESIAN_POINT('Ctrl Pts',(5.64302441021984,17.4079721026059,14.1));
#8078=CARTESIAN_POINT('Ctrl Pts',(5.32242960743411,17.4074184220596,13.7333333333333));
#8079=CARTESIAN_POINT('Ctrl Pts',(5.00183480464838,17.4068647415133,13.3666666666667));
#8080=CARTESIAN_POINT('Ctrl Pts',(4.68124000186265,17.406311060967,13.));
#8081=CARTESIAN_POINT('Ctrl Pts',(5.82151220510992,17.2039860513029,14.1));
#8082=CARTESIAN_POINT('Ctrl Pts',(5.4220548040275,17.2037091924033,13.7333333333333));
#8083=CARTESIAN_POINT('Ctrl Pts',(5.02259740294507,17.2034323335037,13.3666666666667));
#8084=CARTESIAN_POINT('Ctrl Pts',(4.62314000186265,17.2031554746041,13.));
#8085=CARTESIAN_POINT('Ctrl Pts',(6.,17.,14.1));
#8086=CARTESIAN_POINT('Ctrl Pts',(5.52168000062088,16.9999999627471,13.7333333333333));
#8087=CARTESIAN_POINT('Ctrl Pts',(5.04336000124176,16.9999999254942,13.3666666666667));
#8088=CARTESIAN_POINT('Ctrl Pts',(4.56504000186265,16.9999998882413,13.));
#8089=CARTESIAN_POINT('',(5.46453661532976,17.6119581539088,14.1));
#8090=CARTESIAN_POINT('Ctrl Pts',(5.03576538094399,18.1019824217783,14.1));
#8091=CARTESIAN_POINT('Ctrl Pts',(4.98277503449471,18.0974327433901,13.7333333333333));
#8092=CARTESIAN_POINT('Ctrl Pts',(4.92978468804542,18.0928830650018,13.3666666666667));
#8093=CARTESIAN_POINT('Ctrl Pts',(4.87679434159613,18.0883333866136,13.));
#8094=CARTESIAN_POINT('Ctrl Pts',(5.17868912573925,17.9386409991551,14.1));
#8095=CARTESIAN_POINT('Ctrl Pts',(5.06278482661004,17.9353310461653,13.7333333333333));
#8096=CARTESIAN_POINT('Ctrl Pts',(4.94688052748084,17.9320210931755,13.3666666666667));
#8097=CARTESIAN_POINT('Ctrl Pts',(4.83097622835163,17.9287111401857,13.));
#8098=CARTESIAN_POINT('Ctrl Pts',(5.32161287053451,17.775299576532,14.1));
#8099=CARTESIAN_POINT('Ctrl Pts',(5.14279461872538,17.7732293489406,13.7333333333333));
#8100=CARTESIAN_POINT('Ctrl Pts',(4.96397636691626,17.7711591213491,13.3666666666667));
#8101=CARTESIAN_POINT('Ctrl Pts',(4.78515811510714,17.7690888937577,13.));
#8102=CARTESIAN_POINT('Ctrl Pts',(5.46453661532976,17.6119581539088,14.1));
#8103=CARTESIAN_POINT('Ctrl Pts',(5.22280441084072,17.6111276517158,13.7333333333333));
#8104=CARTESIAN_POINT('Ctrl Pts',(4.98107220635168,17.6102971495228,13.3666666666667));
#8105=CARTESIAN_POINT('Ctrl Pts',(4.73934000186265,17.6094666473298,13.));
#8106=CARTESIAN_POINT('',(4.73934000186265,17.6094666473298,13.));
#8107=CARTESIAN_POINT('Origin',(3.81096728875664,18.,13.4596805331549));
#8108=CARTESIAN_POINT('',(3.43469789577465,17.815034866779,8.79112280767314));
#8109=CARTESIAN_POINT('',(3.43673715483137,17.8160211360832,8.76540430308559));
#8110=CARTESIAN_POINT('',(3.19204221059965,17.697676626798,11.8514213090111));
#8111=CARTESIAN_POINT('Origin',(3.24496090727866,17.7225211664858,8.82216582944458));
#8112=CARTESIAN_POINT('Ctrl Pts',(3.43469789574804,17.815034866766,8.79112280767052));
#8113=CARTESIAN_POINT('Ctrl Pts',(3.38364758880514,17.790164828802,8.86738416862065));
#8114=CARTESIAN_POINT('Ctrl Pts',(3.33401730470738,17.7659870466341,8.94299714109567));
#8115=CARTESIAN_POINT('Ctrl Pts',(3.28585675136499,17.7425257529931,9.01794001041968));
#8116=CARTESIAN_POINT('Origin',(2.36971480056043,17.1914802149139,8.8397035838412));
#8117=CARTESIAN_POINT('Origin',(2.36971480056043,17.4137483052293,8.8397035838412));
#8118=CARTESIAN_POINT('Origin',(2.36971480056043,17.1914802149139,8.8397035838412));
#8119=CARTESIAN_POINT('Origin',(1.74496090727866,17.1914802149139,8.82216582944458));
#8120=CARTESIAN_POINT('Origin',(3.24496090727866,17.1914802149139,8.82216582944458));
#8121=CARTESIAN_POINT('',(1.54496090727866,17.1914802149139,8.82216582944458));
#8122=CARTESIAN_POINT('Origin',(1.74496090727866,17.1914802149139,8.82216582944458));
#8123=CARTESIAN_POINT('Ctrl Pts',(0.708528002313256,17.4875733024381,2.4));
#8124=CARTESIAN_POINT('Ctrl Pts',(1.27331091810244,17.3329866418915,1.6));
#8125=CARTESIAN_POINT('Ctrl Pts',(1.83809383389163,17.1783999813448,0.8));
#8126=CARTESIAN_POINT('Ctrl Pts',(2.40287674968082,17.0238133207982,0.));
#8127=CARTESIAN_POINT('Ctrl Pts',(0.755008000928044,17.3250488402739,2.4));
#8128=CARTESIAN_POINT('Ctrl Pts',(1.30366107741571,17.2220423782294,1.6));
#8129=CARTESIAN_POINT('Ctrl Pts',(1.85231513943572,17.1190357781071,0.800000000000001));
#8130=CARTESIAN_POINT('Ctrl Pts',(2.40096821592339,17.0160293160625,0.));
#8131=CARTESIAN_POINT('Ctrl Pts',(0.801487999542832,17.1625243781097,2.4));
#8132=CARTESIAN_POINT('Ctrl Pts',(1.33432502010922,17.1110213535264,1.6));
#8133=CARTESIAN_POINT('Ctrl Pts',(1.86716303073692,17.0595182283543,0.799999999999999));
#8134=CARTESIAN_POINT('Ctrl Pts',(2.40000005130332,17.0080152037709,0.));
#8135=CARTESIAN_POINT('Ctrl Pts',(0.84796799815762,16.9999999159455,2.4));
#8136=CARTESIAN_POINT('Ctrl Pts',(1.36531199877243,17.0000001573305,1.6));
#8137=CARTESIAN_POINT('Ctrl Pts',(1.88265599938724,17.0000003987156,0.8));
#8138=CARTESIAN_POINT('Ctrl Pts',(2.40000000000205,17.0000006401006,0.));
#8139=CARTESIAN_POINT('',(0.708528002313256,17.4875733024381,2.4));
#8140=CARTESIAN_POINT('Ctrl Pts',(0.598564566541981,17.8706666993071,2.4));
#8141=CARTESIAN_POINT('Ctrl Pts',(1.20206933618672,17.5943223027129,1.6));
#8142=CARTESIAN_POINT('Ctrl Pts',(1.80557410583146,17.3179779061187,0.8));
#8143=CARTESIAN_POINT('Ctrl Pts',(2.4090788754762,17.0416335095245,0.));
#8144=CARTESIAN_POINT('Ctrl Pts',(0.635219045132406,17.7429689003508,2.4));
#8145=CARTESIAN_POINT('Ctrl Pts',(1.22563138337233,17.5072814657618,1.6));
#8146=CARTESIAN_POINT('Ctrl Pts',(1.81604407842282,17.2715939009922,0.800000000000001));
#8147=CARTESIAN_POINT('Ctrl Pts',(2.40645641666274,17.0359064664032,0.));
#8148=CARTESIAN_POINT('Ctrl Pts',(0.671873523722831,17.6152711013945,2.4));
#8149=CARTESIAN_POINT('Ctrl Pts',(1.24937447236883,17.4201577842466,1.6));
#8150=CARTESIAN_POINT('Ctrl Pts',(1.82687578154854,17.2250443476155,0.799999999999999));
#8151=CARTESIAN_POINT('Ctrl Pts',(2.40437673019454,17.0299310304676,0.));
#8152=CARTESIAN_POINT('Ctrl Pts',(0.708528002313256,17.4875733024381,2.4));
#8153=CARTESIAN_POINT('Ctrl Pts',(1.27331091810244,17.3329866418915,1.6));
#8154=CARTESIAN_POINT('Ctrl Pts',(1.83809383389163,17.1783999813448,0.8));
#8155=CARTESIAN_POINT('Ctrl Pts',(2.40287674968082,17.0238133207982,0.));
#8156=CARTESIAN_POINT('',(0.598564566541981,17.8706666993071,2.4));
#8157=CARTESIAN_POINT('',(0.708528002313256,17.4875733024381,2.4));
#8158=CARTESIAN_POINT('',(0.598564566541981,17.8706666993071,2.4));
#8159=CARTESIAN_POINT('Ctrl Pts',(1.70320000369847,17.3319998882413,2.4));
#8160=CARTESIAN_POINT('Ctrl Pts',(1.94388986310645,17.2434826621652,1.6));
#8161=CARTESIAN_POINT('Ctrl Pts',(2.18457972251444,17.1549654360892,0.8));
#8162=CARTESIAN_POINT('Ctrl Pts',(2.42526958192243,17.0664482100131,0.));
#8163=CARTESIAN_POINT('Ctrl Pts',(1.33498819131297,17.5115554919299,2.4));
#8164=CARTESIAN_POINT('Ctrl Pts',(1.69621901240661,17.3607174961967,1.6));
#8165=CARTESIAN_POINT('Ctrl Pts',(2.05745175288098,17.2098781829009,0.800000000000001));
#8166=CARTESIAN_POINT('Ctrl Pts',(2.41868257397462,17.0590401871676,0.));
#8167=CARTESIAN_POINT('Ctrl Pts',(0.966776378927477,17.6911110956185,2.4));
#8168=CARTESIAN_POINT('Ctrl Pts',(1.44891892736394,17.4776233112097,1.6));
#8169=CARTESIAN_POINT('Ctrl Pts',(1.93106345488981,17.2641343007509,0.799999999999999));
#8170=CARTESIAN_POINT('Ctrl Pts',(2.41320600332627,17.050646516342,0.));
#8171=CARTESIAN_POINT('Ctrl Pts',(0.598564566541981,17.8706666993071,2.4));
#8172=CARTESIAN_POINT('Ctrl Pts',(1.20206933618672,17.5943223027129,1.6));
#8173=CARTESIAN_POINT('Ctrl Pts',(1.80557410583146,17.3179779061187,0.8));
#8174=CARTESIAN_POINT('Ctrl Pts',(2.4090788754762,17.0416335095245,0.));
#8175=CARTESIAN_POINT('',(1.70320000369847,17.3319998882413,2.4));
#8176=CARTESIAN_POINT('',(1.70320000369847,17.3319998882413,2.4));
#8177=CARTESIAN_POINT('Ctrl Pts',(2.30000002682209,17.3319998882413,2.4));
#8178=CARTESIAN_POINT('Ctrl Pts',(2.34520344694387,17.2468369946844,1.6));
#8179=CARTESIAN_POINT('Ctrl Pts',(2.39040686706565,17.1616741011275,0.8));
#8180=CARTESIAN_POINT('Ctrl Pts',(2.43561028718743,17.0765112075706,0.));
#8181=CARTESIAN_POINT('Ctrl Pts',(2.10106668578088,17.3319998882413,2.4));
#8182=CARTESIAN_POINT('Ctrl Pts',(2.21135348425313,17.2458038229939,1.6));
#8183=CARTESIAN_POINT('Ctrl Pts',(2.32164037203861,17.1596076638511,0.800000000000001));
#8184=CARTESIAN_POINT('Ctrl Pts',(2.43192717051085,17.0734115986036,0.));
#8185=CARTESIAN_POINT('Ctrl Pts',(1.90213334473968,17.3319998882413,2.4));
#8186=CARTESIAN_POINT('Ctrl Pts',(2.07757829380658,17.2446818236313,1.6));
#8187=CARTESIAN_POINT('Ctrl Pts',(2.25302333430331,17.1573636671857,0.799999999999999));
#8188=CARTESIAN_POINT('Ctrl Pts',(2.42846828337022,17.0700456025757,0.));
#8189=CARTESIAN_POINT('Ctrl Pts',(1.70320000369847,17.3319998882413,2.4));
#8190=CARTESIAN_POINT('Ctrl Pts',(1.94388986310645,17.2434826621652,1.6));
#8191=CARTESIAN_POINT('Ctrl Pts',(2.18457972251444,17.1549654360892,0.8));
#8192=CARTESIAN_POINT('Ctrl Pts',(2.42526958192243,17.0664482100131,0.));
#8193=CARTESIAN_POINT('',(2.30000002682209,17.3319998882413,2.4));
#8194=CARTESIAN_POINT('Ctrl Pts',(2.22394795646933,17.9083847136506,2.4));
#8195=CARTESIAN_POINT('Ctrl Pts',(2.29829024820749,17.6338511520052,1.6));
#8196=CARTESIAN_POINT('Ctrl Pts',(2.37263253994566,17.3593175903598,0.799999999999998));
#8197=CARTESIAN_POINT('Ctrl Pts',(2.44697483168382,17.0847840287144,0.));
#8198=CARTESIAN_POINT('Ctrl Pts',(2.24929864658692,17.7162564385142,2.4));
#8199=CARTESIAN_POINT('Ctrl Pts',(2.31386538357379,17.5049368036438,1.6));
#8200=CARTESIAN_POINT('Ctrl Pts',(2.37843218819507,17.2936170736613,0.799999999999999));
#8201=CARTESIAN_POINT('Ctrl Pts',(2.44299892518194,17.0822974387909,0.));
#8202=CARTESIAN_POINT('Ctrl Pts',(2.2746493367045,17.5241281633777,2.4));
#8203=CARTESIAN_POINT('Ctrl Pts',(2.32949894912524,17.3759290509063,1.6));
#8204=CARTESIAN_POINT('Ctrl Pts',(2.38434863127524,17.2277298448477,0.8));
#8205=CARTESIAN_POINT('Ctrl Pts',(2.43919824369598,17.0795307323763,0.));
#8206=CARTESIAN_POINT('Ctrl Pts',(2.30000002682209,17.3319998882413,2.4));
#8207=CARTESIAN_POINT('Ctrl Pts',(2.34520344694387,17.2468369946844,1.6));
#8208=CARTESIAN_POINT('Ctrl Pts',(2.39040686706565,17.1616741011275,0.8));
#8209=CARTESIAN_POINT('Ctrl Pts',(2.43561028718743,17.0765112075706,0.));
#8210=CARTESIAN_POINT('',(2.22394795646933,17.9083847136506,2.4));
#8211=CARTESIAN_POINT('Origin',(2.44639577048759,17.45,10.8004558030605));
#8212=CARTESIAN_POINT('',(2.29867460753576,17.42395277335,11.5015045758746));
#8213=CARTESIAN_POINT('Origin',(2.44639577048759,17.45,11.3543265877837));
#8214=CARTESIAN_POINT('',(2.29867460753576,17.42395277335,10.5988475992089));
#8215=CARTESIAN_POINT('',(2.29867460753576,17.42395277335,10.8004558030605));
#8216=CARTESIAN_POINT('Origin',(2.44639577048759,17.45,10.747113941662));
#8217=CARTESIAN_POINT('Ctrl Pts',(3.41778233820779,17.9330491600504,9.02219451613246));
#8218=CARTESIAN_POINT('Ctrl Pts',(3.42909776079661,17.8671139680947,8.88882842052749));
#8219=CARTESIAN_POINT('Ctrl Pts',(3.44041318338543,17.8011787761389,8.75546232492251));
#8220=CARTESIAN_POINT('Ctrl Pts',(3.45172860597424,17.7352435841832,8.62209622931753));
#8221=CARTESIAN_POINT('Ctrl Pts',(3.29368359969527,17.7562394830417,9.02219451613246));
#8222=CARTESIAN_POINT('Ctrl Pts',(3.30110606189182,17.686384547656,8.88882842052749));
#8223=CARTESIAN_POINT('Ctrl Pts',(3.30852852408836,17.6165296122703,8.75546232492251));
#8224=CARTESIAN_POINT('Ctrl Pts',(3.3159509862849,17.5466746768846,8.62209622931753));
#8225=CARTESIAN_POINT('Ctrl Pts',(3.16958486118276,17.579429806033,9.02219451613246));
#8226=CARTESIAN_POINT('Ctrl Pts',(3.17311436298703,17.5056551272174,8.88882842052749));
#8227=CARTESIAN_POINT('Ctrl Pts',(3.17664386479129,17.4318804484018,8.75546232492251));
#8228=CARTESIAN_POINT('Ctrl Pts',(3.18017336659556,17.3581057695861,8.62209622931753));
#8229=CARTESIAN_POINT('Ctrl Pts',(3.04548612267024,17.4026201290243,9.02219451613246));
#8230=CARTESIAN_POINT('Ctrl Pts',(3.04512266408223,17.3249257067787,8.88882842052749));
#8231=CARTESIAN_POINT('Ctrl Pts',(3.04475920549423,17.2472312845332,8.75546232492251));
#8232=CARTESIAN_POINT('Ctrl Pts',(3.04439574690622,17.1695368622876,8.62209622931753));
#8233=CARTESIAN_POINT('Ctrl Pts',(3.4388996557474,17.8099981317184,8.77330109939948));
#8234=CARTESIAN_POINT('Ctrl Pts',(3.4374989144847,17.8116775761171,8.7792405963652));
#8235=CARTESIAN_POINT('Ctrl Pts',(3.43609831666523,17.8133565025493,8.78518120645269));
#8236=CARTESIAN_POINT('Ctrl Pts',(3.43469789578877,17.8150348668197,8.79112280766495));
#8237=CARTESIAN_POINT('Ctrl Pts',(5.00972219229556,21.3650000346303,15.05));
#8238=CARTESIAN_POINT('Ctrl Pts',(4.75648146152552,20.5766666897384,14.7333333333273));
#8239=CARTESIAN_POINT('Ctrl Pts',(4.50324073075549,19.7883333448466,14.4166666666545));
#8240=CARTESIAN_POINT('Ctrl Pts',(4.24999999998546,18.9999999999547,14.0999999999818));
#8241=CARTESIAN_POINT('Ctrl Pts',(4.1725643019706,21.3650000346303,15.05));
#8242=CARTESIAN_POINT('Ctrl Pts',(4.00393175686606,20.7988889119649,14.7333333333273));
#8243=CARTESIAN_POINT('Ctrl Pts',(3.83529921176152,20.2327777892995,14.4166666666545));
#8244=CARTESIAN_POINT('Ctrl Pts',(3.66666666665699,19.6666666666342,14.0999999999818));
#8245=CARTESIAN_POINT('Ctrl Pts',(3.33540641164564,21.3650000346303,15.05));
#8246=CARTESIAN_POINT('Ctrl Pts',(3.2513820522066,21.0211111341914,14.7333333333273));
#8247=CARTESIAN_POINT('Ctrl Pts',(3.16735769276755,20.6772222337525,14.4166666666545));
#8248=CARTESIAN_POINT('Ctrl Pts',(3.08333333332851,20.3333333333136,14.0999999999818));
#8249=CARTESIAN_POINT('Ctrl Pts',(2.49824852132068,21.3650000346303,15.05));
#8250=CARTESIAN_POINT('Ctrl Pts',(2.49883234754713,21.2433333564179,14.7333333333273));
#8251=CARTESIAN_POINT('Ctrl Pts',(2.49941617377358,21.1216666782054,14.4166666666545));
#8252=CARTESIAN_POINT('Ctrl Pts',(2.50000000000003,20.999999999993,14.0999999999818));
#8253=CARTESIAN_POINT('',(3.69688562905506,19.6321307096514,14.1));
#8254=CARTESIAN_POINT('',(3.98758202653575,19.2999062553877,14.1));
#8255=CARTESIAN_POINT('',(2.5,21.,14.1));
#8256=CARTESIAN_POINT('',(2.5,21.,14.1));
#8257=CARTESIAN_POINT('',(4.14047536030953,19.2592558254402,14.1424254621491));
#8258=CARTESIAN_POINT('Ctrl Pts',(4.32150230443238,19.2225852478368,14.1894105633609));
#8259=CARTESIAN_POINT('Ctrl Pts',(4.31537348220249,19.2297431881856,14.1897339967541));
#8260=CARTESIAN_POINT('Ctrl Pts',(4.30856481196341,19.2363301864801,14.1896810330209));
#8261=CARTESIAN_POINT('Ctrl Pts',(4.2866883753366,19.2538001557137,14.1883610466633));
#8262=CARTESIAN_POINT('Ctrl Pts',(4.27035510609318,19.2624635411687,14.1860108306288));
#8263=CARTESIAN_POINT('Ctrl Pts',(4.23427489978902,19.2739551869938,14.1782435418851));
#8264=CARTESIAN_POINT('Ctrl Pts',(4.21488132656235,19.2760725044001,14.1726957544564));
#8265=CARTESIAN_POINT('Ctrl Pts',(4.17630509430004,19.2730951666481,14.1590711439259));
#8266=CARTESIAN_POINT('Ctrl Pts',(4.15751166075925,19.2677628198256,14.1510342113497));
#8267=CARTESIAN_POINT('Ctrl Pts',(4.14047536030939,19.2592558254401,14.142425462149));
#8268=CARTESIAN_POINT('',(4.05882502848058,19.2184856817365,14.1));
#8269=CARTESIAN_POINT('Ctrl Pts',(4.05882502848064,19.2184856817365,14.1));
#8270=CARTESIAN_POINT('Ctrl Pts',(4.08562647387398,19.2318678173257,14.1143205651192));
#8271=CARTESIAN_POINT('Ctrl Pts',(4.11284082137036,19.245456651829,14.128461232315));
#8272=CARTESIAN_POINT('Ctrl Pts',(4.14047536030953,19.2592558254402,14.1424254621491));
#8273=CARTESIAN_POINT('Ctrl Pts',(4.05882502848056,19.2184856817365,14.1));
#8274=CARTESIAN_POINT('Ctrl Pts',(4.03507736116562,19.2456258729535,14.1));
#8275=CARTESIAN_POINT('Ctrl Pts',(4.01132969385068,19.2727660641706,14.1));
#8276=CARTESIAN_POINT('Ctrl Pts',(3.98758202653574,19.2999062553877,14.1));
#8277=CARTESIAN_POINT('Ctrl Pts',(3.69688562905506,19.6321307096514,14.1));
#8278=CARTESIAN_POINT('Ctrl Pts',(3.53274224601361,19.3439294547798,13.8879887286085));
#8279=CARTESIAN_POINT('Ctrl Pts',(3.36859886297216,19.0557281999082,13.675977457217));
#8280=CARTESIAN_POINT('Ctrl Pts',(3.20445547993072,18.7675269450365,13.4639661858254));
#8281=CARTESIAN_POINT('Ctrl Pts',(3.79378442822529,19.5213892248854,14.1));
#8282=CARTESIAN_POINT('Ctrl Pts',(3.6047817660643,19.2081576624373,13.8879887286085));
#8283=CARTESIAN_POINT('Ctrl Pts',(3.41577910390331,18.8949260999892,13.675977457217));
#8284=CARTESIAN_POINT('Ctrl Pts',(3.22677644174232,18.5816945375411,13.4639661858254));
#8285=CARTESIAN_POINT('Ctrl Pts',(3.89068322739551,19.4106477401194,14.1));
#8286=CARTESIAN_POINT('Ctrl Pts',(3.67682128611498,19.0723858700948,13.8879887286085));
#8287=CARTESIAN_POINT('Ctrl Pts',(3.46295934483445,18.7341240000702,13.675977457217));
#8288=CARTESIAN_POINT('Ctrl Pts',(3.24909740355392,18.3958621300456,13.4639661858254));
#8289=CARTESIAN_POINT('Ctrl Pts',(3.98758202656574,19.2999062553534,14.1));
#8290=CARTESIAN_POINT('Ctrl Pts',(3.74886080616567,18.9366140777523,13.8879887286085));
#8291=CARTESIAN_POINT('Ctrl Pts',(3.5101395857656,18.5733219001512,13.675977457217));
#8292=CARTESIAN_POINT('Ctrl Pts',(3.27141836536552,18.2100297225502,13.4639661858254));
#8293=CARTESIAN_POINT('',(3.3801091808693,18.8797215884099,13.6450306590419));
#8294=CARTESIAN_POINT('',(3.20445547993072,18.7675269450365,13.4639661858254));
#8295=CARTESIAN_POINT('Ctrl Pts',(3.3801091808693,18.8797215884099,13.6450306590419));
#8296=CARTESIAN_POINT('Ctrl Pts',(3.31600975262569,18.8477477585591,13.5872163727148));
#8297=CARTESIAN_POINT('Ctrl Pts',(3.2574367302778,18.8098610779268,13.5259035188572));
#8298=CARTESIAN_POINT('Ctrl Pts',(3.20445547993072,18.7675269450365,13.4639661858254));
#8299=CARTESIAN_POINT('',(3.69688562905506,19.6321307096514,14.1));
#8300=CARTESIAN_POINT('',(3.87316910801262,19.1257896927849,13.9983884705355));
#8301=CARTESIAN_POINT('',(3.98758202653575,19.2999062553877,14.1));
#8302=CARTESIAN_POINT('Ctrl Pts',(3.87316910801262,19.1257896927849,13.9983884705355));
#8303=CARTESIAN_POINT('Ctrl Pts',(3.79649952918129,19.0875129428343,13.9537724392748));
#8304=CARTESIAN_POINT('Ctrl Pts',(3.72282419181381,19.0507358226579,13.9073183169862));
#8305=CARTESIAN_POINT('Ctrl Pts',(3.55873058259715,18.9688366938388,13.7942424111349));
#8306=CARTESIAN_POINT('Ctrl Pts',(3.46678488129193,18.9229568273731,13.723207546093));
#8307=CARTESIAN_POINT('Ctrl Pts',(3.3801091808693,18.8797215884099,13.6450306590419));
#8308=CARTESIAN_POINT('Ctrl Pts',(3.98758202653575,19.2999062553877,14.1));
#8309=CARTESIAN_POINT('Ctrl Pts',(3.94944438702803,19.2418674011868,14.0661294901785));
#8310=CARTESIAN_POINT('Ctrl Pts',(3.91130674752032,19.1838285469858,14.032258980357));
#8311=CARTESIAN_POINT('Ctrl Pts',(3.87316910801261,19.1257896927849,13.9983884705355));
#8312=CARTESIAN_POINT('Ctrl Pts',(4.01132969385069,19.2727660641706,14.1));
#8313=CARTESIAN_POINT('Ctrl Pts',(3.97354718726886,19.2155628937089,14.0661294901785));
#8314=CARTESIAN_POINT('Ctrl Pts',(3.93576468068704,19.1583597232472,14.032258980357));
#8315=CARTESIAN_POINT('Ctrl Pts',(3.89798217410521,19.1011565527855,13.9983884705355));
#8316=CARTESIAN_POINT('Ctrl Pts',(4.03507736116563,19.2456258729536,14.1));
#8317=CARTESIAN_POINT('Ctrl Pts',(3.99764998750969,19.1892583862311,14.0661294901785));
#8318=CARTESIAN_POINT('Ctrl Pts',(3.96022261385375,19.1328908995087,14.032258980357));
#8319=CARTESIAN_POINT('Ctrl Pts',(3.92279524019781,19.0765234127862,13.9983884705355));
#8320=CARTESIAN_POINT('Ctrl Pts',(4.05882502848058,19.2184856817365,14.1));
#8321=CARTESIAN_POINT('Ctrl Pts',(4.02175278775052,19.1629538787533,14.0661294901785));
#8322=CARTESIAN_POINT('Ctrl Pts',(3.98468054702047,19.1074220757701,14.032258980357));
#8323=CARTESIAN_POINT('Ctrl Pts',(3.94760830629041,19.0518902727869,13.9983884705355));
#8324=CARTESIAN_POINT('Ctrl Pts',(4.05882502848058,19.2184856817365,14.1));
#8325=CARTESIAN_POINT('Ctrl Pts',(3.99762332037717,19.1879300311769,14.0652298355898));
#8326=CARTESIAN_POINT('Ctrl Pts',(3.93576148870495,19.1570430877474,14.0313731739169));
#8327=CARTESIAN_POINT('Ctrl Pts',(3.87316910801262,19.1257896927849,13.9983884705355));
#8328=CARTESIAN_POINT('Ctrl Pts',(3.3801091808693,18.8811375799869,12.5834109609326));
#8329=CARTESIAN_POINT('Ctrl Pts',(3.10819955641335,18.7451777979186,12.5832296173625));
#8330=CARTESIAN_POINT('Ctrl Pts',(2.95972522531044,18.4798891496613,12.5828757745579));
#8331=CARTESIAN_POINT('Ctrl Pts',(3.3801091808693,18.8797215884099,13.6450306590419));
#8332=CARTESIAN_POINT('Ctrl Pts',(3.10819955641335,18.7437618063416,13.6448493154718));
#8333=CARTESIAN_POINT('Ctrl Pts',(2.95972522531044,18.4784731580843,13.6444954726672));
#8334=CARTESIAN_POINT('',(3.3801091808693,18.8811375799869,12.5834109609326));
#8335=CARTESIAN_POINT('',(3.3801091808693,18.8811375799869,12.5834109609326));
#8336=CARTESIAN_POINT('',(2.95972522531044,18.4798891496613,12.5828757745579));
#8337=CARTESIAN_POINT('Origin',(3.82200316871513,17.9972927372286,12.5822320859975));
#8338=CARTESIAN_POINT('',(2.95972522531044,18.4792249402529,13.0808574032168));
#8339=CARTESIAN_POINT('',(2.95972522531044,18.4798891496613,12.5828757745579));
#8340=CARTESIAN_POINT('Ctrl Pts',(3.20445547993072,18.7675269450365,13.4639661858254));
#8341=CARTESIAN_POINT('Ctrl Pts',(3.16151166510964,18.7332131236084,13.4137630414526));
#8342=CARTESIAN_POINT('Ctrl Pts',(3.12259865905704,18.6962625261474,13.3618634855731));
#8343=CARTESIAN_POINT('Ctrl Pts',(3.02300582118338,18.5858025217541,13.211479728081));
#8344=CARTESIAN_POINT('Ctrl Pts',(2.98284854024633,18.5204791757274,13.1271564651999));
#8345=CARTESIAN_POINT('Ctrl Pts',(2.95972522531044,18.4792249402529,13.0808574032168));
#8346=CARTESIAN_POINT('Origin',(3.48205412120276,17.4141151010644,8.5647035838412));
#8347=CARTESIAN_POINT('',(3.48205412120276,17.4141151010644,8.5647035838412));
#8348=CARTESIAN_POINT('',(3.48205412120277,17.4099909354438,11.6567385451854));
#8349=CARTESIAN_POINT('',(2.89496090727866,17.4137716971394,8.82216582944458));
#8350=CARTESIAN_POINT('Origin',(3.24496090727866,17.4137716971394,8.82216582944458));
#8351=CARTESIAN_POINT('Origin',(3.24496090727866,17.4137716971394,8.82216582944458));
#8352=CARTESIAN_POINT('Origin',(1.74496090727866,18.0914802149139,8.82216582944458));
#8353=CARTESIAN_POINT('Ctrl Pts',(1.67666167634663,18.0914802149139,8.47889448625659));
#8354=CARTESIAN_POINT('Ctrl Pts',(1.70571784998921,18.1458773611401,8.50513512160538));
#8355=CARTESIAN_POINT('Ctrl Pts',(1.73037929003519,18.1914802149139,8.5302648343647));
#8356=CARTESIAN_POINT('Ctrl Pts',(1.78656650017323,18.1914802149139,9.11145424803397));
#8357=CARTESIAN_POINT('Ctrl Pts',(1.76717567815731,18.1458773611401,9.14084276807252));
#8358=CARTESIAN_POINT('Ctrl Pts',(1.74368432148822,18.0914802149139,9.17216350133501));
#8359=CARTESIAN_POINT('Origin',(1.25500000186265,19.0749998882413,13.));
#8360=CARTESIAN_POINT('',(1.26837592510749,19.0527066829976,12.4305831913654));
#8361=CARTESIAN_POINT('',(1.61991873430173,18.8810779678443,12.5817450097584));
#8362=CARTESIAN_POINT('',(1.68401791095908,18.8497837440844,12.6093073658859));
#8363=CARTESIAN_POINT('',(1.79033459147738,18.5168325943518,2.4));
#8364=CARTESIAN_POINT('',(1.25500000186265,19.0749998882413,13.));
#8365=CARTESIAN_POINT('Ctrl Pts',(1.8502602219277,20.2574402536317,14.1));
#8366=CARTESIAN_POINT('Ctrl Pts',(1.65184014857268,19.8632934651682,13.7333333333333));
#8367=CARTESIAN_POINT('Ctrl Pts',(1.45342007521766,19.4691466767047,13.3666666666667));
#8368=CARTESIAN_POINT('Ctrl Pts',(1.25500000186265,19.0749998882413,13.));
#8369=CARTESIAN_POINT('Ctrl Pts',(1.98293147806556,20.4090645463606,14.1));
#8370=CARTESIAN_POINT('Ctrl Pts',(1.83250987488681,20.0104874380986,13.7333333333333));
#8371=CARTESIAN_POINT('Ctrl Pts',(1.68208827170806,19.6119103298366,13.3666666666667));
#8372=CARTESIAN_POINT('Ctrl Pts',(1.53166666852931,19.2133332215746,13.));
#8373=CARTESIAN_POINT('Ctrl Pts',(2.11560273420341,20.5606888390896,14.1));
#8374=CARTESIAN_POINT('Ctrl Pts',(2.01317960120094,20.1576814110291,13.7333333333333));
#8375=CARTESIAN_POINT('Ctrl Pts',(1.91075646819846,19.7546739829685,13.3666666666667));
#8376=CARTESIAN_POINT('Ctrl Pts',(1.80833333519598,19.351666554908,13.));
#8377=CARTESIAN_POINT('Ctrl Pts',(2.24827399034127,20.7123131318186,14.1));
#8378=CARTESIAN_POINT('Ctrl Pts',(2.19384932751506,20.3048753839595,13.7333333333333));
#8379=CARTESIAN_POINT('Ctrl Pts',(2.13942466468885,19.8974376361004,13.3666666666667));
#8380=CARTESIAN_POINT('Ctrl Pts',(2.08500000186265,19.4899998882413,13.));
#8381=CARTESIAN_POINT('',(1.25500000186265,19.0749998882413,13.));
#8382=CARTESIAN_POINT('Origin',(2.62815838912679,17.45,10.7477835212095));
#8383=CARTESIAN_POINT('',(2.62870256261556,17.42395277335,10.600063360571));
#8384=CARTESIAN_POINT('Origin',(-1.36999828224981,17.0150000346303,15.05));
#8385=CARTESIAN_POINT('Ctrl Pts',(-1.,17.,14.1));
#8386=CARTESIAN_POINT('Ctrl Pts',(-0.521680001687805,16.9999999742905,13.7333333333333));
#8387=CARTESIAN_POINT('Ctrl Pts',(-0.0433600033756095,16.9999999485811,
13.3666666666667));
#8388=CARTESIAN_POINT('Ctrl Pts',(0.434959994936586,16.9999999228716,13.));
#8389=CARTESIAN_POINT('Ctrl Pts',(-0.815418129097756,17.2109507096026,14.1));
#8390=CARTESIAN_POINT('Ctrl Pts',(-0.417992087175805,17.208352306594,13.7333333333333));
#8391=CARTESIAN_POINT('Ctrl Pts',(-0.020566045253851,17.2057539035854,13.3666666666667));
#8392=CARTESIAN_POINT('Ctrl Pts',(0.376859996668101,17.2031555005768,13.));
#8393=CARTESIAN_POINT('Ctrl Pts',(-0.630836258195512,17.4219014192051,14.1));
#8394=CARTESIAN_POINT('Ctrl Pts',(-0.314304172663802,17.4167046388974,13.7333333333333));
#8395=CARTESIAN_POINT('Ctrl Pts',(0.00222791286790558,17.4115078585898,
13.3666666666667));
#8396=CARTESIAN_POINT('Ctrl Pts',(0.318759998399615,17.4063110782821,13.));
#8397=CARTESIAN_POINT('Ctrl Pts',(-0.446254387293269,17.6328521288077,14.1));
#8398=CARTESIAN_POINT('Ctrl Pts',(-0.210616258151802,17.6250569712009,13.7333333333333));
#8399=CARTESIAN_POINT('Ctrl Pts',(0.0250218709896641,17.6172618135941,13.3666666666667));
#8400=CARTESIAN_POINT('Ctrl Pts',(0.26066000013113,17.6094666559874,13.));
#8401=CARTESIAN_POINT('',(-0.230493267276051,17.6257145236074,13.764263118362));
#8402=CARTESIAN_POINT('',(-0.446254387293268,17.6328521288077,14.1));
#8403=CARTESIAN_POINT('',(-0.446254387293268,17.6328521288077,14.1));
#8404=CARTESIAN_POINT('Ctrl Pts',(-0.446254387293268,17.6328521288077,14.1));
#8405=CARTESIAN_POINT('Ctrl Pts',(-0.210616258151802,17.6250569712009,13.7333333333333));
#8406=CARTESIAN_POINT('Ctrl Pts',(0.0250218709896641,17.6172618135941,13.3666666666667));
#8407=CARTESIAN_POINT('Ctrl Pts',(0.26066000013113,17.6094666559874,13.));
#8408=CARTESIAN_POINT('Ctrl Pts',(-0.314365112062464,17.7835827290715,14.1));
#8409=CARTESIAN_POINT('Ctrl Pts',(-0.137962774077276,17.7787514542752,13.7333333333333));
#8410=CARTESIAN_POINT('Ctrl Pts',(0.0384395639079112,17.773920179479,13.3666666666667));
#8411=CARTESIAN_POINT('Ctrl Pts',(0.214841901893099,17.7690889046828,13.));
#8412=CARTESIAN_POINT('Ctrl Pts',(-0.182475836831659,17.9343133293352,14.1));
#8413=CARTESIAN_POINT('Ctrl Pts',(-0.0653092900027503,17.9324459373495,
13.7333333333333));
#8414=CARTESIAN_POINT('Ctrl Pts',(0.0518572568261589,17.9305785453639,13.3666666666667));
#8415=CARTESIAN_POINT('Ctrl Pts',(0.169023803655068,17.9287111533782,13.));
#8416=CARTESIAN_POINT('Ctrl Pts',(-0.0505865616008542,18.085043929599,14.1));
#8417=CARTESIAN_POINT('Ctrl Pts',(0.00734419407177593,18.0861404204239,
13.7333333333333));
#8418=CARTESIAN_POINT('Ctrl Pts',(0.065274949744406,18.0872369112487,13.3666666666667));
#8419=CARTESIAN_POINT('Ctrl Pts',(0.123205705417036,18.0883334020736,13.));
#8420=CARTESIAN_POINT('',(-0.0505865616008541,18.085043929599,14.1));
#8421=CARTESIAN_POINT('',(0.26066000013113,17.6094666559874,13.));
#8422=CARTESIAN_POINT('Ctrl Pts',(1.79033459147738,18.5168325943518,2.4));
#8423=CARTESIAN_POINT('Ctrl Pts',(1.79434314274613,18.5083586302307,2.38571428571428));
#8424=CARTESIAN_POINT('Ctrl Pts',(1.80236024528363,18.4914107019885,2.35714285714285));
#8425=CARTESIAN_POINT('Ctrl Pts',(1.81839445035862,18.4575148455041,2.3));
#8426=CARTESIAN_POINT('Ctrl Pts',(1.84645430923986,18.3981970966564,2.2));
#8427=CARTESIAN_POINT('Ctrl Pts',(1.87852271938984,18.3304053836875,2.08571428571428));
#8428=CARTESIAN_POINT('Ctrl Pts',(1.91059112953983,18.2626136707187,1.97142857142857));
#8429=CARTESIAN_POINT('Ctrl Pts',(2.10300159043974,17.8558633929057,1.28571428571428));
#8430=CARTESIAN_POINT('Ctrl Pts',(2.28739494880215,17.4660610433349,0.628571428571428));
#8431=CARTESIAN_POINT('Ctrl Pts',(2.46377120462707,17.0932066220063,0.));
#8432=CARTESIAN_POINT('Ctrl Pts',(1.81760455221823,18.5031976139814,2.4));
#8433=CARTESIAN_POINT('Ctrl Pts',(1.82144971481001,18.4948059524707,2.38571428571428));
#8434=CARTESIAN_POINT('Ctrl Pts',(1.82913861965439,18.4780213465054,2.35714285714285));
#8435=CARTESIAN_POINT('Ctrl Pts',(1.84451799724486,18.4444535508068,2.3));
#8436=CARTESIAN_POINT('Ctrl Pts',(1.87142640676786,18.3857049392335,2.2));
#8437=CARTESIAN_POINT('Ctrl Pts',(1.90217533128716,18.3185604681352,2.08571428571428));
#8438=CARTESIAN_POINT('Ctrl Pts',(1.9329334202097,18.2514242749296,1.97142857142857));
#8439=CARTESIAN_POINT('Ctrl Pts',(2.1174775203903,17.8486031111978,1.28571428571428));
#8440=CARTESIAN_POINT('Ctrl Pts',(2.29389639792157,17.4621724424501,0.628571428571429));
#8441=CARTESIAN_POINT('Ctrl Pts',(2.46308355196002,17.0929393359785,0.));
#8442=CARTESIAN_POINT('Ctrl Pts',(1.92622425796931,18.4463901527038,2.4));
#8443=CARTESIAN_POINT('Ctrl Pts',(1.92940300378167,18.4383270696048,2.38571428571428));
#8444=CARTESIAN_POINT('Ctrl Pts',(1.93576075736141,18.4222011040702,2.35714285714285));
#8445=CARTESIAN_POINT('Ctrl Pts',(1.94847597535071,18.3899489514901,2.3));
#8446=CARTESIAN_POINT('Ctrl Pts',(1.97072862143663,18.3335084616849,2.2));
#8447=CARTESIAN_POINT('Ctrl Pts',(1.99616087049702,18.2690055453862,2.08571428571428));
#8448=CARTESIAN_POINT('Ctrl Pts',(2.02159142935454,18.2045013343541,1.97142857142857));
#8449=CARTESIAN_POINT('Ctrl Pts',(2.17417560014904,17.8174766944993,1.28571428571429));
#8450=CARTESIAN_POINT('Ctrl Pts',(2.32048248802703,17.4466396625114,0.628571428571426));
#8451=CARTESIAN_POINT('Ctrl Pts',(2.46034730377088,17.0918640061549,0.));
#8452=CARTESIAN_POINT('Ctrl Pts',(2.11750109143544,18.2471801965023,2.4));
#8453=CARTESIAN_POINT('Ctrl Pts',(2.11950860771423,18.2402879471511,2.38571428571428));
#8454=CARTESIAN_POINT('Ctrl Pts',(2.12352255822422,18.226502878053,2.35714285714285));
#8455=CARTESIAN_POINT('Ctrl Pts',(2.13155165370837,18.1989333695124,2.3));
#8456=CARTESIAN_POINT('Ctrl Pts',(2.14559837981697,18.1506845203086,2.2));
#8457=CARTESIAN_POINT('Ctrl Pts',(2.16164908155751,18.0955415553201,2.08571428571428));
#8458=CARTESIAN_POINT('Ctrl Pts',(2.1777067649546,18.0404022706753,1.97142857142857));
#8459=CARTESIAN_POINT('Ctrl Pts',(2.27404948790396,17.7095647824105,1.28571428571428));
#8460=CARTESIAN_POINT('Ctrl Pts',(2.36604586324332,17.3923371418513,0.628571428571429));
#8461=CARTESIAN_POINT('Ctrl Pts',(2.45437657951005,17.0890781703995,0.));
#8462=CARTESIAN_POINT('Ctrl Pts',(2.20374999073206,18.0346295250623,2.39999999999999));
#8463=CARTESIAN_POINT('Ctrl Pts',(2.20521281011166,18.028985485044,2.38571428571428));
#8464=CARTESIAN_POINT('Ctrl Pts',(2.20813875090621,18.0176973538205,2.35714285714285));
#8465=CARTESIAN_POINT('Ctrl Pts',(2.21399029908075,17.9951211478783,2.29999999999999));
#8466=CARTESIAN_POINT('Ctrl Pts',(2.2242316782301,17.955612589222,2.2));
#8467=CARTESIAN_POINT('Ctrl Pts',(2.23593686507097,17.910459823055,2.08571428571428));
#8468=CARTESIAN_POINT('Ctrl Pts',(2.24764010310002,17.8653073871596,1.97142857142857));
#8469=CARTESIAN_POINT('Ctrl Pts',(2.31786047402786,17.5943926120157,1.28571428571428));
#8470=CARTESIAN_POINT('Ctrl Pts',(2.38524768721273,17.3347502438421,0.628571428571426));
#8471=CARTESIAN_POINT('Ctrl Pts',(2.44961173991493,17.0864124830369,0.));
#8472=CARTESIAN_POINT('Ctrl Pts',(2.22032642930967,17.9358316100986,2.4));
#8473=CARTESIAN_POINT('Ctrl Pts',(2.22168117941774,17.9307670468772,2.38571428571428));
#8474=CARTESIAN_POINT('Ctrl Pts',(2.2243896132831,17.9206383514881,2.35714285714285));
#8475=CARTESIAN_POINT('Ctrl Pts',(2.22980765815039,17.9003804848728,2.3));
#8476=CARTESIAN_POINT('Ctrl Pts',(2.23928510647636,17.8649308878544,2.2));
#8477=CARTESIAN_POINT('Ctrl Pts',(2.25011381562622,17.824418138097,2.08571428571428));
#8478=CARTESIAN_POINT('Ctrl Pts',(2.26094940515271,17.7839026070669,1.97142857142857));
#8479=CARTESIAN_POINT('Ctrl Pts',(2.32595961387345,17.5408107663496,1.28571428571428));
#8480=CARTESIAN_POINT('Ctrl Pts',(2.38793381357194,17.3079800375904,0.628571428571428));
#8481=CARTESIAN_POINT('Ctrl Pts',(2.44754281832695,17.0851392558463,0.));
#8482=CARTESIAN_POINT('Ctrl Pts',(2.22394795646933,17.9083847136506,2.4));
#8483=CARTESIAN_POINT('Ctrl Pts',(2.22527549739322,17.9034823286212,2.38571428571428));
#8484=CARTESIAN_POINT('Ctrl Pts',(2.22793057924102,17.8936775585624,2.35714285714285));
#8485=CARTESIAN_POINT('Ctrl Pts',(2.2332407429366,17.8740680184449,2.3));
#8486=CARTESIAN_POINT('Ctrl Pts',(2.24253352940387,17.8397513232392,2.2));
#8487=CARTESIAN_POINT('Ctrl Pts',(2.25315385679504,17.8005322430042,2.08571428571428));
#8488=CARTESIAN_POINT('Ctrl Pts',(2.2637741841862,17.7613131627691,1.97142857142857));
#8489=CARTESIAN_POINT('Ctrl Pts',(2.3274961485332,17.5259986813588,1.28571428571428));
#8490=CARTESIAN_POINT('Ctrl Pts',(2.38856303103241,17.3004889700072,0.628571428571427));
#8491=CARTESIAN_POINT('Ctrl Pts',(2.44697483168382,17.0847840287144,0.));
#8492=CARTESIAN_POINT('',(2.20446326013424,18.007299728337,2.4));
#8493=CARTESIAN_POINT('Origin',(1.43399479858301,17.8041530085631,2.4));
#8494=CARTESIAN_POINT('',(1.79033459147738,18.5168325943518,2.4));
#8495=CARTESIAN_POINT('Origin',(1.43399479858301,17.8041530085631,2.4));
#8496=CARTESIAN_POINT('',(1.79033459147738,18.5168325943518,2.4));
#8497=CARTESIAN_POINT('Ctrl Pts',(1.50400000369847,18.6599998882413,2.4));
#8498=CARTESIAN_POINT('Ctrl Pts',(1.8263643319059,18.1385768564026,1.6));
#8499=CARTESIAN_POINT('Ctrl Pts',(2.14872866011332,17.6171538245638,0.8));
#8500=CARTESIAN_POINT('Ctrl Pts',(2.47109298832075,17.0957307927251,0.));
#8501=CARTESIAN_POINT('Ctrl Pts',(1.59944486629144,18.6122774569448,2.4));
#8502=CARTESIAN_POINT('Ctrl Pts',(1.88917025130581,18.1065130930045,1.6));
#8503=CARTESIAN_POINT('Ctrl Pts',(2.17889563975575,17.6007487188976,0.800000000000001));
#8504=CARTESIAN_POINT('Ctrl Pts',(2.46862102477012,17.0949843549573,0.));
#8505=CARTESIAN_POINT('Ctrl Pts',(1.69488972888441,18.5645550256483,2.4));
#8506=CARTESIAN_POINT('Ctrl Pts',(1.95198581439033,18.0744173948414,1.6));
#8507=CARTESIAN_POINT('Ctrl Pts',(2.20908190345584,17.5842797539106,0.799999999999999));
#8508=CARTESIAN_POINT('Ctrl Pts',(2.46617798896175,17.0941421231037,0.));
#8509=CARTESIAN_POINT('Ctrl Pts',(1.79033459147738,18.5168325943518,2.4));
#8510=CARTESIAN_POINT('Ctrl Pts',(2.01481346252728,18.04229060357,1.6));
#8511=CARTESIAN_POINT('Ctrl Pts',(2.23929233357718,17.5677486127882,0.8));
#8512=CARTESIAN_POINT('Ctrl Pts',(2.46377120462707,17.0932066220063,0.));
#8513=CARTESIAN_POINT('',(1.50400000369847,18.6599998882413,2.4));
#8514=CARTESIAN_POINT('',(1.79033459147738,18.5168325943518,2.4));
#8515=CARTESIAN_POINT('',(1.50400000369847,18.6599998882413,2.4));
#8516=CARTESIAN_POINT('Ctrl Pts',(2.16800000369847,18.9919998882413,2.4));
#8517=CARTESIAN_POINT('Ctrl Pts',(2.27488767304451,18.3611183538941,1.6));
#8518=CARTESIAN_POINT('Ctrl Pts',(2.38177534239055,17.7302368195469,0.8));
#8519=CARTESIAN_POINT('Ctrl Pts',(2.48866301173659,17.0993552851997,0.));
#8520=CARTESIAN_POINT('Ctrl Pts',(1.94666667036513,18.8813332215746,2.4));
#8521=CARTESIAN_POINT('Ctrl Pts',(2.12534895337546,18.2871143898889,1.6));
#8522=CARTESIAN_POINT('Ctrl Pts',(2.30403129474819,17.692895253521,0.800000000000001));
#8523=CARTESIAN_POINT('Ctrl Pts',(2.48271357775851,17.0986764218353,0.));
#8524=CARTESIAN_POINT('Ctrl Pts',(1.7253333370318,18.770666554908,2.4));
#8525=CARTESIAN_POINT('Ctrl Pts',(1.97583066444541,18.2129317229327,1.6));
#8526=CARTESIAN_POINT('Ctrl Pts',(2.22632805883486,17.6551965880522,0.799999999999999));
#8527=CARTESIAN_POINT('Ctrl Pts',(2.47682538624847,17.0974617560769,0.));
#8528=CARTESIAN_POINT('Ctrl Pts',(1.50400000369847,18.6599998882413,2.4));
#8529=CARTESIAN_POINT('Ctrl Pts',(1.8263643319059,18.1385768564026,1.6));
#8530=CARTESIAN_POINT('Ctrl Pts',(2.14872866011332,17.6171538245638,0.8));
#8531=CARTESIAN_POINT('Ctrl Pts',(2.47109298832075,17.0957307927251,0.));
#8532=CARTESIAN_POINT('',(1.50400000369847,18.6599998882413,2.4));
#8533=CARTESIAN_POINT('',(2.16800000369847,18.9919998882413,2.4));
#8534=CARTESIAN_POINT('Ctrl Pts',(2.50000000369847,19.3239998882413,2.4));
#8535=CARTESIAN_POINT('Ctrl Pts',(2.50000003299735,18.5826665921608,1.6));
#8536=CARTESIAN_POINT('Ctrl Pts',(2.50000006229623,17.8413332960804,0.8));
#8537=CARTESIAN_POINT('Ctrl Pts',(2.5000000915951,17.1,0.));
#8538=CARTESIAN_POINT('Ctrl Pts',(2.3893333370318,19.2133332215746,2.4));
#8539=CARTESIAN_POINT('Ctrl Pts',(2.42495986480473,18.5088888320702,1.6));
#8540=CARTESIAN_POINT('Ctrl Pts',(2.46058639495205,17.8044443929732,0.800000000000001));
#8541=CARTESIAN_POINT('Ctrl Pts',(2.49621292272498,17.1000000034688,0.));
#8542=CARTESIAN_POINT('Ctrl Pts',(2.27866667036513,19.102666554908,2.4));
#8543=CARTESIAN_POINT('Ctrl Pts',(2.3499197005452,18.4350392651493,1.6));
#8544=CARTESIAN_POINT('Ctrl Pts',(2.42117273398843,17.7674119258487,0.799999999999999));
#8545=CARTESIAN_POINT('Ctrl Pts',(2.4924257641685,17.09978463609,0.));
#8546=CARTESIAN_POINT('Ctrl Pts',(2.16800000369847,18.9919998882413,2.4));
#8547=CARTESIAN_POINT('Ctrl Pts',(2.27488767304451,18.3611183538941,1.6));
#8548=CARTESIAN_POINT('Ctrl Pts',(2.38177534239055,17.7302368195469,0.8));
#8549=CARTESIAN_POINT('Ctrl Pts',(2.48866301173659,17.0993552851997,0.));
#8550=CARTESIAN_POINT('',(2.50000000369847,19.3239998882413,2.4));
#8551=CARTESIAN_POINT('Ctrl Pts',(2.83200000369847,18.9919998882413,2.4));
#8552=CARTESIAN_POINT('Ctrl Pts',(2.72511166815787,18.3611184296225,1.6));
#8553=CARTESIAN_POINT('Ctrl Pts',(2.61822333261727,17.7302369710037,0.8));
#8554=CARTESIAN_POINT('Ctrl Pts',(2.51133499707667,17.0993555123849,0.));
#8555=CARTESIAN_POINT('Ctrl Pts',(2.7213333370318,19.102666554908,2.4));
#8556=CARTESIAN_POINT('Ctrl Pts',(2.65007987925471,18.4350392881807,1.6));
#8557=CARTESIAN_POINT('Ctrl Pts',(2.5788264182175,17.7674119719496,0.800000000000001));
#8558=CARTESIAN_POINT('Ctrl Pts',(2.5075729604404,17.0997847052224,0.));
#8559=CARTESIAN_POINT('Ctrl Pts',(2.61066667036513,19.2133332215746,2.4));
#8560=CARTESIAN_POINT('Ctrl Pts',(2.57503995815641,18.5088888297451,1.6));
#8561=CARTESIAN_POINT('Ctrl Pts',(2.53941324357547,17.8044443883613,0.799999999999999));
#8562=CARTESIAN_POINT('Ctrl Pts',(2.50378653136675,17.0999999965318,0.));
#8563=CARTESIAN_POINT('Ctrl Pts',(2.50000000369847,19.3239998882413,2.4));
#8564=CARTESIAN_POINT('Ctrl Pts',(2.50000003299735,18.5826665921608,1.6));
#8565=CARTESIAN_POINT('Ctrl Pts',(2.50000006229623,17.8413332960804,0.8));
#8566=CARTESIAN_POINT('Ctrl Pts',(2.5000000915951,17.1,0.));
#8567=CARTESIAN_POINT('',(2.83200000369847,18.9919998882413,2.4));
#8568=CARTESIAN_POINT('Ctrl Pts',(3.49600000369847,18.6599998882413,2.4));
#8569=CARTESIAN_POINT('Ctrl Pts',(3.1736339299055,18.1385773827057,1.6));
#8570=CARTESIAN_POINT('Ctrl Pts',(2.85126785611254,17.6171548771701,0.8));
#8571=CARTESIAN_POINT('Ctrl Pts',(2.52890178231957,17.0957323716344,0.));
#8572=CARTESIAN_POINT('Ctrl Pts',(3.27466667036513,18.770666554908,2.4));
#8573=CARTESIAN_POINT('Ctrl Pts',(3.024167933699,18.2129320337198,1.6));
#8574=CARTESIAN_POINT('Ctrl Pts',(2.7736691301207,17.6551972098568,0.800000000000001));
#8575=CARTESIAN_POINT('Ctrl Pts',(2.52317039345457,17.0974626886686,0.));
#8576=CARTESIAN_POINT('Ctrl Pts',(3.0533333370318,18.8813332215746,2.4));
#8577=CARTESIAN_POINT('Ctrl Pts',(2.87465001055101,18.287114548841,1.6));
#8578=CARTESIAN_POINT('Ctrl Pts',(2.69596662576326,17.6928955716577,0.799999999999999));
#8579=CARTESIAN_POINT('Ctrl Pts',(2.51728329928246,17.0986768989241,0.));
#8580=CARTESIAN_POINT('Ctrl Pts',(2.83200000369847,18.9919998882413,2.4));
#8581=CARTESIAN_POINT('Ctrl Pts',(2.72511166815787,18.3611184296225,1.6));
#8582=CARTESIAN_POINT('Ctrl Pts',(2.61822333261727,17.7302369710037,0.8));
#8583=CARTESIAN_POINT('Ctrl Pts',(2.51133499707667,17.0993555123849,0.));
#8584=CARTESIAN_POINT('',(3.49600000369847,18.6599998882413,2.4));
#8585=CARTESIAN_POINT('',(2.83200000369847,18.9919998882413,2.4));
#8586=CARTESIAN_POINT('',(3.49600000369847,18.6599998882413,2.4));
#8587=CARTESIAN_POINT('Ctrl Pts',(3.20966543819354,18.5168326054888,2.4));
#8588=CARTESIAN_POINT('Ctrl Pts',(2.98518439654306,18.0422914507619,1.6));
#8589=CARTESIAN_POINT('Ctrl Pts',(2.76070335489259,17.567750296035,0.8));
#8590=CARTESIAN_POINT('Ctrl Pts',(2.53622231324211,17.0932091413081,0.));
#8591=CARTESIAN_POINT('Ctrl Pts',(3.30511029336185,18.564555033073,2.4));
#8592=CARTESIAN_POINT('Ctrl Pts',(3.04801217256102,18.0744181237149,1.6));
#8593=CARTESIAN_POINT('Ctrl Pts',(2.79091404820398,17.5842812042404,0.800000000000001));
#8594=CARTESIAN_POINT('Ctrl Pts',(2.53381592740316,17.0941442948823,0.));
#8595=CARTESIAN_POINT('Ctrl Pts',(3.40055514853016,18.6122774606571,2.4));
#8596=CARTESIAN_POINT('Ctrl Pts',(3.11082787034523,18.1065137147025,1.6));
#8597=CARTESIAN_POINT('Ctrl Pts',(2.82110058872799,17.6007499585888,0.799999999999999));
#8598=CARTESIAN_POINT('Ctrl Pts',(2.53137331054306,17.0949862126342,0.));
#8599=CARTESIAN_POINT('Ctrl Pts',(3.49600000369847,18.6599998882413,2.4));
#8600=CARTESIAN_POINT('Ctrl Pts',(3.1736339299055,18.1385773827057,1.6));
#8601=CARTESIAN_POINT('Ctrl Pts',(2.85126785611254,17.6171548771701,0.8));
#8602=CARTESIAN_POINT('Ctrl Pts',(2.52890178231957,17.0957323716344,0.));
#8603=CARTESIAN_POINT('',(3.20966543819354,18.5168326054888,2.4));
#8604=CARTESIAN_POINT('',(3.49600000369847,18.6599998882413,2.4));
#8605=CARTESIAN_POINT('',(3.20966543819354,18.5168326054888,2.4));
#8606=CARTESIAN_POINT('Ctrl Pts',(2.77619483694595,17.9094610502834,2.4));
#8607=CARTESIAN_POINT('Ctrl Pts',(2.77486626009332,17.9045523747477,2.38571428571429));
#8608=CARTESIAN_POINT('Ctrl Pts',(2.77220910638808,17.8947350236764,2.35714285714286));
#8609=CARTESIAN_POINT('Ctrl Pts',(2.76689479897759,17.8751003215338,2.3));
#8610=CARTESIAN_POINT('Ctrl Pts',(2.75759476100923,17.8407395927842,2.2));
#8611=CARTESIAN_POINT('Ctrl Pts',(2.74696614618825,17.8014701884989,2.08571428571429));
#8612=CARTESIAN_POINT('Ctrl Pts',(2.73633753136727,17.7622007842136,1.97142857142857));
#8613=CARTESIAN_POINT('Ctrl Pts',(2.67256584244139,17.526584358502,1.28571428571429));
#8614=CARTESIAN_POINT('Ctrl Pts',(2.61145130722076,17.3007852838618,0.628571428571429));
#8615=CARTESIAN_POINT('Ctrl Pts',(2.55299392570537,17.0848035602928,0.));
#8616=CARTESIAN_POINT('Ctrl Pts',(2.78352767556911,17.9644573514302,2.4));
#8617=CARTESIAN_POINT('Ctrl Pts',(2.78214916479164,17.9592282989821,2.38571428571429));
#8618=CARTESIAN_POINT('Ctrl Pts',(2.77939188634564,17.9487687528604,2.35714285714286));
#8619=CARTESIAN_POINT('Ctrl Pts',(2.77387762283961,17.9278513065884,2.3));
#8620=CARTESIAN_POINT('Ctrl Pts',(2.76422661800496,17.8912399201902,2.2));
#8621=CARTESIAN_POINT('Ctrl Pts',(2.75319642948969,17.849395706183,2.08571428571429));
#8622=CARTESIAN_POINT('Ctrl Pts',(2.74216755764599,17.8075588790442,1.97142857142857));
#8623=CARTESIAN_POINT('Ctrl Pts',(2.67599741090295,17.5565552200398,1.28571428571429));
#8624=CARTESIAN_POINT('Ctrl Pts',(2.61251005656655,17.3155932211969,0.628571428571429));
#8625=CARTESIAN_POINT('Ctrl Pts',(2.55185558235793,17.0855149134786,0.));
#8626=CARTESIAN_POINT('Ctrl Pts',(2.81739701221101,18.1200230365076,2.4));
#8627=CARTESIAN_POINT('Ctrl Pts',(2.81579754904511,18.1138769039127,2.38571428571429));
#8628=CARTESIAN_POINT('Ctrl Pts',(2.81259836078521,18.1015846530896,2.35714285714286));
#8629=CARTESIAN_POINT('Ctrl Pts',(2.80620028340401,18.0770001350357,2.3));
#8630=CARTESIAN_POINT('Ctrl Pts',(2.79500258382328,18.0339772868107,2.2));
#8631=CARTESIAN_POINT('Ctrl Pts',(2.78220473497941,17.9848083436231,2.08571428571429));
#8632=CARTESIAN_POINT('Ctrl Pts',(2.76940822862402,17.9356393268002,1.97142857142857));
#8633=CARTESIAN_POINT('Ctrl Pts',(2.69263233528721,17.6406250533709,1.28571428571428));
#8634=CARTESIAN_POINT('Ctrl Pts',(2.61897968367117,17.3579071964249,0.628571428571429));
#8635=CARTESIAN_POINT('Ctrl Pts',(2.54860330437176,17.087477362249,0.));
#8636=CARTESIAN_POINT('Ctrl Pts',(2.94716566596164,18.3200307339459,2.4));
#8637=CARTESIAN_POINT('Ctrl Pts',(2.94476531663391,18.3127085204114,2.38571428571429));
#8638=CARTESIAN_POINT('Ctrl Pts',(2.93996345856208,18.2980646308694,2.35714285714286));
#8639=CARTESIAN_POINT('Ctrl Pts',(2.93036106654582,18.2687762378953,2.3));
#8640=CARTESIAN_POINT('Ctrl Pts',(2.91355217003123,18.2175237340598,2.2));
#8641=CARTESIAN_POINT('Ctrl Pts',(2.89433988720148,18.1589504246938,2.08571428571429));
#8642=CARTESIAN_POINT('Ctrl Pts',(2.8751335468539,18.1003743602823,1.97142857142857));
#8643=CARTESIAN_POINT('Ctrl Pts',(2.75990942510492,17.7489115200861,1.28571428571429));
#8644=CARTESIAN_POINT('Ctrl Pts',(2.64915098650919,17.412248426388,0.628571428571428));
#8645=CARTESIAN_POINT('Ctrl Pts',(2.54353561608903,17.09007103087,0.));
#8646=CARTESIAN_POINT('Ctrl Pts',(3.10183915290297,18.4597019532045,2.4));
#8647=CARTESIAN_POINT('Ctrl Pts',(3.09848732974883,18.4515630806345,2.38571428571429));
#8648=CARTESIAN_POINT('Ctrl Pts',(3.09178437901007,18.4352845906112,2.35714285714286));
#8649=CARTESIAN_POINT('Ctrl Pts',(3.07837768314782,18.402728461269,2.3));
#8650=CARTESIAN_POINT('Ctrl Pts',(3.05491879135437,18.3457522086013,2.2));
#8651=CARTESIAN_POINT('Ctrl Pts',(3.02810989838892,18.2806351322081,2.08571428571428));
#8652=CARTESIAN_POINT('Ctrl Pts',(3.00129744034568,18.2155218736469,1.97142857142857));
#8653=CARTESIAN_POINT('Ctrl Pts',(2.8404143408483,17.8248512655976,1.28571428571428));
#8654=CARTESIAN_POINT('Ctrl Pts',(2.68643587376111,17.4502431672218,0.62857142857143));
#8655=CARTESIAN_POINT('Ctrl Pts',(2.53895565497882,17.0921327741454,0.));
#8656=CARTESIAN_POINT('Ctrl Pts',(3.18239547957402,18.5031976261791,2.4));
#8657=CARTESIAN_POINT('Ctrl Pts',(3.17855473276636,18.4948000016892,2.38571428571429));
#8658=CARTESIAN_POINT('Ctrl Pts',(3.17087248934555,18.4780064549889,2.35714285714286));
#8659=CARTESIAN_POINT('Ctrl Pts',(3.15550885882959,18.4444174174767,2.3));
#8660=CARTESIAN_POINT('Ctrl Pts',(3.12861945911085,18.3856435178651,2.2));
#8661=CARTESIAN_POINT('Ctrl Pts',(3.09788734853604,18.3184764527325,2.08571428571429));
#8662=CARTESIAN_POINT('Ctrl Pts',(3.0671590810205,18.2513006627226,1.97142857142857));
#8663=CARTESIAN_POINT('Ctrl Pts',(2.88279847834014,17.8482254845322,1.28571428571429));
#8664=CARTESIAN_POINT('Ctrl Pts',(2.70590271159023,17.4624374321272,0.628571428571427));
#8665=CARTESIAN_POINT('Ctrl Pts',(2.53690985205324,17.0929419545726,0.));
#8666=CARTESIAN_POINT('Ctrl Pts',(3.20966543819354,18.5168326054888,2.4));
#8667=CARTESIAN_POINT('Ctrl Pts',(3.20565684816406,18.5083586562973,2.38571428571429));
#8668=CARTESIAN_POINT('Ctrl Pts',(3.19763966810512,18.4914107579142,2.35714285714286));
#8669=CARTESIAN_POINT('Ctrl Pts',(3.18160530798722,18.457514961148,2.3));
#8670=CARTESIAN_POINT('Ctrl Pts',(3.15354517778092,18.3981973168071,2.2));
#8671=CARTESIAN_POINT('Ctrl Pts',(3.12147645754513,18.3304057232747,2.08571428571429));
#8672=CARTESIAN_POINT('Ctrl Pts',(3.08940773730935,18.2626141297423,1.97142857142857));
#8673=CARTESIAN_POINT('Ctrl Pts',(2.89699541589466,17.8558645685478,1.28571428571429));
#8674=CARTESIAN_POINT('Ctrl Pts',(2.71260027453891,17.4660629057364,0.628571428571429));
#8675=CARTESIAN_POINT('Ctrl Pts',(2.53622231324211,17.0932091413081,0.));
#8676=CARTESIAN_POINT('',(2.79553903230997,18.0073083212324,2.4));
#8677=CARTESIAN_POINT('Origin',(3.5660052310879,17.8041530197001,2.4));
#8678=CARTESIAN_POINT('',(2.77619483694595,17.9094610502834,2.4));
#8679=CARTESIAN_POINT('Origin',(3.5660052310879,17.8041530197001,2.4));
#8680=CARTESIAN_POINT('',(2.77619483694595,17.9094610502834,2.4));
#8681=CARTESIAN_POINT('Ctrl Pts',(2.69920003140271,17.3319998882413,2.4));
#8682=CARTESIAN_POINT('Ctrl Pts',(2.6542605191832,17.2468392997993,1.6));
#8683=CARTESIAN_POINT('Ctrl Pts',(2.60932100696369,17.1616787113574,0.8));
#8684=CARTESIAN_POINT('Ctrl Pts',(2.56438149474418,17.0765181229155,0.));
#8685=CARTESIAN_POINT('Ctrl Pts',(2.72486496658379,17.5244869422553,2.4));
#8686=CARTESIAN_POINT('Ctrl Pts',(2.67017218633897,17.3761722811288,1.6));
#8687=CARTESIAN_POINT('Ctrl Pts',(2.61547933586646,17.2278575257033,0.800000000000001));
#8688=CARTESIAN_POINT('Ctrl Pts',(2.56078655562164,17.0795428645767,0.));
#8689=CARTESIAN_POINT('Ctrl Pts',(2.75052990176487,17.7169739962694,2.4));
#8690=CARTESIAN_POINT('Ctrl Pts',(2.6860126663547,17.5054206375063,1.6));
#8691=CARTESIAN_POINT('Ctrl Pts',(2.62149536283158,17.2938671829056,0.799999999999999));
#8692=CARTESIAN_POINT('Ctrl Pts',(2.55697812742141,17.0823138241425,0.));
#8693=CARTESIAN_POINT('Ctrl Pts',(2.77619483694595,17.9094610502834,2.4));
#8694=CARTESIAN_POINT('Ctrl Pts',(2.70179453319909,17.6345752202865,1.6));
#8695=CARTESIAN_POINT('Ctrl Pts',(2.62739422945223,17.3596893902897,0.8));
#8696=CARTESIAN_POINT('Ctrl Pts',(2.55299392570537,17.0848035602928,0.));
#8697=CARTESIAN_POINT('',(2.77619483694595,17.9094610502834,2.4));
#8698=CARTESIAN_POINT('',(2.69920003140271,17.3319998882413,2.4));
#8699=CARTESIAN_POINT('Ctrl Pts',(3.29680000369847,17.3319998882413,2.4));
#8700=CARTESIAN_POINT('Ctrl Pts',(3.05611143372035,17.2434812091605,1.6));
#8701=CARTESIAN_POINT('Ctrl Pts',(2.81542286374223,17.1549625300798,0.8));
#8702=CARTESIAN_POINT('Ctrl Pts',(2.57473429376412,17.066443850999,0.));
#8703=CARTESIAN_POINT('Ctrl Pts',(3.09760001293321,17.3319998882413,2.4));
#8704=CARTESIAN_POINT('Ctrl Pts',(2.92224408307014,17.2446818091767,1.6));
#8705=CARTESIAN_POINT('Ctrl Pts',(2.74688806135792,17.1573636378532,0.800000000000001));
#8706=CARTESIAN_POINT('Ctrl Pts',(2.57153213149484,17.0700455587886,0.));
#8707=CARTESIAN_POINT('Ctrl Pts',(2.89840002216796,17.3319998882413,2.4));
#8708=CARTESIAN_POINT('Ctrl Pts',(2.78828976852487,17.2458050745473,1.6));
#8709=CARTESIAN_POINT('Ctrl Pts',(2.67817942516145,17.1596101665229,0.799999999999999));
#8710=CARTESIAN_POINT('Ctrl Pts',(2.56806917151836,17.073415352829,0.));
#8711=CARTESIAN_POINT('Ctrl Pts',(2.69920003140271,17.3319998882413,2.4));
#8712=CARTESIAN_POINT('Ctrl Pts',(2.6542605191832,17.2468392997993,1.6));
#8713=CARTESIAN_POINT('Ctrl Pts',(2.60932100696369,17.1616787113574,0.8));
#8714=CARTESIAN_POINT('Ctrl Pts',(2.56438149474418,17.0765181229155,0.));
#8715=CARTESIAN_POINT('',(3.29680000369847,17.3319998882413,2.4));
#8716=CARTESIAN_POINT('Ctrl Pts',(4.40143547548525,17.8706666869391,2.4));
#8717=CARTESIAN_POINT('Ctrl Pts',(3.79793070684214,17.5943222616865,1.6));
#8718=CARTESIAN_POINT('Ctrl Pts',(3.19442593819902,17.3179778364339,0.8));
#8719=CARTESIAN_POINT('Ctrl Pts',(2.59092116955591,17.0416334111812,0.));
#8720=CARTESIAN_POINT('Ctrl Pts',(4.03322365155633,17.6911110873732,2.4));
#8721=CARTESIAN_POINT('Ctrl Pts',(3.5510813755412,17.4776226957624,1.6));
#8722=CARTESIAN_POINT('Ctrl Pts',(3.06893712192827,17.2641330790945,0.800000000000001));
#8723=CARTESIAN_POINT('Ctrl Pts',(2.58679484591314,17.0506446874837,0.));
#8724=CARTESIAN_POINT('Ctrl Pts',(3.6650118276274,17.5115554878072,2.4));
#8725=CARTESIAN_POINT('Ctrl Pts',(3.30378172496998,17.360716387384,1.6));
#8726=CARTESIAN_POINT('Ctrl Pts',(2.94254970436329,17.2098759704775,0.799999999999999));
#8727=CARTESIAN_POINT('Ctrl Pts',(2.58131960170586,17.0590368700543,0.));
#8728=CARTESIAN_POINT('Ctrl Pts',(3.29680000369847,17.3319998882413,2.4));
#8729=CARTESIAN_POINT('Ctrl Pts',(3.05611143372035,17.2434812091605,1.6));
#8730=CARTESIAN_POINT('Ctrl Pts',(2.81542286374223,17.1549625300798,0.8));
#8731=CARTESIAN_POINT('Ctrl Pts',(2.57473429376412,17.066443850999,0.));
#8732=CARTESIAN_POINT('',(4.40143547548525,17.8706666869391,2.4));
#8733=CARTESIAN_POINT('',(3.29680000369847,17.3319998882413,2.4));
#8734=CARTESIAN_POINT('',(4.40143547548525,17.8706666869391,2.4));
#8735=CARTESIAN_POINT('Ctrl Pts',(4.29147200369847,17.4875732955121,2.4));
#8736=CARTESIAN_POINT('Ctrl Pts',(3.72668909111838,17.3329866160127,1.6));
#8737=CARTESIAN_POINT('Ctrl Pts',(3.1619061785383,17.1783999365133,0.8));
#8738=CARTESIAN_POINT('Ctrl Pts',(2.59712326595821,17.0238132570139,0.));
#8739=CARTESIAN_POINT('Ctrl Pts',(4.32812649429406,17.6152710926544,2.4));
#8740=CARTESIAN_POINT('Ctrl Pts',(3.75062554731788,17.4201577529011,1.6));
#8741=CARTESIAN_POINT('Ctrl Pts',(3.17312423981112,17.2250442936659,0.800000000000001));
#8742=CARTESIAN_POINT('Ctrl Pts',(2.59562329283493,17.0299309539126,0.));
#8743=CARTESIAN_POINT('Ctrl Pts',(4.36478098488966,17.7429688897968,2.4));
#8744=CARTESIAN_POINT('Ctrl Pts',(3.77436864762165,17.5072814292912,1.6));
#8745=CARTESIAN_POINT('Ctrl Pts',(3.18395595354617,17.2715938386064,0.799999999999999));
#8746=CARTESIAN_POINT('Ctrl Pts',(2.59354361627816,17.0359063781008,0.));
#8747=CARTESIAN_POINT('Ctrl Pts',(4.40143547548525,17.8706666869391,2.4));
#8748=CARTESIAN_POINT('Ctrl Pts',(3.79793070684214,17.5943222616865,1.6));
#8749=CARTESIAN_POINT('Ctrl Pts',(3.19442593819902,17.3179778364339,0.8));
#8750=CARTESIAN_POINT('Ctrl Pts',(2.59092116955591,17.0416334111812,0.));
#8751=CARTESIAN_POINT('',(4.29147200369847,17.4875732955121,2.4));
#8752=CARTESIAN_POINT('',(4.29147200369847,17.4875732955121,2.4));
#8753=CARTESIAN_POINT('Ctrl Pts',(4.15203200369847,16.9999998882413,2.4));
#8754=CARTESIAN_POINT('Ctrl Pts',(3.63468800246499,17.0000001347516,1.6));
#8755=CARTESIAN_POINT('Ctrl Pts',(3.11734400123151,17.000000381262,0.8));
#8756=CARTESIAN_POINT('Ctrl Pts',(2.59999999999803,17.0000006277724,0.));
#8757=CARTESIAN_POINT('Ctrl Pts',(4.19851200369847,17.1625243573316,2.4));
#8758=CARTESIAN_POINT('Ctrl Pts',(3.66567498237814,17.1110213296372,1.6));
#8759=CARTESIAN_POINT('Ctrl Pts',(3.13283697100525,17.0595182013553,0.800000000000001));
#8760=CARTESIAN_POINT('Ctrl Pts',(2.59999994968493,17.0080151736609,0.));
#8761=CARTESIAN_POINT('Ctrl Pts',(4.24499200369847,17.3250488264218,2.4));
#8762=CARTESIAN_POINT('Ctrl Pts',(3.69633892776326,17.2220423530716,1.6));
#8763=CARTESIAN_POINT('Ctrl Pts',(3.1476848663044,17.1190357416453,0.799999999999999));
#8764=CARTESIAN_POINT('Ctrl Pts',(2.59903179036919,17.0160292682951,0.));
#8765=CARTESIAN_POINT('Ctrl Pts',(4.29147200369847,17.4875732955121,2.4));
#8766=CARTESIAN_POINT('Ctrl Pts',(3.72668909111838,17.3329866160127,1.6));
#8767=CARTESIAN_POINT('Ctrl Pts',(3.1619061785383,17.1783999365133,0.8));
#8768=CARTESIAN_POINT('Ctrl Pts',(2.59712326595821,17.0238132570139,0.));
#8769=CARTESIAN_POINT('Origin',(2.37578952138774,17.45,11.354066487546));
#8770=CARTESIAN_POINT('',(2.37524534789897,17.42395277335,11.5017866481844));
#8771=CARTESIAN_POINT('Origin',(2.25000003352761,17.7,11.5500001721084));
#8772=CARTESIAN_POINT('',(2.26458498060021,17.6172846548271,11.5354688542954));
#8773=CARTESIAN_POINT('Origin',(2.25000003352761,17.7,10.5499933868913));
#8774=CARTESIAN_POINT('',(2.25740124584439,17.6580256391447,10.5574219141111));
#8775=CARTESIAN_POINT('Origin',(2.75394790198197,17.7,10.5518498367391));
#8776=CARTESIAN_POINT('Ctrl Pts',(0.935993311435351,19.2125637844975,14.1));
#8777=CARTESIAN_POINT('Ctrl Pts',(0.973381239922494,19.1565998220049,14.0657534517298));
#8778=CARTESIAN_POINT('Ctrl Pts',(1.01076916840964,19.1006358595123,14.0315069034596));
#8779=CARTESIAN_POINT('Ctrl Pts',(1.04815709689678,19.0446718970197,13.9972603551895));
#8780=CARTESIAN_POINT('Ctrl Pts',(0.960388037356039,19.240443471264,14.1));
#8781=CARTESIAN_POINT('Ctrl Pts',(0.99819025909432,19.1836115241909,14.0657534517298));
#8782=CARTESIAN_POINT('Ctrl Pts',(1.0359924808326,19.1267795771177,14.0315069034596));
#8783=CARTESIAN_POINT('Ctrl Pts',(1.07379470257088,19.0699476300445,13.9972603551895));
#8784=CARTESIAN_POINT('Ctrl Pts',(0.984782763276726,19.2683231580305,14.1));
#8785=CARTESIAN_POINT('Ctrl Pts',(1.02299927826615,19.2106232263768,14.0657534517298));
#8786=CARTESIAN_POINT('Ctrl Pts',(1.06121579325557,19.1529232947231,14.0315069034596));
#8787=CARTESIAN_POINT('Ctrl Pts',(1.09943230824499,19.0952233630694,13.9972603551895));
#8788=CARTESIAN_POINT('Ctrl Pts',(1.00917748919741,19.296202844797,14.1));
#8789=CARTESIAN_POINT('Ctrl Pts',(1.04780829743797,19.2376349285628,14.0657534517298));
#8790=CARTESIAN_POINT('Ctrl Pts',(1.08643910567853,19.1790670123285,14.0315069034596));
#8791=CARTESIAN_POINT('Ctrl Pts',(1.12506991391909,19.1204990960942,13.9972603551895));
#8792=CARTESIAN_POINT('Ctrl Pts',(0.935993311435353,19.2125637844975,14.1));
#8793=CARTESIAN_POINT('Ctrl Pts',(0.998024410198989,19.1823615953055,14.064920008143));
#8794=CARTESIAN_POINT('Ctrl Pts',(1.06102433252013,19.1516867108017,14.0306833660304));
#8795=CARTESIAN_POINT('Ctrl Pts',(1.12506991391799,19.1204990960959,13.9972603551904));
#8796=CARTESIAN_POINT('Ctrl Pts',(-0.0505865616008541,18.085043929599,14.1));
#8797=CARTESIAN_POINT('Ctrl Pts',(0.00734419407178707,18.0861404204239,
13.7333333333333));
#8798=CARTESIAN_POINT('Ctrl Pts',(0.0652749497444282,18.0872369112487,13.3666666666665));
#8799=CARTESIAN_POINT('Ctrl Pts',(0.123205705417069,18.0883334020736,12.9999999999998));
#8800=CARTESIAN_POINT('Ctrl Pts',(0.082691686921619,18.2373619279104,14.1));
#8801=CARTESIAN_POINT('Ctrl Pts',(0.202497714137796,18.1358487305225,13.7333333333333));
#8802=CARTESIAN_POINT('Ctrl Pts',(0.322303741353974,18.0343355331346,13.3666666666665));
#8803=CARTESIAN_POINT('Ctrl Pts',(0.442109768570151,17.9328223357467,12.9999999999998));
#8804=CARTESIAN_POINT('Ctrl Pts',(0.215969935444092,18.3896799262218,14.1));
#8805=CARTESIAN_POINT('Ctrl Pts',(0.397651234203806,18.1855570406212,13.7333333333333));
#8806=CARTESIAN_POINT('Ctrl Pts',(0.579332532963518,17.9814341550205,13.3666666666665));
#8807=CARTESIAN_POINT('Ctrl Pts',(0.761013831723232,17.7773112694198,12.9999999999998));
#8808=CARTESIAN_POINT('Ctrl Pts',(0.349248183966565,18.5419979245332,14.1));
#8809=CARTESIAN_POINT('Ctrl Pts',(0.592804754269815,18.2352653507198,13.7333333333333));
#8810=CARTESIAN_POINT('Ctrl Pts',(0.836361324573064,17.9285327769064,13.3666666666665));
#8811=CARTESIAN_POINT('Ctrl Pts',(1.07991789487631,17.621800203093,12.9999999999998));
#8812=CARTESIAN_POINT('Ctrl Pts',(0.349248183966566,18.5419979245332,14.1));
#8813=CARTESIAN_POINT('Ctrl Pts',(0.311931231026812,18.4654444395303,14.0787516776837));
#8814=CARTESIAN_POINT('Ctrl Pts',(0.279269831352266,18.3984319517482,14.0529639802748));
#8815=CARTESIAN_POINT('Ctrl Pts',(0.223226282498525,18.2834156335967,13.9863040714758));
#8816=CARTESIAN_POINT('Ctrl Pts',(0.200760675603007,18.2372925824651,13.9463644894863));
#8817=CARTESIAN_POINT('Ctrl Pts',(0.166421049928465,18.1667469921359,13.8519027481578));
#8818=CARTESIAN_POINT('Ctrl Pts',(0.153937294442536,18.1410762766963,13.7990291671778));
#8819=CARTESIAN_POINT('Ctrl Pts',(0.134074243376749,18.1001650444469,13.6652288640074));
#8820=CARTESIAN_POINT('Ctrl Pts',(0.12737663307569,18.0863164179607,13.579782482843));
#8821=CARTESIAN_POINT('Ctrl Pts',(0.1200210799909,18.0709061769378,13.335103606826));
#8822=CARTESIAN_POINT('Ctrl Pts',(0.122396870850918,18.0755585375253,13.17044075906));
#8823=CARTESIAN_POINT('Ctrl Pts',(0.127674616211971,18.0861541727587,13.));
#8824=CARTESIAN_POINT('Origin',(3.38708179498148,18.8960407848007,13.));
#8825=CARTESIAN_POINT('',(3.73521965292837,19.058699306564,12.5836477933027));
#8826=CARTESIAN_POINT('',(3.13228450490596,18.7572207123787,12.5832456802383));
#8827=CARTESIAN_POINT('',(3.74500000186265,19.0749998882413,13.));
#8828=CARTESIAN_POINT('',(3.38708179498148,18.8960407848007,13.));
#8829=CARTESIAN_POINT('Origin',(4.87999279475168,18.0904501415181,12.5823563396262));
#8830=CARTESIAN_POINT('',(4.34238334379747,19.1959414877083,10.3165050350453));
#8831=CARTESIAN_POINT('',(4.34238334379747,19.192917327035,12.583826813706));
#8832=CARTESIAN_POINT('',(4.81308136976762,18.2306885015514,10.3152175776814));
#8833=CARTESIAN_POINT('',(4.87346868777788,18.1035352972667,12.8025919188877));
#8834=CARTESIAN_POINT('',(4.87999279475168,18.0934743021913,10.3150345609656));
#8835=CARTESIAN_POINT('Origin',(0.130494867331728,18.0883582590499,10.3164269737216));
#8836=CARTESIAN_POINT('',(0.664374497402773,19.1831767005009,10.3178872466131));
#8837=CARTESIAN_POINT('',(0.66262971235546,19.1818131138413,11.978114613184));
#8838=CARTESIAN_POINT('',(0.19169526783462,18.2138609441511,10.3165943696677));
#8839=CARTESIAN_POINT('',(0.130494867331728,18.0883582590499,10.3164269737216));
#8840=CARTESIAN_POINT('',(0.15838580196183,18.147348258006,11.6619113819096));
#8841=CARTESIAN_POINT('Origin',(3.38708179498148,18.8960407848007,13.));
#8842=CARTESIAN_POINT('',(3.36515117656356,18.7567050983035,8.31591740118564));
#8843=CARTESIAN_POINT('',(3.34215824875293,18.8000215874619,10.3159769558802));
#8844=CARTESIAN_POINT('',(3.33824532203688,18.8073931692399,10.6563462437635));
#8845=CARTESIAN_POINT('',(3.38708179498148,18.8960407848007,13.));
#8846=CARTESIAN_POINT('',(3.63497247820667,18.891620680796,8.31609735199925));
#8847=CARTESIAN_POINT('',(3.74500000186265,19.0749998882413,13.));
#8848=CARTESIAN_POINT('',(3.42966432710987,18.7889628527187,8.31596042667643));
#8849=CARTESIAN_POINT('Origin',(3.24496090727866,18.0914802149139,8.82216582944458));
#8850=CARTESIAN_POINT('',(3.27660446343568,18.1914802149139,8.5316189316057));
#8851=CARTESIAN_POINT('',(3.33014985798044,18.0914802149139,8.4826914671161));
#8852=CARTESIAN_POINT('Ctrl Pts',(3.27660446343568,18.1914802149139,8.5316189316057));
#8853=CARTESIAN_POINT('Ctrl Pts',(3.30126334730985,18.1457028807926,8.50771869794349));
#8854=CARTESIAN_POINT('Ctrl Pts',(3.33014985798044,18.0914802149139,8.4826914671161));
#8855=CARTESIAN_POINT('',(2.89496090727866,18.0914802149139,8.82216582944458));
#8856=CARTESIAN_POINT('Origin',(3.24496090727866,18.0914802149139,8.82216582944458));
#8857=CARTESIAN_POINT('',(3.26263415130203,18.0914802149139,9.17171933957671));
#8858=CARTESIAN_POINT('Origin',(3.24496090727866,18.0914802149139,8.82216582944458));
#8859=CARTESIAN_POINT('',(3.21960451677189,18.1914802149139,9.11332878716848));
#8860=CARTESIAN_POINT('Ctrl Pts',(3.26263415130203,18.0914802149139,9.17171933957671));
#8861=CARTESIAN_POINT('Ctrl Pts',(3.23915510663509,18.1457028807925,9.14156097020542));
#8862=CARTESIAN_POINT('Ctrl Pts',(3.21960451677189,18.1914802149139,9.11332878716848));
#8863=CARTESIAN_POINT('Origin',(3.24496090727866,18.1914802149139,8.82216582944458));
#8864=CARTESIAN_POINT('Origin',(3.24496090727866,18.1914802149139,8.82216582944458));
#8865=CARTESIAN_POINT('',(3.27323688505769,18.1914802149139,8.56598656958626));
#8866=CARTESIAN_POINT('',(3.17432213240963,18.1914802149139,9.57545569795811));
#8867=CARTESIAN_POINT('',(3.22297209514987,18.1914802149139,9.07896114918792));
#8868=CARTESIAN_POINT('',(3.17432213240963,18.1914802149139,9.57545569795811));
#8869=CARTESIAN_POINT('Origin',(3.24496090727866,18.1914802149139,8.82216582944458));
#8870=CARTESIAN_POINT('Origin',(3.24496090727866,18.0914802149139,8.82216582944458));
#8871=CARTESIAN_POINT('',(3.31523364953046,18.0914802149139,8.63491802118929));
#8872=CARTESIAN_POINT('Ctrl Pts',(3.31523364953046,18.0914802149139,8.63491802118929));
#8873=CARTESIAN_POINT('Ctrl Pts',(3.29758328566149,18.1343274151175,8.60187139681065));
#8874=CARTESIAN_POINT('Ctrl Pts',(3.2732368850577,18.1914802149139,8.56598656958626));
#8875=CARTESIAN_POINT('Ctrl Pts',(3.22297209514987,18.1914802149139,9.07896114918792));
#8876=CARTESIAN_POINT('Ctrl Pts',(3.25382102756652,18.1343274151175,9.04848474165621));
#8877=CARTESIAN_POINT('Ctrl Pts',(3.27755035975201,18.0914802149139,9.01949278550352));
#8878=CARTESIAN_POINT('Origin',(3.24496090727866,18.0914802149139,8.82216582944458));
#8879=CARTESIAN_POINT('Origin',(3.24496090727866,17.1914802149139,8.82216582944458));
#8880=CARTESIAN_POINT('Origin',(3.24496090727866,18.1979903508263,8.82216582944458));
#8881=CARTESIAN_POINT('Ctrl Pts',(2.96880407429609,18.4642954585256,10.3155291633499));
#8882=CARTESIAN_POINT('Ctrl Pts',(3.01791809245952,18.4337250417026,9.64882112875857));
#8883=CARTESIAN_POINT('Ctrl Pts',(3.06703211062295,18.4031546248795,8.9821130941672));
#8884=CARTESIAN_POINT('Ctrl Pts',(3.11614612878637,18.3725842080565,8.31540505957583));
#8885=CARTESIAN_POINT('Ctrl Pts',(3.06017441635811,18.6069404406764,10.3157194236603));
#8886=CARTESIAN_POINT('Ctrl Pts',(3.10366276462633,18.5675612950559,9.64899963995969));
#8887=CARTESIAN_POINT('Ctrl Pts',(3.14712080449851,18.5282130741757,8.98227989750661));
#8888=CARTESIAN_POINT('Ctrl Pts',(3.19060915276673,18.4888339285551,8.31556011380603));
#8889=CARTESIAN_POINT('Ctrl Pts',(3.19064622311217,18.7242628053737,10.3158759085866));
#8890=CARTESIAN_POINT('Ctrl Pts',(3.22608604840699,18.6776462118594,9.649146471556));
#8891=CARTESIAN_POINT('Ctrl Pts',(3.2614982894681,18.6310630011959,8.98241707905158));
#8892=CARTESIAN_POINT('Ctrl Pts',(3.29693811476291,18.5844464076817,8.31568764202102));
#8893=CARTESIAN_POINT('Ctrl Pts',(3.34215824875293,18.8000215874619,10.3159769558802));
#8894=CARTESIAN_POINT('Ctrl Pts',(3.36824310996521,18.7487430660778,9.64924130075605));
#8895=CARTESIAN_POINT('Ctrl Pts',(3.39432797117749,18.6974645446938,8.98250564563193));
#8896=CARTESIAN_POINT('Ctrl Pts',(3.42041283238977,18.6461860233098,8.31576999050782));
#8897=CARTESIAN_POINT('',(3.42041283238977,18.6461860233098,8.31576999050782));
#8898=CARTESIAN_POINT('',(3.17214784563209,18.449182341109,8.31550722639829));
#8899=CARTESIAN_POINT('Ctrl Pts',(3.42041283238977,18.6461860233098,8.31576999050782));
#8900=CARTESIAN_POINT('Ctrl Pts',(3.32524485514354,18.5986002952497,8.31570652051924));
#8901=CARTESIAN_POINT('Ctrl Pts',(3.24026237486234,18.5308922724484,8.31561621135283));
#8902=CARTESIAN_POINT('Ctrl Pts',(3.17220526251161,18.4491220962103,8.31550714604346));
#8903=CARTESIAN_POINT('',(2.96880407429609,18.4642954585256,10.3155291633499));
#8904=CARTESIAN_POINT('Ctrl Pts',(2.96880407429609,18.4642954585256,10.3155291633499));
#8905=CARTESIAN_POINT('Ctrl Pts',(3.00104006501212,18.4628531196856,9.99372254063464));
#8906=CARTESIAN_POINT('Ctrl Pts',(3.03361668714151,18.4609792683204,9.67061716739526));
#8907=CARTESIAN_POINT('Ctrl Pts',(3.06633063913935,18.4586079741192,9.348611134416));
#8908=CARTESIAN_POINT('Ctrl Pts',(3.06962279873384,18.458369339577,9.3162061455285));
#8909=CARTESIAN_POINT('Ctrl Pts',(3.07291633092347,18.4581256282597,9.28381228999044));
#8910=CARTESIAN_POINT('Ctrl Pts',(3.07621101589943,18.4578767483835,9.25143201181418));
#8911=CARTESIAN_POINT('Ctrl Pts',(3.10631540016058,18.4556026689245,8.95556507952311));
#8912=CARTESIAN_POINT('Ctrl Pts',(3.13676268147864,18.4528818198837,8.65842590342787));
#8913=CARTESIAN_POINT('Ctrl Pts',(3.16734880967012,18.4496409699416,8.3624767056365));
#8914=CARTESIAN_POINT('Ctrl Pts',(3.16896725619628,18.4494694823215,8.34681673232813));
#8915=CARTESIAN_POINT('Ctrl Pts',(3.17058608466988,18.44929652903,8.33116009086681));
#8916=CARTESIAN_POINT('Ctrl Pts',(3.17220526251161,18.4491220962103,8.31550714604346));
#8917=CARTESIAN_POINT('Origin',(3.76499745418052,17.9542887616883,10.314848914869));
#8918=CARTESIAN_POINT('Ctrl Pts',(3.34215824875293,18.8000215874619,10.3159769558802));
#8919=CARTESIAN_POINT('Ctrl Pts',(3.36824310996521,18.7487430660778,9.64924130075605));
#8920=CARTESIAN_POINT('Ctrl Pts',(3.39432797117749,18.6974645446938,8.98250564563193));
#8921=CARTESIAN_POINT('Ctrl Pts',(3.42041283238977,18.6461860233098,8.31576999050782));
#8922=CARTESIAN_POINT('Origin',(3.42041283238977,18.6461860233098,8.31576999050782));
#8923=CARTESIAN_POINT('',(3.67416595760791,18.1386992269662,8.31509310307785));
#8924=CARTESIAN_POINT('Origin',(3.74500000186265,19.0749998882413,13.));
#8925=CARTESIAN_POINT('',(3.51233391220548,18.9529441267719,8.3161791453977));
#8926=CARTESIAN_POINT('',(4.02629635706939,18.6959454578462,8.3158363597927));
#8927=CARTESIAN_POINT('',(3.74547904399361,19.0635671987097,12.780078617345));
#8928=CARTESIAN_POINT('Origin',(3.24496090727866,17.1914802149139,8.82216582944458));
#8929=CARTESIAN_POINT('Origin',(3.24496090727866,18.1979903508263,8.82216582944458));
#8930=CARTESIAN_POINT('',(2.89496090727866,17.1914802149139,8.82216582944458));
#8931=CARTESIAN_POINT('Origin',(3.24496090727866,17.2981550563566,8.82216582944458));
#8932=CARTESIAN_POINT('Origin',(2.96880407429609,18.4642954585256,10.3155291633499));
#8933=CARTESIAN_POINT('',(3.63932833264025,17.4911427163849,8.3142293902377));
#8934=CARTESIAN_POINT('',(3.63932833264025,17.4911427163849,8.3142293902377));
#8935=CARTESIAN_POINT('',(3.38258421559779,17.3615889292946,11.5789827740503));
#8936=CARTESIAN_POINT('',(3.48205412120277,17.4117817170441,10.3141253173255));
#8937=CARTESIAN_POINT('Origin',(4.87679434159613,18.0883333866136,13.));
#8938=CARTESIAN_POINT('',(4.66669009985306,17.9921267096203,8.31489760420914));
#8939=CARTESIAN_POINT('',(4.42898045252241,17.8762096761557,8.31474299371791));
#8940=CARTESIAN_POINT('',(4.87679434159613,18.0883333866136,13.));
#8941=CARTESIAN_POINT('Origin',(4.73934000186265,17.6094666473298,13.));
#8942=CARTESIAN_POINT('',(4.69238971397239,18.081643442211,8.31501700189889));
#8943=CARTESIAN_POINT('',(4.54910601150245,17.5825585602728,8.31435132096786));
#8944=CARTESIAN_POINT('',(4.89182620640354,18.3279324143291,11.6202412476381));
#8945=CARTESIAN_POINT('Origin',(1.74496090727866,17.1914802149139,8.82216582944458));
#8946=CARTESIAN_POINT('',(1.56869995288919,17.8206956182731,8.72765616878646));
#8947=CARTESIAN_POINT('Origin',(1.74496090727866,18.163505024712,8.82216582944458));
#8948=CARTESIAN_POINT('',(1.72183779597362,17.7459260636559,9.02082463675897));
#8949=CARTESIAN_POINT('Origin',(1.74496090727866,17.7347132533445,8.82216582944458));
#8950=CARTESIAN_POINT('',(1.56155182873376,17.8031075864776,8.74240926289756));
#8951=CARTESIAN_POINT('Ctrl Pts',(1.72183779597363,17.7459260636559,9.02082463675897));
#8952=CARTESIAN_POINT('Ctrl Pts',(1.72467517719973,17.7420882223872,9.0211548968808));
#8953=CARTESIAN_POINT('Ctrl Pts',(1.72750666281686,17.7382211050429,9.0214228506138));
#8954=CARTESIAN_POINT('Ctrl Pts',(1.73366581606063,17.7297302949467,9.02187464745497));
#8955=CARTESIAN_POINT('Ctrl Pts',(1.73698180963764,17.725108304589,9.02203373023048));
#8956=CARTESIAN_POINT('Ctrl Pts',(1.74027389230646,17.7204712522279,9.02211090162856));
#8957=CARTESIAN_POINT('Ctrl Pts',(1.74628362559916,17.7120062618986,9.02225177886856));
#8958=CARTESIAN_POINT('Ctrl Pts',(1.75228397292382,17.7033919990299,9.02212123485715));
#8959=CARTESIAN_POINT('Ctrl Pts',(1.76593313569156,17.6834333301174,9.02121207174685));
#8960=CARTESIAN_POINT('Ctrl Pts',(1.77356803751298,17.6720045921825,9.02025809054231));
#8961=CARTESIAN_POINT('Ctrl Pts',(1.79572117266847,17.6380777262522,9.01618614772722));
#8962=CARTESIAN_POINT('Ctrl Pts',(1.81001425993775,17.6152012402277,9.01187750732055));
#8963=CARTESIAN_POINT('Ctrl Pts',(1.86356759147877,17.5255670435406,8.98893322698574));
#8964=CARTESIAN_POINT('Ctrl Pts',(1.89736694897943,17.4602018422978,8.95910621243096));
#8965=CARTESIAN_POINT('Ctrl Pts',(1.93231867498794,17.3748105043082,8.89706777504347));
#8966=CARTESIAN_POINT('Ctrl Pts',(1.94076613713731,17.3479383876249,8.87117534393296));
#8967=CARTESIAN_POINT('Ctrl Pts',(1.94557983538723,17.3159553886295,8.82756197631684));
#8968=CARTESIAN_POINT('Ctrl Pts',(1.9455228373782,17.305454868773,8.80924269572447));
#8969=CARTESIAN_POINT('Ctrl Pts',(1.93994793764954,17.2936646439689,8.77535086617674));
#8970=CARTESIAN_POINT('Ctrl Pts',(1.93594076080864,17.2908251829652,8.76074931791279));
#8971=CARTESIAN_POINT('Ctrl Pts',(1.9241296042192,17.2906445560194,8.73195750154958));
#8972=CARTESIAN_POINT('Ctrl Pts',(1.91671389772555,17.2932461459177,8.71860548029576));
#8973=CARTESIAN_POINT('Ctrl Pts',(1.89709384838163,17.30452208304,8.69096309242823));
#8974=CARTESIAN_POINT('Ctrl Pts',(1.88461617855833,17.314351181451,8.67803333742461));
#8975=CARTESIAN_POINT('Ctrl Pts',(1.85183548774103,17.344232672113,8.65117152651923));
#8976=CARTESIAN_POINT('Ctrl Pts',(1.82875766915982,17.368931246802,8.63867619194117));
#8977=CARTESIAN_POINT('Ctrl Pts',(1.79296761451768,17.4121031758773,8.62769224947215));
#8978=CARTESIAN_POINT('Ctrl Pts',(1.78228648793906,17.4255559930293,8.62539289442968));
#8979=CARTESIAN_POINT('Ctrl Pts',(1.76545302443493,17.447550124427,8.62311657380326));
#8980=CARTESIAN_POINT('Ctrl Pts',(1.75914524425253,17.4559721850583,8.62257053329241));
#8981=CARTESIAN_POINT('Ctrl Pts',(1.74748775947713,17.4718618229147,8.62210934526782));
#8982=CARTESIAN_POINT('Ctrl Pts',(1.7421104931126,17.4793202153881,8.62211421914841));
#8983=CARTESIAN_POINT('Ctrl Pts',(1.73029117177351,17.4959971842884,8.62259980055351));
#8984=CARTESIAN_POINT('Ctrl Pts',(1.72385428075524,17.5052668343294,8.62317811505697));
#8985=CARTESIAN_POINT('Ctrl Pts',(1.7060953520916,17.5313638726705,8.62564294528314));
#8986=CARTESIAN_POINT('Ctrl Pts',(1.69489896156167,17.5484173493684,8.62819493873478));
#8987=CARTESIAN_POINT('Ctrl Pts',(1.64509984114356,17.6270607415338,8.64413174221263));
#8988=CARTESIAN_POINT('Ctrl Pts',(1.61065310885877,17.6894866810077,8.66828690586221));
#8989=CARTESIAN_POINT('Ctrl Pts',(1.57598548521995,17.7656066896431,8.71399474061352));
#8990=CARTESIAN_POINT('Ctrl Pts',(1.56790626097489,17.7852988862608,8.72779654055445));
#8991=CARTESIAN_POINT('Ctrl Pts',(1.56155182873393,17.8031075864775,8.74240926289755));
#8992=CARTESIAN_POINT('',(1.54496090727866,17.7532597338276,8.82216582944458));
#8993=CARTESIAN_POINT('Origin',(1.74496090727866,18.163505024712,8.82216582944458));
#8994=CARTESIAN_POINT('',(1.54496090727866,17.1914802149139,8.82216582944458));
#8995=CARTESIAN_POINT('Origin',(1.74496090727866,18.163505024712,8.82216582944458));
#8996=CARTESIAN_POINT('Ctrl Pts',(1.94554455603091,17.4285406605095,9.02225177886856));
#8997=CARTESIAN_POINT('Ctrl Pts',(1.94557341003555,17.351404467581,8.88887096766831));
#8998=CARTESIAN_POINT('Ctrl Pts',(1.94560226404019,17.2742682746524,8.75549015646807));
#8999=CARTESIAN_POINT('Ctrl Pts',(1.94563111804483,17.1971320817238,8.62210934526782));
#9000=CARTESIAN_POINT('Ctrl Pts',(1.82543810280936,17.5994022433738,9.02225177886856));
#9001=CARTESIAN_POINT('Ctrl Pts',(1.82169620794007,17.5260503898248,8.88887096766831));
#9002=CARTESIAN_POINT('Ctrl Pts',(1.81795431307077,17.4526985362758,8.75549015646806));
#9003=CARTESIAN_POINT('Ctrl Pts',(1.81421241820147,17.3793466827268,8.62210934526781));
#9004=CARTESIAN_POINT('Ctrl Pts',(1.70533164958782,17.770263826238,9.02225177886856));
#9005=CARTESIAN_POINT('Ctrl Pts',(1.69781900584458,17.7006963120687,8.88887096766831));
#9006=CARTESIAN_POINT('Ctrl Pts',(1.69030636210135,17.6311287978993,8.75549015646806));
#9007=CARTESIAN_POINT('Ctrl Pts',(1.68279371835812,17.5615612837299,8.62210934526781));
#9008=CARTESIAN_POINT('Ctrl Pts',(1.58522519636627,17.9411254091023,9.02225177886856));
#9009=CARTESIAN_POINT('Ctrl Pts',(1.5739418037491,17.8753422343125,8.88887096766831));
#9010=CARTESIAN_POINT('Ctrl Pts',(1.56265841113193,17.8095590595227,8.75549015646805));
#9011=CARTESIAN_POINT('Ctrl Pts',(1.55137501851476,17.743775884733,8.6221093452678));
#9012=CARTESIAN_POINT('',(1.57398187802513,17.8180984427059,8.79538824240227));
#9013=CARTESIAN_POINT('Ctrl Pts',(1.57398187802514,17.8180984427059,8.79538824240227));
#9014=CARTESIAN_POINT('Ctrl Pts',(1.56984048112991,17.8131069052145,8.7777215069171));
#9015=CARTESIAN_POINT('Ctrl Pts',(1.56569684426539,17.8081095707056,8.76006079310551));
#9016=CARTESIAN_POINT('Ctrl Pts',(1.56155182873383,17.8031075864777,8.74240926289753));
#9017=CARTESIAN_POINT('Ctrl Pts',(1.72183779597362,17.7459260636559,9.02082463675897));
#9018=CARTESIAN_POINT('Ctrl Pts',(1.67362701996313,17.7694595112862,8.945758704072));
#9019=CARTESIAN_POINT('Ctrl Pts',(1.62430109726624,17.7935367838843,8.87059285380895));
#9020=CARTESIAN_POINT('Ctrl Pts',(1.57398187802513,17.8180984427059,8.79538824240227));
#9021=CARTESIAN_POINT('Origin',(1.19745455869282,18.,14.1845440029848));
#9022=CARTESIAN_POINT('',(1.8404780057714,17.6870596237341,12.2127663532772));
#9023=CARTESIAN_POINT('Ctrl Pts',(1.65779760076093,18.8001160075574,10.3186166487119));
#9024=CARTESIAN_POINT('Ctrl Pts',(1.63241492846044,18.7484950512228,9.65188031599287));
#9025=CARTESIAN_POINT('Ctrl Pts',(1.60703225615995,18.6968740948881,8.98514398327388));
#9026=CARTESIAN_POINT('Ctrl Pts',(1.58164958385945,18.6452531385534,8.3184076505549));
#9027=CARTESIAN_POINT('Ctrl Pts',(1.81093815464296,18.7235484178324,10.3187147020315));
#9028=CARTESIAN_POINT('Ctrl Pts',(1.77609943732864,18.6766389081206,9.6519723012881));
#9029=CARTESIAN_POINT('Ctrl Pts',(1.74128961297789,18.6297641822996,8.98522995947811));
#9030=CARTESIAN_POINT('Ctrl Pts',(1.70645089566356,18.5828546725878,8.31848755873472));
#9031=CARTESIAN_POINT('Ctrl Pts',(1.9425678929138,18.6045019061637,10.3187552599486));
#9032=CARTESIAN_POINT('Ctrl Pts',(1.89960899792311,18.564936444882,9.65201035730806));
#9033=CARTESIAN_POINT('Ctrl Pts',(1.85668186566143,18.5254031594446,8.98526551447479));
#9034=CARTESIAN_POINT('Ctrl Pts',(1.81372297067074,18.4858376981629,8.31852061183425));
#9035=CARTESIAN_POINT('Ctrl Pts',(2.03408923018169,18.4597962102142,10.3187325921523));
#9036=CARTESIAN_POINT('Ctrl Pts',(1.98549582936541,18.4291670121684,9.65198910761137));
#9037=CARTESIAN_POINT('Ctrl Pts',(1.93690242854912,18.3985378141226,8.98524562307046));
#9038=CARTESIAN_POINT('Ctrl Pts',(1.88830902773284,18.3679086160768,8.31850213852954));
#9039=CARTESIAN_POINT('',(1.83316803172009,18.4443158221961,8.31850694429397));
#9040=CARTESIAN_POINT('',(1.58164958385945,18.6452531385534,8.3184076505549));
#9041=CARTESIAN_POINT('Ctrl Pts',(1.83310938575432,18.4442547213662,8.31850683247744));
#9042=CARTESIAN_POINT('Ctrl Pts',(1.76451076887055,18.527784772292,8.31850334537802));
#9043=CARTESIAN_POINT('Ctrl Pts',(1.67834122850778,18.5969090129146,8.31846956058786));
#9044=CARTESIAN_POINT('Ctrl Pts',(1.58164958385945,18.6452531385534,8.3184076505549));
#9045=CARTESIAN_POINT('',(1.65779760076093,18.8001160075574,10.3186166487119));
#9046=CARTESIAN_POINT('',(1.65779760076093,18.8001160075574,10.3186166487119));
#9047=CARTESIAN_POINT('',(2.0340892301817,18.4597962102142,10.3187325921523));
#9048=CARTESIAN_POINT('Origin',(1.23495516213652,17.9543294976569,10.3174776045037));
#9049=CARTESIAN_POINT('Ctrl Pts',(2.03408923018169,18.4597962102142,10.3187325921523));
#9050=CARTESIAN_POINT('Ctrl Pts',(2.00237577359204,18.4582910425299,9.99828502552998));
#9051=CARTESIAN_POINT('Ctrl Pts',(1.97035000213513,18.4563707983384,9.67670005862226));
#9052=CARTESIAN_POINT('Ctrl Pts',(1.90355408159626,18.4513740521863,9.01097353214425));
#9053=CARTESIAN_POINT('Ctrl Pts',(1.86843754066493,18.4481948310696,8.66376694968621));
#9054=CARTESIAN_POINT('Ctrl Pts',(1.83316803172009,18.4443158221961,8.31850694429397));
#9055=CARTESIAN_POINT('Origin',(1.52205416500277,17.4097740695439,10.3173320687327));
#9056=CARTESIAN_POINT('',(1.44357539083785,17.645384407947,8.31744132661508));
#9057=CARTESIAN_POINT('',(1.5196493955119,17.4169937102627,10.2560508332282));
#9058=CARTESIAN_POINT('',(1.36688192361231,17.4881103380482,8.31723155387824));
#9059=CARTESIAN_POINT('',(1.52205416500277,17.4097740695439,10.3173320687327));
#9060=CARTESIAN_POINT('',(1.5196493955119,17.4169937102627,10.2560508332282));
#9061=CARTESIAN_POINT('Origin',(2.08500000186265,19.4899998882413,13.));
#9062=CARTESIAN_POINT('',(1.36497385099554,18.8917101410378,8.31838236058625));
#9063=CARTESIAN_POINT('',(1.25500000186265,19.0749998882413,13.));
#9064=CARTESIAN_POINT('',(1.48583438874328,18.952149401057,8.31855901700914));
#9065=CARTESIAN_POINT('',(1.45502938012743,18.9367446050804,8.31851399071081));
#9066=CARTESIAN_POINT('',(1.22299020583938,19.073693976351,13.2888030632467));
#9067=CARTESIAN_POINT('Origin',(1.25500000186265,19.0749998882413,13.));
#9068=CARTESIAN_POINT('',(1.6368975194835,18.7557530783426,8.31855646873531));
#9069=CARTESIAN_POINT('',(1.50060642112343,18.8238962359706,8.31846920383851));
#9070=CARTESIAN_POINT('',(1.79033459147738,18.5168325943518,2.4));
#9071=CARTESIAN_POINT('',(1.67180890296127,18.8298566769582,11.6594462478191));
#9072=CARTESIAN_POINT('Origin',(1.65779760076093,18.8001160075574,10.3186166487119));
#9073=CARTESIAN_POINT('',(1.36754629099349,18.2170307859329,8.31783093285306));
#9074=CARTESIAN_POINT('Origin',(1.50400000186265,17.4149998882413,13.));
#9075=CARTESIAN_POINT('',(1.36807659711572,17.4875277638435,8.31723233091521));
#9076=CARTESIAN_POINT('',(1.39077371128471,17.4760664548958,8.61205769230759));
#9077=CARTESIAN_POINT('',(1.547500235617,17.3969246264541,10.647865144832));
#9078=CARTESIAN_POINT('',(1.42304957465705,17.4597681872432,9.03130672159612));
#9079=CARTESIAN_POINT('Origin',(1.68762803933962,17.3310430024994,8.81056256163729));
#9080=CARTESIAN_POINT('',(1.57536434560371,17.3828541516469,11.0098074708715));
#9081=CARTESIAN_POINT('',(0.333235428080936,17.9921608449721,8.31655925174357));
#9082=CARTESIAN_POINT('',(0.123205705417036,18.0883334020736,13.));
#9083=CARTESIAN_POINT('',(1.37117615000412,17.4860162884877,8.31723434691975));
#9084=CARTESIAN_POINT('Ctrl Pts',(1.47197713790838,17.5601161897602,9.04120888836313));
#9085=CARTESIAN_POINT('Ctrl Pts',(1.30991480704815,17.6590645199772,8.8392377043887));
#9086=CARTESIAN_POINT('Ctrl Pts',(1.45565184148578,17.6091282781317,8.62518800213894));
#9087=CARTESIAN_POINT('Ctrl Pts',(1.40709900770731,17.4270543665243,9.02807857853178));
#9088=CARTESIAN_POINT('Ctrl Pts',(1.24503667684708,17.5260026967413,8.82610739455735));
#9089=CARTESIAN_POINT('Ctrl Pts',(1.39077371128471,17.4760664548958,8.61205769230759));
#9090=CARTESIAN_POINT('',(1.45565184148578,17.6091282781317,8.62518800213894));
#9091=CARTESIAN_POINT('',(1.47197713790838,17.5601161897602,9.04120888836313));
#9092=CARTESIAN_POINT('Origin',(1.47197713790838,17.5601161897602,9.04120888836313));
#9093=CARTESIAN_POINT('Origin',(1.44357539083785,17.645384407947,8.31744132661508));
#9094=CARTESIAN_POINT('',(1.40607147137273,17.5669693422801,8.31733750829548));
#9095=CARTESIAN_POINT('Origin',(0.123205705417036,18.0883334020736,13.));
#9096=CARTESIAN_POINT('',(0.313345965180581,18.0614473728119,8.31659525605767));
#9097=CARTESIAN_POINT('',(0.40464069456062,17.7434149130866,8.31642999246413));
#9098=CARTESIAN_POINT('',(0.109424300173616,18.316936489728,11.6691707706883));
#9099=CARTESIAN_POINT('Ctrl Pts',(2.04333286739271,18.4744202942622,12.5858211929967));
#9100=CARTESIAN_POINT('Ctrl Pts',(1.89686977722445,18.7401037101335,12.5858854828368));
#9101=CARTESIAN_POINT('Ctrl Pts',(1.62656335307083,18.8778324770324,12.5857145294459));
#9102=CARTESIAN_POINT('Ctrl Pts',(2.04222582479274,18.4735551169022,13.6392130840293));
#9103=CARTESIAN_POINT('Ctrl Pts',(1.89576273462448,18.7392385327735,13.6392773738694));
#9104=CARTESIAN_POINT('Ctrl Pts',(1.62545631047086,18.8769672996724,13.6391064204786));
#9105=CARTESIAN_POINT('',(2.04281761604237,18.4740176143627,13.0761018689716));
#9106=CARTESIAN_POINT('Ctrl Pts',(2.04281761604241,18.4740176143626,13.0761018689716));
#9107=CARTESIAN_POINT('Ctrl Pts',(2.0233675122345,18.5091967015044,13.1139874116373));
#9108=CARTESIAN_POINT('Ctrl Pts',(1.99789479518047,18.5503384861012,13.1665689270116));
#9109=CARTESIAN_POINT('Ctrl Pts',(1.91980929357581,18.6527335778511,13.3009492914959));
#9110=CARTESIAN_POINT('Ctrl Pts',(1.86846748945574,18.7069641529124,13.3756196565609));
#9111=CARTESIAN_POINT('Ctrl Pts',(1.80338979637034,18.7609894835623,13.4538757151965));
#9112=CARTESIAN_POINT('Ctrl Pts',(1.7975630913779,18.7657165428077,13.4607625181013));
#9113=CARTESIAN_POINT('Ctrl Pts',(1.79166077285734,18.7703938377029,13.4676183721686));
#9114=CARTESIAN_POINT('',(2.0429943163951,18.4750339095854,12.5858213413746));
#9115=CARTESIAN_POINT('',(2.04299928699311,18.475062896082,12.5717312977044));
#9116=CARTESIAN_POINT('',(1.62656335307063,18.8778324770322,12.58571452964));
#9117=CARTESIAN_POINT('Origin',(1.17795885968132,17.9973265970145,12.5845198953845));
#9118=CARTESIAN_POINT('',(1.62656335307063,18.8778324770322,12.58571452964));
#9119=CARTESIAN_POINT('Origin',(1.16796298130417,18.0048371266794,13.0000185141001));
#9120=CARTESIAN_POINT('Origin',(1.69195794744044,17.7537569987892,13.6436589454524));
#9121=CARTESIAN_POINT('',(2.06497580174408,18.4370958034636,13.));
#9122=CARTESIAN_POINT('Origin',(1.16749349546833,18.0051912886436,13.));
#9123=CARTESIAN_POINT('Origin',(1.16749349546833,18.0051912886436,13.));
#9124=CARTESIAN_POINT('Ctrl Pts',(1.61991873430183,18.8810779678442,12.5817450097586));
#9125=CARTESIAN_POINT('Ctrl Pts',(1.62325652168797,18.8794484076724,12.5831802432423));
#9126=CARTESIAN_POINT('Ctrl Pts',(1.62656335307053,18.8778324770323,12.5857145296399));
#9127=CARTESIAN_POINT('Origin',(1.52205416500277,17.4067502506626,12.5843964606743));
#9128=CARTESIAN_POINT('',(1.81161876029893,18.0000003373345,13.0007776740885));
#9129=CARTESIAN_POINT('',(1.54535804864073,17.4539848387106,13.0000493965944));
#9130=CARTESIAN_POINT('',(1.81179375530409,18.,13.2709021893611));
#9131=CARTESIAN_POINT('Ctrl Pts',(1.81179375530409,18.,13.2709021893611));
#9132=CARTESIAN_POINT('Ctrl Pts',(1.83951275101102,18.0568400965058,13.2730816472244));
#9133=CARTESIAN_POINT('Ctrl Pts',(1.86552140959746,18.1101773292848,13.2718846117991));
#9134=CARTESIAN_POINT('Ctrl Pts',(1.91782965194469,18.2174588358786,13.2616600558316));
#9135=CARTESIAN_POINT('Ctrl Pts',(1.94878438992177,18.2809528583555,13.2500225693868));
#9136=CARTESIAN_POINT('Ctrl Pts',(1.98852921776896,18.3625032461955,13.2154160177649));
#9137=CARTESIAN_POINT('Ctrl Pts',(2.00135161040653,18.3888177072115,13.2006175991419));
#9138=CARTESIAN_POINT('Ctrl Pts',(2.02040524281043,18.427935880765,13.1667865370008));
#9139=CARTESIAN_POINT('Ctrl Pts',(2.02743328599192,18.4423705401198,13.1500391946578));
#9140=CARTESIAN_POINT('Ctrl Pts',(2.03757037552665,18.4632073105053,13.1134778991908));
#9141=CARTESIAN_POINT('Ctrl Pts',(2.04084204137752,18.4699406471189,13.0953555144766));
#9142=CARTESIAN_POINT('Ctrl Pts',(2.04281761604237,18.4740176143627,13.0761018689716));
#9143=CARTESIAN_POINT('',(1.81161829649173,17.9999999748593,13.0012190037531));
#9144=CARTESIAN_POINT('',(1.81184042330173,18.,13.3426529937594));
#9145=CARTESIAN_POINT('',(1.81184042330173,18.,13.3426529937594));
#9146=CARTESIAN_POINT('Origin',(1.81161832866072,18.,13.0011883937803));
#9147=CARTESIAN_POINT('',(1.52205413283379,17.4061953632957,13.0004269849632));
#9148=CARTESIAN_POINT('Origin',(4.81308136976762,18.2306885015514,10.3152175776814));
#9149=CARTESIAN_POINT('',(4.34238085429765,19.1959465928861,10.3165050418546));
#9150=CARTESIAN_POINT('',(4.18586979917179,19.1203558083856,8.31640243960699));
#9151=CARTESIAN_POINT('',(4.42699345702936,19.2368122877342,11.3977953492426));
#9152=CARTESIAN_POINT('',(4.87999279475168,18.0934743021913,10.3150345609656));
#9153=CARTESIAN_POINT('',(4.72271858331419,18.0194485102509,8.31493404610978));
#9154=CARTESIAN_POINT('Origin',(3.9811665634487,17.6578371441672,8.31445172777165));
#9155=CARTESIAN_POINT('',(3.9834517986655,19.1885116808801,8.31649334611668));
#9156=CARTESIAN_POINT('Origin',(4.05053584745799,19.0543487263226,8.3163143991605));
#9157=CARTESIAN_POINT('',(3.37542742379601,18.8844883802527,8.31608783891513));
#9158=CARTESIAN_POINT('Origin',(3.38151532439281,18.8818406774495,12.5834118987262));
#9159=CARTESIAN_POINT('',(4.14047536030953,19.2643499927501,10.3231454257789));
#9160=CARTESIAN_POINT('',(4.14047536030953,19.2613345673339,12.5839180688288));
#9161=CARTESIAN_POINT('',(4.22559851931739,19.3054622730513,11.4109602878426));
#9162=CARTESIAN_POINT('Origin',(4.29268256810989,19.1712993184938,11.4107813408864));
#9163=CARTESIAN_POINT('Origin',(4.20755940910202,19.1301870381926,10.3229664788254));
#9164=CARTESIAN_POINT('Origin',(4.20755940910203,19.1271716127764,12.5837391218727));
#9165=CARTESIAN_POINT('Origin',(1.62545631047086,18.8769672996724,13.6391064204786));
#9166=CARTESIAN_POINT('',(0.864937231466352,19.2522492287608,10.3247039025586));
#9167=CARTESIAN_POINT('',(1.02483508252352,19.1769524986307,8.31825917483003));
#9168=CARTESIAN_POINT('',(0.736581431530678,19.3126926428811,11.9353498014972));
#9169=CARTESIAN_POINT('',(0.863199329111202,19.2508910210716,11.9783821335188));
#9170=CARTESIAN_POINT('',(1.73205213703326,18.8320830327427,8.31871916142842));
#9171=CARTESIAN_POINT('Origin',(1.23343112690266,17.5531866886397,8.31714475509752));
#9172=CARTESIAN_POINT('',(0.823750460597688,19.1081257300809,8.31799131952661));
#9173=CARTESIAN_POINT('Origin',(0.959089306898418,19.0421286852699,8.31807934632849));
#9174=CARTESIAN_POINT('',(0.289870830526641,18.0133072886299,8.31653104663512));
#9175=CARTESIAN_POINT('Origin',(0.730120273027876,19.3180005138618,10.3180670751146));
#9176=CARTESIAN_POINT('',(0.536538599388474,19.243375290101,11.9220092650731));
#9177=CARTESIAN_POINT('Origin',(0.670835655905576,19.1778688295202,11.9351699729957));
#9178=CARTESIAN_POINT('Origin',(0.799191455841251,19.1174254154,10.3245240740564));
#9179=CARTESIAN_POINT('Origin',(0.797453553486101,19.1160672077108,11.9782023050173));
#9180=CARTESIAN_POINT('Ctrl Pts',(1.061681594506,19.3562075365783,14.1));
#9181=CARTESIAN_POINT('Ctrl Pts',(1.39684696064464,18.7502264322677,13.7295422394274));
#9182=CARTESIAN_POINT('Ctrl Pts',(1.73201232678328,18.1442453279571,13.3590844788548));
#9183=CARTESIAN_POINT('Ctrl Pts',(2.06717769292191,17.5382642236465,12.9886267182822));
#9184=CARTESIAN_POINT('Ctrl Pts',(1.08691578701897,19.385046613736,14.1));
#9185=CARTESIAN_POINT('Ctrl Pts',(1.42307332877798,18.7883196642302,13.7295422394274));
#9186=CARTESIAN_POINT('Ctrl Pts',(1.75939779971622,18.1915068679903,13.3590844788548));
#9187=CARTESIAN_POINT('Ctrl Pts',(2.09555534147523,17.5947799184846,12.9886267182822));
#9188=CARTESIAN_POINT('Ctrl Pts',(1.16238726153508,19.4712997274687,14.1));
#9189=CARTESIAN_POINT('Ctrl Pts',(1.49648142198456,18.9048731449199,13.7295422394274));
#9190=CARTESIAN_POINT('Ctrl Pts',(1.83067883398566,18.3383961333648,13.3590844788548));
#9191=CARTESIAN_POINT('Ctrl Pts',(2.16477299443514,17.7719695508161,12.9886267182823));
#9192=CARTESIAN_POINT('Ctrl Pts',(1.24496088187145,19.5656695792817,14.1));
#9193=CARTESIAN_POINT('Ctrl Pts',(1.55738193667852,19.0377084380969,13.7295422394274));
#9194=CARTESIAN_POINT('Ctrl Pts',(1.86959120174078,18.5100336996644,13.3590844788549));
#9195=CARTESIAN_POINT('Ctrl Pts',(2.18201225654785,17.9820725584796,12.9886267182823));
#9196=CARTESIAN_POINT('Ctrl Pts',(1.30743417948903,19.6370676337018,14.1));
#9197=CARTESIAN_POINT('Ctrl Pts',(1.59211838037128,19.1372990683147,13.7295422394275));
#9198=CARTESIAN_POINT('Ctrl Pts',(1.87701809563728,18.6374593568452,13.3590844788549));
#9199=CARTESIAN_POINT('Ctrl Pts',(2.16170229651952,18.1376907914581,12.9886267182823));
#9200=CARTESIAN_POINT('Ctrl Pts',(1.33664078295244,19.6704466090885,14.1));
#9201=CARTESIAN_POINT('Ctrl Pts',(1.60723863137772,19.1835713570082,13.7295422394274));
#9202=CARTESIAN_POINT('Ctrl Pts',(1.87799362429852,18.6967744195149,13.3590844788549));
#9203=CARTESIAN_POINT('Ctrl Pts',(2.1485914727238,18.2098991674346,12.9886267182823));
#9204=CARTESIAN_POINT('Ctrl Pts',(1.39795271718111,19.7405173910642,14.1));
#9205=CARTESIAN_POINT('Ctrl Pts',(1.63500918425845,19.2799942043825,13.7295422394274));
#9206=CARTESIAN_POINT('Ctrl Pts',(1.87197746588696,18.819507910497,13.3590844788549));
#9207=CARTESIAN_POINT('Ctrl Pts',(2.1090339329643,18.3589847238154,12.9886267182823));
#9208=CARTESIAN_POINT('Ctrl Pts',(1.50309772275399,19.8606831117189,14.1));
#9209=CARTESIAN_POINT('Ctrl Pts',(1.66402225237769,19.4394071120169,13.7295422394274));
#9210=CARTESIAN_POINT('Ctrl Pts',(1.82510163589926,19.0183481600683,13.3590844788548));
#9211=CARTESIAN_POINT('Ctrl Pts',(1.98602616552296,18.5970721603663,12.9886267182823));
#9212=CARTESIAN_POINT('Ctrl Pts',(1.62314294719649,19.9978776539389,14.1));
#9213=CARTESIAN_POINT('Ctrl Pts',(1.66973202849664,19.6009090920267,13.7295422394274));
#9214=CARTESIAN_POINT('Ctrl Pts',(1.71628604828678,19.2038977158676,13.3590844788548));
#9215=CARTESIAN_POINT('Ctrl Pts',(1.76287512958693,18.8069291539554,12.9886267182823));
#9216=CARTESIAN_POINT('Ctrl Pts',(1.67601258476396,20.0583000968731,14.1));
#9217=CARTESIAN_POINT('Ctrl Pts',(1.66513335815676,19.6615203600659,13.7295422394274));
#9218=CARTESIAN_POINT('Ctrl Pts',(1.65448031939165,19.2651358999131,13.3590844788548));
#9219=CARTESIAN_POINT('Ctrl Pts',(1.64360109278445,18.8683561631059,12.9886267182822));
#9220=CARTESIAN_POINT('Ctrl Pts',(1.68990755772092,20.0741800659668,14.1));
#9221=CARTESIAN_POINT('Ctrl Pts',(1.66397911090679,19.6774065706026,13.7295422394274));
#9222=CARTESIAN_POINT('Ctrl Pts',(1.63805066409266,19.2806330752384,13.3590844788548));
#9223=CARTESIAN_POINT('Ctrl Pts',(1.61212221727853,18.8838595798742,12.9886267182822));
#9224=CARTESIAN_POINT('Ctrl Pts',(1.81179375530409,18.,13.2709021893611));
#9225=CARTESIAN_POINT('Ctrl Pts',(1.86200466179395,18.,13.2432585502722));
#9226=CARTESIAN_POINT('Ctrl Pts',(1.90919027111943,18.,13.2144534516582));
#9227=CARTESIAN_POINT('Ctrl Pts',(2.03308703405209,18.,13.1297142401437));
#9228=CARTESIAN_POINT('Ctrl Pts',(2.11197618565078,18.,13.0640841658499));
#9229=CARTESIAN_POINT('Ctrl Pts',(2.17285309893637,18.,12.9886267182822));
#9230=CARTESIAN_POINT('Origin',(3.48205412120277,17.411781371674,10.3143842536813));
#9231=CARTESIAN_POINT('',(3.19328956239682,18.,13.2738406756858));
#9232=CARTESIAN_POINT('Ctrl Pts',(2.95972522531044,18.4792249402529,13.0808574032168));
#9233=CARTESIAN_POINT('Ctrl Pts',(2.95990469541964,18.4788546186347,13.0825701397331));
#9234=CARTESIAN_POINT('Ctrl Pts',(2.96009504312814,18.4784619957736,13.084278889693));
#9235=CARTESIAN_POINT('Ctrl Pts',(2.96299492108646,18.4724825306651,13.1088107974612));
#9236=CARTESIAN_POINT('Ctrl Pts',(2.96753319869696,18.4631482973166,13.1295355821712));
#9237=CARTESIAN_POINT('Ctrl Pts',(2.98112762924521,18.4352170785429,13.1694858466298));
#9238=CARTESIAN_POINT('Ctrl Pts',(2.99027802452684,18.416429422593,13.1867686850189));
#9239=CARTESIAN_POINT('Ctrl Pts',(3.01662236934759,18.3623560032983,13.2238000494236));
#9240=CARTESIAN_POINT('Ctrl Pts',(3.03578862296271,18.3230315795526,13.2391104969148));
#9241=CARTESIAN_POINT('Ctrl Pts',(3.09309485853647,18.2054714756988,13.2712780710601));
#9242=CARTESIAN_POINT('Ctrl Pts',(3.14108001341019,18.1070593900248,13.2784107452362));
#9243=CARTESIAN_POINT('Ctrl Pts',(3.19328956239638,18.0000000000009,13.2738406756859));
#9244=CARTESIAN_POINT('Origin',(3.31143658981314,17.7569234909112,13.8690112717388));
#9245=CARTESIAN_POINT('',(3.19346716732541,18.,13.0007776732524));
#9246=CARTESIAN_POINT('',(3.45860502576943,17.4562859933843,13.0000524658594));
#9247=CARTESIAN_POINT('',(3.19398345483684,18.,12.2069989245104));
#9248=CARTESIAN_POINT('Ctrl Pts',(3.30939172100375,20.0749808902814,14.1));
#9249=CARTESIAN_POINT('Ctrl Pts',(3.33556244194272,19.677842479612,13.7294533965674));
#9250=CARTESIAN_POINT('Ctrl Pts',(3.3617331628817,19.2807040689426,13.3589067931348));
#9251=CARTESIAN_POINT('Ctrl Pts',(3.38790388382068,18.8835656582732,12.9883601897022));
#9252=CARTESIAN_POINT('Ctrl Pts',(3.32331107439686,20.0590730578322,14.1));
#9253=CARTESIAN_POINT('Ctrl Pts',(3.33434462612223,19.6620753106175,13.7294533965674));
#9254=CARTESIAN_POINT('Ctrl Pts',(3.34520530122346,19.2649728659324,13.3589067931348));
#9255=CARTESIAN_POINT('Ctrl Pts',(3.35623885294884,18.8679751187177,12.9883601897022));
#9256=CARTESIAN_POINT('Ctrl Pts',(3.3630854320354,20.0136166491024,14.1));
#9257=CARTESIAN_POINT('Ctrl Pts',(3.33085173970143,19.6160227261134,13.7294533965674));
#9258=CARTESIAN_POINT('Ctrl Pts',(3.29856137264748,19.2184282683382,13.3589067931348));
#9259=CARTESIAN_POINT('Ctrl Pts',(3.2663276803135,18.8208343453492,12.9883601897022));
#9260=CARTESIAN_POINT('Ctrl Pts',(3.43644415811098,19.929778105016,14.1));
#9261=CARTESIAN_POINT('Ctrl Pts',(3.33230524382027,19.5200934643713,13.7294533965674));
#9262=CARTESIAN_POINT('Ctrl Pts',(3.22808424068482,19.1103619446721,13.3589067931348));
#9263=CARTESIAN_POINT('Ctrl Pts',(3.12394532639412,18.7006773040275,12.9883601897022));
#9264=CARTESIAN_POINT('Ctrl Pts',(3.49727968208237,19.8602517919058,14.1));
#9265=CARTESIAN_POINT('Ctrl Pts',(3.33894777798372,19.4351068567639,13.7294533965674));
#9266=CARTESIAN_POINT('Ctrl Pts',(3.18044714976324,19.0098993648143,13.3589067931348));
#9267=CARTESIAN_POINT('Ctrl Pts',(3.0221152456646,18.5847544296724,12.9883601897022));
#9268=CARTESIAN_POINT('Ctrl Pts',(3.54923988026468,19.8008687082689,14.1));
#9269=CARTESIAN_POINT('Ctrl Pts',(3.35017516042915,19.3583327482362,13.7294533965674));
#9270=CARTESIAN_POINT('Ctrl Pts',(3.15105503058123,18.9157646558918,13.3589067931348));
#9271=CARTESIAN_POINT('Ctrl Pts',(2.9519903107457,18.4732286958591,12.9883601897022));
#9272=CARTESIAN_POINT('Ctrl Pts',(3.5893175566946,19.7550656494918,14.1));
#9273=CARTESIAN_POINT('Ctrl Pts',(3.3624108450186,19.2973838224012,13.7294533965674));
#9274=CARTESIAN_POINT('Ctrl Pts',(3.13526565055704,18.8395519760701,13.3589067931348));
#9275=CARTESIAN_POINT('Ctrl Pts',(2.90835893888104,18.3818701489794,12.9883601897022));
#9276=CARTESIAN_POINT('Ctrl Pts',(3.63747441301105,19.700029242273,14.1));
#9277=CARTESIAN_POINT('Ctrl Pts',(3.37966500228338,19.2228149066435,13.7294533965674));
#9278=CARTESIAN_POINT('Ctrl Pts',(3.12192567250261,18.7456762005432,13.3589067931348));
#9279=CARTESIAN_POINT('Ctrl Pts',(2.86411626177494,18.2684618649137,12.9883601897022));
#9280=CARTESIAN_POINT('Ctrl Pts',(3.67911741922958,19.6524372351662,14.1));
#9281=CARTESIAN_POINT('Ctrl Pts',(3.39999395241038,19.1568051786041,13.7294533965674));
#9282=CARTESIAN_POINT('Ctrl Pts',(3.12079849930407,18.6611015783528,13.3589067931348));
#9283=CARTESIAN_POINT('Ctrl Pts',(2.84167503248488,18.1654695217907,12.9883601897022));
#9284=CARTESIAN_POINT('Ctrl Pts',(3.72863420346235,19.5958466246144,14.1));
#9285=CARTESIAN_POINT('Ctrl Pts',(3.42762875389732,19.0776571439982,13.7294533965674));
#9286=CARTESIAN_POINT('Ctrl Pts',(3.12704882806731,18.5598345812466,13.3589067931348));
#9287=CARTESIAN_POINT('Ctrl Pts',(2.82604337850229,18.0416451006304,12.9883601897022));
#9288=CARTESIAN_POINT('Ctrl Pts',(3.7863847271501,19.5298460261142,14.1));
#9289=CARTESIAN_POINT('Ctrl Pts',(3.4657427979241,18.9850596930283,13.7294533965674));
#9290=CARTESIAN_POINT('Ctrl Pts',(3.14510101246055,18.4402666028849,13.3589067931348));
#9291=CARTESIAN_POINT('Ctrl Pts',(2.82445908323456,17.895480269799,12.9883601897022));
#9292=CARTESIAN_POINT('Ctrl Pts',(3.86189850164234,19.4435445695516,14.1));
#9293=CARTESIAN_POINT('Ctrl Pts',(3.5278744876968,18.8649001132098,13.7294533965674));
#9294=CARTESIAN_POINT('Ctrl Pts',(3.19398654121337,18.2863717746854,13.3589067931348));
#9295=CARTESIAN_POINT('Ctrl Pts',(2.85996252726782,17.7077273183436,12.9883601897022));
#9296=CARTESIAN_POINT('Ctrl Pts',(3.91279430328315,19.385377939105,14.1));
#9297=CARTESIAN_POINT('Ctrl Pts',(3.57744873007755,18.7862218532946,13.7294533965674));
#9298=CARTESIAN_POINT('Ctrl Pts',(3.24224326002964,18.1871837220649,13.3589067931348));
#9299=CARTESIAN_POINT('Ctrl Pts',(2.90689768682404,17.5880276362545,12.9883601897022));
#9300=CARTESIAN_POINT('Ctrl Pts',(3.93812455686859,19.3564290778645,14.1));
#9301=CARTESIAN_POINT('Ctrl Pts',(3.60405330790173,18.7480474100583,13.7294533965674));
#9302=CARTESIAN_POINT('Ctrl Pts',(3.26998205893488,18.1396657422521,13.3589067931348));
#9303=CARTESIAN_POINT('Ctrl Pts',(2.93591080996803,17.531284074446,12.9883601897022));
#9304=CARTESIAN_POINT('',(2.93451336386734,18.436032645317,13.));
#9305=CARTESIAN_POINT('Origin',(3.83250653609944,18.0051913025648,13.));
#9306=CARTESIAN_POINT('',(2.82695750224127,18.,12.9883601949212));
#9307=CARTESIAN_POINT('Ctrl Pts',(2.82695750224127,18.,12.9883601949212));
#9308=CARTESIAN_POINT('Ctrl Pts',(2.889837191887,18.,13.0665938511002));
#9309=CARTESIAN_POINT('Ctrl Pts',(2.97932712161758,18.,13.1430891473807));
#9310=CARTESIAN_POINT('Ctrl Pts',(3.12569832701105,18.,13.235605384241));
#9311=CARTESIAN_POINT('Ctrl Pts',(3.15890248545508,18.,13.2550554406467));
#9312=CARTESIAN_POINT('Ctrl Pts',(3.19328956239682,18.,13.2738406756858));
#9313=CARTESIAN_POINT('',(2.84524354342199,18.1368263407939,13.));
#9314=CARTESIAN_POINT('Ctrl Pts',(2.82695750224127,18.0000000000001,12.9883601949212));
#9315=CARTESIAN_POINT('Ctrl Pts',(2.8342734200442,18.0546490514824,12.996400263838));
#9316=CARTESIAN_POINT('Ctrl Pts',(2.84029199296524,18.099689704621,13.));
#9317=CARTESIAN_POINT('Ctrl Pts',(2.845243543422,18.136826340794,13.));
#9318=CARTESIAN_POINT('Origin',(3.83250653609944,18.0051913025648,13.));
#9319=CARTESIAN_POINT('Origin',(3.83203705026027,18.0048371405957,13.0000185141005));
#9320=CARTESIAN_POINT('',(2.77619483694595,17.9094610502834,2.4));
#9321=CARTESIAN_POINT('Origin',(3.5,18.,14.1));
#9322=CARTESIAN_POINT('',(4.,18.,13.0007776732524));
#9323=CARTESIAN_POINT('',(2.26382665079549,18.,13.0016942437251));
#9324=CARTESIAN_POINT('',(2.82900037718798,18.,13.5474256931652));
#9325=CARTESIAN_POINT('Origin',(2.74900003649294,17.4149998882413,13.));
#9326=CARTESIAN_POINT('Origin',(3.56788518191567,18.3984103460996,14.75));
#9327=CARTESIAN_POINT('',(3.56788518191567,18.3984103460996,14.55));
#9328=CARTESIAN_POINT('',(3.56788518191567,18.3984103460996,14.75));
#9329=CARTESIAN_POINT('',(1.46788518191565,18.3984103460997,14.55));
#9330=CARTESIAN_POINT('',(3.56788518191567,18.3984103460996,14.55));
#9331=CARTESIAN_POINT('',(1.46788518191565,18.3984103460997,14.75));
#9332=CARTESIAN_POINT('Origin',(1.46788518191565,18.3984103460997,14.75));
#9333=CARTESIAN_POINT('',(1.46788518191565,18.3984103460997,14.55));
#9334=CARTESIAN_POINT('',(1.46788518191575,19.9984103460998,14.75));
#9335=CARTESIAN_POINT('Origin',(1.46788518191575,19.9984103460998,14.75));
#9336=CARTESIAN_POINT('',(3.56788518191567,19.9984103460997,14.55));
#9337=CARTESIAN_POINT('',(1.46788518191575,19.9984103460998,14.55));
#9338=CARTESIAN_POINT('',(3.56788518191567,19.9984103460997,14.75));
#9339=CARTESIAN_POINT('Origin',(3.56788518191567,19.9984103460997,14.75));
#9340=CARTESIAN_POINT('',(3.56788518191567,19.9984103460997,14.55));
#9341=CARTESIAN_POINT('Origin',(2.51788518191566,19.1984103460997,14.55));
#9342=CARTESIAN_POINT('Origin',(2.49824852132068,22.7250000346303,16.05));
#9343=CARTESIAN_POINT('',(5.90207479587248,22.7250000346303,15.55));
#9344=CARTESIAN_POINT('',(-0.738181083143983,22.7250000346303,15.8));
#9345=CARTESIAN_POINT('Origin',(-0.738181083143983,22.7253395245774,16.05));
#9346=CARTESIAN_POINT('Origin',(4.43237192310593,20.3650000346303,15.05));
#9347=CARTESIAN_POINT('Origin',(6.29467297892142,22.0450000346303,16.05));
#9348=CARTESIAN_POINT('Origin',(1.07794583872253,17.,12.9994438699354));
#9349=CARTESIAN_POINT('',(1.24576576495798,16.8,12.999638741318));
#9350=CARTESIAN_POINT('',(0.907816340451399,17.2027524407709,12.9996143704014));
#9351=CARTESIAN_POINT('',(1.24576576495797,16.8,8.32748152603949));
#9352=CARTESIAN_POINT('',(1.24576576495798,16.8,12.4994438624848));
#9353=CARTESIAN_POINT('',(0.419498743518187,17.784706691243,9.15374854747928));
#9354=CARTESIAN_POINT('Origin',(0.95294583685988,16.8,10.7473726611052));
#9355=CARTESIAN_POINT('',(0.660125908761779,16.8000002051857,12.9990232741822));
#9356=CARTESIAN_POINT('',(0.980803372495797,16.8,12.9993602840243));
#9357=CARTESIAN_POINT('',(0.66012590876177,16.8,8.32748152603949));
#9358=CARTESIAN_POINT('',(0.660125908761778,16.8,12.4994438624848));
#9359=CARTESIAN_POINT('',(1.07794583872252,16.8,8.32748152603949));
#9360=CARTESIAN_POINT('Origin',(1.02650072813783,17.6478485260788,13.0001046681923));
#9361=CARTESIAN_POINT('',(0.950615495423479,17.1461920085153,12.9996128948667));
#9362=CARTESIAN_POINT('Origin',(0.827945834997234,17.,8.49530145227494));
#9363=CARTESIAN_POINT('',(0.864492587073405,17.0435547230844,8.53184820435111));
#9364=CARTESIAN_POINT('Origin',(1.07794583872252,17.,8.49530145227494));
#9365=CARTESIAN_POINT('Origin',(4.5,17.4169504558688,13.));
#9366=CARTESIAN_POINT('',(3.76012590876178,16.8,12.9991771096086));
#9367=CARTESIAN_POINT('',(4.14730020711666,17.2614163610245,12.999792548152));
#9368=CARTESIAN_POINT('',(4.34576576495798,16.8,12.9991771096086));
#9369=CARTESIAN_POINT('',(4.27647291842994,16.8,12.9991771096086));
#9370=CARTESIAN_POINT('',(4.14182419418321,17.0430480996501,12.9995012879019));
#9371=CARTESIAN_POINT('Origin',(4.17794583872252,17.,8.49530145227494));
#9372=CARTESIAN_POINT('',(4.34576576495797,16.8,8.32748152603948));
#9373=CARTESIAN_POINT('',(3.76012590876177,16.8,8.32748152603949));
#9374=CARTESIAN_POINT('',(4.17794583872252,16.8,8.32748152603949));
#9375=CARTESIAN_POINT('',(3.9644925870734,17.0435547230844,8.53184820435111));
#9376=CARTESIAN_POINT('',(3.51949874351818,17.784706691243,9.15374854747927));
#9377=CARTESIAN_POINT('Origin',(4.17794583872253,17.,12.9994438699354));
#9378=CARTESIAN_POINT('',(4.34576576495798,16.8,12.4994438624848));
#9379=CARTESIAN_POINT('Origin',(4.05294583685988,16.8,10.7473726611052));
#9380=CARTESIAN_POINT('',(3.76012590876178,16.8,12.4994438624848));
#9381=CARTESIAN_POINT('Origin',(3.92794583499723,17.,8.49530145227494));
#9382=UNCERTAINTY_MEASURE_WITH_UNIT(LENGTH_MEASURE(0.001),#9386,
'DISTANCE_ACCURACY_VALUE',
'Maximum model space distance between geometric entities at asserted c
onnectivities');
#9383=UNCERTAINTY_MEASURE_WITH_UNIT(LENGTH_MEASURE(0.001),#9386,
'DISTANCE_ACCURACY_VALUE',
'Maximum model space distance between geometric entities at asserted c
onnectivities');
#9384=(
GEOMETRIC_REPRESENTATION_CONTEXT(3)
GLOBAL_UNCERTAINTY_ASSIGNED_CONTEXT((#9382))
GLOBAL_UNIT_ASSIGNED_CONTEXT((#9386,#9388,#9389))
REPRESENTATION_CONTEXT('','3D')
);
#9385=(
GEOMETRIC_REPRESENTATION_CONTEXT(3)
GLOBAL_UNCERTAINTY_ASSIGNED_CONTEXT((#9383))
GLOBAL_UNIT_ASSIGNED_CONTEXT((#9386,#9388,#9389))
REPRESENTATION_CONTEXT('','3D')
);
#9386=(
LENGTH_UNIT()
NAMED_UNIT(*)
SI_UNIT(.CENTI.,.METRE.)
);
#9387=(
LENGTH_UNIT()
NAMED_UNIT(*)
SI_UNIT($,.METRE.)
);
#9388=(
NAMED_UNIT(*)
PLANE_ANGLE_UNIT()
SI_UNIT($,.RADIAN.)
);
#9389=(
NAMED_UNIT(*)
SI_UNIT($,.STERADIAN.)
SOLID_ANGLE_UNIT()
);
#9390=SHAPE_DEFINITION_REPRESENTATION(#9391,#9392);
#9391=PRODUCT_DEFINITION_SHAPE('',$,#9394);
#9392=SHAPE_REPRESENTATION('',(#5029),#9384);
#9393=PRODUCT_DEFINITION_CONTEXT('part definition',#9398,'design');
#9394=PRODUCT_DEFINITION('2026-08-04-01-45-55-436','bawahblkgmm1',#9395,
#9393);
#9395=PRODUCT_DEFINITION_FORMATION('',$,#9400);
#9396=PRODUCT_RELATED_PRODUCT_CATEGORY('bawahblkgmm1','bawahblkgmm1',(#9400));
#9397=APPLICATION_PROTOCOL_DEFINITION('international standard',
'automotive_design',2009,#9398);
#9398=APPLICATION_CONTEXT(
'Core Data for Automotive Mechanical Design Process');
#9399=PRODUCT_CONTEXT('part definition',#9398,'mechanical');
#9400=PRODUCT('2026-08-04-01-45-55-436','bawahblkgmm1',$,(#9399));
#9401=PRESENTATION_STYLE_ASSIGNMENT((#9402));
#9402=SURFACE_STYLE_USAGE(.BOTH.,#9403);
#9403=SURFACE_SIDE_STYLE('',(#9404));
#9404=SURFACE_STYLE_FILL_AREA(#9405);
#9405=FILL_AREA_STYLE('Steel - Satin',(#9406));
#9406=FILL_AREA_STYLE_COLOUR('Steel - Satin',#9407);
#9407=COLOUR_RGB('Steel - Satin',0.627450980392157,0.627450980392157,0.627450980392157);
ENDSEC;
END-ISO-10303-21;
